time/total_timesteps,eval/mean_reward,eval/mean_ep_length,time/time_elapsed,time/iterations,rollout/ep_rew_mean,rollout/ep_len_mean,time/fps,train/clip_range,train/explained_variance,train/approx_kl,train/clip_fraction,train/policy_gradient_loss,train/value_loss,train/n_updates,train/learning_rate,train/std,train/entropy_loss,train/loss
235440,11862.337831,1200.0,,,,,,,,,,,,,,,,
236288,,,24,1,4385.293892690001,1200.0,85,,,,,,,,,,,
236640,9627.538552,1200.0,,,,,,0.2,2.384185791015625e-07,0.033930168,0.356396484375,-0.03341139026160818,2.198059459775686,1150,0.0003,0.9913314580917358,-281.3435391426086,1.0691630840301514
237840,9615.379294,1200.0,,,,,,,,,,,,,,,,
238336,,,61,2,4387.69757477,1200.0,66,,,,,,,,,,,
239040,9620.507698,1200.0,,,,,,0.2,0.0,0.033525378,0.360009765625,-0.036230006934783884,1.793555827997625,1160,0.0003,0.9910375475883484,-281.31278228759766,0.9487729072570801
240240,9584.950141,1200.0,,,,,,,,,,,,,,,,
240384,,,96,3,4390.14258555,1200.0,63,,,,,,,,,,,
241440,9838.900354,1200.0,,,,,,0.2,5.960464477539063e-08,0.032896042,0.363232421875,-0.035066015469783454,1.8282717814669014,1170,0.0003,0.9907296299934387,-281.23487558364866,1.0692342519760132
242432,,,123,4,4390.75116418,1200.0,66,,,,,,,,,,,
242640,11570.065649,1200.0,,,,,,0.2,-1.1920928955078125e-07,0.032030214,0.357080078125,-0.037633828092657494,1.6531321061775088,1180,0.0003,0.9913147687911987,-281.2678957939148,0.7228177785873413
243840,11543.54598,1200.0,,,,,,,,,,,,,,,,
244480,,,157,5,4392.933956589999,1200.0,65,,,,,,,,,,,
245040,8359.468517,1200.0,,,,,,0.2,0.0,0.03927512,0.385693359375,-0.04250652075279504,1.865269273519516,1190,0.0003,0.9915949106216431,-281.3327854156494,0.709227979183197
246240,8361.178857,1200.0,,,,,,,,,,,,,,,,
246528,,,194,6,4394.86078707,1200.0,63,,,,,,,,,,,
247440,8047.81039,1200.0,,,,,,0.2,0.0,0.032318242,0.33935546875,-0.03516706438385882,1.6904965359717607,1200,0.0003,0.9918745160102844,-281.37765712738036,0.7936073541641235
248576,,,224,7,4395.915956790001,1200.0,63,,,,,,,,,,,
248640,10015.427074,1200.0,,,,,,0.2,-1.1920928955078125e-07,0.039381407,0.379345703125,-0.040453676047036424,1.81022160500288,1210,0.0003,0.9915284514427185,-281.33401584625244,0.8205961585044861
249840,10029.803183,1200.0,,,,,,,,,,,,,,,,
250624,,,259,8,4398.073128970001,1200.0,63,,,,,,,,,,,
251040,10133.79587,1200.0,,,,,,0.2,0.0,0.03765917,0.38154296875,-0.03578277836204506,1.5961491212248802,1220,0.0003,0.9908947348594666,-281.2458975791931,1.1890770196914673
252240,10148.352256,1200.0,,,,,,,,,,,,,,,,
252672,,,295,9,4400.18075339,1200.0,62,,,,,,,,,,,
253440,9233.940089,1200.0,,,,,,0.2,-1.1920928955078125e-07,0.037835523,0.37529296875,-0.03773869445722085,1.6211202193051577,1230,0.0003,0.9907559156417847,-281.13871784210204,0.9576135873794556
254640,9225.967675,1200.0,,,,,,,,,,,,,,,,
254720,,,331,10,4402.201332290001,1200.0,61,,,,,,,,,,,
255840,9992.728517,1200.0,,,,,,0.2,0.0,0.03504204,0.363720703125,-0.03738187038106844,1.88565525226295,1240,0.0003,0.9908428192138672,-281.1409576416016,0.647674560546875
256768,,,359,11,4403.14732988,1200.0,62,,,,,,,,,,,
257040,9835.834847,1200.0,,,,,,0.2,-1.1920928955078125e-07,0.03379401,0.356640625,-0.03463659112167079,1.7136143278330564,1250,0.0003,0.9903409481048584,-281.0862650871277,1.0512676239013672
258240,9812.723711,1200.0,,,,,,,,,,,,,,,,
258816,,,394,12,4405.18108237,1200.0,62,,,,,,,,,,,
259440,11867.760146,1200.0,,,,,,0.2,-1.1920928955078125e-07,0.03397718,0.366650390625,-0.03733388930850197,2.0500712621957065,1260,0.0003,0.9901530742645264,-280.98452482223513,1.391573429107666
260640,11845.202064,1200.0,,,,,,,,,,,,,,,,
260864,,,429,13,4406.8721335,1200.0,62,,,,,,,,,,,
261840,10793.116188,1200.0,,,,,,0.2,0.0,0.034682393,0.34970703125,-0.034821521627600306,1.3978532958775758,1270,0.0003,0.9910070300102234,-281.0881932258606,0.5310908555984497
262912,,,456,14,4407.8320209700005,1200.0,62,,,,,,,,,,,
263040,11477.999069,1200.0,,,,,,0.2,0.0,0.038255587,0.3990234375,-0.04026960183400661,1.831015234440565,1280,0.0003,0.9909608364105225,-281.1462684631348,1.1299018859863281
264240,11397.063878,1200.0,,,,,,,,,,,,,,,,
264960,,,492,15,4409.52226346,1200.0,62,,,,,,,,,,,
265440,12004.20718,1200.0,,,,,,0.2,0.0,0.033953432,0.36103515625,-0.038472117212950255,2.344071891158819,1290,0.0003,0.9902709722518921,-281.06093368530276,1.5925267934799194
266640,11961.996894,1200.0,,,,,,,,,,,,,,,,
267008,,,528,16,4411.94720346,1200.0,62,,,,,,,,,,,
267840,11094.418141,1200.0,,,,,,0.2,0.0,0.034468174,0.354296875,-0.03551083802885842,2.060786012560129,1300,0.0003,0.9908410310745239,-281.0449026107788,1.904173493385315
269040,11071.659774,1200.0,,,,,,,,,,,,,,,,
269056,,,562,17,4414.51648587,1200.0,61,,,,,,,,,,,
270240,11399.600447,1200.0,,,,,,0.2,0.0,0.034770276,0.3576171875,-0.035230105504160746,2.1036627519875766,1310,0.0003,0.991662323474884,-281.2021718978882,0.9258309602737427
271104,,,587,18,4415.42129853,1200.0,62,,,,,,,,,,,
271440,8312.512239,1200.0,,,,,,0.2,0.0,0.036731325,0.36787109375,-0.039861505496082826,1.4180929386988281,1320,0.0003,0.9913526177406311,-281.2134485244751,0.5998979806900024
272640,8279.957891,1200.0,,,,,,,,,,,,,,,,
273152,,,625,19,4417.0604418600005,1200.0,62,,,,,,,,,,,
273840,8388.555083,1200.0,,,,,,0.2,1.7881393432617188e-07,0.035711057,0.36513671875,-0.03664325114223175,1.4633700290694833,1330,0.0003,0.9909959435462952,-281.13059358596803,0.521660566329956
275040,8335.128952,1200.0,,,,,,,,,,,,,,,,
275200,,,660,20,4419.281166950001,1200.0,62,,,,,,,,,,,
276240,9875.047851,1200.0,,,,,,0.2,0.0,0.032992672,0.35751953125,-0.03712441357783973,1.7496921971440316,1340,0.0003,0.9903898239135742,-281.0567545890808,0.6637338399887085
277248,,,685,21,4420.20573122,1200.0,62,,,,,,,,,,,
277440,9735.675936,1200.0,,,,,,0.2,0.0,0.033040754,0.36259765625,-0.03538803819392342,2.311059211939573,1350,0.0003,0.9909622669219971,-281.0374147415161,1.0013138055801392
278640,9688.923389,1200.0,,,,,,,,,,,,,,,,
279296,,,720,22,4422.235082650001,1200.0,62,,,,,,,,,,,
279840,8303.861123,1200.0,,,,,,0.2,1.1920928955078125e-07,0.030736182,0.343212890625,-0.033228788184351286,2.2019295036792754,1360,0.0003,0.991059422492981,-281.12086219787597,1.508394718170166
281040,8277.110667,1200.0,,,,,,,,,,,,,,,,
281344,,,754,23,4424.31335859,1200.0,62,,,,,,,,,,,
282240,9474.333343,1200.0,,,,,,0.2,0.0,0.033006836,0.3412109375,-0.02986240532482043,1.430138644389808,1370,0.0003,0.9898272752761841,-280.96851806640626,0.6746980547904968
283392,,,780,24,4425.389567339999,1200.0,62,,,,,,,,,,,
283440,9236.122328,1200.0,,,,,,0.2,5.960464477539063e-08,0.035282433,0.371337890625,-0.034915482229553166,1.7880593337118627,1380,0.0003,0.9891170859336853,-280.7580939292908,0.7550963759422302
284640,9226.802143,1200.0,,,,,,,,,,,,,,,,
285440,,,814,25,4426.903912870001,1200.0,62,,,,,,,,,,,
285840,9935.991584,1200.0,,,,,,0.2,-1.1920928955078125e-07,0.033505347,0.350830078125,-0.036202870856504886,1.5462342513725162,1390,0.0003,0.9894647002220154,-280.7260214805603,0.6807608008384705
287040,9906.249648,1200.0,,,,,,,,,,,,,,,,
287488,,,849,26,4429.2830168,1200.0,62,,,,,,,,,,,
288240,10475.240135,1200.0,,,,,,0.2,5.960464477539063e-08,0.03190121,0.349658203125,-0.034220811488921754,1.942380102723837,1400,0.0003,0.989467203617096,-280.74175987243655,0.8709077835083008
289440,10480.107515,1200.0,,,,,,,,,,,,,,,,
289536,,,883,27,4431.77900593,1200.0,62,,,,,,,,,,,
290640,7858.467106,1200.0,,,,,,0.2,5.960464477539063e-08,0.033587523,0.342578125,-0.033513697434682396,1.7364650256931782,1410,0.0003,0.9898020029067993,-280.77281017303466,0.6523057818412781
291584,,,909,28,4432.80026394,1200.0,63,,,,,,,,,,,
291840,10391.738565,1200.0,,,,,,0.2,0.0,0.03073806,0.33525390625,-0.03140720905794296,2.364695895090699,1420,0.0003,0.9897630214691162,-280.8147192001343,1.1014702320098877
293040,10412.170563,1200.0,,,,,,,,,,,,,,,,
293632,,,944,29,4435.2284244699995,1200.0,62,,,,,,,,,,,
294240,11094.797253,1200.0,,,,,,0.2,0.0,0.035694588,0.391748046875,-0.041023153957212344,1.7885844910517334,1430,0.0003,0.9897929430007935,-280.8103249549866,0.9706851243972778
295440,11105.263632,1200.0,,,,,,,,,,,,,,,,
295680,,,978,30,4437.04571356,1200.0,62,,,,,,,,,,,
296640,10617.647832,1200.0,,,,,,0.2,0.0,0.03479261,0.358349609375,-0.03681593297224026,1.9912839248776435,1440,0.0003,0.9888317584991455,-280.67078971862793,0.8848962187767029
297728,,,1004,31,4437.87901875,1200.0,63,,,,,,,,,,,
297840,10662.066789,1200.0,,,,,,0.2,-1.1920928955078125e-07,0.034222003,0.3564453125,-0.0349461377307307,1.8246180269867183,1450,0.0003,0.9888496994972229,-280.5794059753418,0.8649460077285767
299040,10629.390264,1200.0,,,,,,,,,,,,,,,,
299776,,,1037,32,4440.516333579999,1200.0,63,,,,,,,,,,,
300240,11326.626943,1200.0,,,,,,0.2,0.0,0.035447888,0.361474609375,-0.04038867311901413,1.877529628202319,1460,0.0003,0.9889169931411743,-280.58574924468996,0.866062343120575
301440,11344.672348,1200.0,,,,,,,,,,,,,,,,
301824,,,1071,33,4442.93900641,1200.0,63,,,,,,,,,,,
302640,11032.214984,1200.0,,,,,,0.2,0.0,0.03260734,0.344873046875,-0.032557661147438924,2.048313245177269,1470,0.0003,0.9881767630577087,-280.48690433502196,1.584036946296692
303840,11063.946875,1200.0,,,,,,,,,,,,,,,,
303872,,,1105,34,4445.31280079,1200.0,62,,,,,,,,,,,
305040,11828.076564,1200.0,,,,,,0.2,0.0,0.032237545,0.342138671875,-0.032651326968334615,1.8617774352431298,1480,0.0003,0.9875741600990295,-280.3123453140259,0.7072441577911377
305920,,,1131,35,4446.82265416,1200.0,63,,,,,,,,,,,
306240,13314.974131,1200.0,,,,,,0.2,1.1920928955078125e-07,0.03401929,0.35712890625,-0.03774190790427383,2.2676612839102743,1490,0.0003,0.9858958125114441,-280.05386419296264,0.9078125953674316
307440,13350.986032,1200.0,,,,,,,,,,,,,,,,
307968,,,1165,36,4449.09102826,1200.0,63,,,,,,,,,,,
308640,11149.769997,1200.0,,,,,,0.2,5.960464477539063e-08,0.032227367,0.3798828125,-0.03503394888248294,1.6819991312921048,1500,0.0003,0.9854821562767029,-279.8729725837708,0.8981432318687439
309840,11156.701618,1200.0,,,,,,,,,,,,,,,,
310016,,,1199,37,4451.46970148,1200.0,63,,,,,,,,,,,
311040,8402.997438,1200.0,,,,,,0.2,-1.1920928955078125e-07,0.03129682,0.33984375,-0.03341226764023304,1.6722190886735917,1510,0.0003,0.984862208366394,-279.7351445198059,0.6793873906135559
312064,,,1225,38,4452.88409905,1200.0,63,,,,,,,,,,,
312240,8688.21011,1200.0,,,,,,0.2,0.0,0.03373982,0.350927734375,-0.036139381903922185,1.6446748226881027,1520,0.0003,0.9848026037216187,-279.65105695724486,0.6494969725608826
313440,8756.691108,1200.0,,,,,,,,,,,,,,,,
314112,,,1259,39,4455.301873629999,1200.0,63,,,,,,,,,,,
314640,14184.157662,1200.0,,,,,,0.2,5.960464477539063e-08,0.03909466,0.386474609375,-0.037851130409399046,1.9657792331650854,1530,0.0003,0.985168993473053,-279.6869915008545,0.66401207447052
315840,14181.318983,1200.0,,,,,,,,,,,,,,,,
316160,,,1293,40,4457.7209846000005,1200.0,63,,,,,,,,,,,
317040,15889.680917,1200.0,,,,,,0.2,-1.1920928955078125e-07,0.033233434,0.35,-0.0352082425088156,1.67160565815866,1540,0.0003,0.9841700792312622,-279.555530834198,0.7423649430274963
318208,,,1319,41,4458.88844102,1200.0,63,,,,,,,,,,,
318240,12356.547428,1200.0,,,,,,0.2,0.0,0.030034149,0.34345703125,-0.032025261549279094,2.3369524862617252,1550,0.0003,0.9843665361404419,-279.50160751342776,1.0282281637191772
319440,12367.516277,1200.0,,,,,,,,,,,,,,,,
320256,,,1353,42,4461.80385991,1200.0,63,,,,,,,,,,,
320640,10495.853205,1200.0,,,,,,0.2,-1.1920928955078125e-07,0.03320331,0.3546875,-0.0327452964236727,1.853713645040989,1560,0.0003,0.9836140275001526,-279.4389537811279,0.6979219317436218
321840,10527.308815,1200.0,,,,,,,,,,,,,,,,
322304,,,1387,43,4464.45779827,1200.0,63,,,,,,,,,,,
323040,13773.596941,1200.0,,,,,,0.2,0.0,0.036147114,0.354443359375,-0.0367282212129794,2.022468287497759,1570,0.0003,0.9818933010101318,-279.1391538619995,1.0879778861999512
324240,13767.376157,1200.0,,,,,,,,,,,,,,,,
324352,,,1421,44,4467.26262427,1200.0,63,,,,,,,,,,,
325440,14267.499751,1200.0,,,,,,0.2,-1.1920928955078125e-07,0.036918268,0.342236328125,-0.03314144065079745,1.8250271070748567,1580,0.0003,0.9815835356712341,-278.948823928833,0.8859763145446777
326400,,,1447,45,4468.59849182,1200.0,63,,,,,,,,,,,
326640,14369.249161,1200.0,,,,,,0.2,0.0,0.035126098,0.358056640625,-0.03779166920576245,2.0458254722878335,1590,0.0003,0.9808222651481628,-278.83112783432006,0.9282498955726624
327840,14354.556118,1200.0,,,,,,,,,,,,,,,,
328448,,,1481,46,4470.46427465,1200.0,63,,,,,,,,,,,
329040,13829.806475,1200.0,,,,,,0.2,1.1920928955078125e-07,0.035278123,0.354541015625,-0.034323701041284946,2.0588685028254985,1600,0.0003,0.9792295694351196,-278.5486764907837,1.0451483726501465
330240,13768.629457,1200.0,,,,,,,,,,,,,,,,
330496,,,1515,47,4473.22972667,1200.0,63,,,,,,,,,,,
331440,14890.598226,1200.0,,,,,,0.2,0.0,0.038943242,0.380859375,-0.03948564737220295,1.70449314750731,1610,0.0003,0.980454683303833,-278.599077129364,0.7146294116973877
332544,,,1540,48,4474.4640772,1200.0,63,,,,,,,,,,,
332640,14388.183477,1200.0,,,,,,0.2,0.0,0.037565783,0.363525390625,-0.03504965033207554,2.458828303962946,1620,0.0003,0.9800179600715637,-278.60803813934325,1.7292615175247192
333840,14409.865466,1200.0,,,,,,,,,,,,,,,,
334592,,,1574,49,4477.19936814,1200.0,63,,,,,,,,,,,
335040,11388.026926,1200.0,,,,,,0.2,0.0,0.032228053,0.3501953125,-0.03496723062999081,2.088419756665826,1630,0.0003,0.9793579578399658,-278.4965129852295,1.004807472229004
336240,11307.920178,1200.0,,,,,,,,,,,,,,,,
336640,,,1608,50,4479.96661959,1200.0,63,,,,,,,,,,,
337440,15379.048118,1200.0,,,,,,0.2,0.0,0.03770578,0.362060546875,-0.036870440826169214,2.1331762313842773,1640,0.0003,0.9786623120307922,-278.3182300567627,1.0466935634613037
338640,15448.625559,1200.0,,,,,,,,,,,,,,,,
338688,,,1642,51,4482.566098470001,1200.0,63,,,,,,,,,,,
339840,15391.155578,1200.0,,,,,,0.2,1.1920928955078125e-07,0.03463076,0.371728515625,-0.038985665031941605,2.208407087624073,1650,0.0003,0.9794492721557617,-278.36712465286257,1.333729863166809
340736,,,1668,52,4483.8280888300005,1200.0,63,,,,,,,,,,,
341040,15363.700343,1200.0,,,,,,0.2,0.0,0.032016587,0.356005859375,-0.03604367315710988,2.2591942943632604,1660,0.0003,0.9786970019340515,-278.30905122756957,0.686072826385498
342240,15398.407099,1200.0,,,,,,,,,,,,,,,,
342784,,,1702,53,4486.49574002,1200.0,63,,,,,,,,,,,
343440,15337.013089,1200.0,,,,,,0.2,0.0,0.03340538,0.364794921875,-0.03672407724079676,1.9863927539438009,1670,0.0003,0.9785006642341614,-278.2300864219666,1.759171485900879
344640,15316.668914,1200.0,,,,,,,,,,,,,,,,
344832,,,1736,54,4489.32465962,1200.0,63,,,,,,,,,,,
345840,15296.078789,1200.0,,,,,,0.2,1.1920928955078125e-07,0.039838742,0.376025390625,-0.03700164818146732,2.3930409640073775,1680,0.0003,0.9783374071121216,-278.16308574676515,1.210461139678955
346880,,,1762,55,4490.47711993,1200.0,63,,,,,,,,,,,
347040,15444.492486,1200.0,,,,,,0.2,-1.1920928955078125e-07,0.03491302,0.354736328125,-0.0349727326160064,1.8595467574894429,1690,0.0003,0.9780257344245911,-278.1257472038269,0.8820151090621948
348240,15438.372364,1200.0,,,,,,,,,,,,,,,,
348928,,,1795,56,4493.95599089,1200.0,63,,,,,,,,,,,
349440,13502.559171,1200.0,,,,,,0.2,-1.1920928955078125e-07,0.03629276,0.36826171875,-0.03895569532760419,2.871695085242391,1700,0.0003,0.9788667559623718,-278.19771814346313,1.6198694705963135
350640,13569.926163,1200.0,,,,,,,,,,,,,,,,
350976,,,1829,57,4496.7702006300005,1200.0,63,,,,,,,,,,,
351840,13324.585885,1200.0,,,,,,0.2,0.0,0.034838505,0.362646484375,-0.03523450062784832,2.315044316276908,1710,0.0003,0.9784833788871765,-278.20496730804444,0.9412546753883362
353024,,,1854,58,4498.34155636,1200.0,64,,,,,,,,,,,
353040,13129.707779,1200.0,,,,,,0.2,0.0,0.037882954,0.369287109375,-0.03679646845557727,2.84607466198504,1720,0.0003,0.9783148169517517,-278.1574962615967,1.1326805353164673
354240,13139.707739,1200.0,,,,,,,,,,,,,,,,
355072,,,1888,59,4501.25567549,1200.0,63,,,,,,,,,,,
355440,11278.050576,1200.0,,,,,,0.2,1.1920928955078125e-07,0.03379476,0.366650390625,-0.03706828328431584,1.9491771530359983,1730,0.0003,0.9781144261360168,-278.111102104187,0.6210018992424011
356640,11292.023926,1200.0,,,,,,,,,,,,,,,,
357120,,,1922,60,4504.11545469,1200.0,63,,,,,,,,,,,
357840,10813.958088,1200.0,,,,,,0.2,0.0,0.032606125,0.363671875,-0.03363137553969864,2.382222468778491,1740,0.0003,0.9773125052452087,-277.99119930267335,1.7491259574890137
359040,10828.752548,1200.0,,,,,,,,,,,,,,,,
359168,,,1956,61,4506.791903980001,1200.0,63,,,,,,,,,,,
360240,13136.19777,1200.0,,,,,,0.2,0.0,0.034432553,0.35595703125,-0.03467242989572696,2.076718944311142,1750,0.0003,0.9770501255989075,-277.91213712692263,1.1196500062942505
361216,,,1982,62,4507.85394231,1200.0,64,,,,,,,,,,,
361440,13319.681839,1200.0,,,,,,0.2,0.0,0.03499751,0.355322265625,-0.033476135481032544,2.0956464275717734,1760,0.0003,0.9766035079956055,-277.8376427650452,0.760879397392273
362640,13285.338667,1200.0,,,,,,,,,,,,,,,,
363264,,,2015,63,4510.4332307800005,1200.0,64,,,,,,,,,,,
363840,13313.650956,1200.0,,,,,,0.2,-1.1920928955078125e-07,0.03195078,0.358642578125,-0.03552049791906029,1.845808819308877,1770,0.0003,0.9760358333587646,-277.73333711624144,1.0066100358963013
365040,13331.595866,1200.0,,,,,,,,,,,,,,,,
365312,,,2049,64,4513.557763780001,1200.0,63,,,,,,,,,,,
366240,13307.729789,1200.0,,,,,,0.2,-1.1920928955078125e-07,0.03318297,0.339892578125,-0.03460891935683321,2.160615670308471,1780,0.0003,0.9762147068977356,-277.70517978668215,0.8968818783760071
367360,,,2075,65,4515.02447515,1200.0,64,,,,,,,,,,,
367440,15409.99287,1200.0,,,,,,0.2,0.0,0.035204537,0.353759765625,-0.03489674602606101,1.765562365204096,1790,0.0003,0.97577965259552,-277.65419445037844,0.8040294647216797
368640,15396.054385,1200.0,,,,,,,,,,,,,,,,
369408,,,2109,66,4518.14001016,1200.0,64,,,,,,,,,,,
369840,16331.819401,1200.0,,,,,,0.2,0.0,0.03616747,0.3580078125,-0.035581206195638516,2.4478573594242334,1800,0.0003,0.9747976660728455,-277.4990853309631,1.5103305578231812
371040,16420.491272,1200.0,,,,,,,,,,,,,,,,
371456,,,2142,67,4521.04507579,1200.0,64,,,,,,,,,,,
372240,16016.380083,1200.0,,,,,,0.2,-1.1920928955078125e-07,0.0399914,0.379931640625,-0.03373419719864614,2.2132036432623865,1810,0.0003,0.9737276434898376,-277.310289478302,0.9581844806671143
373440,16113.759467,1200.0,,,,,,,,,,,,,,,,
373504,,,2176,68,4524.14470899,1200.0,63,,,,,,,,,,,
374640,12844.622604,1200.0,,,,,,0.2,0.0,0.034704994,0.33984375,-0.03501887094753329,1.9875941440463065,1820,0.0003,0.9724408984184265,-277.02962293624876,0.794654369354248
375552,,,2201,69,4525.549755829999,1200.0,64,,,,,,,,,,,
375840,12935.079399,1200.0,,,,,,0.2,0.0,0.033805344,0.3521484375,-0.03591314560326282,2.8423602130264043,1830,0.0003,0.972396194934845,-276.91112937927244,1.3134634494781494
377040,13062.966356,1200.0,,,,,,,,,,,,,,,,
377600,,,2234,70,4529.19534633,1200.0,64,,,,,,,,,,,
378240,14671.110987,1200.0,,,,,,0.2,0.0,0.03352751,0.3646484375,-0.03645745636895299,2.642836060002446,1840,0.0003,0.9725837707519531,-276.91551065444946,1.338038444519043
379440,14659.693572,1200.0,,,,,,,,,,,,,,,,
379648,,,2268,71,4532.35238782,1200.0,64,,,,,,,,,,,
380640,12903.517385,1200.0,,,,,,0.2,0.0,0.032101728,0.344384765625,-0.03305694673326798,2.2183718003332613,1850,0.0003,0.9712874889373779,-276.7792767524719,1.0620591640472412
381696,,,2293,72,4534.096020599999,1200.0,64,,,,,,,,,,,
381840,12885.167373,1200.0,,,,,,0.2,0.0,0.035403766,0.35361328125,-0.03527429743553512,2.6906611543148755,1860,0.0003,0.9717028737068176,-276.70412702560424,1.17135751247406
383040,12874.721828,1200.0,,,,,,,,,,,,,,,,
383744,,,2326,73,4537.69497348,1200.0,64,,,,,,,,,,,
384240,10093.490147,1200.0,,,,,,0.2,0.0,0.037840284,0.38544921875,-0.03848229119903408,2.1384683858603237,1870,0.0003,0.9710789322853088,-276.67150382995607,1.0963709354400635
385440,10079.22849,1200.0,,,,,,,,,,,,,,,,
385792,,,2359,74,4541.67927815,1200.0,64,,,,,,,,,,,
386640,10005.39689,1200.0,,,,,,0.2,0.0,0.035083972,0.376708984375,-0.03467750522249844,2.582128693163395,1880,0.0003,0.9715955853462219,-276.6443684577942,1.1478487253189087
387840,10013.140518,1200.0,,,,,,,,,,,,,,,,
387840,,,2392,75,4545.49085696,1200.0,64,,,,,,,,,,,
389040,11043.514337,1200.0,,,,,,0.2,1.1920928955078125e-07,0.040806748,0.377294921875,-0.03961020730203017,2.430083277449012,1890,0.0003,0.9713917970657349,-276.6518292427063,1.308717966079712
389888,,,2418,76,4547.235980529999,1200.0,64,,,,,,,,,,,
390240,14193.963905,1200.0,,,,,,0.2,-2.384185791015625e-07,0.032208044,0.364013671875,-0.03726435490534641,2.1836094815284013,1900,0.0003,0.9708432555198669,-276.579336643219,0.978968620300293
391440,14128.750424,1200.0,,,,,,,,,,,,,,,,
391936,,,2451,77,4551.262864879999,1200.0,64,,,,,,,,,,,
392640,13551.396313,1200.0,,,,,,0.2,0.0,0.032527648,0.3314453125,-0.031871932368085255,3.002675224840641,1910,0.0003,0.9703251719474792,-276.45213375091555,1.1696330308914185
393840,13563.669375,1200.0,,,,,,,,,,,,,,,,
393984,,,2484,78,4555.47802072,1200.0,64,,,,,,,,,,,
395040,14526.751893,1200.0,,,,,,0.2,0.0,0.034000896,0.373828125,-0.03780031551141292,2.103688274696469,1920,0.0003,0.9700387120246887,-276.3594654083252,0.8789581656455994
396032,,,2509,79,4557.2327147900005,1200.0,64,,,,,,,,,,,
396240,10642.734681,1200.0,,,,,,0.2,0.0,0.039806694,0.371435546875,-0.03750972627312876,3.7395139276981353,1930,0.0003,0.9692724943161011,-276.22993297576903,1.8332254886627197
397440,10621.015769,1200.0,,,,,,,,,,,,,,,,
398080,,,2543,80,4561.893202800001,1200.0,64,,,,,,,,,,,
398640,12452.664403,1200.0,,,,,,0.2,-1.1920928955078125e-07,0.030995365,0.3537109375,-0.035274024109821764,2.8043661423027517,1940,0.0003,0.9687991142272949,-276.0738528251648,2.2385306358337402
399840,12441.849144,1200.0,,,,,,,,,,,,,,,,
400128,,,2576,81,4566.39783908,1200.0,64,,,,,,,,,,,
401040,10401.155974,1200.0,,,,,,0.2,0.0,0.03342547,0.34765625,-0.03143835910595953,2.723050819709897,1950,0.0003,0.9695489406585693,-276.1234503746033,1.4669921398162842
402176,,,2601,82,4568.88250593,1200.0,64,,,,,,,,,,,
402240,12427.662847,1200.0,,,,,,0.2,-1.1920928955078125e-07,0.036504354,0.364501953125,-0.03866788689338137,3.4055277280509473,1960,0.0003,0.9683440923690796,-276.02709465026857,1.0937469005584717
403440,12372.773574,1200.0,,,,,,,,,,,,,,,,
404224,,,2634,83,4573.727390080001,1200.0,64,,,,,,,,,,,
404640,14567.11635,1200.0,,,,,,0.2,0.0,0.032517068,0.364013671875,-0.033748145899153315,2.267175555601716,1970,0.0003,0.9671176075935364,-275.73992223739623,0.852865993976593
405840,14528.074995,1200.0,,,,,,,,,,,,,,,,
406272,,,2668,84,4578.02734408,1200.0,64,,,,,,,,,,,
407040,12496.009934,1200.0,,,,,,0.2,0.0,0.03514508,0.35068359375,-0.03719414082588628,2.3394518092274668,1980,0.0003,0.9663046002388,-275.5240963935852,1.0414953231811523
408240,12539.686179,1200.0,,,,,,,,,,,,,,,,
408320,,,2701,85,4582.73047602,1200.0,64,,,,,,,,,,,
409440,10543.776896,1200.0,,,,,,0.2,0.0,0.037390586,0.391455078125,-0.038405137701192874,3.152367839217186,1990,0.0003,0.9659103155136108,-275.4431599617004,1.93146550655365
410368,,,2726,86,4585.13960015,1200.0,64,,,,,,,,,,,
410640,12538.940318,1200.0,,,,,,0.2,1.7881393432617188e-07,0.033464167,0.350244140625,-0.032149484594992825,3.1003778766840697,2000,0.0003,0.964990496635437,-275.30011863708495,1.3347817659378052
411840,12516.592204,1200.0,,,,,,,,,,,,,,,,
412416,,,2759,87,4589.720507610002,1200.0,64,,,,,,,,,,,
413040,12633.252173,1200.0,,,,,,0.2,0.0,0.038202845,0.38603515625,-0.03852593512856402,3.550368098169565,2010,0.0003,0.9637672305107117,-275.0717911720276,1.771936058998108
414240,12686.318793,1200.0,,,,,,,,,,,,,,,,
414464,,,2793,88,4595.31619072,1200.0,64,,,,,,,,,,,
415440,7930.074456,1200.0,,,,,,0.2,-1.1920928955078125e-07,0.036958758,0.371875,-0.03692117578466423,4.137703501433134,2020,0.0003,0.9635677337646484,-274.92735080718995,2.2155487537384033
416512,,,2818,89,4598.2909045100005,1200.0,64,,,,,,,,,,,
416640,10293.994874,1200.0,,,,,,0.2,0.0,0.03305024,0.35205078125,-0.035112614824902265,2.6606672041118147,2030,0.0003,0.963215172290802,-274.83944845199585,0.9859907031059265
417840,10280.936467,1200.0,,,,,,,,,,,,,,,,
418560,,,2851,90,4603.566905230001,1200.0,64,,,,,,,,,,,
419040,10621.070108,1200.0,,,,,,0.2,0.0,0.036120653,0.38544921875,-0.03715277615410741,3.590763786435127,2040,0.0003,0.9630066752433777,-274.7566351890564,1.363562822341919
420240,10549.534893,1200.0,,,,,,,,,,,,,,,,
420608,,,2884,91,4609.15585175,1200.0,64,,,,,,,,,,,
421440,10220.491296,1200.0,,,,,,0.2,-1.1920928955078125e-07,0.035069175,0.369580078125,-0.03451634885859676,3.5294622335582972,2050,0.0003,0.9617643356323242,-274.58958702087403,1.3456051349639893
422640,10281.613591,1200.0,,,,,,,,,,,,,,,,
422656,,,2918,92,4614.71583895,1200.0,64,,,,,,,,,,,
423840,10257.584037,1200.0,,,,,,0.2,-1.1920928955078125e-07,0.035169993,0.36962890625,-0.03763173845945857,3.506394900381565,2060,0.0003,0.9618073105812073,-274.475123500824,1.5228769779205322
424704,,,2943,93,4617.69106313,1200.0,64,,,,,,,,,,,
425040,6609.576926,1200.0,,,,,,0.2,0.0,0.03912314,0.3578125,-0.03668165416747797,4.195704013854265,2070,0.0003,0.9619282484054565,-274.49922494888307,1.6381429433822632
426240,6566.394468,1200.0,,,,,,,,,,,,,,,,
426752,,,2976,94,4623.77592448,1200.0,64,,,,,,,,,,,
427440,12225.835856,1200.0,,,,,,0.2,0.0,0.03613842,0.349609375,-0.033281711893505414,2.8924423925578595,2080,0.0003,0.9610651731491089,-274.3733528137207,1.647085428237915
428640,12212.878887,1200.0,,,,,,,,,,,,,,,,
428800,,,3009,95,4631.079317309999,1200.0,64,,,,,,,,,,,
429840,8509.091024,1200.0,,,,,,0.2,1.1920928955078125e-07,0.03398843,0.336865234375,-0.03224709896167042,4.947864897549152,2090,0.0003,0.9609267711639404,-274.2533592224121,3.0020363330841064
430848,,,3034,96,4633.89755777,1200.0,64,,,,,,,,,,,
431040,8413.485937,1200.0,,,,,,0.2,0.0,0.033771172,0.357275390625,-0.03676619369944092,4.258031093329191,2100,0.0003,0.959695041179657,-274.07037830352783,2.1602373123168945
432240,8438.391367,1200.0,,,,,,,,,,,,,,,,
432896,,,3068,97,4640.197760630001,1200.0,64,,,,,,,,,,,
433440,10460.045777,1200.0,,,,,,0.2,0.0,0.032066472,0.3384765625,-0.028567304770695044,3.6700548052787783,2110,0.0003,0.9591795206069946,-273.884596824646,1.730787754058838
434640,10482.207586,1200.0,,,,,,,,,,,,,,,,
434944,,,3101,98,4646.08078696,1200.0,64,,,,,,,,,,,
435840,12710.25866,1200.0,,,,,,0.2,0.0,0.034025602,0.36953125,-0.03330938471190166,3.3469407368451356,2120,0.0003,0.9594056606292725,-273.85460166931153,2.0659096240997314
436992,,,3126,99,4649.08587649,1200.0,64,,,,,,,,,,,
437040,12526.349326,1200.0,,,,,,0.2,0.0,0.036645003,0.361328125,-0.039888344475184564,5.173834379017353,2130,0.0003,0.9596176743507385,-273.8795969963074,2.0050504207611084
438240,12525.508356,1200.0,,,,,,,,,,,,,,,,
439040,,,3159,100,4656.37828319,1200.0,64,,,,,,,,,,,
439440,10561.889757,1200.0,,,,,,0.2,5.960464477539063e-08,0.036091983,0.35068359375,-0.03547773443860933,3.6706939190626144,2140,0.0003,0.9583223462104797,-273.7468451499939,1.75081205368042
440640,10533.165725,1200.0,,,,,,,,,,,,,,,,
441088,,,3192,101,4663.57052478,1200.0,64,,,,,,,,,,,
441840,12081.531988,1200.0,,,,,,0.2,1.1920928955078125e-07,0.035629656,0.370068359375,-0.03545676870999159,4.351147696375847,2150,0.0003,0.9574326872825623,-273.5276777267456,3.1984457969665527
443040,12096.553292,1200.0,,,,,,,,,,,,,,,,
443136,,,3225,102,4671.295205019999,1200.0,64,,,,,,,,,,,
444240,12891.967991,1200.0,,,,,,0.2,-1.1920928955078125e-07,0.037375312,0.363916015625,-0.03632662253803574,4.667539013177157,2160,0.0003,0.9571697115898132,-273.3982996940613,1.7300207614898682
445184,,,3251,103,4674.903063289999,1200.0,64,,,,,,,,,,,
445440,10468.288036,1200.0,,,,,,0.2,0.0,0.037173234,0.374267578125,-0.03531098437088076,4.95070978552103,2170,0.0003,0.9561958909034729,-273.2363426208496,3.295217990875244
446640,10400.31419,1200.0,,,,,,,,,,,,,,,,
447232,,,3284,104,4682.32061567,1200.0,64,,,,,,,,,,,
447840,10427.112158,1200.0,,,,,,0.2,0.0,0.039908182,0.38447265625,-0.040056306519545615,5.389812222868204,2180,0.0003,0.9554755687713623,-273.0548018455505,2.2791061401367188
449040,10445.705818,1200.0,,,,,,,,,,,,,,,,
449280,,,3317,105,4690.19907231,1200.0,64,,,,,,,,,,,
450240,8901.290284,1200.0,,,,,,0.2,0.0,0.04071846,0.370703125,-0.041458303114632146,4.402966744452715,2190,0.0003,0.9548752903938293,-272.90295457839966,2.2078652381896973
451328,,,3342,106,4694.216343120001,1200.0,64,,,,,,,,,,,
451440,10744.074033,1200.0,,,,,,0.2,0.0,0.037229057,0.352587890625,-0.034327318219584416,5.126325640827417,2200,0.0003,0.9547233581542969,-272.82487897872926,2.3948302268981934
452640,10759.374123,1200.0,,,,,,,,,,,,,,,,
453376,,,3376,107,4703.142462530001,1200.0,64,,,,,,,,,,,
453840,12337.880972,1200.0,,,,,,0.2,-1.1920928955078125e-07,0.0317771,0.33583984375,-0.03438395038829185,5.982170331478119,2210,0.0003,0.954417884349823,-272.72454471588134,3.356930732727051
455040,12324.598147,1200.0,,,,,,,,,,,,,,,,
455424,,,3409,108,4712.2251997,1200.0,64,,,,,,,,,,,
456240,10423.024393,1200.0,,,,,,0.2,5.960464477539063e-08,0.03594218,0.35185546875,-0.03566897283308208,7.899466076493264,2220,0.0003,0.9542937874794006,-272.70168619155885,3.7237820625305176
457440,10335.669239,1200.0,,,,,,,,,,,,,,,,
457472,,,3442,109,4720.83843541,1200.0,64,,,,,,,,,,,
458640,10263.996108,1200.0,,,,,,0.2,0.0,0.03971576,0.392724609375,-0.03829910686763469,4.592452580481767,2230,0.0003,0.9530147314071655,-272.54840793609617,1.6083753108978271
459520,,,3467,110,4725.66883996,1200.0,64,,,,,,,,,,,
459840,9866.142811,1200.0,,,,,,0.2,0.0,0.03755038,0.369677734375,-0.03572618508187588,6.285625637322664,2240,0.0003,0.9507867097854614,-272.1416553497314,3.607487678527832
461040,9844.332913,1200.0,,,,,,,,,,,,,,,,
461568,,,3500,111,4735.06202175,1200.0,64,,,,,,,,,,,
462240,7959.57826,1200.0,,,,,,0.2,0.0,0.037816994,0.36015625,-0.03413265878334641,6.3413200914859775,2250,0.0003,0.9500503540039062,-271.84057388305666,2.7924511432647705
463440,7996.579837,1200.0,,,,,,,,,,,,,,,,
463616,,,3534,112,4745.35044048,1200.0,64,,,,,,,,,,,
464640,9935.949604,1200.0,,,,,,0.2,0.0,0.030986167,0.35029296875,-0.030911730378284118,6.581320285797119,2260,0.0003,0.9492197036743164,-271.6571434020996,2.9681403636932373
465664,,,3560,113,4750.562630789999,1200.0,64,,,,,,,,,,,
465840,9957.367361,1200.0,,,,,,0.2,5.960464477539063e-08,0.03575591,0.34228515625,-0.03614546524186153,5.4851935304701325,2270,0.0003,0.9486865997314453,-271.49445486068726,2.7405717372894287
467040,9937.577834,1200.0,,,,,,,,,,,,,,,,
467712,,,3594,114,4761.12589445,1200.0,64,,,,,,,,,,,
468240,10177.278881,1200.0,,,,,,0.2,0.0,0.0365301,0.34970703125,-0.03345482079021167,7.61848905980587,2280,0.0003,0.9486552476882935,-271.4275071144104,3.145838737487793
469440,10166.399689,1200.0,,,,,,,,,,,,,,,,
469760,,,3628,115,4771.530326339999,1200.0,64,,,,,,,,,,,
470640,10217.714466,1200.0,,,,,,0.2,0.0,0.031992495,0.354931640625,-0.033613886623061265,8.046542966365815,2290,0.0003,0.9492363333702087,-271.48019819259645,4.250900745391846
471808,,,3654,116,4777.24135495,1200.0,65,,,,,,,,,,,
471840,10292.868397,1200.0,,,,,,0.2,5.960464477539063e-08,0.04214795,0.379052734375,-0.03792886338196695,6.238430934399366,2300,0.0003,0.9488708972930908,-271.49193143844604,3.7431929111480713
473040,10375.068131,1200.0,,,,,,,,,,,,,,,,
473856,,,3688,117,4788.59063146,1200.0,64,,,,,,,,,,,
474240,10367.958063,1200.0,,,,,,0.2,0.0,0.03415913,0.366748046875,-0.037264429303468204,9.063309198617935,2310,0.0003,0.9476428031921387,-271.2784568786621,4.97377872467041
475440,10382.319307,1200.0,,,,,,,,,,,,,,,,
475904,,,3722,118,4800.5390682199995,1200.0,64,,,,,,,,,,,
476640,8848.803914,1200.0,,,,,,0.2,0.0,0.035941552,0.364599609375,-0.03574083056300879,7.9582978412508965,2320,0.0003,0.9464839100837708,-271.02179794311525,3.9107649326324463
477840,8874.538084,1200.0,,,,,,,,,,,,,,,,
477952,,,3756,119,4812.06086894,1200.0,64,,,,,,,,,,,
479040,8012.854023,1200.0,,,,,,0.2,-1.1920928955078125e-07,0.03481692,0.35751953125,-0.03349116822355427,7.326893289387226,2330,0.0003,0.945594847202301,-270.81528396606444,3.9837965965270996
480000,,,3782,120,4818.4997666300005,1200.0,64,,,,,,,,,,,
480240,8126.996037,1200.0,,,,,,0.2,5.960464477539063e-08,0.033656485,0.344189453125,-0.033082975570869165,8.221221248805524,2340,0.0003,0.9439565539360046,-270.53545808792114,3.982037305831909
481440,8159.82774,1200.0,,,,,,,,,,,,,,,,
482048,,,3816,121,4831.77774016,1200.0,64,,,,,,,,,,,
482640,7875.063734,1200.0,,,,,,0.2,0.0,0.033255514,0.3466796875,-0.03748427918035304,8.97530880123377,2350,0.0003,0.9436780214309692,-270.32464599609375,2.857189893722534
483840,7821.913007,1200.0,,,,,,,,,,,,,,,,
484096,,,3850,122,4845.2196307799995,1200.0,64,,,,,,,,,,,
485040,7601.788902,1200.0,,,,,,0.2,0.0,0.04072095,0.3513671875,-0.0357217452256009,10.587171855568887,2360,0.0003,0.9436614513397217,-270.295033454895,4.62278413772583
486144,,,3876,123,4851.36968435,1200.0,64,,,,,,,,,,,
486240,7652.726314,1200.0,,,,,,0.2,0.0,0.04035929,0.365966796875,-0.03438142915838398,7.049601903557777,2370,0.0003,0.9431047439575195,-270.20354681015016,3.3686070442199707
487440,7689.221262,1200.0,,,,,,,,,,,,,,,,
488192,,,3909,124,4865.2896502,1200.0,64,,,,,,,,,,,
488640,7636.292637,1200.0,,,,,,0.2,0.0,0.034130547,0.35751953125,-0.033082062561879864,11.712912230193615,2380,0.0003,0.9433714151382446,-270.1833508491516,6.358214378356934
489840,7641.287324,1200.0,,,,,,,,,,,,,,,,
490240,,,3942,125,4880.93887687,1200.0,64,,,,,,,,,,,
491040,8077.474406,1200.0,,,,,,0.2,0.0,0.04017947,0.3384765625,-0.03154306176293176,10.171067035198211,2390,0.0003,0.9431193470954895,-270.13068199157715,3.829845428466797
492240,8102.452694,1200.0,,,,,,,,,,,,,,,,
492288,,,3975,126,4895.3843465499995,1200.0,64,,,,,,,,,,,
493440,8005.647586,1200.0,,,,,,0.2,1.1920928955078125e-07,0.038646284,0.369482421875,-0.037226983267464674,9.633709035813808,2400,0.0003,0.9434570670127869,-270.12617015838623,5.180135726928711
494336,,,4000,127,4903.178167540001,1200.0,65,,,,,,,,,,,
494640,8994.52092,1200.0,,,,,,0.2,0.0,0.032120947,0.3326171875,-0.033254185097757724,12.157052138447762,2410,0.0003,0.9419804811477661,-269.96150398254395,6.908487796783447
495840,8989.085155,1200.0,,,,,,,,,,,,,,,,
496384,,,4034,128,4919.91541674,1200.0,64,,,,,,,,,,,
497040,12214.492092,1200.0,,,,,,0.2,0.0,0.036327295,0.330859375,-0.032095973650575614,10.936717197299004,2420,0.0003,0.9413411021232605,-269.6563761711121,5.929323196411133
498240,12209.543165,1200.0,,,,,,,,,,,,,,,,
498432,,,4067,129,4936.696137580001,1200.0,64,,,,,,,,,,,
499440,12003.507904,1200.0,,,,,,0.2,5.960464477539063e-08,0.035800617,0.357421875,-0.034583298589859625,12.002310833334922,2430,0.0003,0.9406205415725708,-269.4863983154297,5.945261001586914
500480,,,4093,130,4945.52080964,1200.0,65,,,,,,,,,,,
500640,10280.91445,1200.0,,,,,,0.2,0.0,0.03456548,0.324072265625,-0.02848930948530324,12.814203046262264,2440,0.0003,0.9396706223487854,-269.3116297721863,5.3918046951293945
501840,10243.691575,1200.0,,,,,,,,,,,,,,,,
502528,,,4127,131,4963.38117344,1200.0,65,,,,,,,,,,,
503040,10133.185386,1200.0,,,,,,0.2,0.0,0.03452973,0.360302734375,-0.03007813484291546,11.52662117779255,2450,0.0003,0.9394248127937317,-269.1782690048218,3.8348491191864014
504240,10097.777465,1200.0,,,,,,,,,,,,,,,,
504576,,,4160,132,4980.72678428,1200.0,64,,,,,,,,,,,
505440,10198.420721,1200.0,,,,,,0.2,0.0,0.040143635,0.383349609375,-0.037676645690225996,9.937752765417098,2460,0.0003,0.9382997155189514,-268.97361307144166,3.4434609413146973
506624,,,4186,133,4989.81955923,1200.0,65,,,,,,,,,,,
506640,10116.498409,1200.0,,,,,,0.2,-1.1920928955078125e-07,0.037358813,0.347314453125,-0.03191145002783742,11.545507000386715,2470,0.0003,0.9389174580574036,-268.9193175315857,5.334515571594238
507840,10162.697406,1200.0,,,,,,,,,,,,,,,,
508672,,,4220,134,5008.87479584,1200.0,65,,,,,,,,,,,
509040,10048.327634,1200.0,,,,,,0.2,5.960464477539063e-08,0.035560656,0.34404296875,-0.03448019734059926,14.517801949381829,2480,0.0003,0.93886798620224,-268.97627153396604,7.334196090698242
510240,10025.476642,1200.0,,,,,,,,,,,,,,,,
510720,,,4254,135,5028.979958280001,1200.0,64,,,,,,,,,,,
511440,9911.445973,1200.0,,,,,,0.2,0.0,0.03439459,0.318115234375,-0.032202511618379503,18.85134081542492,2490,0.0003,0.938586413860321,-268.8870707511902,10.034465789794922
512640,9899.984393,1200.0,,,,,,,,,,,,,,,,
512768,,,4288,136,5049.68186597,1200.0,64,,,,,,,,,,,
513840,9399.262583,1200.0,,,,,,0.2,0.0,0.031216715,0.322705078125,-0.02953020795539487,15.163421627879142,2500,0.0003,0.9377052187919617,-268.7262742996216,7.2359538078308105
514816,,,4314,137,5059.9550721099995,1200.0,65,,,,,,,,,,,
515040,7681.322667,1200.0,,,,,,0.2,-1.1920928955078125e-07,0.037112147,0.350537109375,-0.03180471496889368,15.010390400886536,2510,0.0003,0.9370856881141663,-268.5512473106384,8.299745559692383
516240,7615.522365,1200.0,,,,,,,,,,,,,,,,
516864,,,4348,138,5081.07010681,1200.0,64,,,,,,,,,,,
517440,7129.545101,1200.0,,,,,,0.2,5.960464477539063e-08,0.037988227,0.3498046875,-0.0319798921351321,13.616382358968258,2520,0.0003,0.935984194278717,-268.3473596572876,7.204334259033203
518640,7194.136309,1200.0,,,,,,,,,,,,,,,,
518912,,,4382,139,5101.3806811800005,1200.0,64,,,,,,,,,,,
519840,9591.471532,1200.0,,,,,,0.2,5.960464477539063e-08,0.03603982,0.35029296875,-0.03280783419322688,13.187975943088531,2530,0.0003,0.9357598423957825,-268.1681678771973,7.114819049835205
520960,,,4408,140,5112.17662815,1200.0,65,,,,,,,,,,,
521040,11555.179322,1200.0,,,,,,0.2,-1.1920928955078125e-07,0.04531573,0.37587890625,-0.04065650489355903,14.551297821104527,2540,0.0003,0.9358044266700745,-268.13044652938845,5.257846832275391
522240,11541.698635,1200.0,,,,,,,,,,,,,,,,
523008,,,4442,141,5134.221987650001,1200.0,65,,,,,,,,,,,
523440,12342.814952,1200.0,,,,,,0.2,0.0,0.035730712,0.360498046875,-0.033629007145646025,13.722796392440795,2550,0.0003,0.9341837763786316,-267.9477585792541,8.108826637268066
524640,12337.821911,1200.0,,,,,,,,,,,,,,,,
525056,,,4476,142,5157.229331619999,1200.0,64,,,,,,,,,,,
525840,10200.561626,1200.0,,,,,,0.2,0.0,0.0350569,0.338427734375,-0.031156158141675404,13.925365129113198,2560,0.0003,0.9343794584274292,-267.80786142349245,5.607444763183594
527040,10164.568827,1200.0,,,,,,,,,,,,,,,,
527104,,,4510,143,5180.23993888,1200.0,64,,,,,,,,,,,
528240,11916.7794,1200.0,,,,,,0.2,0.0,0.03697118,0.357958984375,-0.03269600223284215,15.690923807024955,2570,0.0003,0.934101939201355,-267.7863635063171,7.774866104125977
529152,,,4536,144,5192.372548870001,1200.0,65,,,,,,,,,,,
529440,11503.727772,1200.0,,,,,,0.2,0.0,0.04196287,0.350341796875,-0.037267360344412734,18.261271265149116,2580,0.0003,0.9343965649604797,-267.77461977005004,7.485977649688721
530640,11539.494173,1200.0,,,,,,,,,,,,,,,,
531200,,,4570,145,5217.15499965,1200.0,64,,,,,,,,,,,
531840,10481.43108,1200.0,,,,,,0.2,0.0,0.033661425,0.313037109375,-0.02801644608261995,19.123062136769295,2590,0.0003,0.9340990781784058,-267.7495738983154,9.327890396118164
533040,10466.823688,1200.0,,,,,,,,,,,,,,,,
533248,,,4604,146,5242.94651429,1200.0,64,,,,,,,,,,,
534240,12535.609388,1200.0,,,,,,0.2,0.0,0.035605308,0.321435546875,-0.029211792373098434,16.406692689657213,2600,0.0003,0.9343954920768738,-267.7270366668701,7.217416763305664
535296,,,4631,147,5254.121220229999,1200.0,65,,,,,,,,,,,
535440,14441.800375,1200.0,,,,,,0.2,0.0,0.043253668,0.38662109375,-0.031910718188737516,22.946035054326057,2610,0.0003,0.9336392879486084,-267.6605894088745,8.088335037231445
536640,14451.816463,1200.0,,,,,,,,,,,,,,,,
537344,,,4665,148,5279.39829479,1200.0,64,,,,,,,,,,,
537840,14233.516381,1200.0,,,,,,0.2,0.0,0.036215734,0.3470703125,-0.03460360744793434,17.2583571434021,2620,0.0003,0.9344369769096375,-267.6680283546448,6.854617118835449
539040,14178.904443,1200.0,,,,,,,,,,,,,,,,
539392,,,4698,149,5304.07783206,1200.0,64,,,,,,,,,,,
540240,13001.174063,1200.0,,,,,,0.2,-1.1920928955078125e-07,0.03652744,0.36201171875,-0.02914259633689653,13.898709332942962,2630,0.0003,0.9339761137962341,-267.60364189147947,5.384487628936768
541440,12965.370451,1200.0,,,,,,,,,,,,,,,,
541440,,,4732,150,5329.28820334,1200.0,64,,,,,,,,,,,
542640,14546.796419,1200.0,,,,,,0.2,0.0,0.038272433,0.364892578125,-0.031485355240874924,18.56229762136936,2640,0.0003,0.932879626750946,-267.4476559638977,8.38229751586914
543488,,,4757,151,5340.280987110001,1200.0,65,,,,,,,,,,,
543840,14676.370663,1200.0,,,,,,0.2,5.960464477539063e-08,0.040037613,0.39912109375,-0.03278736443608068,12.804569973051548,2650,0.0003,0.9324429035186768,-267.2768449783325,6.089801788330078
545040,14658.125025,1200.0,,,,,,,,,,,,,,,,
545536,,,4790,152,5363.930698009999,1200.0,64,,,,,,,,,,,
546240,14585.466128,1200.0,,,,,,0.2,5.960464477539063e-08,0.036269598,0.371630859375,-0.03297577349585481,15.383818003535271,2660,0.0003,0.9323807954788208,-267.21368017196653,7.1904296875
547440,14585.035787,1200.0,,,,,,,,,,,,,,,,
547584,,,4823,153,5390.77342849,1200.0,64,,,,,,,,,,,
548640,14282.493414,1200.0,,,,,,0.2,1.1920928955078125e-07,0.037878767,0.333740234375,-0.03222373125026934,17.66052702963352,2670,0.0003,0.9310789108276367,-267.03991813659667,6.289248466491699
549632,,,4848,154,5402.548636640001,1200.0,65,,,,,,,,,,,
549840,12830.54172,1200.0,,,,,,0.2,1.1920928955078125e-07,0.037666425,0.37919921875,-0.03263371418288443,17.517125806212427,2680,0.0003,0.9311010241508484,-266.8817663192749,8.843762397766113
551040,12828.955032,1200.0,,,,,,,,,,,,,,,,
551680,,,4881,155,5428.4635045,1200.0,65,,,,,,,,,,,
552240,12889.204064,1200.0,,,,,,0.2,0.0,0.03798892,0.358056640625,-0.03247501005243976,18.91313661634922,2690,0.0003,0.9305651783943176,-266.8088102340698,12.556781768798828
553440,12897.342252,1200.0,,,,,,,,,,,,,,,,
553728,,,4914,156,5455.32771072,1200.0,65,,,,,,,,,,,
554640,12943.571862,1200.0,,,,,,0.2,1.1920928955078125e-07,0.036564417,0.38203125,-0.033468046892085115,16.107290703058244,2700,0.0003,0.9295913577079773,-266.6322569847107,10.023346900939941
555776,,,4938,157,5469.326412289999,1200.0,65,,,,,,,,,,,
555840,12993.375844,1200.0,,,,,,0.2,0.0,0.039561488,0.343798828125,-0.031012184714199975,20.043241986632346,2710,0.0003,0.9285696148872375,-266.4202773094177,11.212382316589355
557040,12969.52822,1200.0,,,,,,,,,,,,,,,,
557824,,,4972,158,5498.18025745,1200.0,65,,,,,,,,,,,
558240,13119.212348,1200.0,,,,,,0.2,0.0,0.03729486,0.3529296875,-0.031293424565228635,22.77919223308563,2720,0.0003,0.9276307225227356,-266.19524536132815,12.427217483520508
559440,13085.685964,1200.0,,,,,,,,,,,,,,,,
559872,,,5006,159,5526.12711027,1200.0,65,,,,,,,,,,,
560640,13186.344316,1200.0,,,,,,0.2,0.0,0.039814644,0.3376953125,-0.03163305241905619,25.449608898162843,2730,0.0003,0.9272662401199341,-266.0033455848694,12.69732666015625
561840,13191.122026,1200.0,,,,,,,,,,,,,,,,
561920,,,5040,160,5554.74035289,1200.0,65,,,,,,,,,,,
563040,13261.986881,1200.0,,,,,,0.2,0.0,0.04212277,0.390625,-0.03417479275376536,21.565477734804155,2740,0.0003,0.9266311526298523,-265.8543246269226,11.666519165039062
563968,,,5066,161,5568.804253800002,1200.0,65,,,,,,,,,,,
564240,15151.710025,1200.0,,,,,,0.2,5.960464477539063e-08,0.0425853,0.39794921875,-0.035188700148137284,22.209942787885666,2750,0.0003,0.9259846806526184,-265.73816614151,9.71130657196045
565440,15161.486341,1200.0,,,,,,,,,,,,,,,,
566016,,,5100,162,5597.1366953199995,1200.0,65,,,,,,,,,,,
566640,13324.813635,1200.0,,,,,,0.2,0.0,0.042439297,0.352978515625,-0.033902352883887946,24.957736200094224,2760,0.0003,0.9265621900558472,-265.7019503593445,11.777092933654785
567840,13331.791504,1200.0,,,,,,,,,,,,,,,,
568064,,,5134,163,5626.14219166,1200.0,65,,,,,,,,,,,
569040,13549.230861,1200.0,,,,,,0.2,5.960464477539063e-08,0.04463,0.405078125,-0.033629816069151275,23.673233997821807,2770,0.0003,0.9256321787834167,-265.5967304229736,9.344968795776367
570112,,,5160,164,5641.5656382900015,1200.0,65,,,,,,,,,,,
570240,13048.433707,1200.0,,,,,,0.2,0.0,0.03500571,0.336181640625,-0.028005452861543746,26.8289495408535,2780,0.0003,0.9244968891143799,-265.39737157821656,14.847125053405762
571440,13037.94916,1200.0,,,,,,,,,,,,,,,,
572160,,,5194,165,5671.7902078100005,1200.0,65,,,,,,,,,,,
572640,14170.816027,1200.0,,,,,,0.2,-1.1920928955078125e-07,0.041910008,0.380224609375,-0.03526525898341788,19.656107226014136,2790,0.0003,0.9237380027770996,-265.1898500442505,11.175994873046875
573840,14139.708608,1200.0,,,,,,,,,,,,,,,,
574208,,,5228,166,5701.658770679999,1200.0,65,,,,,,,,,,,
575040,14605.299239,1200.0,,,,,,0.2,0.0,0.04347279,0.3521484375,-0.03029364791000262,19.88813586831093,2800,0.0003,0.9225826263427734,-264.94055223464966,9.40418529510498
576240,14633.561977,1200.0,,,,,,,,,,,,,,,,
576256,,,5262,167,5731.255816010002,1200.0,64,,,,,,,,,,,
577440,14602.709987,1200.0,,,,,,0.2,0.0,0.03471008,0.34560546875,-0.0277384535089368,28.221941110491752,2810,0.0003,0.9222798943519592,-264.79190664291383,13.999961853027344
578304,,,5288,168,5747.288656400002,1200.0,65,,,,,,,,,,,
578640,14273.674405,1200.0,,,,,,0.2,0.0,0.032396622,0.346728515625,-0.03125548800744582,25.797088649868964,2820,0.0003,0.9217344522476196,-264.66175880432127,11.136852264404297
579840,14273.339944,1200.0,,,,,,,,,,,,,,,,
580352,,,5322,169,5778.565524000001,1200.0,65,,,,,,,,,,,
581040,14080.388111,1200.0,,,,,,0.2,-1.1920928955078125e-07,0.039123386,0.348388671875,-0.030451773045933807,26.399399623274803,2830,0.0003,0.9213197231292725,-264.5382151603699,11.984128952026367
582240,14080.964408,1200.0,,,,,,,,,,,,,,,,
582400,,,5355,170,5809.253052870002,1200.0,65,,,,,,,,,,,
583440,11267.431924,1200.0,,,,,,0.2,-1.1920928955078125e-07,0.04080219,0.40107421875,-0.03295745057694148,22.13228869140148,2840,0.0003,0.9205440878868103,-264.36779098510743,14.280068397521973
584448,,,5380,171,5825.38736307,1200.0,65,,,,,,,,,,,
584640,11166.379568,1200.0,,,,,,0.2,0.0,0.035029307,0.341259765625,-0.029209916075342336,24.694489860534667,2850,0.0003,0.920110285282135,-264.2740550994873,13.407896995544434
585840,11174.537018,1200.0,,,,,,,,,,,,,,,,
586496,,,5413,172,5859.103736700001,1200.0,65,,,,,,,,,,,
587040,11155.909001,1200.0,,,,,,0.2,-1.1920928955078125e-07,0.036374167,0.328369140625,-0.02996285992267076,25.463112020492552,2860,0.0003,0.9192800521850586,-264.1457664489746,10.518288612365723
588240,11148.632944,1200.0,,,,,,,,,,,,,,,,
588544,,,5446,173,5893.99601279,1200.0,65,,,,,,,,,,,
589440,14033.644748,1200.0,,,,,,0.2,0.0,0.0367283,0.3095703125,-0.024844154465245082,25.799625197052954,2870,0.0003,0.9189108610153198,-263.9999603271484,9.815258979797363
590592,,,5472,174,5910.724191190001,1200.0,65,,,,,,,,,,,
590640,11132.366044,1200.0,,,,,,0.2,-1.1920928955078125e-07,0.04398375,0.357080078125,-0.03103251628635917,28.92439011335373,2880,0.0003,0.9186553955078125,-263.931342792511,15.942928314208984
591840,11102.793783,1200.0,,,,,,,,,,,,,,,,
592640,,,5506,175,5946.06898324,1200.0,65,,,,,,,,,,,
593040,11026.807972,1200.0,,,,,,0.2,0.0,0.041873693,0.358447265625,-0.02747683206835063,26.93776512145996,2890,0.0003,0.9183898568153381,-263.8457105636597,9.764175415039062
594240,11061.448186,1200.0,,,,,,,,,,,,,,,,
594688,,,5540,176,5980.38069345,1200.0,65,,,,,,,,,,,
595440,10874.946605,1200.0,,,,,,0.2,0.0,0.038474165,0.367236328125,-0.026256906503112985,25.138699293136597,2900,0.0003,0.9180797934532166,-263.7463176727295,14.880597114562988
596640,10855.628135,1200.0,,,,,,,,,,,,,,,,
596736,,,5574,177,6015.16557411,1200.0,65,,,,,,,,,,,
597840,13327.128842,1200.0,,,,,,0.2,0.0,0.038682558,0.3583984375,-0.03348258472979069,33.74445676207542,2910,0.0003,0.9181820750236511,-263.7158404350281,15.78312873840332
598784,,,5600,178,6032.194185220001,1200.0,65,,,,,,,,,,,
599040,13195.500047,1200.0,,,,,,0.2,0.0,0.03905503,0.374267578125,-0.02986628560756799,23.649824330210684,2920,0.0003,0.9168140888214111,-263.51239786148074,11.992753028869629
600240,13169.9142,1200.0,,,,,,,,,,,,,,,,
600832,,,5634,179,6067.70823364,1200.0,65,,,,,,,,,,,
601440,13221.669532,1200.0,,,,,,0.2,0.0,0.03654302,0.352392578125,-0.028343882464105262,23.879100501537323,2930,0.0003,0.9157989025115967,-263.2759501457214,10.269792556762695
602640,13189.422881,1200.0,,,,,,,,,,,,,,,,
602880,,,5668,180,6103.049601659998,1200.0,65,,,,,,,,,,,
603840,12655.14864,1200.0,,,,,,0.2,0.0,0.037984945,0.373193359375,-0.028860805361182428,36.958307564258575,2940,0.0003,0.9158135652542114,-263.1411003112793,15.3972806930542
604928,,,5694,181,6119.201870889999,1200.0,65,,,,,,,,,,,
605040,8101.607403,1200.0,,,,,,0.2,5.960464477539063e-08,0.04861787,0.403173828125,-0.03479378241754603,24.189299789071082,2950,0.0003,0.9145150780677795,-262.9625615119934,11.873331069946289
606240,8155.632507,1200.0,,,,,,,,,,,,,,,,
606976,,,5728,182,6154.31191972,1200.0,65,,,,,,,,,,,
607440,8343.272423,1200.0,,,,,,0.2,0.0,0.0335335,0.341552734375,-0.028761654015397653,31.915298956632615,2960,0.0003,0.9145023822784424,-262.840949344635,14.233036994934082
608640,8319.265767,1200.0,,,,,,,,,,,,,,,,
609024,,,5762,183,6188.63587961,1200.0,65,,,,,,,,,,,
609840,9686.680806,1200.0,,,,,,0.2,0.0,0.04231421,0.40556640625,-0.030514412187039854,25.159307971596718,2970,0.0003,0.9139931201934814,-262.7363163948059,11.22729206085205
611040,9648.936106,1200.0,,,,,,,,,,,,,,,,
611072,,,5796,184,6222.686810409999,1200.0,65,,,,,,,,,,,
612240,8523.795801,1200.0,,,,,,0.2,0.0,0.044614747,0.382470703125,-0.03493479319149628,29.600194293260575,2980,0.0003,0.9132193326950073,-262.60369482040403,14.408695220947266
613120,,,5822,185,6239.9431627,1200.0,65,,,,,,,,,,,
613440,12525.562915,1200.0,,,,,,0.2,0.0,0.039241392,0.349267578125,-0.029278444204828703,30.823678055405615,2990,0.0003,0.9130225777626038,-262.4651750564575,20.854522705078125
614640,12518.502484,1200.0,,,,,,,,,,,,,,,,
615168,,,5856,186,6275.821734470001,1200.0,65,,,,,,,,,,,
615840,8764.059516,1200.0,,,,,,0.2,0.0,0.037347928,0.351025390625,-0.028848973341519014,35.701966589689256,3000,0.0003,0.9120617508888245,-262.2987020492554,19.31536865234375
617040,8776.041727,1200.0,,,,,,,,,,,,,,,,
617216,,,5890,187,6310.088731309999,1200.0,65,,,,,,,,,,,
618240,10764.142506,1200.0,,,,,,0.2,0.0,0.03795401,0.35849609375,-0.030576777734677308,33.82808083295822,3010,0.0003,0.9109945297241211,-262.07548274993894,19.821392059326172
619264,,,5916,188,6327.52481651,1200.0,65,,,,,,,,,,,
619440,10662.065292,1200.0,,,,,,0.2,0.0,0.03580871,0.3654296875,-0.031449115890427495,32.15359070301056,3020,0.0003,0.9105493426322937,-261.8871565818787,11.778016090393066
620640,10671.538415,1200.0,,,,,,,,,,,,,,,,
621312,,,5949,189,6363.653067140001,1200.0,65,,,,,,,,,,,
621840,10684.645473,1200.0,,,,,,0.2,0.0,0.035656102,0.32236328125,-0.02821873711363878,39.5298104763031,3030,0.0003,0.909260094165802,-261.67137680053713,17.0502986907959
623040,10642.069081,1200.0,,,,,,,,,,,,,,,,
623360,,,5982,190,6400.231325730001,1200.0,65,,,,,,,,,,,
624240,10680.128805,1200.0,,,,,,0.2,0.0,0.039923154,0.371044921875,-0.02567388149618637,34.30215591788292,3040,0.0003,0.908031165599823,-261.37961349487307,18.84851837158203
625408,,,6007,191,6419.74545276,1200.0,65,,,,,,,,,,,
625440,10510.390622,1200.0,,,,,,0.2,5.960464477539063e-08,0.045272913,0.398486328125,-0.031023939276929015,31.883215498924255,3050,0.0003,0.9074615836143494,-261.1268495559692,15.143233299255371
626640,10524.759731,1200.0,,,,,,,,,,,,,,,,
627456,,,6041,192,6453.742912300001,1200.0,65,,,,,,,,,,,
627840,10112.07838,1200.0,,,,,,0.2,5.960464477539063e-08,0.041674778,0.37431640625,-0.027222561946837233,31.267466515302658,3060,0.0003,0.9072788953781128,-261.0175252914429,16.974735260009766
629040,10149.857354,1200.0,,,,,,,,,,,,,,,,
629504,,,6075,193,6488.8898318500005,1200.0,65,,,,,,,,,,,
630240,9681.286012,1200.0,,,,,,0.2,-1.1920928955078125e-07,0.03838373,0.334423828125,-0.030291691844468005,32.003408181667325,3070,0.0003,0.9066019058227539,-260.9000338554382,10.380610466003418
631440,9671.137479,1200.0,,,,,,,,,,,,,,,,
631552,,,6109,194,6523.69722156,1200.0,65,,,,,,,,,,,
632640,5247.132353,1200.0,,,,,,0.2,-1.1920928955078125e-07,0.041463092,0.38251953125,-0.03011742546514142,32.71381363272667,3080,0.0003,0.9074830412864685,-260.8671051979065,16.3051815032959
633600,,,6135,195,6540.5698121999985,1200.0,65,,,,,,,,,,,
633840,8208.214822,1200.0,,,,,,0.2,-1.1920928955078125e-07,0.039954565,0.386376953125,-0.030678710015490652,34.50599870085716,3090,0.0003,0.9062817692756653,-260.7728983879089,14.533587455749512
635040,8177.127228,1200.0,,,,,,,,,,,,,,,,
635648,,,6169,196,6575.049982849999,1200.0,65,,,,,,,,,,,
636240,8141.325435,1200.0,,,,,,0.2,0.0,0.0414112,0.384228515625,-0.029728932998841627,29.895153951644897,3100,0.0003,0.9045178294181824,-260.40130043029785,11.84058952331543
637440,8153.977853,1200.0,,,,,,,,,,,,,,,,
637696,,,6203,197,6610.57859783,1200.0,65,,,,,,,,,,,
638640,8306.934142,1200.0,,,,,,0.2,0.0,0.044120997,0.37734375,-0.032337213671416974,34.910467255115506,3110,0.0003,0.9033933877944946,-260.09054708480835,16.031667709350586
639744,,,6229,198,6629.49013623,1200.0,65,,,,,,,,,,,
639840,8364.683107,1200.0,,,,,,0.2,0.0,0.036035478,0.345068359375,-0.026941342902136966,44.32121943235397,3120,0.0003,0.9035782217979431,-259.9878665924072,19.15400505065918
641040,8307.236247,1200.0,,,,,,,,,,,,,,,,
641792,,,6263,199,6663.22092034,1200.0,65,,,,,,,,,,,
642240,10322.973732,1200.0,,,,,,0.2,1.1920928955078125e-07,0.04108815,0.38896484375,-0.03211266120779328,37.95174308419227,3130,0.0003,0.902856707572937,-259.9249273300171,17.350175857543945
643440,10335.727106,1200.0,,,,,,,,,,,,,,,,
643840,,,6297,200,6697.771903569998,1200.0,65,,,,,,,,,,,
644640,12321.526294,1200.0,,,,,,0.2,0.0,0.038201414,0.39619140625,-0.03256896810489707,37.728771704435346,3140,0.0003,0.9032095074653625,-259.87084646224974,17.71059226989746
645840,12340.417458,1200.0,,,,,,,,,,,,,,,,
645888,,,6331,201,6733.3814294899985,1200.0,65,,,,,,,,,,,
647040,12274.973528,1200.0,,,,,,0.2,0.0,0.040242884,0.364794921875,-0.02832218679541256,39.38260266184807,3150,0.0003,0.9029080867767334,-259.84083499908445,20.567852020263672
647936,,,6357,202,6751.561471849999,1200.0,65,,,,,,,,,,,
648240,12749.528163,1200.0,,,,,,0.2,0.0,0.03922656,0.366748046875,-0.028325839244644158,27.954838818311693,3160,0.0003,0.902738094329834,-259.7538901329041,10.078753471374512
649440,12745.703348,1200.0,,,,,,,,,,,,,,,,
649984,,,6391,203,6783.203348270001,1200.0,65,,,,,,,,,,,
650640,8576.262561,1200.0,,,,,,0.2,0.0,0.041725773,0.369970703125,-0.02706114770844579,33.912264162302016,3170,0.0003,0.9020746350288391,-259.6354502677917,17.869186401367188
651840,8626.51562,1200.0,,,,,,,,,,,,,,,,
652032,,,6426,204,6817.701683480001,1200.0,65,,,,,,,,,,,
653040,10874.198889,1200.0,,,,,,0.2,0.0,0.041893665,0.351953125,-0.03080221725977026,34.700341045856476,3180,0.0003,0.9018595814704895,-259.5328194618225,18.328399658203125
654080,,,6452,205,6834.67489842,1200.0,65,,,,,,,,,,,
654240,10680.193077,1200.0,,,,,,0.2,0.0,0.03825908,0.360693359375,-0.030664051964413373,40.224844723939896,3190,0.0003,0.9015931487083435,-259.4759548187256,17.412527084350586
655440,10707.486203,1200.0,,,,,,,,,,,,,,,,
656128,,,6486,206,6868.818704440001,1200.0,65,,,,,,,,,,,
656640,9621.204906,1200.0,,,,,,0.2,0.0,0.03964356,0.406494140625,-0.027321972348727287,34.23814761042595,3200,0.0003,0.9013741612434387,-259.3626557350159,17.849475860595703
657840,9594.878759,1200.0,,,,,,,,,,,,,,,,
658176,,,6519,207,6900.544819850001,1200.0,65,,,,,,,,,,,
659040,5388.911727,1200.0,,,,,,0.2,0.0,0.040159434,0.3978515625,-0.032157584460219366,40.208447843790054,3210,0.0003,0.9012064933776855,-259.2590280532837,16.15808868408203
660224,,,6546,208,6918.833695750001,1200.0,65,,,,,,,,,,,
660240,5316.078462,1200.0,,,,,,0.2,0.0,0.035471607,0.329296875,-0.026936514460248872,48.56559291481972,3220,0.0003,0.900439441204071,-259.18759241104124,28.391027450561523
661440,5280.829375,1200.0,,,,,,,,,,,,,,,,
662272,,,6579,209,6951.76141022,1200.0,65,,,,,,,,,,,
662640,3987.186983,1200.0,,,,,,0.2,-1.1920928955078125e-07,0.04126896,0.397705078125,-0.026647340919589625,27.542485150694848,3230,0.0003,0.8998574018478394,-259.0178559303284,12.163657188415527
663840,3995.396379,1200.0,,,,,,,,,,,,,,,,
664320,,,6613,210,6987.173710800001,1200.0,65,,,,,,,,,,,
665040,5634.91261,1200.0,,,,,,0.2,0.0,0.036184356,0.373095703125,-0.027483638082048855,37.22688073515892,3240,0.0003,0.8994872570037842,-258.8665972709656,19.841773986816406
666240,5591.550712,1200.0,,,,,,,,,,,,,,,,
666368,,,6648,211,7021.7298306600005,1200.0,65,,,,,,,,,,,
667440,7791.660911,1200.0,,,,,,0.2,-1.1920928955078125e-07,0.039654836,0.381396484375,-0.03062143342103809,43.71505224108696,3250,0.0003,0.8985150456428528,-258.6949058532715,17.759368896484375
668416,,,6673,212,7036.207013649999,1200.0,65,,,,,,,,,,,
668640,6123.935572,1200.0,,,,,,0.2,0.0,0.038387455,0.3677734375,-0.030290116887772455,40.68167446255684,3260,0.0003,0.8982873558998108,-258.54718523025514,20.022554397583008
669840,6124.790717,1200.0,,,,,,,,,,,,,,,,
670464,,,6708,213,7071.289641219998,1200.0,65,,,,,,,,,,,
671040,6137.501154,1200.0,,,,,,0.2,0.0,0.037220277,0.34912109375,-0.027181106392527,38.768968880176544,3270,0.0003,0.8976365327835083,-258.4731253623962,22.95726776123047
672240,6157.921984,1200.0,,,,,,,,,,,,,,,,
672512,,,6742,214,7103.436078399998,1200.0,65,,,,,,,,,,,
673440,5716.114211,1200.0,,,,,,0.2,0.0,0.04151522,0.406298828125,-0.029673253526561895,37.78420107960701,3280,0.0003,0.8983427882194519,-258.46964569091796,19.916208267211914
674560,,,6768,215,7120.938613349999,1200.0,65,,,,,,,,,,,
674640,7806.040036,1200.0,,,,,,0.2,0.0,0.03644438,0.378857421875,-0.027573007167666218,38.0965075135231,3290,0.0003,0.8973565697669983,-258.4200627326965,19.103166580200195
675840,7833.351924,1200.0,,,,,,,,,,,,,,,,
676608,,,6801,216,7152.32461994,1200.0,65,,,,,,,,,,,
677040,10524.594008,1200.0,,,,,,0.2,0.0,0.038962103,0.3548828125,-0.030542463218444026,33.72837936878204,3300,0.0003,0.897572934627533,-258.3461630821228,15.161712646484375
678240,10484.158258,1200.0,,,,,,,,,,,,,,,,
678656,,,6835,217,7183.686540889999,1200.0,65,,,,,,,,,,,
679440,7925.073296,1200.0,,,,,,0.2,0.0,0.040498942,0.410595703125,-0.034339976741466674,33.92662143111229,3310,0.0003,0.8975244760513306,-258.34215850830077,13.677656173706055
680640,7974.929638,1200.0,,,,,,,,,,,,,,,,
680704,,,6869,218,7213.09404092,1200.0,64,,,,,,,,,,,
681840,9225.352831,1200.0,,,,,,0.2,0.0,0.04021057,0.385205078125,-0.03147846524952911,39.93565698862076,3320,0.0003,0.8969033360481262,-258.19046506881716,12.799034118652344
682752,,,6895,219,7228.679087150001,1200.0,65,,,,,,,,,,,
683040,7950.884607,1200.0,,,,,,0.2,0.0,0.039863754,0.411767578125,-0.034606328036170454,34.99312638044357,3330,0.0003,0.896305501461029,-258.03920583724977,12.666508674621582
684240,7943.391139,1200.0,,,,,,,,,,,,,,,,
684800,,,6929,220,7260.146216790001,1200.0,65,,,,,,,,,,,
685440,7807.055962,1200.0,,,,,,0.2,0.0,0.038840625,0.386767578125,-0.033042228053091094,42.8507067322731,3340,0.0003,0.8960481286048889,-257.9296911239624,17.800254821777344
686640,7804.773791,1200.0,,,,,,,,,,,,,,,,
686848,,,6963,221,7289.50866305,1200.0,65,,,,,,,,,,,
687840,9489.715589,1200.0,,,,,,0.2,0.0,0.03542736,0.387939453125,-0.03123320515442174,35.15426408648491,3350,0.0003,0.8960570096969604,-257.877574634552,17.6964054107666
688896,,,6988,222,7306.49280776,1200.0,65,,,,,,,,,,,
689040,11963.928075,1200.0,,,,,,0.2,0.0,0.04030768,0.375439453125,-0.02980720495688729,34.87989267706871,3360,0.0003,0.8958596587181091,-257.8181104660034,16.5166015625
690240,12024.495917,1200.0,,,,,,,,,,,,,,,,
690944,,,7022,223,7336.937193680001,1200.0,65,,,,,,,,,,,
691440,12887.181714,1200.0,,,,,,0.2,0.0,0.03420803,0.346875,-0.02698690271936357,39.396038842201236,3370,0.0003,0.895362377166748,-257.7137844085693,17.720870971679688
692640,12856.325352,1200.0,,,,,,,,,,,,,,,,
692992,,,7056,224,7366.746691700001,1200.0,65,,,,,,,,,,,
693840,12516.837066,1200.0,,,,,,0.2,0.0,0.041411813,0.383984375,-0.03419932113320101,41.8326674580574,3380,0.0003,0.8946369886398315,-257.57303457260133,14.956757545471191
695040,12492.970639,1200.0,,,,,,,,,,,,,,,,
695040,,,7090,225,7397.0938337,1200.0,64,,,,,,,,,,,
696240,11606.192926,1200.0,,,,,,0.2,5.960464477539063e-08,0.03746043,0.359375,-0.025572042283602058,30.763006627559662,3390,0.0003,0.8933392763137817,-257.3254787445068,12.610771179199219
697088,,,7116,226,7410.960784599999,1200.0,65,,,,,,,,,,,
697440,13139.859868,1200.0,,,,,,0.2,0.0,0.03998218,0.41025390625,-0.03293199774925597,33.74222310781479,3400,0.0003,0.8938612937927246,-257.238131904602,15.994816780090332
698640,13159.704439,1200.0,,,,,,,,,,,,,,,,
699136,,,7149,227,7437.18506645,1200.0,65,,,,,,,,,,,
699840,7498.903093,1200.0,,,,,,0.2,1.1920928955078125e-07,0.043365948,0.401806640625,-0.0332161711237859,40.384176164865494,3410,0.0003,0.893907904624939,-257.2487067222595,18.180988311767578
701040,7492.929305,1200.0,,,,,,,,,,,,,,,,
701184,,,7183,228,7462.355130359999,1200.0,65,,,,,,,,,,,
702240,6782.137526,1200.0,,,,,,0.2,0.0,0.033441506,0.36630859375,-0.029639615773339754,37.24834521412849,3420,0.0003,0.8942147493362427,-257.2980597496033,16.020524978637695
703232,,,7209,229,7475.58716829,1200.0,65,,,,,,,,,,,
703440,9140.961384,1200.0,,,,,,0.2,0.0,0.03831976,0.378515625,-0.03037984152615536,50.36849128603935,3430,0.0003,0.8926377892494202,-257.1348166465759,19.391422271728516
704640,9150.818415,1200.0,,,,,,,,,,,,,,,,
705280,,,7242,230,7502.96461014,1200.0,65,,,,,,,,,,,
705840,8337.826333,1200.0,,,,,,0.2,5.960464477539063e-08,0.038638964,0.36826171875,-0.03024967425444629,46.43120376467705,3440,0.0003,0.8925846815109253,-256.94396324157714,26.90386962890625
707040,8341.897127,1200.0,,,,,,,,,,,,,,,,
707328,,,7276,231,7526.44660507,1200.0,65,,,,,,,,,,,
708240,6341.134524,1200.0,,,,,,0.2,0.0,0.037305735,0.3873046875,-0.03156316090899054,38.12811683416366,3450,0.0003,0.8934056162834167,-257.01119432449343,23.92465591430664
709376,,,7302,232,7537.7470704100015,1200.0,65,,,,,,,,,,,
709440,7235.351983,1200.0,,,,,,0.2,0.0,0.037794363,0.368603515625,-0.02961660908185877,45.17429890632629,3460,0.0003,0.8927358984947205,-256.97561531066896,24.14767074584961
710640,7264.195701,1200.0,,,,,,,,,,,,,,,,
711424,,,7335,233,7562.098463700003,1200.0,65,,,,,,,,,,,
711840,6159.712201,1200.0,,,,,,0.2,0.0,0.049273454,0.43193359375,-0.036414412382873705,38.85672119855881,3470,0.0003,0.8922163248062134,-256.81980867385863,17.57154655456543
713040,6162.817357,1200.0,,,,,,,,,,,,,,,,
713472,,,7369,234,7585.5806895900005,1200.0,65,,,,,,,,,,,
714240,8726.84189,1200.0,,,,,,0.2,0.0,0.03708966,0.385791015625,-0.029144414866459557,55.78633226156235,3480,0.0003,0.892005205154419,-256.72416553497317,34.773956298828125
715440,8699.640532,1200.0,,,,,,,,,,,,,,,,
715520,,,7403,235,7610.279094100001,1200.0,65,,,,,,,,,,,
716640,8463.028378,1200.0,,,,,,0.2,0.0,0.044778876,0.383642578125,-0.0332892035425175,46.92243863344193,3490,0.0003,0.8920943737030029,-256.66437101364136,23.147876739501953
717568,,,7429,236,7620.154850920002,1200.0,65,,,,,,,,,,,
717840,5677.45814,1200.0,,,,,,0.2,0.0,0.04227057,0.393701171875,-0.031634260894497855,43.96732806563377,3500,0.0003,0.8921970725059509,-256.6856524467468,26.61890983581543
719040,5693.727331,1200.0,,,,,,,,,,,,,,,,
719616,,,7462,237,7644.44003343,1200.0,65,,,,,,,,,,,
720240,5899.164514,1200.0,,,,,,0.2,0.0,0.03443125,0.373681640625,-0.03055100954370573,57.91464537382126,3510,0.0003,0.8920997381210327,-256.6255040168762,31.228242874145508
721440,5858.651926,1200.0,,,,,,,,,,,,,,,,
721664,,,7496,238,7665.556343520001,1200.0,65,,,,,,,,,,,
722640,5798.186908,1200.0,,,,,,0.2,0.0,0.040717755,0.396240234375,-0.033701221688534136,44.03962626457214,3520,0.0003,0.8913598656654358,-256.49194221496583,19.029659271240234
723712,,,7522,239,7676.117505180001,1200.0,65,,,,,,,,,,,
723840,5856.699762,1200.0,,,,,,0.2,0.0,0.042335488,0.41005859375,-0.03678805289382581,46.9370899617672,3530,0.0003,0.890277624130249,-256.25639247894287,26.865489959716797
725040,5848.776689,1200.0,,,,,,,,,,,,,,,,
725760,,,7555,240,7699.07213199,1200.0,65,,,,,,,,,,,
726240,6655.2219,1200.0,,,,,,0.2,0.0,0.045768782,0.429736328125,-0.037964586497400886,41.932322239875795,3540,0.0003,0.8905574083328247,-256.1198340415955,23.759660720825195
727440,6679.458476,1200.0,,,,,,,,,,,,,,,,
727808,,,7589,241,7721.34489896,1200.0,65,,,,,,,,,,,
728640,10894.519489,1200.0,,,,,,0.2,0.0,0.040578026,0.3763671875,-0.03244628122483846,47.43136872053147,3550,0.0003,0.8901258707046509,-256.07883977890015,26.056055068969727
729840,10904.764228,1200.0,,,,,,,,,,,,,,,,
729856,,,7623,242,7744.33263387,1200.0,65,,,,,,,,,,,
731040,9713.403425,1200.0,,,,,,0.2,0.0,0.039791565,0.388818359375,-0.029118408088106663,37.845616054534915,3560,0.0003,0.8895303010940552,-255.95409874916078,21.844608306884766
731904,,,7648,243,7756.61035133,1200.0,65,,,,,,,,,,,
732240,5537.375842,1200.0,,,,,,0.2,0.0,0.036332164,0.34033203125,-0.02812690274149645,48.66989788413048,3570,0.0003,0.88973069190979,-255.9355655193329,23.89162254333496
733440,5527.876,1200.0,,,,,,,,,,,,,,,,
733952,,,7682,244,7779.077906169999,1200.0,65,,,,,,,,,,,
734640,5584.62931,1200.0,,,,,,0.2,5.960464477539063e-08,0.039379008,0.3755859375,-0.025186831766040994,44.62279559373856,3580,0.0003,0.8894999623298645,-255.85917587280272,22.21491241455078
735840,5561.003633,1200.0,,,,,,,,,,,,,,,,
736000,,,7716,245,7801.53599626,1200.0,65,,,,,,,,,,,
737040,8995.48716,1200.0,,,,,,0.2,5.960464477539063e-08,0.04493381,0.39814453125,-0.0306051734223729,44.3044952750206,3590,0.0003,0.8889240622520447,-255.70797834396362,19.12104034423828
738048,,,7742,246,7813.60511149,1200.0,65,,,,,,,,,,,
738240,11148.77343,1200.0,,,,,,0.2,0.0,0.037631575,0.35888671875,-0.02838421603955794,42.9983633339405,3600,0.0003,0.8885252475738525,-255.59077401161193,18.888044357299805
739440,11150.439917,1200.0,,,,,,,,,,,,,,,,
740096,,,7776,247,7835.8255530000015,1200.0,65,,,,,,,,,,,
740640,11438.065352,1200.0,,,,,,0.2,0.0,0.043194704,0.366748046875,-0.030983839597320185,51.90340794324875,3610,0.0003,0.8887075781822205,-255.5319089412689,31.007492065429688
741840,11425.592762,1200.0,,,,,,,,,,,,,,,,
742144,,,7810,248,7856.100303700001,1200.0,65,,,,,,,,,,,
743040,11662.240332,1200.0,,,,,,0.2,0.0,0.04065279,0.38857421875,-0.031391544526559303,41.28634826540947,3620,0.0003,0.8881843090057373,-255.44548177719116,21.84261131286621
744192,,,7835,249,7866.535948090001,1200.0,65,,,,,,,,,,,
744240,9708.402751,1200.0,,,,,,0.2,0.0,0.03775432,0.389794921875,-0.02933597603114322,38.96429911851883,3630,0.0003,0.8875134587287903,-255.32135677337646,24.221940994262695
745440,9661.04681,1200.0,,,,,,,,,,,,,,,,
746240,,,70925,250,7888.1866328,1200.0,7,,,,,,,,,,,
746640,11402.266345,1200.0,,,,,,0.2,0.0,0.03776574,0.37451171875,-0.02863260681333486,42.97111716866493,3640,0.0003,0.8877751231193542,-255.22153024673463,24.936779022216797
747840,11451.551067,1200.0,,,,,,,,,,,,,,,,
748288,,,70966,251,7911.02693806,1200.0,7,,,,,,,,,,,
749040,11859.797342,1200.0,,,,,,0.2,0.0,0.038488105,0.371826171875,-0.027552454825490715,48.85162011384964,3650,0.0003,0.8873723149299622,-255.18715434074403,22.859046936035156
750240,11805.506277,1200.0,,,,,,,,,,,,,,,,
750336,,,71003,252,7932.4580497900015,1200.0,7,,,,,,,,,,,
751440,11536.686895,1200.0,,,,,,0.2,0.0,0.035768688,0.35595703125,-0.025908474600873886,49.061656671762464,3660,0.0003,0.8873322606086731,-255.08501410484314,21.267967224121094
752384,,,71030,253,7942.698064980002,1200.0,7,,,,,,,,,,,
752640,14064.818313,1200.0,,,,,,0.2,0.0,0.04254988,0.40712890625,-0.02999882739095483,35.38276997804642,3670,0.0003,0.8862635493278503,-254.92612171173096,19.854942321777344
753840,14049.297724,1200.0,,,,,,,,,,,,,,,,
754432,,,71064,254,7964.346073840001,1200.0,7,,,,,,,,,,,
755040,14544.153082,1200.0,,,,,,0.2,0.0,0.03551013,0.36904296875,-0.029457486534374765,38.11950341463089,3680,0.0003,0.8848744034767151,-254.6726953983307,18.048006057739258
756240,14578.185969,1200.0,,,,,,,,,,,,,,,,
756480,,,71101,255,7988.313308270001,1200.0,7,,,,,,,,,,,
757440,14391.190741,1200.0,,,,,,0.2,0.0,0.036579885,0.32451171875,-0.03169930739677511,51.36361788511276,3690,0.0003,0.8846613764762878,-254.51728935241698,23.822895050048828
758528,,,71131,256,8000.8221941,1200.0,7,,,,,,,,,,,
758640,13819.181553,1200.0,,,,,,0.2,1.1920928955078125e-07,0.0446364,0.376025390625,-0.029038318392122165,39.32650901675224,3700,0.0003,0.8841806650161743,-254.42278146743774,16.62742805480957
759840,13783.711293,1200.0,,,,,,,,,,,,,,,,
760576,,,71168,257,8024.26678507,1200.0,7,,,,,,,,,,,
761040,13980.811559,1200.0,,,,,,0.2,0.0,0.03896694,0.365576171875,-0.026991547999205067,48.69451664090157,3710,0.0003,0.8838765621185303,-254.2791428565979,23.36574363708496
762240,14022.510785,1200.0,,,,,,,,,,,,,,,,
762624,,,71209,258,8047.618056300001,1200.0,7,,,,,,,,,,,
763440,11741.537866,1200.0,,,,,,0.2,0.0,0.038094725,0.38935546875,-0.028906912516686135,49.11201367378235,3720,0.0003,0.8842332363128662,-254.22327408790588,22.151731491088867
764640,11723.286892,1200.0,,,,,,,,,,,,,,,,
764672,,,71247,259,8074.030063009999,1200.0,7,,,,,,,,,,,
765840,13737.963002,1200.0,,,,,,0.2,-1.1920928955078125e-07,0.03919822,0.32783203125,-0.028160494749317876,47.290969252586365,3730,0.0003,0.8838360905647278,-254.18653445243837,19.959095001220703
766720,,,71278,260,8087.3242372199975,1200.0,7,,,,,,,,,,,
767040,11965.248691,1200.0,,,,,,0.2,-1.1920928955078125e-07,0.03924487,0.316064453125,-0.024102071751258336,55.3072114944458,3740,0.0003,0.8824789524078369,-253.9849274635315,27.161884307861328
768240,11945.157171,1200.0,,,,,,,,,,,,,,,,
768768,,,71324,261,8113.709854949998,1200.0,7,,,,,,,,,,,
769440,12744.884206,1200.0,,,,,,0.2,0.0,0.043449216,0.410009765625,-0.03396627640759107,54.439998507499695,3750,0.0003,0.8809226155281067,-253.57625350952148,21.077714920043945
770640,12782.637463,1200.0,,,,,,,,,,,,,,,,
770816,,,71361,262,8139.38050738,1200.0,7,,,,,,,,,,,
771840,14775.384109,1200.0,,,,,,0.2,1.1920928955078125e-07,0.043840125,0.39189453125,-0.02978929459641222,44.371986055374144,3760,0.0003,0.8795725107192993,-253.2437876701355,18.19571304321289
772864,,,71388,263,8153.579967220001,1200.0,7,,,,,,,,,,,
773040,12440.262134,1200.0,,,,,,0.2,0.0,0.042134196,0.348388671875,-0.027933730743825436,53.37245388627052,3770,0.0003,0.8793683648109436,-253.01868004798888,30.89229965209961
774240,12397.084934,1200.0,,,,,,,,,,,,,,,,
774912,,,71426,264,8181.497737470001,1200.0,7,,,,,,,,,,,
775440,14819.277286,1200.0,,,,,,0.2,5.960464477539063e-08,0.041540436,0.339306640625,-0.02618470422603423,49.41295845508576,3780,0.0003,0.8792845010757446,-252.94324188232423,17.55936050415039
776640,14806.648845,1200.0,,,,,,,,,,,,,,,,
776960,,,71557,265,8212.225600250002,1200.0,7,,,,,,,,,,,
777840,12561.211748,1200.0,,,,,,0.2,0.0,0.03793502,0.312744140625,-0.024521531831123867,49.52045560479164,3790,0.0003,0.879565417766571,-252.9292206287384,15.713104248046875
779008,,,71585,266,8229.37712779,1200.0,7,,,,,,,,,,,
