eval/mean_reward,eval/mean_ep_length,time/total_timesteps,train/clip_fraction,train/entropy_loss,train/approx_kl,train/loss,train/n_updates,train/explained_variance,train/clip_range,train/value_loss,train/learning_rate,train/policy_gradient_loss,time/iterations,rollout/ep_rew_mean,time/time_elapsed,rollout/ep_len_mean,time/fps
18.306087493896484,120.0,1024,,,,,,,,,,,,,,,
22.714839935302734,120.0,2048,,,,,,,,,,,,,,,
18.91992950439453,120.0,3072,0.294384765625,-5.854922480136156,0.042173263,80.10028076171875,10,-2.4437904357910156e-05,0.3,61.15182398408651,0.0003,-0.053699899557977916,,,,,
19.365219116210938,120.0,4096,,,,,,,,,,,,,,,
21.85174560546875,120.0,5120,0.3140625,-5.816606729477644,0.043913536,63.054229736328125,20,-1.1920928955078125e-07,0.3,63.11100009083748,0.0003,-0.05466201358285616,,,,,
22.747657775878906,120.0,6144,,,,,,,,,,,,,,,
19.495155334472656,120.0,7168,0.27744140625,-5.798743815720082,0.04247538,46.402225494384766,30,5.960464477539063e-08,0.3,50.643168702721596,0.0003,-0.05250716661248589,,,,,
22.50164222717285,120.0,8192,,,,,,,,,,,,,,,
19.131772994995117,120.0,9216,0.242529296875,-5.752589563280344,0.038927957,36.00236129760742,40,0.0,0.3,62.12279958426952,0.0003,-0.04452787234076823,,,,,
22.561004638671875,120.0,10240,,,,,,,,,,,,,,,
20.64282989501953,120.0,11264,0.270556640625,-5.723221763968468,0.04495444,92.41876220703125,50,0.0,0.3,63.446152706444266,0.0003,-0.05133933919241827,,,,,
23.17917251586914,120.0,12288,,,,,,,,,,,,,,,
21.097755432128906,120.0,13312,0.233349609375,-5.695346853882074,0.04005495,72.9161605834961,60,-1.1920928955078125e-07,0.3,66.70344856977462,0.0003,-0.04678931910675601,,,,,
21.60796356201172,120.0,14336,,,,,,,,,,,,,,,
21.118412017822266,120.0,15360,0.24375,-5.6775334775447845,0.039514724,67.69853210449219,70,0.0,0.3,50.12505723685026,0.0003,-0.04649381521012401,,,,,
21.656753540039062,120.0,16384,,,,,,,,,,,,,,,
21.700504302978516,120.0,17408,0.24619140625,-5.675001715123654,0.04050742,48.008888244628906,80,0.0,0.3,59.61882736682892,0.0003,-0.04345303828886245,,,,,
24.743328094482422,120.0,18432,,,,,,,,,,,,,,,
19.726421356201172,120.0,19456,0.2634765625,-5.670749903470278,0.04300046,29.51539421081543,90,0.0,0.3,54.9314999550581,0.0003,-0.04721083291406103,,,,,
25.355728149414062,120.0,20480,,,,,,,,,,,,,,,
,,20480,,,,,,,,,,,10,21.355952619999997,117,120.0,174
23.515380859375,120.0,21504,0.278662109375,-5.6724330969154835,0.041914627,51.4940185546875,100,5.960464477539063e-08,0.3,49.317488197982314,0.0003,-0.04457241813433939,,,,,
21.19626235961914,120.0,22528,,,,,,,,,,,,,,,
22.345518112182617,120.0,23552,0.24609375,-5.647862267494202,0.042672142,56.00705337524414,110,0.0,0.3,65.8779183357954,0.0003,-0.05090422069333726,,,,,
21.180519104003906,120.0,24576,,,,,,,,,,,,,,,
21.93001937866211,120.0,25600,0.27587890625,-5.593120189756155,0.043821707,80.42695617675781,120,0.0,0.3,64.36143000721931,0.0003,-0.040633872706894184,,,,,
25.064590454101562,120.0,26624,,,,,,,,,,,,,,,
24.987979888916016,120.0,27648,0.263916015625,-5.550860567390918,0.046151925,43.90279769897461,130,0.0,0.3,66.73124941885472,0.0003,-0.04649901477241656,,,,,
26.161300659179688,120.0,28672,,,,,,,,,,,,,,,
22.764192581176758,120.0,29696,0.202001953125,-5.570115941762924,0.04038512,46.82975387573242,140,5.960464477539063e-08,0.3,54.14482002407313,0.0003,-0.03645933150910423,,,,,
23.14539337158203,120.0,30720,,,,,,,,,,,,,,,
24.54144287109375,120.0,31744,0.25166015625,-5.5288121528923515,0.04396569,99.6212158203125,150,0.0,0.3,63.326505807042125,0.0003,-0.04299120770447189,,,,,
23.713178634643555,120.0,32768,,,,,,,,,,,,,,,
21.725765228271484,120.0,33792,0.24482421875,-5.559700444340706,0.045526214,74.63835906982422,160,0.0,0.3,60.12146137058735,0.0003,-0.03973701425129548,,,,,
22.146699905395508,120.0,34816,,,,,,,,,,,,,,,
21.02143096923828,120.0,35840,0.229345703125,-5.5419711478054525,0.03966235,69.11682891845703,170,-1.0728836059570312e-06,0.3,58.11311067044735,0.0003,-0.04187806966438075,,,,,
23.596736907958984,120.0,36864,,,,,,,,,,,,,,,
22.874547958374023,120.0,37888,0.210986328125,-5.519559095799923,0.03749176,60.85783767700195,180,0.0,0.3,58.80677391588688,0.0003,-0.037999740466329965,,,,,
25.672683715820312,120.0,38912,,,,,,,,,,,,,,,
22.895248413085938,120.0,39936,0.243505859375,-5.503191686421633,0.0391206,60.088260650634766,190,0.0,0.3,60.38250249922275,0.0003,-0.04371458920650184,,,,,
22.87002182006836,120.0,40960,,,,,,,,,,,,,,,
,,40960,,,,,,,,,,,20,22.666366129999997,236,120.0,172
24.24765968322754,120.0,41984,0.245703125,-5.488157734274864,0.04385873,44.14588165283203,200,-1.1920928955078125e-07,0.3,54.03727483451367,0.0003,-0.04236167143753846,,,,,
21.827922821044922,120.0,43008,,,,,,,,,,,,,,,
23.23375129699707,120.0,44032,0.269921875,-5.476419058442116,0.04480828,50.711883544921875,210,0.0,0.3,62.15739851891995,0.0003,-0.04496683867109823,,,,,
23.41785430908203,120.0,45056,,,,,,,,,,,,,,,
21.781526565551758,120.0,46080,0.255419921875,-5.456606743484736,0.04442711,77.91517639160156,220,5.960464477539063e-08,0.3,64.00628117322921,0.0003,-0.046130782176442155,,,,,
21.412464141845703,120.0,47104,,,,,,,,,,,,,,,
23.402820587158203,120.0,48128,0.2734375,-5.501193473488092,0.04654704,37.05668258666992,230,0.0,0.3,58.116226848959926,0.0003,-0.04407431158215332,,,,,
22.196348190307617,120.0,49152,,,,,,,,,,,,,,,
23.41088104248047,120.0,50176,0.210400390625,-5.527438543736935,0.040883906,48.896636962890625,240,-1.1920928955078125e-07,0.3,61.222259879112244,0.0003,-0.039746308414760276,,,,,
25.341264724731445,120.0,51200,,,,,,,,,,,,,,,
22.606542587280273,120.0,52224,0.261669921875,-5.525764501839876,0.044570096,70.63129425048828,250,0.0,0.3,61.229922384023666,0.0003,-0.04506616540020332,,,,,
24.95404624938965,120.0,53248,,,,,,,,,,,,,,,
20.69795799255371,120.0,54272,0.23173828125,-5.537413436919451,0.041928608,30.989757537841797,260,0.0,0.3,50.623771691322325,0.0003,-0.04270848541491432,,,,,
23.84648323059082,120.0,55296,,,,,,,,,,,,,,,
22.82599639892578,120.0,56320,0.25341796875,-5.535860435664654,0.046859823,66.38557434082031,270,0.0,0.3,64.4968373298645,0.0003,-0.044837628073582894,,,,,
21.368682861328125,120.0,57344,,,,,,,,,,,,,,,
23.664888381958008,120.0,58368,0.19990234375,-5.513481678068638,0.038822554,63.328758239746094,280,0.0,0.3,63.111071303486824,0.0003,-0.037737731690140205,,,,,
23.32061195373535,120.0,59392,,,,,,,,,,,,,,,
23.542179107666016,120.0,60416,0.244384765625,-5.5000126853585245,0.04162298,18.704153060913086,290,0.0,0.3,56.691147197782996,0.0003,-0.0426537674269639,,,,,
23.51718521118164,120.0,61440,,,,,,,,,,,,,,,
,,61440,,,,,,,,,,,30,23.256442739999997,355,120.0,172
20.2991943359375,120.0,62464,0.264599609375,-5.516447702795267,0.04522242,37.81672668457031,300,5.960464477539063e-08,0.3,55.59779631644487,0.0003,-0.0427336639688292,,,,,
20.855737686157227,120.0,63488,,,,,,,,,,,,,,,
20.693702697753906,120.0,64512,0.288720703125,-5.570001696050167,0.042562075,41.199737548828125,310,0.0,0.3,52.107201324403285,0.0003,-0.04381693171962979,,,,,
20.318252563476562,120.0,65536,,,,,,,,,,,,,,,
23.474416732788086,120.0,66560,0.23505859375,-5.62258775383234,0.039841007,28.076488494873047,320,0.0,0.3,59.28124793469906,0.0003,-0.04511294535986963,,,,,
21.666074752807617,120.0,67584,,,,,,,,,,,,,,,
20.332645416259766,120.0,68608,0.233544921875,-5.6186371423304085,0.04124221,41.2007942199707,330,5.960464477539063e-08,0.3,57.74562829136848,0.0003,-0.04003892213149811,,,,,
22.102991104125977,120.0,69632,,,,,,,,,,,,,,,
22.00718879699707,120.0,70656,0.24013671875,-5.622875348478556,0.043942805,36.71980285644531,340,0.0,0.3,63.06065768003464,0.0003,-0.04456584804065642,,,,,
21.845619201660156,120.0,71680,,,,,,,,,,,,,,,
21.8101806640625,120.0,72704,0.2271484375,-5.586928223818541,0.040473577,71.5183334350586,350,0.0,0.3,53.35372887700796,0.0003,-0.04102655460810638,,,,,
20.557472229003906,120.0,73728,,,,,,,,,,,,,,,
22.194000244140625,120.0,74752,0.262646484375,-5.598270109295845,0.042190216,87.44180297851562,360,0.0,0.3,66.97186428904533,0.0003,-0.043727983173448594,,,,,
22.300451278686523,120.0,75776,,,,,,,,,,,,,,,
23.142709732055664,120.0,76800,0.2466796875,-5.590481032431126,0.045125846,52.24179458618164,370,5.960464477539063e-08,0.3,58.16656311452389,0.0003,-0.048968966730535614,,,,,
20.546131134033203,120.0,77824,,,,,,,,,,,,,,,
20.452762603759766,120.0,78848,0.283203125,-5.559435041993856,0.042702146,85.92889404296875,380,-1.1920928955078125e-07,0.3,61.24889415055513,0.0003,-0.05159620339763933,,,,,
22.372282028198242,120.0,79872,,,,,,,,,,,,,,,
24.242164611816406,120.0,80896,0.247705078125,-5.556972519308329,0.04138615,23.233078002929688,390,-1.1920928955078125e-07,0.3,55.55263456106186,0.0003,-0.03969511212271755,,,,,
22.937891006469727,120.0,81920,,,,,,,,,,,,,,,
,,81920,,,,,,,,,,,40,21.79550788,470,120.0,174
24.03496742248535,120.0,82944,0.288134765625,-5.560215590894222,0.04401534,46.6573371887207,400,0.0,0.3,56.08356372565031,0.0003,-0.046260618684027574,,,,,
21.306995391845703,120.0,83968,,,,,,,,,,,,,,,
19.527366638183594,120.0,84992,0.2291015625,-5.574478635936975,0.041722223,74.80026245117188,410,-1.1920928955078125e-07,0.3,63.38159926235676,0.0003,-0.04583916217488877,,,,,
23.376487731933594,120.0,86016,,,,,,,,,,,,,,,
20.991966247558594,120.0,87040,0.2474609375,-5.5826230950653555,0.041613303,57.14553451538086,420,0.0,0.3,58.702706444263455,0.0003,-0.035912606113561195,,,,,
24.50167465209961,120.0,88064,,,,,,,,,,,,,,,
21.87322998046875,120.0,89088,0.314208984375,-5.578965113312006,0.046397533,97.85973358154297,430,-1.1920928955078125e-07,0.3,59.566669350862504,0.0003,-0.04943643981241621,,,,,
22.42910385131836,120.0,90112,,,,,,,,,,,,,,,
20.585771560668945,120.0,91136,0.2732421875,-5.541064998507499,0.042009786,21.029165267944336,440,5.960464477539063e-08,0.3,58.81726375222206,0.0003,-0.04348233842974878,,,,,
22.3551025390625,120.0,92160,,,,,,,,,,,,,,,
21.89239501953125,120.0,93184,0.1931640625,-5.531102584302426,0.042392015,75.48814392089844,450,5.960464477539063e-08,0.3,61.116108767688274,0.0003,-0.03745727327186614,,,,,
20.31101417541504,120.0,94208,,,,,,,,,,,,,,,
22.13937759399414,120.0,95232,0.2384765625,-5.556489236652851,0.042656712,58.6677131652832,460,0.0,0.3,55.85532032847404,0.0003,-0.037592137437422936,,,,,
23.639392852783203,120.0,96256,,,,,,,,,,,,,,,
22.681377410888672,120.0,97280,0.21484375,-5.549602486938238,0.043722816,75.22624969482422,470,0.0,0.3,67.04151889383793,0.0003,-0.039941847514273834,,,,,
24.010528564453125,120.0,98304,,,,,,,,,,,,,,,
21.92064094543457,120.0,99328,0.258349609375,-5.5465930387377735,0.04712198,57.854759216308594,480,0.0,0.3,62.03025625497103,0.0003,-0.03799593311996432,,,,,
24.608999252319336,120.0,100352,,,,,,,,,,,,,,,
23.524492263793945,120.0,101376,0.253125,-5.504840153455734,0.04113297,37.56723403930664,490,0.0,0.3,64.7048102915287,0.0003,-0.04113452653728018,,,,,
22.99880599975586,120.0,102400,,,,,,,,,,,,,,,
,,102400,,,,,,,,,,,50,22.563101899999996,587,120.0,174
20.29793930053711,120.0,103424,0.265673828125,-5.514944969117641,0.048063636,64.27091217041016,500,0.0,0.3,49.6785754725337,0.0003,-0.04618513520181296,,,,,
22.328025817871094,120.0,104448,,,,,,,,,,,,,,,
22.893964767456055,120.0,105472,0.234375,-5.488569603860379,0.039862268,41.46424865722656,510,0.0,0.3,65.37465708851815,0.0003,-0.04304238319891738,,,,,
25.30178451538086,120.0,106496,,,,,,,,,,,,,,,
22.449787139892578,120.0,107520,0.2828125,-5.495868769288063,0.042498183,64.43538665771484,520,0.0,0.3,63.598898705840114,0.0003,-0.04384752614278113,,,,,
22.515567779541016,120.0,108544,,,,,,,,,,,,,,,
25.381301879882812,120.0,109568,0.238818359375,-5.493195170909166,0.043594897,67.47908020019531,530,0.0,0.3,59.55454521328211,0.0003,-0.038244710113940525,,,,,
24.029705047607422,120.0,110592,,,,,,,,,,,,,,,
22.389404296875,120.0,111616,0.25625,-5.495647721737623,0.046002604,97.47586822509766,540,0.0,0.3,60.00385956168175,0.0003,-0.04611898905641283,,,,,
23.022390365600586,120.0,112640,,,,,,,,,,,,,,,
25.497068405151367,120.0,113664,0.272119140625,-5.474311845749616,0.04655806,43.87129211425781,550,0.0,0.3,57.25437410026789,0.0003,-0.04583744969277177,,,,,
23.897624969482422,120.0,114688,,,,,,,,,,,,,,,
22.225616455078125,120.0,115712,0.302587890625,-5.49527745693922,0.04831069,57.822444915771484,560,5.960464477539063e-08,0.3,51.472505101561545,0.0003,-0.05182164210636984,,,,,
22.839576721191406,120.0,116736,,,,,,,,,,,,,,,
21.35201072692871,120.0,117760,0.27080078125,-5.570256259292364,0.045680933,34.763397216796875,570,0.0,0.3,49.46834269464016,0.0003,-0.03712537185056135,,,,,
21.59331512451172,120.0,118784,,,,,,,,,,,,,,,
23.82623291015625,120.0,119808,0.223046875,-5.56907898336649,0.04396561,45.52729797363281,580,0.0,0.3,54.809830863773826,0.0003,-0.0399908925712225,,,,,
20.19675636291504,120.0,120832,,,,,,,,,,,,,,,
21.474414825439453,120.0,121856,0.24677734375,-5.551317174732685,0.045842092,91.50617980957031,590,0.0,0.3,57.84438658803701,0.0003,-0.04179535875591682,,,,,
22.69723129272461,120.0,122880,,,,,,,,,,,,,,,
,,122880,,,,,,,,,,,60,22.817924389999998,705,120.0,174
21.1126766204834,120.0,123904,0.2423828125,-5.52547186166048,0.041851565,33.658050537109375,600,0.0,0.3,55.45225267708302,0.0003,-0.03882182609595475,,,,,
18.862972259521484,120.0,124928,,,,,,,,,,,,,,,
24.8337459564209,120.0,125952,0.264501953125,-5.54367213845253,0.04395882,38.02027130126953,610,0.0,0.3,58.52021810412407,0.0003,-0.03947868061150075,,,,,
19.155399322509766,120.0,126976,,,,,,,,,,,,,,,
25.205581665039062,120.0,128000,0.272998046875,-5.522187281399965,0.043596387,95.60348510742188,620,0.0,0.3,60.11077238023281,0.0003,-0.046944566748425134,,,,,
21.285890579223633,120.0,129024,,,,,,,,,,,,,,,
22.996562957763672,120.0,130048,0.251025390625,-5.502606908231973,0.04818733,51.31013870239258,630,0.0,0.3,59.74076473712921,0.0003,-0.04404475108603947,,,,,
22.4520206451416,120.0,131072,,,,,,,,,,,,,,,
22.908363342285156,120.0,132096,0.252490234375,-5.515384309738875,0.04675004,50.58244323730469,640,0.0,0.3,65.21579292416573,0.0003,-0.04210876416836982,,,,,
22.603124618530273,120.0,133120,,,,,,,,,,,,,,,
24.422466278076172,120.0,134144,0.23193359375,-5.519931326806545,0.04167541,72.51966094970703,650,0.0,0.3,55.688227611780164,0.0003,-0.034991184882892414,,,,,
21.230972290039062,120.0,135168,,,,,,,,,,,,,,,
19.845783233642578,120.0,136192,0.262158203125,-5.546436891704798,0.045651294,49.53035354614258,660,0.0,0.3,50.242456908524034,0.0003,-0.04229886145767523,,,,,
22.876407623291016,120.0,137216,,,,,,,,,,,,,,,
23.340396881103516,120.0,138240,0.2384765625,-5.544075711071491,0.04675776,35.381797790527344,670,0.0,0.3,58.55500428080559,0.0003,-0.04362530948783387,,,,,
23.59735107421875,120.0,139264,,,,,,,,,,,,,,,
23.382511138916016,120.0,140288,0.27353515625,-5.5310804806649685,0.048071973,57.34706497192383,680,-1.1920928955078125e-07,0.3,55.98278308212757,0.0003,-0.04776050290602143,,,,,
23.1173152923584,120.0,141312,,,,,,,,,,,,,,,
24.538589477539062,120.0,142336,0.2974609375,-5.5189173810184,0.049701832,30.32904815673828,690,5.960464477539063e-08,0.3,56.17463536709547,0.0003,-0.04667179542593658,,,,,
21.487239837646484,120.0,143360,,,,,,,,,,,,,,,
,,143360,,,,,,,,,,,70,22.306878919999996,823,120.0,174
23.68605613708496,120.0,144384,0.250830078125,-5.515657085925341,0.042882305,65.86859893798828,700,0.0,0.3,59.597522175312044,0.0003,-0.041623633458220864,,,,,
20.49300765991211,120.0,145408,,,,,,,,,,,,,,,
21.635643005371094,120.0,146432,0.2619140625,-5.518845850229264,0.04170279,53.974239349365234,710,0.0,0.3,58.49491133242846,0.0003,-0.039627198642665465,,,,,
23.520835876464844,120.0,147456,,,,,,,,,,,,,,,
22.65039825439453,120.0,148480,0.23017578125,-5.547316389530897,0.04385637,40.26332092285156,720,0.0,0.3,57.41161012947559,0.0003,-0.04021593579091132,,,,,
21.631324768066406,120.0,149504,,,,,,,,,,,,,,,
24.25470733642578,120.0,150528,0.25478515625,-5.528515572845936,0.042364586,45.09097671508789,730,0.0,0.3,60.51050068438053,0.0003,-0.043823460345447526,,,,,
23.919178009033203,120.0,151552,,,,,,,,,,,,,,,
22.428190231323242,120.0,152576,0.267724609375,-5.5593042306602,0.048170134,20.74449348449707,740,0.0,0.3,57.81454215347767,0.0003,-0.04318971994580352,,,,,
22.021892547607422,120.0,153600,,,,,,,,,,,,,,,
22.890235900878906,120.0,154624,0.237060546875,-5.579989536851644,0.04110354,35.71794891357422,750,0.0,0.3,61.360900500416754,0.0003,-0.04315860903443536,,,,,
24.878395080566406,120.0,155648,,,,,,,,,,,,,,,
21.944416046142578,120.0,156672,0.238916015625,-5.57273658439517,0.038990423,96.28617095947266,760,0.0,0.3,65.0688631951809,0.0003,-0.041888449570978994,,,,,
20.863784790039062,120.0,157696,,,,,,,,,,,,,,,
21.85417366027832,120.0,158720,0.27939453125,-5.585881762206554,0.043666992,103.84500885009766,770,5.960464477539063e-08,0.3,52.90684239566326,0.0003,-0.04984349552541971,,,,,
20.069753646850586,120.0,159744,,,,,,,,,,,,,,,
20.25461196899414,120.0,160768,0.282666015625,-5.595432621985674,0.04477118,66.13529968261719,780,0.0,0.3,52.697990261018276,0.0003,-0.04615775816564564,,,,,
24.396007537841797,120.0,161792,,,,,,,,,,,,,,,
22.495197296142578,120.0,162816,0.24091796875,-5.578074608743191,0.041151643,21.7838134765625,790,0.0,0.3,49.27043874412775,0.0003,-0.04048222021519905,,,,,
22.933738708496094,120.0,163840,,,,,,,,,,,,,,,
,,163840,,,,,,,,,,,80,21.887574490000002,938,120.0,174
24.750566482543945,120.0,164864,0.269580078125,-5.544526778906584,0.045094825,79.70500946044922,800,1.1920928955078125e-07,0.3,58.781775042414665,0.0003,-0.04530330983470776,,,,,
25.565608978271484,120.0,165888,,,,,,,,,,,,,,,
22.69839859008789,120.0,166912,0.270654296875,-5.5422773219645025,0.042853177,61.245967864990234,810,0.0,0.3,60.86590351164341,0.0003,-0.04702119202993345,,,,,
26.118549346923828,120.0,167936,,,,,,,,,,,,,,,
22.66842269897461,120.0,168960,0.2728515625,-5.501204244047403,0.045175258,42.53158950805664,820,1.1920928955078125e-07,0.3,52.43602730929852,0.0003,-0.04332484469559859,,,,,
23.661941528320312,120.0,169984,,,,,,,,,,,,,,,
23.01866340637207,120.0,171008,0.236865234375,-5.505692005157471,0.043848284,45.05425262451172,830,0.0,0.3,60.63278526067734,0.0003,-0.04266111856122734,,,,,
22.246700286865234,120.0,172032,,,,,,,,,,,,,,,
23.25925064086914,120.0,173056,0.269775390625,-5.4889394663274285,0.040322997,40.627296447753906,840,-1.1920928955078125e-07,0.3,61.3811295747757,0.0003,-0.04762731860755594,,,,,
24.032978057861328,120.0,174080,,,,,,,,,,,,,,,
23.485763549804688,120.0,175104,0.239306640625,-5.532729953527451,0.04388142,95.35938262939453,850,0.0,0.3,56.95607182383537,0.0003,-0.034621993344990186,,,,,
22.221820831298828,120.0,176128,,,,,,,,,,,,,,,
22.76944351196289,120.0,177152,0.237841796875,-5.561182175576687,0.043607697,67.86639404296875,860,0.0,0.3,54.915578845143315,0.0003,-0.040432808760670014,,,,,
22.17196273803711,120.0,178176,,,,,,,,,,,,,,,
22.572675704956055,120.0,179200,0.27822265625,-5.554233744740486,0.04562708,73.8277587890625,870,0.0,0.3,51.484481611847876,0.0003,-0.04697145345635363,,,,,
21.513622283935547,120.0,180224,,,,,,,,,,,,,,,
23.492393493652344,120.0,181248,0.2544921875,-5.531560759246349,0.04422746,44.88870620727539,880,0.0,0.3,55.38303534984588,0.0003,-0.045590556183378796,,,,,
23.339374542236328,120.0,182272,,,,,,,,,,,,,,,
21.365825653076172,120.0,183296,0.250244140625,-5.529998870939016,0.043035988,39.153377532958984,890,0.0,0.3,49.90138278901577,0.0003,-0.04201422561964137,,,,,
22.06656837463379,120.0,184320,,,,,,,,,,,,,,,
,,184320,,,,,,,,,,,90,23.243570730000005,1057,120.0,174
22.521873474121094,120.0,185344,0.2736328125,-5.525210650265217,0.04279331,38.731449127197266,900,0.0,0.3,62.39164346754551,0.0003,-0.04386192795500392,,,,,
23.058643341064453,120.0,186368,,,,,,,,,,,,,,,
22.957965850830078,120.0,187392,0.234716796875,-5.542174232751131,0.039429743,70.42332458496094,910,0.0,0.3,59.57022066414356,0.0003,-0.039013378157687836,,,,,
21.219785690307617,120.0,188416,,,,,,,,,,,,,,,
21.278797149658203,120.0,189440,0.2416015625,-5.556972376257181,0.04266534,114.427734375,920,-1.1920928955078125e-07,0.3,63.78600658476353,0.0003,-0.04188602381691453,,,,,
22.56432342529297,120.0,190464,,,,,,,,,,,,,,,
24.726179122924805,120.0,191488,0.25263671875,-5.577233228087425,0.04251819,39.75880432128906,930,-1.1920928955078125e-07,0.3,60.97138586938381,0.0003,-0.041212444335542386,,,,,
23.803892135620117,120.0,192512,,,,,,,,,,,,,,,
21.711362838745117,120.0,193536,0.233154296875,-5.57415287271142,0.041873824,57.732582092285156,940,1.1920928955078125e-07,0.3,59.31188393980265,0.0003,-0.03910538726195227,,,,,
23.700563430786133,120.0,194560,,,,,,,,,,,,,,,
21.105316162109375,120.0,195584,0.25859375,-5.570471186935902,0.043182895,72.0575180053711,950,1.1920928955078125e-07,0.3,54.29350789785385,0.0003,-0.04534878120466601,,,,,
25.151432037353516,120.0,196608,,,,,,,,,,,,,,,
22.36282730102539,120.0,197632,0.26806640625,-5.5159691035747525,0.04545601,76.75431060791016,960,0.0,0.3,61.39663136899471,0.0003,-0.04528841014835052,,,,,
23.839567184448242,120.0,198656,,,,,,,,,,,,,,,
21.925067901611328,120.0,199680,0.26982421875,-5.576362089067698,0.05003795,35.88639831542969,970,0.0,0.3,56.79987872242928,0.0003,-0.040641337107808796,,,,,
22.052555084228516,120.0,200704,,,,,,,,,,,,,,,
20.82303810119629,120.0,201728,0.2736328125,-5.606462841480971,0.04511772,55.11631393432617,980,0.0,0.3,54.219605329632756,0.0003,-0.04108213264626102,,,,,
22.890365600585938,120.0,202752,,,,,,,,,,,,,,,
21.490758895874023,120.0,203776,0.2703125,-5.589092752337455,0.042617477,25.219879150390625,990,0.0,0.3,56.70202429145574,0.0003,-0.04413431725115515,,,,,
21.311038970947266,120.0,204800,,,,,,,,,,,,,,,
,,204800,,,,,,,,,,,100,22.687526070000004,1177,120.0,173
21.068464279174805,120.0,205824,0.261865234375,-5.599123686552048,0.048617948,66.19664001464844,1000,0.0,0.3,58.336230646073815,0.0003,-0.04461242032411974,,,,,
22.443817138671875,120.0,206848,,,,,,,,,,,,,,,
24.54955291748047,120.0,207872,0.28515625,-5.579142734408379,0.05031995,98.93826293945312,1010,0.0,0.3,57.63395070284605,0.0003,-0.04920183035283117,,,,,
23.952667236328125,120.0,208896,,,,,,,,,,,,,,,
20.713085174560547,120.0,209920,0.28203125,-5.559636361896992,0.044171542,63.94379806518555,1020,5.960464477539063e-08,0.3,58.033654087781905,0.0003,-0.04747415245583397,,,,,
21.78662872314453,120.0,210944,,,,,,,,,,,,,,,
19.26883316040039,120.0,211968,0.239794921875,-5.5164568312466145,0.04333704,62.85721206665039,1030,-1.1920928955078125e-07,0.3,66.90998170673848,0.0003,-0.04246102232045814,,,,,
19.38046646118164,120.0,212992,,,,,,,,,,,,,,,
25.218233108520508,120.0,214016,0.2126953125,-5.5083903186023235,0.04228358,60.75426483154297,1040,0.0,0.3,54.86860077083111,0.0003,-0.0343266585146921,,,,,
19.467029571533203,120.0,215040,,,,,,,,,,,,,,,
21.352951049804688,120.0,216064,0.24189453125,-5.506015646457672,0.042205915,100.47698211669922,1050,0.0,0.3,66.72201632708311,0.0003,-0.043629416346084325,,,,,
19.447792053222656,120.0,217088,,,,,,,,,,,,,,,
21.69828987121582,120.0,218112,0.256884765625,-5.536146441102028,0.042209983,77.7976303100586,1060,0.0,0.3,61.11337228417396,0.0003,-0.0418778806575574,,,,,
23.65314292907715,120.0,219136,,,,,,,,,,,,,,,
23.67583656311035,120.0,220160,0.25498046875,-5.504440970718861,0.044567127,25.59909439086914,1070,1.7881393432617188e-07,0.3,49.895910809934136,0.0003,-0.039490139143526906,,,,,
23.613792419433594,120.0,221184,,,,,,,,,,,,,,,
23.636768341064453,120.0,222208,0.27333984375,-5.512541969865561,0.048206534,56.18585205078125,1080,0.0,0.3,57.00576629340649,0.0003,-0.04312823456348269,,,,,
23.98897361755371,120.0,223232,,,,,,,,,,,,,,,
21.743013381958008,120.0,224256,0.2560546875,-5.53260680064559,0.046501607,99.8784408569336,1090,0.0,0.3,63.726890788972376,0.0003,-0.04228819968047901,,,,,
21.125185012817383,120.0,225280,,,,,,,,,,,,,,,
,,225280,,,,,,,,,,,110,22.47390849,1336,120.0,168
21.82369613647461,120.0,226304,0.270654296875,-5.541686811298132,0.04769767,84.77287292480469,1100,-1.1920928955078125e-07,0.3,53.64313871413469,0.0003,-0.04726269264829171,,,,,
20.816795349121094,120.0,227328,,,,,,,,,,,,,,,
23.622478485107422,120.0,228352,0.305029296875,-5.528805334866047,0.044927604,81.80158233642578,1110,5.960464477539063e-08,0.3,63.673904955387115,0.0003,-0.0519694827242347,,,,,
23.03230857849121,120.0,229376,,,,,,,,,,,,,,,
23.02215003967285,120.0,230400,0.244482421875,-5.524679990857839,0.040209495,22.69350814819336,1120,0.0,0.3,53.98866865932941,0.0003,-0.041832074228295824,,,,,
21.22592544555664,120.0,231424,,,,,,,,,,,,,,,
20.81808090209961,120.0,232448,0.253076171875,-5.520525577664375,0.04254854,68.69220733642578,1130,-1.1920928955078125e-07,0.3,54.54643902480602,0.0003,-0.04275653397198766,,,,,
20.87374496459961,120.0,233472,,,,,,,,,,,,,,,
22.038780212402344,120.0,234496,0.257763671875,-5.527355087548495,0.041130915,71.6227035522461,1140,0.0,0.3,54.54571185708046,0.0003,-0.03670055642905936,,,,,
23.76589012145996,120.0,235520,,,,,,,,,,,,,,,
25.54821014404297,120.0,236544,0.313232421875,-5.507355046272278,0.04758782,23.926076889038086,1150,-1.1920928955078125e-07,0.3,58.49656368494034,0.0003,-0.05172352607478388,,,,,
26.10458755493164,120.0,237568,,,,,,,,,,,,,,,
22.15732192993164,120.0,238592,0.28369140625,-5.518174187839032,0.04921771,61.67000198364258,1160,0.0,0.3,59.781862722337245,0.0003,-0.044773380453989375,,,,,
24.77699851989746,120.0,239616,,,,,,,,,,,,,,,
26.413402557373047,120.0,240640,0.255078125,-5.503450051695109,0.044349898,39.816123962402344,1170,0.0,0.3,62.256169351935384,0.0003,-0.04204759700623981,,,,,
24.23528289794922,120.0,241664,,,,,,,,,,,,,,,
21.614410400390625,120.0,242688,0.2435546875,-5.503129926323891,0.04511061,35.31576156616211,1180,0.0,0.3,57.20171834826469,0.0003,-0.038556249605608175,,,,,
20.647838592529297,120.0,243712,,,,,,,,,,,,,,,
21.338268280029297,120.0,244736,0.274658203125,-5.516454623639584,0.04638213,60.072776794433594,1190,0.0,0.3,57.15508188605308,0.0003,-0.0454263085986895,,,,,
22.309043884277344,120.0,245760,,,,,,,,,,,,,,,
,,245760,,,,,,,,,,,120,23.390073320000003,1462,120.0,168
20.117128372192383,120.0,246784,0.241162109375,-5.479756017774344,0.043526072,69.8636474609375,1200,0.0,0.3,64.96927253305913,0.0003,-0.04238218673199299,,,,,
17.933242797851562,120.0,247808,,,,,,,,,,,,,,,
23.244373321533203,120.0,248832,0.2673828125,-5.457729583978653,0.04643578,35.72426986694336,1210,-1.1920928955078125e-07,0.3,55.35495490133762,0.0003,-0.04297806940448936,,,,,
24.60006332397461,120.0,249856,,,,,,,,,,,,,,,
24.328765869140625,120.0,250880,0.25546875,-5.460160004347562,0.041877,48.6475830078125,1220,0.0,0.3,54.83645148873329,0.0003,-0.041596865877363595,,,,,
23.28832244873047,120.0,251904,,,,,,,,,,,,,,,
23.455955505371094,120.0,252928,0.269921875,-5.44889500066638,0.045928583,50.84180450439453,1230,5.960464477539063e-08,0.3,62.42589543014765,0.0003,-0.04257266013883054,,,,,
21.444297790527344,120.0,253952,,,,,,,,,,,,,,,
25.047771453857422,120.0,254976,0.314501953125,-5.4342593543231485,0.050202005,34.822265625,1240,0.0,0.3,67.56328918039799,0.0003,-0.05099071456643287,,,,,
20.494827270507812,120.0,256000,,,,,,,,,,,,,,,
23.94559097290039,120.0,257024,0.267236328125,-5.430957256257534,0.045682047,31.94330406188965,1250,0.0,0.3,59.88195647001267,0.0003,-0.04218100208017859,,,,,
25.939857482910156,120.0,258048,,,,,,,,,,,,,,,
21.83469009399414,120.0,259072,0.258447265625,-5.432297080755234,0.04103312,61.430660247802734,1260,0.0,0.3,53.721483427286145,0.0003,-0.036604755735606884,,,,,
23.733158111572266,120.0,260096,,,,,,,,,,,,,,,
23.703014373779297,120.0,261120,0.27470703125,-5.459351678937674,0.04849979,35.260677337646484,1270,0.0,0.3,55.08892737478018,0.0003,-0.042505069640174045,,,,,
22.86331558227539,120.0,262144,,,,,,,,,,,,,,,
23.320247650146484,120.0,263168,0.277099609375,-5.468116084486246,0.045407705,63.189151763916016,1280,0.0,0.3,62.33116068840027,0.0003,-0.045171384621062315,,,,,
24.597341537475586,120.0,264192,,,,,,,,,,,,,,,
24.0277099609375,120.0,265216,0.266796875,-5.466119789332152,0.050781667,53.24641418457031,1290,0.0,0.3,55.77315544635057,0.0003,-0.046264211008747225,,,,,
23.639802932739258,120.0,266240,,,,,,,,,,,,,,,
,,266240,,,,,,,,,,,130,23.96327282,1583,120.0,168
22.803363800048828,120.0,267264,0.286767578125,-5.511898889392614,0.049385585,73.18611145019531,1300,0.0,0.3,61.17505004107952,0.0003,-0.04906834701469052,,,,,
22.60667610168457,120.0,268288,,,,,,,,,,,,,,,
24.733444213867188,120.0,269312,0.235400390625,-5.50741363093257,0.04570784,106.87100219726562,1310,-1.1920928955078125e-07,0.3,52.56214945912361,0.0003,-0.037493715982418505,,,,,
20.708053588867188,120.0,270336,,,,,,,,,,,,,,,
24.756423950195312,120.0,271360,0.30087890625,-5.523440235108137,0.045262963,51.057586669921875,1320,0.0,0.3,54.36575447022915,0.0003,-0.04959552483342122,,,,,
23.64415740966797,120.0,272384,,,,,,,,,,,,,,,
21.46758270263672,120.0,273408,0.237353515625,-5.505575638264418,0.042895067,48.25048828125,1330,0.0,0.3,53.80562952309847,0.0003,-0.04175891468039481,,,,,
21.97861099243164,120.0,274432,,,,,,,,,,,,,,,
22.773944854736328,120.0,275456,0.276806640625,-5.51902491375804,0.043296147,42.0366096496582,1340,0.0,0.3,55.36584674566984,0.0003,-0.0434631249816448,,,,,
20.82941436767578,120.0,276480,,,,,,,,,,,,,,,
20.994592666625977,120.0,277504,0.24267578125,-5.536887353658676,0.0484985,55.151214599609375,1350,0.0,0.3,60.89019950181246,0.0003,-0.04344034725436359,,,,,
22.71237564086914,120.0,278528,,,,,,,,,,,,,,,
24.180034637451172,120.0,279552,0.250634765625,-5.5308774128556255,0.044520278,97.26370239257812,1360,0.0,0.3,59.81445033699274,0.0003,-0.04152720397541998,,,,,
24.23711395263672,120.0,280576,,,,,,,,,,,,,,,
20.673816680908203,120.0,281600,0.2521484375,-5.531028604507446,0.04649577,22.730594635009766,1370,-1.1920928955078125e-07,0.3,51.16138627231121,0.0003,-0.04327768581351847,,,,,
21.62900161743164,120.0,282624,,,,,,,,,,,,,,,
23.410457611083984,120.0,283648,0.245263671875,-5.517928690463305,0.0436564,70.77010345458984,1380,0.0,0.3,63.96244837343693,0.0003,-0.036001984889662705,,,,,
26.24683380126953,120.0,284672,,,,,,,,,,,,,,,
21.266849517822266,120.0,285696,0.26025390625,-5.499620067328214,0.049301773,79.42554473876953,1390,0.0,0.3,59.44340332150459,0.0003,-0.04237503500335151,,,,,
21.713451385498047,120.0,286720,,,,,,,,,,,,,,,
,,286720,,,,,,,,,,,140,23.036877680000003,1700,120.0,168
21.506511688232422,120.0,287744,0.2798828125,-5.46501204892993,0.04958509,47.6235466003418,1400,0.0,0.3,76.03942927122117,0.0003,-0.049914183819055324,,,,,
21.651185989379883,120.0,288768,,,,,,,,,,,,,,,
23.204864501953125,120.0,289792,0.250927734375,-5.463419289886952,0.0463686,63.385528564453125,1410,-1.1920928955078125e-07,0.3,59.19853111207485,0.0003,-0.0406698573497124,,,,,
25.316959381103516,120.0,290816,,,,,,,,,,,,,,,
23.206058502197266,120.0,291840,0.260400390625,-5.464220375567675,0.042682685,43.293678283691406,1420,5.960464477539063e-08,0.3,59.77065044343472,0.0003,-0.03960379159689183,,,,,
24.466022491455078,120.0,292864,,,,,,,,,,,,,,,
28.43008804321289,120.0,293888,0.2650390625,-5.47025875672698,0.05327714,66.34011840820312,1430,0.0,0.3,67.24691159427167,0.0003,-0.042228318701381794,,,,,
23.48807144165039,120.0,294912,,,,,,,,,,,,,,,
21.714984893798828,120.0,295936,0.285791015625,-5.517710200697183,0.04932478,53.77083206176758,1440,0.0,0.3,60.45083683431149,0.0003,-0.04508380585357372,,,,,
23.595170974731445,120.0,296960,,,,,,,,,,,,,,,
23.20884895324707,120.0,297984,0.2609375,-5.531815983355045,0.044713575,86.3203353881836,1450,0.0,0.3,65.61422814726829,0.0003,-0.038129405071231304,,,,,
23.548545837402344,120.0,299008,,,,,,,,,,,,,,,
23.18308448791504,120.0,300032,0.273974609375,-5.542939230054617,0.04570297,50.93474578857422,1460,0.0,0.3,60.18476988375187,0.0003,-0.04564950395506458,,,,,
21.15076446533203,120.0,301056,,,,,,,,,,,,,,,
21.806615829467773,120.0,302080,0.29453125,-5.5316602028906345,0.047522098,31.45132064819336,1470,0.0,0.3,58.28048799484968,0.0003,-0.04746741528069833,,,,,
24.32445526123047,120.0,303104,,,,,,,,,,,,,,,
20.21748924255371,120.0,304128,0.27158203125,-5.515657514333725,0.04473123,33.31929016113281,1480,0.0,0.3,56.78319986313581,0.0003,-0.04176440805676975,,,,,
19.278345108032227,120.0,305152,,,,,,,,,,,,,,,
21.665756225585938,120.0,306176,0.27421875,-5.549228168278932,0.04393044,71.56716918945312,1490,0.0,0.3,58.258482590317726,0.0003,-0.044712401142169254,,,,,
22.35920524597168,120.0,307200,,,,,,,,,,,,,,,
,,307200,,,,,,,,,,,150,22.527022749999997,1815,120.0,169
21.051654815673828,120.0,308224,0.255078125,-5.526519377529621,0.04064321,67.36502838134766,1500,0.0,0.3,60.679863347113134,0.0003,-0.042048178237018875,,,,,
22.27988052368164,120.0,309248,,,,,,,,,,,,,,,
23.381942749023438,120.0,310272,0.248974609375,-5.5013299964368345,0.042705372,18.216869354248047,1510,5.960464477539063e-08,0.3,54.69677560031414,0.0003,-0.04746491902551497,,,,,
20.90796661376953,120.0,311296,,,,,,,,,,,,,,,
22.040130615234375,120.0,312320,0.254931640625,-5.513889095932245,0.041319687,67.8001480102539,1520,0.0,0.3,59.78206888735294,0.0003,-0.04002691086425329,,,,,
23.47597885131836,120.0,313344,,,,,,,,,,,,,,,
24.70832061767578,120.0,314368,0.2724609375,-5.5127530984580515,0.04539202,55.00046920776367,1530,0.0,0.3,57.53056004047394,0.0003,-0.03917332120472565,,,,,
23.8425350189209,120.0,315392,,,,,,,,,,,,,,,
23.70534896850586,120.0,316416,0.257177734375,-5.505126009136438,0.044483274,33.83687973022461,1540,0.0,0.3,54.242269745469095,0.0003,-0.04188549525279086,,,,,
23.16631317138672,120.0,317440,,,,,,,,,,,,,,,
25.136226654052734,120.0,318464,0.240283203125,-5.519125016778707,0.04956383,51.36925506591797,1550,0.0,0.3,62.66478655189276,0.0003,-0.038159750244085446,,,,,
24.58533477783203,120.0,319488,,,,,,,,,,,,,,,
25.05874252319336,120.0,320512,0.253271484375,-5.544046308100223,0.04391418,60.130855560302734,1560,0.0,0.3,49.932739701867106,0.0003,-0.03678919474186841,,,,,
19.926774978637695,120.0,321536,,,,,,,,,,,,,,,
19.479562759399414,120.0,322560,0.240771484375,-5.557450502365827,0.041981857,86.50128173828125,1570,0.0,0.3,63.62419719696045,0.0003,-0.03923553642525803,,,,,
23.621126174926758,120.0,323584,,,,,,,,,,,,,,,
22.169719696044922,120.0,324608,0.272216796875,-5.545640606433153,0.047104403,110.79924011230469,1580,0.0,0.3,68.42683832645416,0.0003,-0.049692095980572046,,,,,
22.385784149169922,120.0,325632,,,,,,,,,,,,,,,
22.899641036987305,120.0,326656,0.2470703125,-5.54285986572504,0.044340305,82.63611602783203,1590,0.0,0.3,68.84739989042282,0.0003,-0.04044112588671851,,,,,
20.178131103515625,120.0,327680,,,,,,,,,,,,,,,
,,327680,,,,,,,,,,,160,22.16094129,1933,120.0,169
21.5266056060791,120.0,328704,0.263623046875,-5.551171048730612,0.042652555,65.72638702392578,1600,1.1920928955078125e-07,0.3,57.4909834370017,0.0003,-0.04265307502428186,,,,,
21.281265258789062,120.0,329728,,,,,,,,,,,,,,,
19.818889617919922,120.0,330752,0.2513671875,-5.5609436362981794,0.044941507,108.26595306396484,1610,0.0,0.3,65.04511725753545,0.0003,-0.036867011430149435,,,,,
24.38874626159668,120.0,331776,,,,,,,,,,,,,,,
22.090641021728516,120.0,332800,0.266357421875,-5.49266350865364,0.04491307,45.17184829711914,1620,0.0,0.3,68.4658882021904,0.0003,-0.04203537423672969,,,,,
19.27506446838379,120.0,333824,,,,,,,,,,,,,,,
24.09650421142578,120.0,334848,0.235009765625,-5.496536920964718,0.042812087,49.69109344482422,1630,0.0,0.3,69.49569933414459,0.0003,-0.03726903761489666,,,,,
24.076955795288086,120.0,335872,,,,,,,,,,,,,,,
22.155353546142578,120.0,336896,0.252587890625,-5.4994654431939125,0.049974404,56.239097595214844,1640,0.0,0.3,50.3835153311491,0.0003,-0.04280580576987632,,,,,
24.934951782226562,120.0,337920,,,,,,,,,,,,,,,
24.90365219116211,120.0,338944,0.27236328125,-5.502750795334578,0.04685193,47.4338493347168,1650,1.1920928955078125e-07,0.3,52.2770793646574,0.0003,-0.048805896777048476,,,,,
20.865825653076172,120.0,339968,,,,,,,,,,,,,,,
20.391048431396484,120.0,340992,0.2603515625,-5.474370340257883,0.045621548,85.52920532226562,1660,0.0,0.3,56.73555676937103,0.0003,-0.04038263349575573,,,,,
20.403099060058594,120.0,342016,,,,,,,,,,,,,,,
22.515933990478516,120.0,343040,0.252734375,-5.49015040025115,0.04242619,104.00736236572266,1670,0.0,0.3,57.90595071464777,0.0003,-0.04271700276221964,,,,,
20.675600051879883,120.0,344064,,,,,,,,,,,,,,,
23.204132080078125,120.0,345088,0.254345703125,-5.48069706261158,0.046707492,76.49768829345703,1680,0.0,0.3,55.43695933222771,0.0003,-0.0452563461731188,,,,,
22.41525650024414,120.0,346112,,,,,,,,,,,,,,,
23.76628875732422,120.0,347136,0.26181640625,-5.486146115511656,0.04364401,52.48226547241211,1690,0.0,0.3,56.93596791774034,0.0003,-0.0388267534381157,,,,,
21.83760643005371,120.0,348160,,,,,,,,,,,,,,,
,,348160,,,,,,,,,,,170,23.0624097,2131,120.0,163
26.747814178466797,120.0,349184,0.29990234375,-5.459480325132608,0.04947436,53.32419967651367,1700,0.0,0.3,58.3084333717823,0.0003,-0.04906171341935987,,,,,
23.28103256225586,120.0,350208,,,,,,,,,,,,,,,
21.820035934448242,120.0,351232,0.277685546875,-5.501422171294689,0.052265,106.21945190429688,1710,0.0,0.3,62.859427192807196,0.0003,-0.04658081462039263,,,,,
23.114988327026367,120.0,352256,,,,,,,,,,,,,,,
22.69223976135254,120.0,353280,0.266162109375,-5.47827523201704,0.04491888,42.89969253540039,1720,-1.1920928955078125e-07,0.3,61.380654349923134,0.0003,-0.04668108451041917,,,,,
24.882518768310547,120.0,354304,,,,,,,,,,,,,,,
23.689441680908203,120.0,355328,0.29091796875,-5.542391814291477,0.047361232,68.04072570800781,1730,0.0,0.3,65.89210568964481,0.0003,-0.04913077305645856,,,,,
23.661733627319336,120.0,356352,,,,,,,,,,,,,,,
19.992403030395508,120.0,357376,0.2720703125,-5.5404674001038074,0.045767926,62.92152404785156,1740,0.0,0.3,64.36430974602699,0.0003,-0.04636528443079442,,,,,
24.067102432250977,120.0,358400,,,,,,,,,,,,,,,
25.520103454589844,120.0,359424,0.241796875,-5.4968885011971,0.045370832,84.36628723144531,1750,0.0,0.3,64.06962772160769,0.0003,-0.03747415944962995,,,,,
23.405956268310547,120.0,360448,,,,,,,,,,,,,,,
25.769081115722656,120.0,361472,0.28095703125,-5.475669440627098,0.04487118,38.8881950378418,1760,0.0,0.3,54.47112489938736,0.0003,-0.04873067900825845,,,,,
23.04117202758789,120.0,362496,,,,,,,,,,,,,,,
21.502151489257812,120.0,363520,0.303466796875,-5.462030171602964,0.049621504,47.59402084350586,1770,0.0,0.3,60.79451724141836,0.0003,-0.051697132736444475,,,,,
21.824220657348633,120.0,364544,,,,,,,,,,,,,,,
23.61007308959961,120.0,365568,0.26171875,-5.445167296379805,0.042187616,37.298805236816406,1780,0.0,0.3,56.62631470263004,0.0003,-0.042304271964530925,,,,,
23.681171417236328,120.0,366592,,,,,,,,,,,,,,,
21.8223819732666,120.0,367616,0.247314453125,-5.463825358450412,0.046169154,41.40546798706055,1790,0.0,0.3,61.14368409216404,0.0003,-0.04065964530400379,,,,,
23.23003578186035,120.0,368640,,,,,,,,,,,,,,,
,,368640,,,,,,,,,,,180,23.917990330000002,2345,120.0,157
22.571138381958008,120.0,369664,0.2798828125,-5.483775245398283,0.043393046,79.87602233886719,1800,5.960464477539063e-08,0.3,54.75124967545271,0.0003,-0.045441394452063834,,,,,
26.07940673828125,120.0,370688,,,,,,,,,,,,,,,
21.138164520263672,120.0,371712,0.2412109375,-5.4788615308702,0.045301456,49.27149963378906,1810,-1.1920928955078125e-07,0.3,61.804128266870975,0.0003,-0.0373349275025248,,,,,
23.294588088989258,120.0,372736,,,,,,,,,,,,,,,
