time/total_timesteps,eval/mean_reward,eval/mean_ep_length,train/learning_rate,train/value_loss,train/entropy_loss,train/policy_gradient_loss,train/approx_kl,train/clip_range,train/clip_fraction,train/loss,train/explained_variance,train/n_updates,rollout/ep_len_mean,time/iterations,rollout/ep_rew_mean,time/time_elapsed,time/fps
1024,17.288631439208984,180.0,,,,,,,,,,,,,,,
2048,18.405946731567383,180.0,,,,,,,,,,,,,,,
3072,16.081453323364258,180.0,3e-05,20.02527585029602,-5.88362846672535,-0.02034943700673466,0.0075130174,0.2,0.016748046875,19.376060485839844,0.0008554458618164062,10,,,,,
4096,16.11851692199707,180.0,,,,,,,,,,,,,,,
5120,17.315471649169922,180.0,3e-05,18.72337674573064,-5.875991776585579,-0.01942167982997489,0.0058898516,0.2,0.020263671875,12.448514938354492,0.0,20,,,,,
6144,19.083065032958984,180.0,,,,,,,,,,,,,,,
7168,17.563879013061523,180.0,3e-05,22.197168262302874,-5.86933288872242,-0.022035635747306513,0.0064186538,0.2,0.023095703125,13.797867774963379,6.854534149169922e-06,30,,,,,
8192,16.763355255126953,180.0,,,,,,,,,,,,,,,
9216,18.76319122314453,180.0,3e-05,18.41009366735816,-5.8611199542880055,-0.02317674891310162,0.0073891655,0.2,0.0326171875,15.162776947021484,1.1920928955078125e-07,40,,,,,
10240,14.825542449951172,180.0,,,,,,,,,,,,,,,
11264,16.588335037231445,180.0,3e-05,20.411319159716367,-5.853192343562841,-0.01864713786126231,0.006000554,0.2,0.016748046875,10.365378379821777,0.0,50,,,,,
12288,19.807933807373047,180.0,,,,,,,,,,,,,,,
13312,18.363359451293945,180.0,3e-05,21.745404899865388,-5.84716418236494,-0.02000170524479472,0.006314386,0.2,0.019775390625,28.16368865966797,0.0,60,,,,,
14336,20.668354034423828,180.0,,,,,,,,,,,,,,,
15360,17.873676300048828,180.0,3e-05,18.23876485005021,-5.839013397693634,-0.019137366973882308,0.005959334,0.2,0.014990234375,9.27972412109375,-1.1920928955078125e-07,70,,,,,
16384,16.62636947631836,180.0,,,,,,,,,,,,,,,
17408,18.422420501708984,180.0,3e-05,18.855283055454493,-5.8299648813903335,-0.020335282383257436,0.0064797294,0.2,0.027197265625,14.607263565063477,-1.1920928955078125e-07,80,,,,,
18432,18.919273376464844,180.0,,,,,,,,,,,,,,,
19456,18.640892028808594,180.0,3e-05,17.956529872864486,-5.82220076173544,-0.020043642534074025,0.0066084974,0.2,0.02099609375,15.343684196472168,1.1920928955078125e-07,90,,,,,
20480,19.551563262939453,180.0,,,,,,,,,,,,,,,
20480,,,,,,,,,,,,,180.0,10,18.47641128,85,239
21504,19.414222717285156,180.0,3e-05,18.346891095489262,-5.813436208665371,-0.01933453427063796,0.0057972195,0.2,0.016455078125,4.913733005523682,0.0,100,,,,,
22528,16.86219024658203,180.0,,,,,,,,,,,,,,,
23552,18.686384201049805,180.0,3e-05,19.7327860198915,-5.804073641449213,-0.019581257682148134,0.0057281614,0.2,0.02314453125,12.608559608459473,0.0,110,,,,,
24576,17.466995239257812,180.0,,,,,,,,,,,,,,,
25600,18.712825775146484,180.0,3e-05,18.995890564471484,-5.794806322455406,-0.01850676152862434,0.005443475,0.2,0.020361328125,5.4572978019714355,0.0,120,,,,,
26624,17.884883880615234,180.0,,,,,,,,,,,,,,,
27648,17.973695755004883,180.0,3e-05,19.634898953139782,-5.788498347997665,-0.0208419152731949,0.005999765,0.2,0.022216796875,18.205760955810547,0.0,130,,,,,
28672,19.443801879882812,180.0,,,,,,,,,,,,,,,
29696,19.9266300201416,180.0,3e-05,21.076849161833525,-5.7831886008381845,-0.018155603895138483,0.005878291,0.2,0.01796875,22.705209732055664,-1.1920928955078125e-07,140,,,,,
30720,18.553489685058594,180.0,,,,,,,,,,,,,,,
31744,18.160388946533203,180.0,3e-05,19.23520697802305,-5.775326215475798,-0.017799148218182383,0.005705308,0.2,0.0142578125,14.107048034667969,-1.1920928955078125e-07,150,,,,,
32768,16.823713302612305,180.0,,,,,,,,,,,,,,,
33792,17.49466323852539,180.0,3e-05,19.278960329294204,-5.767041976004839,-0.01824813799466938,0.0055202856,0.2,0.01826171875,14.431702613830566,1.1920928955078125e-07,160,,,,,
34816,20.68625831604004,180.0,,,,,,,,,,,,,,,
35840,19.328907012939453,180.0,3e-05,18.17861854583025,-5.75749724060297,-0.020403671094027232,0.006367229,0.2,0.022314453125,12.679081916809082,0.0,170,,,,,
36864,19.139944076538086,180.0,,,,,,,,,,,,,,,
37888,17.882774353027344,180.0,3e-05,18.27532988116145,-5.749743402004242,-0.019326552713755517,0.0063240402,0.2,0.023876953125,9.429841041564941,0.0,180,,,,,
38912,17.925411224365234,180.0,,,,,,,,,,,,,,,
39936,18.81989097595215,180.0,3e-05,18.8310008328408,-5.742495986819267,-0.024545944172132295,0.0069345958,0.2,0.034765625,7.797043323516846,0.0,190,,,,,
40960,20.21115493774414,180.0,,,,,,,,,,,,,,,
40960,,,,,,,,,,,,,180.0,20,18.432123110000003,158,258
41984,21.233963012695312,180.0,3e-05,18.579724046587945,-5.7369850158691404,-0.01772135767059808,0.005913095,0.2,0.011572265625,10.847644805908203,1.1920928955078125e-07,200,,,,,
43008,20.547121047973633,180.0,,,,,,,,,,,,,,,
44032,17.314762115478516,180.0,3e-05,18.546417666971685,-5.73196521550417,-0.0216305171012209,0.0061157104,0.2,0.0236328125,6.110682964324951,1.1920928955078125e-07,210,,,,,
45056,20.664037704467773,180.0,,,,,,,,,,,,,,,
46080,21.30297088623047,180.0,3e-05,20.12356693223119,-5.72328012213111,-0.01913389896908484,0.005855308,0.2,0.023193359375,7.606046199798584,0.0,220,,,,,
47104,17.317838668823242,180.0,,,,,,,,,,,,,,,
48128,21.164867401123047,180.0,3e-05,17.669152153283356,-5.7138489246368405,-0.01658491418857011,0.005568509,0.2,0.015966796875,15.475438117980957,0.0,230,,,,,
49152,19.785011291503906,180.0,,,,,,,,,,,,,,,
50176,19.15781593322754,180.0,3e-05,21.517871529608964,-5.7046088322997095,-0.016344075760571286,0.0049619614,0.2,0.01513671875,19.953590393066406,0.0,240,,,,,
51200,19.648094177246094,180.0,,,,,,,,,,,,,,,
52224,18.353036880493164,180.0,3e-05,23.138296741992235,-5.697531239688397,-0.01744754623650806,0.005490122,0.2,0.01650390625,10.7949800491333,0.0,250,,,,,
53248,22.43067169189453,180.0,,,,,,,,,,,,,,,
54272,21.73293685913086,180.0,3e-05,21.549333602190018,-5.691793589293956,-0.017409750655497193,0.005501088,0.2,0.021826171875,12.983790397644043,-1.1920928955078125e-07,260,,,,,
55296,22.489992141723633,180.0,,,,,,,,,,,,,,,
56320,21.00189971923828,180.0,3e-05,20.174161057174206,-5.682748370617628,-0.016345992748392747,0.0052231196,0.2,0.01416015625,27.853788375854492,0.0,270,,,,,
57344,20.10150909423828,180.0,,,,,,,,,,,,,,,
58368,19.50287628173828,180.0,3e-05,19.431834193319084,-5.671947573870421,-0.018846810491231734,0.0062332205,0.2,0.02158203125,8.171379089355469,0.0,280,,,,,
59392,18.92591667175293,180.0,,,,,,,,,,,,,,,
60416,21.078229904174805,180.0,3e-05,19.95073022544384,-5.664686472713948,-0.018390745719807457,0.0054743793,0.2,0.0171875,26.329980850219727,-1.1920928955078125e-07,290,,,,,
61440,19.49445343017578,180.0,,,,,,,,,,,,,,,
61440,,,,,,,,,,,,,180.0,30,19.77986248,228,268
62464,17.69917106628418,180.0,3e-05,19.665105933696033,-5.656076412647963,-0.01879175120520813,0.005689946,0.2,0.020947265625,7.286399841308594,0.0,300,,,,,
63488,16.219097137451172,180.0,,,,,,,,,,,,,,,
64512,17.333820343017578,180.0,3e-05,20.134179002791644,-5.643430092185736,-0.01781754354306031,0.006204633,0.2,0.0158203125,17.29149055480957,0.0,310,,,,,
65536,22.303794860839844,180.0,,,,,,,,,,,,,,,
66560,17.97269630432129,180.0,3e-05,19.937600523233414,-5.630562855303287,-0.018264675885438918,0.006134194,0.2,0.016552734375,8.224024772644043,0.0,320,,,,,
67584,19.605915069580078,180.0,,,,,,,,,,,,,,,
68608,20.97650146484375,180.0,3e-05,21.730385704338552,-5.621328441053629,-0.01579333746994962,0.0050352863,0.2,0.016162109375,6.989907264709473,1.7881393432617188e-07,330,,,,,
69632,19.531246185302734,180.0,,,,,,,,,,,,,,,
70656,20.305831909179688,180.0,3e-05,19.3892107732594,-5.610672777146101,-0.018543720846355426,0.005258577,0.2,0.016796875,18.274553298950195,0.0,340,,,,,
71680,21.06928062438965,180.0,,,,,,,,,,,,,,,
72704,21.643840789794922,180.0,3e-05,21.17770472019911,-5.598754955083132,-0.02143352628190769,0.0069353958,0.2,0.02607421875,22.896709442138672,1.7881393432617188e-07,350,,,,,
73728,21.883583068847656,180.0,,,,,,,,,,,,,,,
74752,21.492408752441406,180.0,3e-05,21.26047512590885,-5.58827545940876,-0.018721910939711962,0.006212891,0.2,0.0234375,12.138603210449219,0.0,360,,,,,
75776,23.885967254638672,180.0,,,,,,,,,,,,,,,
76800,22.521934509277344,180.0,3e-05,22.94982635974884,-5.581952572613955,-0.02027377677804907,0.005902122,0.2,0.02705078125,12.99315357208252,0.0,370,,,,,
77824,20.2861328125,180.0,,,,,,,,,,,,,,,
78848,22.815601348876953,180.0,3e-05,20.290322929620743,-5.5700388044118885,-0.01641214656374359,0.0059562586,0.2,0.01484375,4.878103733062744,0.0,380,,,,,
79872,20.15566635131836,180.0,,,,,,,,,,,,,,,
80896,21.352970123291016,180.0,3e-05,22.233237056434156,-5.555274929106235,-0.020513181521528166,0.0065735867,0.2,0.023486328125,13.334095001220703,0.0,390,,,,,
81920,22.95102310180664,180.0,,,,,,,,,,,,,,,
81920,,,,,,,,,,,,,180.0,40,20.726060249999996,297,275
82944,26.0118465423584,180.0,3e-05,20.937028037756683,-5.536161778122187,-0.01732013834553072,0.0058084778,0.2,0.023046875,7.635458469390869,0.0,400,,,,,
83968,25.542802810668945,180.0,,,,,,,,,,,,,,,
84992,19.202335357666016,180.0,3e-05,21.300376841425894,-5.519296312332154,-0.019423575310065645,0.00658133,0.2,0.02451171875,7.689158916473389,0.0,410,,,,,
86016,23.63290023803711,180.0,,,,,,,,,,,,,,,
87040,20.804645538330078,180.0,3e-05,19.52291223183274,-5.510814134776592,-0.0198671831516549,0.0063484674,0.2,0.02265625,11.258949279785156,0.0,420,,,,,
88064,22.128774642944336,180.0,,,,,,,,,,,,,,,
89088,22.721954345703125,180.0,3e-05,20.685861784219743,-5.496100872755051,-0.019524210464442148,0.00627412,0.2,0.019482421875,15.5139799118042,0.0,430,,,,,
90112,25.367023468017578,180.0,,,,,,,,,,,,,,,
91136,17.70516014099121,180.0,3e-05,21.246011570841073,-5.474101751297712,-0.01740553861591252,0.0062875366,0.2,0.017919921875,12.153509140014648,0.0,440,,,,,
92160,24.83452033996582,180.0,,,,,,,,,,,,,,,
93184,25.554637908935547,180.0,3e-05,21.732003678381442,-5.454363773018121,-0.017446620708869886,0.0059604635,0.2,0.018408203125,9.900675773620605,5.960464477539063e-08,450,,,,,
94208,21.964506149291992,180.0,,,,,,,,,,,,,,,
95232,24.039941787719727,180.0,3e-05,23.284391622245312,-5.442933984845877,-0.016888783028844046,0.0054189893,0.2,0.012939453125,17.762405395507812,-1.1920928955078125e-07,460,,,,,
96256,24.628684997558594,180.0,,,,,,,,,,,,,,,
97280,27.431577682495117,180.0,3e-05,21.108713928610086,-5.437027626484633,-0.019287065042226458,0.006074566,0.2,0.0244140625,6.385907173156738,0.0,470,,,,,
98304,23.172204971313477,180.0,,,,,,,,,,,,,,,
99328,20.847881317138672,180.0,3e-05,24.363981518149377,-5.432073312997818,-0.01472377634854638,0.004897971,0.2,0.013427734375,27.988576889038086,5.960464477539063e-08,480,,,,,
100352,23.739931106567383,180.0,,,,,,,,,,,,,,,
101376,25.39382553100586,180.0,3e-05,21.631047504395248,-5.411396014690399,-0.01921497924158757,0.006947593,0.2,0.018994140625,18.32868766784668,0.0,490,,,,,
102400,25.178874969482422,180.0,,,,,,,,,,,,,,,
102400,,,,,,,,,,,,,180.0,50,23.229799370000002,370,276
103424,22.43465805053711,180.0,3e-05,23.54582224935293,-5.385400401055813,-0.01672988548070862,0.0054741637,0.2,0.015478515625,12.767109870910645,0.0,500,,,,,
104448,25.89166831970215,180.0,,,,,,,,,,,,,,,
105472,23.544906616210938,180.0,3e-05,24.117831967771053,-5.374826692789793,-0.017581352257548134,0.0057455227,0.2,0.016943359375,14.73931884765625,0.0,510,,,,,
106496,24.5975284576416,180.0,,,,,,,,,,,,,,,
107520,23.896982192993164,180.0,3e-05,23.544743604958057,-5.369002499431372,-0.016945380292236224,0.00558828,0.2,0.014990234375,33.17621612548828,5.960464477539063e-08,520,,,,,
108544,24.895723342895508,180.0,,,,,,,,,,,,,,,
109568,26.06545639038086,180.0,3e-05,23.92605650499463,-5.361549267172814,-0.016918361080024626,0.005868011,0.2,0.015283203125,14.496471405029297,1.7881393432617188e-07,530,,,,,
110592,24.40041732788086,180.0,,,,,,,,,,,,,,,
111616,22.691967010498047,180.0,3e-05,19.88914530351758,-5.352489936351776,-0.017632587617845273,0.0063463035,0.2,0.02451171875,15.870341300964355,0.0,540,,,,,
112640,24.724857330322266,180.0,,,,,,,,,,,,,,,
113664,24.577964782714844,180.0,3e-05,21.838796792924406,-5.350879339128733,-0.01786737952425028,0.0056334967,0.2,0.0197265625,18.14433479309082,0.0,550,,,,,
114688,22.948701858520508,180.0,,,,,,,,,,,,,,,
115712,23.359792709350586,180.0,3e-05,22.518819534033536,-5.340138903260231,-0.01568509249973431,0.00572069,0.2,0.014990234375,20.24809455871582,0.0,560,,,,,
116736,25.159381866455078,180.0,,,,,,,,,,,,,,,
117760,23.866958618164062,180.0,3e-05,21.3120995298028,-5.318129877746105,-0.016285716507263716,0.0056843227,0.2,0.020263671875,11.568211555480957,1.1920928955078125e-07,570,,,,,
118784,23.633220672607422,180.0,,,,,,,,,,,,,,,
119808,24.355695724487305,180.0,3e-05,20.661316516250373,-5.29592854231596,-0.01807600280189945,0.0061402107,0.2,0.023681640625,9.531905174255371,0.0,580,,,,,
120832,25.977828979492188,180.0,,,,,,,,,,,,,,,
121856,27.02031707763672,180.0,3e-05,24.14188385158777,-5.280031208693981,-0.019577378750545903,0.006847945,0.2,0.0296875,14.789152145385742,0.0,590,,,,,
122880,26.152542114257812,180.0,,,,,,,,,,,,,,,
122880,,,,,,,,,,,,,180.0,60,24.82766276,443,277
123904,24.58301544189453,180.0,3e-05,23.886819618195297,-5.27062755599618,-0.014310338205541484,0.0050401916,0.2,0.015380859375,13.426774024963379,0.0,600,,,,,
124928,25.397846221923828,180.0,,,,,,,,,,,,,,,
125952,27.030168533325195,180.0,3e-05,23.187011003494263,-5.256024222820997,-0.018091696241754107,0.0060553458,0.2,0.020068359375,7.820718765258789,0.0,610,,,,,
126976,25.92046356201172,180.0,,,,,,,,,,,,,,,
128000,27.360776901245117,180.0,3e-05,23.0190867587924,-5.239105316251516,-0.014273941646388266,0.0049859253,0.2,0.017041015625,9.281993865966797,0.0,620,,,,,
129024,25.80714225769043,180.0,,,,,,,,,,,,,,,
130048,27.97934341430664,180.0,3e-05,18.542890518158675,-5.226670777797699,-0.02012990556177101,0.0071704574,0.2,0.03291015625,8.778109550476074,0.0,630,,,,,
131072,26.689373016357422,180.0,,,,,,,,,,,,,,,
132096,28.165042877197266,180.0,3e-05,22.480134274810553,-5.216698254644871,-0.014812315786184627,0.0053000576,0.2,0.009521484375,13.6006498336792,0.0,640,,,,,
133120,25.703231811523438,180.0,,,,,,,,,,,,,,,
134144,28.919551849365234,180.0,3e-05,24.04284054413438,-5.202966313809156,-0.020677866295591228,0.0066081434,0.2,0.0333984375,23.73393440246582,1.7881393432617188e-07,650,,,,,
135168,25.691465377807617,180.0,,,,,,,,,,,,,,,
136192,27.592254638671875,180.0,3e-05,23.83432405292988,-5.194713500887156,-0.017473104126474938,0.006389723,0.2,0.014892578125,14.235718727111816,0.0,660,,,,,
137216,27.33004379272461,180.0,,,,,,,,,,,,,,,
138240,26.694625854492188,180.0,3e-05,23.573924691975115,-5.18778780773282,-0.016010318469488992,0.0057649957,0.2,0.017626953125,17.02337646484375,0.0,670,,,,,
139264,25.692752838134766,180.0,,,,,,,,,,,,,,,
140288,26.98238754272461,180.0,3e-05,20.97643948048353,-5.176376204192638,-0.017957727876637363,0.006484182,0.2,0.023193359375,9.956104278564453,0.0,680,,,,,
141312,29.726449966430664,180.0,,,,,,,,,,,,,,,
142336,26.81190299987793,180.0,3e-05,22.751470239460467,-5.15383950099349,-0.01597917629624135,0.0063846726,0.2,0.02021484375,18.588272094726562,0.0,690,,,,,
143360,28.489330291748047,180.0,,,,,,,,,,,,,,,
143360,,,,,,,,,,,,,180.0,70,26.655387880000003,517,276
144384,27.78643798828125,180.0,3e-05,24.36270541548729,-5.130643450468779,-0.01615029376835082,0.004896257,0.2,0.02275390625,13.088318824768066,0.0,700,,,,,
145408,27.62964630126953,180.0,,,,,,,,,,,,,,,
146432,28.69932746887207,180.0,3e-05,23.795319209992886,-5.098956371098756,-0.017249368090415374,0.006687081,0.2,0.02822265625,27.51141929626465,0.0,710,,,,,
147456,31.06376075744629,180.0,,,,,,,,,,,,,,,
148480,30.71377182006836,180.0,3e-05,25.009138275682925,-5.077575577050448,-0.013109841350524221,0.005305878,0.2,0.009912109375,13.1256742477417,5.960464477539063e-08,720,,,,,
149504,27.757001876831055,180.0,,,,,,,,,,,,,,,
150528,28.279064178466797,180.0,3e-05,23.410395050793888,-5.0512916840612885,-0.0164641961309826,0.0064978893,0.2,0.016748046875,9.793863296508789,0.0,730,,,,,
151552,31.515748977661133,180.0,,,,,,,,,,,,,,,
152576,25.787370681762695,180.0,3e-05,22.857682859897615,-5.048343684524298,-0.017687494575875463,0.0072411606,0.2,0.01904296875,17.3765811920166,0.0,740,,,,,
153600,28.9169979095459,180.0,,,,,,,,,,,,,,,
154624,28.40118408203125,180.0,3e-05,24.08717208430171,-5.039557440578937,-0.016907408846600448,0.0060570687,0.2,0.015625,20.216384887695312,0.0,750,,,,,
155648,28.756683349609375,180.0,,,,,,,,,,,,,,,
156672,28.973716735839844,180.0,3e-05,21.07669872418046,-5.016489283740521,-0.01634951629821444,0.005792233,0.2,0.025048828125,16.448205947875977,0.0,760,,,,,
157696,30.79647445678711,180.0,,,,,,,,,,,,,,,
158720,29.508543014526367,180.0,3e-05,23.344958736002447,-4.997055808454752,-0.014335659316566307,0.005137685,0.2,0.016162109375,22.33995246887207,0.0,770,,,,,
159744,28.277677536010742,180.0,,,,,,,,,,,,,,,
160768,26.799877166748047,180.0,3e-05,22.933110032975673,-4.980283062905073,-0.01207807893079007,0.0046499223,0.2,0.014111328125,16.488380432128906,0.0,780,,,,,
161792,32.4686279296875,180.0,,,,,,,,,,,,,,,
162816,30.18212890625,180.0,3e-05,22.726914689689874,-4.96521746814251,-0.013206283549516229,0.005573928,0.2,0.012060546875,17.920812606811523,0.0,790,,,,,
163840,29.614673614501953,180.0,,,,,,,,,,,,,,,
163840,,,,,,,,,,,,,180.0,80,29.964298160000002,593,276
164864,32.9239501953125,180.0,3e-05,25.030004553496838,-4.946000289171934,-0.014471490339929005,0.0058991923,0.2,0.012548828125,15.396783828735352,0.0,800,,,,,
165888,31.046756744384766,180.0,,,,,,,,,,,,,,,
166912,27.257320404052734,180.0,3e-05,26.09609082043171,-4.937348648905754,-0.014848596806405111,0.00480677,0.2,0.017626953125,19.581281661987305,0.0,810,,,,,
167936,28.900434494018555,180.0,,,,,,,,,,,,,,,
168960,29.878780364990234,180.0,3e-05,23.72373382821679,-4.9414962261915205,-0.015606995396956336,0.00642202,0.2,0.017138671875,16.863040924072266,-1.1920928955078125e-07,820,,,,,
169984,33.575687408447266,180.0,,,,,,,,,,,,,,,
171008,28.073165893554688,180.0,3e-05,27.02101600021124,-4.937866074591875,-0.014340662938047899,0.005257335,0.2,0.011572265625,16.343772888183594,0.0,830,,,,,
172032,29.869253158569336,180.0,,,,,,,,,,,,,,,
173056,33.30032730102539,180.0,3e-05,25.733448339998723,-4.930830142647028,-0.012218187046528328,0.004491121,0.2,0.008349609375,24.13380241394043,-1.1920928955078125e-07,840,,,,,
174080,30.736780166625977,180.0,,,,,,,,,,,,,,,
175104,31.98236656188965,180.0,3e-05,25.15870555192232,-4.91998338624835,-0.016196189710171893,0.0064386385,0.2,0.019970703125,25.957887649536133,5.960464477539063e-08,850,,,,,
176128,30.8179874420166,180.0,,,,,,,,,,,,,,,
177152,28.92544174194336,180.0,3e-05,21.620364867150784,-4.8980285540223125,-0.015776425220246894,0.006583805,0.2,0.017724609375,9.816104888916016,0.0,860,,,,,
178176,34.573368072509766,180.0,,,,,,,,,,,,,,,
179200,31.995939254760742,180.0,3e-05,21.201680785417558,-4.879125046730041,-0.01587800743873231,0.006280994,0.2,0.018798828125,5.59877872467041,1.1920928955078125e-07,870,,,,,
180224,31.65679168701172,180.0,,,,,,,,,,,,,,,
181248,30.856365203857422,180.0,3e-05,25.084419877827166,-4.86885379627347,-0.013966943252307828,0.004818549,0.2,0.01455078125,10.046871185302734,0.0,880,,,,,
182272,31.81696128845215,180.0,,,,,,,,,,,,,,,
183296,30.575458526611328,180.0,3e-05,23.648398412019013,-4.848411297053099,-0.014554695837432519,0.0059327185,0.2,0.0126953125,10.314571380615234,-1.1920928955078125e-07,890,,,,,
184320,30.308467864990234,180.0,,,,,,,,,,,,,,,
184320,,,,,,,,,,,,,180.0,90,30.92019923,669,275
185344,30.134777069091797,180.0,3e-05,21.78474553078413,-4.819688099622726,-0.018180020007275744,0.007138754,0.2,0.02958984375,10.055669784545898,0.0,900,,,,,
186368,32.1052360534668,180.0,,,,,,,,,,,,,,,
187392,33.070899963378906,180.0,3e-05,26.769921046495437,-4.800384756177664,-0.013827025188220432,0.0062050372,0.2,0.01513671875,17.520017623901367,0.0,910,,,,,
188416,33.28314208984375,180.0,,,,,,,,,,,,,,,
189440,35.41168975830078,180.0,3e-05,24.815498182177542,-4.782691100239754,-0.015409750194521621,0.0068033356,0.2,0.019140625,18.255638122558594,0.0,920,,,,,
190464,33.92716979980469,180.0,,,,,,,,,,,,,,,
191488,29.95817756652832,180.0,3e-05,26.121808604896067,-4.763447667658329,-0.013577353184882669,0.0048473943,0.2,0.009912109375,12.41579532623291,0.0,930,,,,,
192512,26.96808624267578,180.0,,,,,,,,,,,,,,,
193536,33.329856872558594,180.0,3e-05,24.13025832772255,-4.755063064396381,-0.015062607624349767,0.0064936746,0.2,0.018115234375,13.730803489685059,0.0,940,,,,,
194560,36.154258728027344,180.0,,,,,,,,,,,,,,,
195584,32.59162139892578,180.0,3e-05,24.87224898636341,-4.740434066206217,-0.013539430728269509,0.005701296,0.2,0.008935546875,9.839597702026367,0.0,950,,,,,
196608,33.76203155517578,180.0,,,,,,,,,,,,,,,
197632,31.595306396484375,180.0,3e-05,22.90267934575677,-4.72580204308033,-0.016958117684407626,0.0070638526,0.2,0.025048828125,9.51720142364502,0.0,960,,,,,
198656,37.23789978027344,180.0,,,,,,,,,,,,,,,
199680,31.828575134277344,180.0,3e-05,26.363634780049324,-4.719454446434975,-0.015564747977623482,0.006061335,0.2,0.0208984375,16.758588790893555,0.0,970,,,,,
200704,33.00936508178711,180.0,,,,,,,,,,,,,,,
201728,31.560514450073242,180.0,3e-05,24.34943002462387,-4.71878662109375,-0.014397472741256934,0.005657968,0.2,0.02548828125,17.222003936767578,-1.1920928955078125e-07,980,,,,,
202752,33.44931411743164,180.0,,,,,,,,,,,,,,,
203776,34.192626953125,180.0,3e-05,25.973092010617258,-4.722575051337481,-0.01240935806381458,0.0043870294,0.2,0.01279296875,16.288911819458008,0.0,990,,,,,
204800,36.65497970581055,180.0,,,,,,,,,,,,,,,
204800,,,,,,,,,,,,,180.0,100,33.0976833,744,275
205824,35.938453674316406,180.0,3e-05,22.87451314628124,-4.705921036750079,-0.015618027228993015,0.005951013,0.2,0.014501953125,20.12648582458496,0.0,1000,,,,,
206848,36.212738037109375,180.0,,,,,,,,,,,,,,,
207872,33.35963439941406,180.0,3e-05,23.346542452275752,-4.687236166000366,-0.013930510379577755,0.005617547,0.2,0.018310546875,13.03285026550293,0.0,1010,,,,,
208896,38.013587951660156,180.0,,,,,,,,,,,,,,,
209920,34.689674377441406,180.0,3e-05,24.997974446415903,-4.682339848577977,-0.014734334367676637,0.005947969,0.2,0.02939453125,20.807294845581055,0.0,1020,,,,,
210944,37.63336944580078,180.0,,,,,,,,,,,,,,,
211968,32.7246208190918,180.0,3e-05,23.12473426759243,-4.673026764392853,-0.013103523301833776,0.0056065563,0.2,0.012060546875,17.044944763183594,0.0,1030,,,,,
212992,34.874698638916016,180.0,,,,,,,,,,,,,,,
214016,34.631649017333984,180.0,3e-05,27.417614099383353,-4.673745997995138,-0.012035074852246908,0.004385093,0.2,0.0126953125,19.1591854095459,0.0,1040,,,,,
215040,37.683738708496094,180.0,,,,,,,,,,,,,,,
216064,34.73942184448242,180.0,3e-05,27.049983870983123,-4.676642133295536,-0.012837329580906953,0.0049027875,0.2,0.01162109375,16.734500885009766,0.0,1050,,,,,
217088,37.519287109375,180.0,,,,,,,,,,,,,,,
218112,34.59403991699219,180.0,3e-05,25.785804222524167,-4.6657821960747246,-0.01322784432759363,0.005749337,0.2,0.014990234375,24.73472785949707,0.0,1060,,,,,
219136,35.60734176635742,180.0,,,,,,,,,,,,,,,
220160,36.55771255493164,180.0,3e-05,25.169100749492646,-4.648066282272339,-0.011860645974593353,0.004452278,0.2,0.009423828125,18.235519409179688,5.960464477539063e-08,1070,,,,,
221184,37.80653762817383,180.0,,,,,,,,,,,,,,,
222208,32.82633590698242,180.0,3e-05,24.95683405250311,-4.6309310354292395,-0.011890057468917803,0.0049442938,0.2,0.01103515625,19.002168655395508,0.0,1080,,,,,
223232,35.90017318725586,180.0,,,,,,,,,,,,,,,
224256,40.322418212890625,180.0,3e-05,22.95729412585497,-4.622184953093528,-0.01233509406010853,0.00519516,0.2,0.012841796875,16.898944854736328,0.0,1090,,,,,
225280,38.035980224609375,180.0,,,,,,,,,,,,,,,
225280,,,,,,,,,,,,,180.0,110,35.58555601,822,273
226304,36.2623176574707,180.0,3e-05,27.22246498093009,-4.610542090982198,-0.014445895335666138,0.005429264,0.2,0.017041015625,15.815488815307617,0.0,1100,,,,,
227328,34.330108642578125,180.0,,,,,,,,,,,,,,,
228352,40.2242546081543,180.0,3e-05,25.407189996540545,-4.596988835930825,-0.013475205467329943,0.005191126,0.2,0.01015625,24.621002197265625,0.0,1110,,,,,
229376,34.14107131958008,180.0,,,,,,,,,,,,,,,
230400,40.121742248535156,180.0,3e-05,28.62327086031437,-4.589402993768454,-0.013303502370399655,0.0057893926,0.2,0.027001953125,21.032833099365234,0.0,1120,,,,,
231424,36.38134765625,180.0,,,,,,,,,,,,,,,
232448,32.98322296142578,180.0,3e-05,26.305769285559656,-4.590216142684222,-0.013065757656295317,0.005624936,0.2,0.01767578125,16.500244140625,0.0,1130,,,,,
233472,41.35545349121094,180.0,,,,,,,,,,,,,,,
234496,37.688636779785156,180.0,3e-05,27.223940417170525,-4.566631631553173,-0.013192322684517421,0.0054561063,0.2,0.012939453125,16.225177764892578,0.0,1140,,,,,
235520,37.12492370605469,180.0,,,,,,,,,,,,,,,
236544,38.83489990234375,180.0,3e-05,28.760809554159643,-4.563588924705982,-0.01219945453631226,0.0053482587,0.2,0.011572265625,19.24039649963379,0.0,1150,,,,,
237568,37.82982635498047,180.0,,,,,,,,,,,,,,,
238592,38.49665069580078,180.0,3e-05,26.627516029775144,-4.558620397746563,-0.011882651773339603,0.0058509125,0.2,0.005078125,18.320127487182617,5.960464477539063e-08,1160,,,,,
239616,33.231040954589844,180.0,,,,,,,,,,,,,,,
240640,36.76759338378906,180.0,3e-05,26.88299453705549,-4.547167540341616,-0.013113388012061477,0.0052406644,0.2,0.01376953125,28.110107421875,0.0,1170,,,,,
241664,34.51968765258789,180.0,,,,,,,,,,,,,,,
242688,42.98213195800781,180.0,3e-05,26.813719455897807,-4.548228396475315,-0.012591796798915311,0.0049052797,0.2,0.01064453125,18.766611099243164,0.0,1180,,,,,
243712,40.045448303222656,180.0,,,,,,,,,,,,,,,
244736,36.12770080566406,180.0,3e-05,27.00715031027794,-4.540578936040402,-0.01128087378492637,0.0048371633,0.2,0.009130859375,20.789447784423828,0.0,1190,,,,,
245760,34.78484344482422,180.0,,,,,,,,,,,,,,,
245760,,,,,,,,,,,,,180.0,120,36.09759649000001,901,272
246784,37.19757080078125,180.0,3e-05,30.07116450369358,-4.526687896251678,-0.011369429967271572,0.0055271992,0.2,0.00859375,13.008700370788574,0.0,1200,,,,,
247808,34.64411926269531,180.0,,,,,,,,,,,,,,,
248832,38.521018981933594,180.0,3e-05,26.542962639033796,-4.502442041784525,-0.01448573447560193,0.0063093873,0.2,0.017919921875,18.12603187561035,-1.1920928955078125e-07,1210,,,,,
249856,36.670772552490234,180.0,,,,,,,,,,,,,,,
250880,40.4467658996582,180.0,3e-05,27.606985096633434,-4.486145845800638,-0.010940803805351607,0.0041689277,0.2,0.00966796875,12.135626792907715,0.0,1220,,,,,
251904,38.50849151611328,180.0,,,,,,,,,,,,,,,
252928,39.014015197753906,180.0,3e-05,25.36733873486519,-4.4802925400435925,-0.012626977563195396,0.005496826,0.2,0.0134765625,15.474289894104004,-1.1920928955078125e-07,1230,,,,,
253952,35.928001403808594,180.0,,,,,,,,,,,,,,,
254976,38.32372283935547,180.0,3e-05,26.582039973139764,-4.46504537165165,-0.012550988337898162,0.00462073,0.2,0.01591796875,21.600000381469727,0.0,1240,,,,,
256000,40.86825180053711,180.0,,,,,,,,,,,,,,,
257024,40.803985595703125,180.0,3e-05,27.9562293484807,-4.453489635884762,-0.010666655472232379,0.0050263084,0.2,0.0078125,21.630537033081055,0.0,1250,,,,,
258048,34.867916107177734,180.0,,,,,,,,,,,,,,,
259072,44.94926452636719,180.0,3e-05,32.3798597663641,-4.448931109160185,-0.012270403677393914,0.0051557543,0.2,0.02197265625,16.322973251342773,0.0,1260,,,,,
260096,39.23956298828125,180.0,,,,,,,,,,,,,,,
261120,40.67778778076172,180.0,3e-05,29.25436709076166,-4.451300416141748,-0.00963136335631134,0.0039527644,0.2,0.008349609375,18.734535217285156,0.0,1270,,,,,
262144,38.16737365722656,180.0,,,,,,,,,,,,,,,
263168,42.107078552246094,180.0,3e-05,28.29809684380889,-4.457099683582783,-0.013341086817672477,0.004701157,0.2,0.0171875,21.238121032714844,0.0,1280,,,,,
264192,38.83839416503906,180.0,,,,,,,,,,,,,,,
265216,36.399452209472656,180.0,3e-05,26.4597770601511,-4.442358545958996,-0.013149958879512268,0.00583493,0.2,0.02158203125,26.521968841552734,0.0,1290,,,,,
266240,41.10969924926758,180.0,,,,,,,,,,,,,,,
266240,,,,,,,,,,,,,180.0,130,40.520291660000005,978,272
267264,39.773834228515625,180.0,3e-05,28.375756023824216,-4.437611413002014,-0.01037356241249654,0.0040595476,0.2,0.014208984375,20.89164161682129,0.0,1300,,,,,
268288,43.450477600097656,180.0,,,,,,,,,,,,,,,
269312,38.7852897644043,180.0,3e-05,30.851220928132534,-4.448058750480413,-0.01122153814358171,0.0046931403,0.2,0.00966796875,13.760509490966797,0.0,1310,,,,,
270336,37.487098693847656,180.0,,,,,,,,,,,,,,,
271360,37.51062774658203,180.0,3e-05,30.515800791978837,-4.445522662997246,-0.012527105412482342,0.0043064025,0.2,0.01318359375,21.2469425201416,0.0,1320,,,,,
272384,37.02227783203125,180.0,,,,,,,,,,,,,,,
273408,40.47893524169922,180.0,3e-05,28.159251499176026,-4.425872398912906,-0.011950112992781214,0.0044857482,0.2,0.0134765625,20.817392349243164,0.0,1330,,,,,
274432,37.1795654296875,180.0,,,,,,,,,,,,,,,
275456,38.0347900390625,180.0,3e-05,26.78874717801809,-4.404529187828302,-0.011668353603454307,0.005147579,0.2,0.0087890625,19.047054290771484,-1.1920928955078125e-07,1340,,,,,
276480,36.742557525634766,180.0,,,,,,,,,,,,,,,
277504,33.63165283203125,180.0,3e-05,28.02776385396719,-4.400901527702809,-0.011226353189704242,0.0050981794,0.2,0.017919921875,18.816627502441406,5.960464477539063e-08,1350,,,,,
278528,35.60023498535156,180.0,,,,,,,,,,,,,,,
279552,39.28239822387695,180.0,3e-05,28.225394283235072,-4.39334187656641,-0.011662872230954236,0.004891637,0.2,0.0126953125,16.848411560058594,-1.1920928955078125e-07,1360,,,,,
280576,37.685428619384766,180.0,,,,,,,,,,,,,,,
281600,39.227195739746094,180.0,3e-05,27.689546586573123,-4.38855365216732,-0.011403297109791311,0.0051254276,0.2,0.0126953125,13.139307022094727,0.0,1370,,,,,
282624,45.156185150146484,180.0,,,,,,,,,,,,,,,
283648,37.69709777832031,180.0,3e-05,26.263375736773014,-4.375465749204158,-0.011557725829334231,0.0049436865,0.2,0.0126953125,24.60595703125,1.1920928955078125e-07,1380,,,,,
284672,43.98500061035156,180.0,,,,,,,,,,,,,,,
285696,38.9796257019043,180.0,3e-05,27.06468195915222,-4.376239230483771,-0.011806957182670885,0.006169359,0.2,0.0125,27.147294998168945,5.960464477539063e-08,1390,,,,,
286720,38.31651306152344,180.0,,,,,,,,,,,,,,,
286720,,,,,,,,,,,,,180.0,140,39.77671357,1051,272
287744,44.55278778076172,180.0,3e-05,26.67419163584709,-4.3834970109164715,-0.012114416897384217,0.0057241,0.2,0.00908203125,21.614593505859375,5.960464477539063e-08,1400,,,,,
288768,34.970848083496094,180.0,,,,,,,,,,,,,,,
289792,38.893775939941406,180.0,3e-05,27.64273167103529,-4.38529834523797,-0.011633160794735887,0.005744527,0.2,0.00966796875,20.010042190551758,5.960464477539063e-08,1410,,,,,
290816,39.2005615234375,180.0,,,,,,,,,,,,,,,
291840,41.581722259521484,180.0,3e-05,27.86720414161682,-4.381513677537441,-0.012362804371514357,0.004553253,0.2,0.015478515625,13.062289237976074,5.960464477539063e-08,1420,,,,,
292864,40.60951232910156,180.0,,,,,,,,,,,,,,,
293888,41.4632568359375,180.0,3e-05,27.50339567512274,-4.368666568398476,-0.01136392656917451,0.0044639036,0.2,0.0123046875,18.416765213012695,-1.1920928955078125e-07,1430,,,,,
294912,44.388824462890625,180.0,,,,,,,,,,,,,,,
295936,39.73371505737305,180.0,3e-05,30.72752235084772,-4.3738518811762335,-0.010843445313730627,0.003959099,0.2,0.009326171875,26.064908981323242,-1.1920928955078125e-07,1440,,,,,
296960,40.94773864746094,180.0,,,,,,,,,,,,,,,
297984,41.07377624511719,180.0,3e-05,27.81151646077633,-4.372039740532637,-0.011683251794966053,0.004698773,0.2,0.01015625,18.24198341369629,0.0,1450,,,,,
299008,41.05817794799805,180.0,,,,,,,,,,,,,,,
300032,41.36394500732422,180.0,3e-05,26.193737603724003,-4.3757485128939155,-0.010983642742212396,0.004403321,0.2,0.016455078125,22.64842414855957,5.960464477539063e-08,1460,,,,,
301056,36.635406494140625,180.0,,,,,,,,,,,,,,,
302080,38.6146125793457,180.0,3e-05,28.388443863391878,-4.3906000174582,-0.011975538982551371,0.005439259,0.2,0.01181640625,21.211881637573242,0.0,1470,,,,,
303104,41.308624267578125,180.0,,,,,,,,,,,,,,,
304128,35.445945739746094,180.0,3e-05,24.833878134191036,-4.399694015085697,-0.012333193399899755,0.005438848,0.2,0.02490234375,15.255228996276855,0.0,1480,,,,,
305152,43.016239166259766,180.0,,,,,,,,,,,,,,,
306176,41.171897888183594,180.0,3e-05,29.598981963098048,-4.399450858682394,-0.010480802880192642,0.0039858175,0.2,0.00771484375,21.994367599487305,0.0,1490,,,,,
307200,37.832637786865234,180.0,,,,,,,,,,,,,,,
307200,,,,,,,,,,,,,180.0,150,39.32485022,1123,273
308224,39.57685852050781,180.0,3e-05,28.69760615974665,-4.402800765633583,-0.013867703410141985,0.0064760093,0.2,0.01630859375,18.569355010986328,0.0,1500,,,,,
309248,40.510040283203125,180.0,,,,,,,,,,,,,,,
310272,43.248382568359375,180.0,3e-05,23.828403961658477,-4.4075997851789,-0.011753804062027483,0.0054607866,0.2,0.009130859375,12.46302318572998,0.0,1510,,,,,
311296,35.61391830444336,180.0,,,,,,,,,,,,,,,
312320,42.12452697753906,180.0,3e-05,24.77757777273655,-4.395860822498799,-0.011517901602201164,0.004921779,0.2,0.010205078125,17.77825164794922,0.0,1520,,,,,
313344,43.116615295410156,180.0,,,,,,,,,,,,,,,
314368,40.19178009033203,180.0,3e-05,27.04340294152498,-4.390542075037956,-0.011885050088312709,0.005400181,0.2,0.00869140625,24.377599716186523,0.0,1530,,,,,
315392,38.36500549316406,180.0,,,,,,,,,,,,,,,
316416,45.603736877441406,180.0,3e-05,30.325161980092524,-4.38642563149333,-0.007639101955282968,0.003609654,0.2,0.00791015625,25.004405975341797,0.0,1540,,,,,
317440,35.91474533081055,180.0,,,,,,,,,,,,,,,
318464,43.0220947265625,180.0,3e-05,28.507421924173833,-4.36787024512887,-0.012350347087340197,0.005917184,0.2,0.0146484375,30.020334243774414,0.0,1550,,,,,
319488,39.07215118408203,180.0,,,,,,,,,,,,,,,
320512,40.729766845703125,180.0,3e-05,27.64433157891035,-4.357269591838121,-0.011428865808920819,0.005079394,0.2,0.01728515625,19.453290939331055,0.0,1560,,,,,
321536,34.849430084228516,180.0,,,,,,,,,,,,,,,
322560,39.26890563964844,180.0,3e-05,27.769830110669137,-4.353073833137751,-0.010252879172185203,0.0040986454,0.2,0.00908203125,21.343351364135742,1.1920928955078125e-07,1570,,,,,
323584,37.84919357299805,180.0,,,,,,,,,,,,,,,
324608,40.2454833984375,180.0,3e-05,27.576278434693812,-4.339641660451889,-0.01101896787804435,0.006531242,0.2,0.00859375,13.604988098144531,0.0,1580,,,,,
325632,42.21025848388672,180.0,,,,,,,,,,,,,,,
326656,43.11970138549805,180.0,3e-05,29.42739055454731,-4.31720100492239,-0.011578133247530787,0.004861663,0.2,0.015869140625,14.656173706054688,0.0,1590,,,,,
327680,45.451087951660156,180.0,,,,,,,,,,,,,,,
327680,,,,,,,,,,,,,180.0,160,40.46994771,1196,273
328704,45.121917724609375,180.0,3e-05,24.24023093879223,-4.310538976639509,-0.011410858656017809,0.0054644668,0.2,0.013671875,12.432334899902344,0.0,1600,,,,,
329728,46.16211700439453,180.0,,,,,,,,,,,,,,,
330752,41.66127014160156,180.0,3e-05,26.98792721182108,-4.321963302791119,-0.012575574759102892,0.0063005565,0.2,0.013525390625,11.798812866210938,0.0,1610,,,,,
331776,42.14201354980469,180.0,,,,,,,,,,,,,,,
332800,39.97871780395508,180.0,3e-05,27.652781845629214,-4.324714204668998,-0.012383633943682072,0.006217131,0.2,0.0154296875,15.943989753723145,0.0,1620,,,,,
333824,35.608123779296875,180.0,,,,,,,,,,,,,,,
334848,46.6921272277832,180.0,3e-05,32.867721918225286,-4.325507049262524,-0.009793589720356977,0.0043181693,0.2,0.00859375,28.765127182006836,1.1920928955078125e-07,1630,,,,,
335872,39.41779708862305,180.0,,,,,,,,,,,,,,,
336896,44.08061981201172,180.0,3e-05,25.75589043200016,-4.32879540771246,-0.012716341839768575,0.0067065046,0.2,0.015771484375,20.674545288085938,0.0,1640,,,,,
337920,42.63306427001953,180.0,,,,,,,,,,,,,,,
338944,44.59203338623047,180.0,3e-05,30.49234364926815,-4.328159715980291,-0.011440619865607005,0.0048696706,0.2,0.01259765625,20.110584259033203,0.0,1650,,,,,
339968,45.547119140625,180.0,,,,,,,,,,,,,,,
340992,45.32011795043945,180.0,3e-05,30.926913952827455,-4.3327319048345085,-0.011896981257450534,0.005304946,0.2,0.0171875,16.885440826416016,0.0,1660,,,,,
342016,43.421165466308594,180.0,,,,,,,,,,,,,,,
343040,46.318092346191406,180.0,3e-05,27.836685019731522,-4.348576074093581,-0.014036661775026004,0.007190848,0.2,0.025048828125,22.34035873413086,-1.1920928955078125e-07,1670,,,,,
344064,40.33900451660156,180.0,,,,,,,,,,,,,,,
345088,36.954002380371094,180.0,3e-05,27.92955133318901,-4.362802491337061,-0.011795489817450289,0.006254852,0.2,0.01611328125,14.68062686920166,0.0,1680,,,,,
346112,45.58365249633789,180.0,,,,,,,,,,,,,,,
347136,35.06066131591797,180.0,3e-05,26.459178213775157,-4.3523439146578315,-0.010386773426580476,0.004355108,0.2,0.007958984375,19.55316925048828,0.0,1690,,,,,
348160,41.46939468383789,180.0,,,,,,,,,,,,,,,
348160,,,,,,,,,,,,,180.0,170,41.66292103,1268,274
349184,35.95655822753906,180.0,3e-05,29.031739613413812,-4.341142771393061,-0.00979534536600113,0.0046898336,0.2,0.0078125,21.379880905151367,0.0,1700,,,,,
350208,40.387939453125,180.0,,,,,,,,,,,,,,,
351232,40.73035430908203,180.0,3e-05,28.203739450871943,-4.322460891306401,-0.010624048707541078,0.005285983,0.2,0.009130859375,19.13269805908203,0.0,1710,,,,,
352256,44.629539489746094,180.0,,,,,,,,,,,,,,,
353280,42.614295959472656,180.0,3e-05,28.66915433257818,-4.311753483861684,-0.012192030056394288,0.0056012254,0.2,0.012255859375,16.027236938476562,0.0,1720,,,,,
354304,37.636863708496094,180.0,,,,,,,,,,,,,,,
355328,45.474334716796875,180.0,3e-05,33.22995410263538,-4.305382508039474,-0.008394636004959466,0.0038172596,0.2,0.004296875,24.278663635253906,0.0,1730,,,,,
356352,37.22889709472656,180.0,,,,,,,,,,,,,,,
357376,42.93901062011719,180.0,3e-05,29.732242138683795,-4.297072175145149,-0.009989574016253755,0.0050765267,0.2,0.0076171875,14.56773853302002,5.960464477539063e-08,1740,,,,,
358400,41.283241271972656,180.0,,,,,,,,,,,,,,,
359424,37.99675750732422,180.0,3e-05,27.60462491810322,-4.285077685862779,-0.010699211604878656,0.0050586397,0.2,0.010546875,24.16013526916504,-1.1920928955078125e-07,1750,,,,,
360448,42.78203201293945,180.0,,,,,,,,,,,,,,,
361472,46.590614318847656,180.0,3e-05,30.066434115171432,-4.2812071986496445,-0.01069062515744008,0.004834476,0.2,0.0146484375,24.68850326538086,0.0,1760,,,,,
362496,47.562530517578125,180.0,,,,,,,,,,,,,,,
363520,43.21390914916992,180.0,3e-05,30.48074333369732,-4.271760006248951,-0.010195403676334536,0.0055055805,0.2,0.01298828125,31.368385314941406,0.0,1770,,,,,
364544,41.50447463989258,180.0,,,,,,,,,,,,,,,
365568,44.401588439941406,180.0,3e-05,29.612763556838036,-4.27286983281374,-0.0076602697650741906,0.003450759,0.2,0.00771484375,32.74700927734375,0.0,1780,,,,,
366592,43.44664764404297,180.0,,,,,,,,,,,,,,,
367616,40.24999237060547,180.0,3e-05,27.947018450498582,-4.268474306166172,-0.010127552663470851,0.0049343323,0.2,0.015869140625,21.519977569580078,-1.1920928955078125e-07,1790,,,,,
368640,46.20817565917969,180.0,,,,,,,,,,,,,,,
368640,,,,,,,,,,,,,180.0,180,42.67401209999999,1339,275
369664,43.55110168457031,180.0,3e-05,29.77346266210079,-4.260390872508287,-0.01006738107862475,0.0060021263,0.2,0.006689453125,22.459550857543945,0.0,1800,,,,,
370688,44.111576080322266,180.0,,,,,,,,,,,,,,,
371712,43.464866638183594,180.0,3e-05,31.7094777867198,-4.254468680173159,-0.01085841998392425,0.0063026496,0.2,0.013525390625,30.738615036010742,0.0,1810,,,,,
372736,40.7471923828125,180.0,,,,,,,,,,,,,,,
373760,46.78279113769531,180.0,3e-05,27.045563800632955,-4.244686820358038,-0.010681224019208457,0.005870567,0.2,0.008544921875,20.962299346923828,0.0,1820,,,,,
374784,41.4281005859375,180.0,,,,,,,,,,,,,,,
375808,42.52301788330078,180.0,3e-05,31.42236004024744,-4.238395150005817,-0.012488259964629832,0.0066497712,0.2,0.014990234375,22.423185348510742,0.0,1830,,,,,
376832,41.939056396484375,180.0,,,,,,,,,,,,,,,
377856,37.552154541015625,180.0,3e-05,31.313907235860825,-4.2400246523320675,-0.009998631798225688,0.0036209277,0.2,0.010107421875,20.019079208374023,0.0,1840,,,,,
378880,37.427406311035156,180.0,,,,,,,,,,,,,,,
379904,46.11547088623047,180.0,3e-05,28.88058347404003,-4.246348562836647,-0.013888272190888529,0.0077722576,0.2,0.024169921875,23.621980667114258,0.0,1850,,,,,
380928,44.33639907836914,180.0,,,,,,,,,,,,,,,
381952,44.373779296875,180.0,3e-05,28.99223022609949,-4.2496040217578415,-0.009171626937677502,0.0039882036,0.2,0.00947265625,28.052265167236328,-1.1920928955078125e-07,1860,,,,,
382976,42.33750915527344,180.0,,,,,,,,,,,,,,,
384000,46.05596160888672,180.0,3e-05,29.018397304415704,-4.253299022465944,-0.010090565314749255,0.0059674717,0.2,0.008837890625,23.03203773498535,0.0,1870,,,,,
385024,46.655433654785156,180.0,,,,,,,,,,,,,,,
386048,44.267948150634766,180.0,3e-05,30.278274516761304,-4.241786232590675,-0.010468864476570161,0.00540051,0.2,0.006396484375,25.156038284301758,0.0,1880,,,,,
387072,42.79930877685547,180.0,,,,,,,,,,,,,,,
388096,47.81940460205078,180.0,3e-05,27.354174530506135,-4.220688147842884,-0.00917813907508389,0.004173005,0.2,0.008447265625,22.418737411499023,0.0,1890,,,,,
389120,41.73210525512695,180.0,,,,,,,,,,,,,,,
389120,,,,,,,,,,,,,180.0,190,41.9827381,1411,275
390144,42.686561584472656,180.0,3e-05,27.201728872954845,-4.211140760034323,-0.011175484542036429,0.0055121146,0.2,0.01298828125,13.412230491638184,-1.1920928955078125e-07,1900,,,,,
391168,44.26398849487305,180.0,,,,,,,,,,,,,,,
392192,45.24552536010742,180.0,3e-05,28.892349641025067,-4.201546674221754,-0.01210928572472767,0.006234682,0.2,0.00732421875,16.792015075683594,0.0,1910,,,,,
393216,42.608741760253906,180.0,,,,,,,,,,,,,,,
394240,47.07429504394531,180.0,3e-05,28.321501787006856,-4.196398972719908,-0.010455166070823908,0.0060078553,0.2,0.00673828125,29.611658096313477,0.0,1920,,,,,
395264,39.65247344970703,180.0,,,,,,,,,,,,,,,
396288,44.32067108154297,180.0,3e-05,27.139992149174212,-4.205458166450262,-0.009645227144210367,0.005265724,0.2,0.016455078125,20.624168395996094,0.0,1930,,,,,
397312,43.286888122558594,180.0,,,,,,,,,,,,,,,
398336,48.45843505859375,180.0,3e-05,31.829118460416794,-4.205454616248607,-0.010362246289150789,0.0055512115,0.2,0.012646484375,23.381834030151367,-1.1920928955078125e-07,1940,,,,,
399360,44.317283630371094,180.0,,,,,,,,,,,,,,,
400384,42.404518127441406,180.0,3e-05,29.731285138428213,-4.187011897563934,-0.00909611286915606,0.0041619884,0.2,0.0083984375,19.68998146057129,5.960464477539063e-08,1950,,,,,
401408,41.97642517089844,180.0,,,,,,,,,,,,,,,
402432,43.24077224731445,180.0,3e-05,28.08814870119095,-4.175332120805979,-0.009918104406824568,0.0048476933,0.2,0.012255859375,18.599010467529297,-1.1920928955078125e-07,1960,,,,,
403456,45.68425750732422,180.0,,,,,,,,,,,,,,,
404480,47.80854034423828,180.0,3e-05,29.682883900403976,-4.174968907237053,-0.012465115860686637,0.005760575,0.2,0.01943359375,28.425798416137695,0.0,1970,,,,,
405504,45.501304626464844,180.0,,,,,,,,,,,,,,,
406528,40.759300231933594,180.0,3e-05,28.838597556948663,-4.173231115937233,-0.010434452732442877,0.0054091113,0.2,0.01552734375,19.429885864257812,0.0,1980,,,,,
407552,44.988609313964844,180.0,,,,,,,,,,,,,,,
408576,43.944637298583984,180.0,3e-05,28.11822515577078,-4.1679932527244095,-0.006181418110645609,0.0028895098,0.2,0.001318359375,16.206409454345703,0.0,1990,,,,,
409600,43.3572998046875,180.0,,,,,,,,,,,,,,,
409600,,,,,,,,,,,,,180.0,200,42.32178324,1483,276
410624,46.205101013183594,180.0,3e-05,29.126405093073846,-4.160359452664852,-0.011554158944272785,0.007545942,0.2,0.011865234375,19.377592086791992,0.0,2000,,,,,
411648,41.794898986816406,180.0,,,,,,,,,,,,,,,
412672,44.67401885986328,180.0,3e-05,29.263914005458354,-4.154239235818386,-0.009916680405876833,0.0053893398,0.2,0.011865234375,28.84156036376953,0.0,2010,,,,,
413696,44.527061462402344,180.0,,,,,,,,,,,,,,,
414720,41.82972717285156,180.0,3e-05,27.14556084573269,-4.149593661725521,-0.010556073406041833,0.0052470868,0.2,0.015673828125,9.799528121948242,-1.1920928955078125e-07,2020,,,,,
415744,42.734169006347656,180.0,,,,,,,,,,,,,,,
416768,42.974639892578125,180.0,3e-05,29.022161127626894,-4.142696109414101,-0.0109823074828455,0.005288968,0.2,0.008544921875,24.949087142944336,5.960464477539063e-08,2030,,,,,
417792,43.766300201416016,180.0,,,,,,,,,,,,,,,
418816,45.267982482910156,180.0,3e-05,30.229240547120572,-4.134068491309881,-0.008125229976212723,0.004671857,0.2,0.003857421875,17.658632278442383,0.0,2040,,,,,
419840,39.566341400146484,180.0,,,,,,,,,,,,,,,
420864,44.9639892578125,180.0,3e-05,29.770170798897745,-4.139014269411564,-0.011268499276047806,0.0054970486,0.2,0.020068359375,22.752439498901367,0.0,2050,,,,,
421888,43.05082702636719,180.0,,,,,,,,,,,,,,,
422912,41.8615837097168,180.0,3e-05,27.491126197576524,-4.155690385401249,-0.010233205310214544,0.0051624,0.2,0.018310546875,14.082300186157227,0.0,2060,,,,,
423936,46.99958038330078,180.0,,,,,,,,,,,,,,,
424960,47.54344177246094,180.0,3e-05,31.73522616773844,-4.168708358705044,-0.008475469706900185,0.0046704845,0.2,0.00380859375,22.151763916015625,0.0,2070,,,,,
425984,39.605812072753906,180.0,,,,,,,,,,,,,,,
427008,42.352020263671875,180.0,3e-05,31.46633018553257,-4.165505565702915,-0.012566570909984875,0.0059115314,0.2,0.025537109375,17.8670654296875,0.0,2080,,,,,
428032,45.630035400390625,180.0,,,,,,,,,,,,,,,
429056,40.97316360473633,180.0,3e-05,33.6383384436369,-4.151434284448624,-0.009479096024369938,0.004877167,0.2,0.013671875,29.742382049560547,0.0,2090,,,,,
430080,44.16020202636719,180.0,,,,,,,,,,,,,,,
430080,,,,,,,,,,,,,180.0,210,44.22387133999999,1555,276
431104,47.53714370727539,180.0,3e-05,26.445531284809114,-4.144827600568533,-0.0094598281695653,0.0048426273,0.2,0.008251953125,24.379146575927734,0.0,2100,,,,,
432128,48.17467498779297,180.0,,,,,,,,,,,,,,,
433152,41.65165710449219,180.0,3e-05,31.111550199985505,-4.129983052611351,-0.009164454955316615,0.0043082796,0.2,0.00732421875,19.780254364013672,0.0,2110,,,,,
434176,48.25885009765625,180.0,,,,,,,,,,,,,,,
435200,45.91682815551758,180.0,3e-05,32.11965642720461,-4.116751565784216,-0.0086301515231753,0.0039373497,0.2,0.008056640625,24.497068405151367,0.0,2120,,,,,
436224,45.18437194824219,180.0,,,,,,,,,,,,,,,
437248,46.388450622558594,180.0,3e-05,33.80667650848627,-4.141347479075193,-0.011253453149402048,0.005652976,0.2,0.010546875,24.634275436401367,0.0,2130,,,,,
438272,42.84002685546875,180.0,,,,,,,,,,,,,,,
439296,46.87950897216797,180.0,3e-05,28.324077299237253,-4.158518655598163,-0.012843325143876427,0.006179471,0.2,0.019482421875,17.517786026000977,0.0,2140,,,,,
440320,48.3421745300293,180.0,,,,,,,,,,,,,,,
441344,42.7936897277832,180.0,3e-05,30.032642976939677,-4.152318240702153,-0.007563109459806583,0.0040196925,0.2,0.0048828125,18.265241622924805,5.960464477539063e-08,2150,,,,,
442368,44.839317321777344,180.0,,,,,,,,,,,,,,,
443392,48.29396057128906,180.0,3e-05,29.345359653234482,-4.135137823224068,-0.00976177063275827,0.004991103,0.2,0.007275390625,25.535324096679688,0.0,2160,,,,,
444416,47.777809143066406,180.0,,,,,,,,,,,,,,,
445440,46.0261116027832,180.0,3e-05,30.098104880750178,-4.13819653019309,-0.008439944895508233,0.0042139003,0.2,0.0068359375,12.603348731994629,0.0,2170,,,,,
446464,41.73210144042969,180.0,,,,,,,,,,,,,,,
447488,42.25588607788086,180.0,3e-05,29.97460312396288,-4.152775560319424,-0.009746349745546468,0.0043995725,0.2,0.0185546875,12.171424865722656,5.960464477539063e-08,2180,,,,,
448512,45.418365478515625,180.0,,,,,,,,,,,,,,,
449536,40.78268814086914,180.0,3e-05,30.450462819635867,-4.163436751067638,-0.01053225817886414,0.005065256,0.2,0.021337890625,20.776813507080078,5.960464477539063e-08,2190,,,,,
450560,44.99639129638672,180.0,,,,,,,,,,,,,,,
450560,,,,,,,,,,,,,180.0,220,44.907090669999995,1626,276
451584,49.32341384887695,180.0,3e-05,28.826072296500207,-4.174730165302753,-0.010202620013660634,0.004819215,0.2,0.01484375,15.646589279174805,0.0,2200,,,,,
452608,45.84135055541992,180.0,,,,,,,,,,,,,,,
453632,50.91695785522461,180.0,3e-05,29.22838539779186,-4.182605140656233,-0.00750248677431955,0.0047196113,0.2,0.004638671875,10.009361267089844,0.0,2210,,,,,
454656,46.634864807128906,180.0,,,,,,,,,,,,,,,
455680,45.07927703857422,180.0,3e-05,29.457994988560678,-4.184934527426958,-0.00864573350372666,0.005178182,0.2,0.00693359375,31.451541900634766,0.0,2220,,,,,
456704,44.2177734375,180.0,,,,,,,,,,,,,,,
457728,46.277069091796875,180.0,3e-05,28.46645867526531,-4.183580942451954,-0.010047966655565687,0.0043309242,0.2,0.009375,17.686649322509766,0.0,2230,,,,,
458752,44.53993225097656,180.0,,,,,,,,,,,,,,,
459776,46.95288848876953,180.0,3e-05,32.23368272334337,-4.183919183909893,-0.009008321601504577,0.00400756,0.2,0.010791015625,16.14633560180664,0.0,2240,,,,,
460800,47.086326599121094,180.0,,,,,,,,,,,,,,,
461824,47.331504821777344,180.0,3e-05,30.944428031146526,-4.175716283917427,-0.011228546680649742,0.006168512,0.2,0.01455078125,26.55879783630371,5.960464477539063e-08,2250,,,,,
462848,41.16253662109375,180.0,,,,,,,,,,,,,,,
463872,41.919761657714844,180.0,3e-05,28.296594594419002,-4.159480752795934,-0.007580052558205352,0.0043594064,0.2,0.01494140625,20.80792236328125,0.0,2260,,,,,
464896,44.670372009277344,180.0,,,,,,,,,,,,,,,
465920,44.66400146484375,180.0,3e-05,31.48425980657339,-4.152068720012903,-0.008361035806592554,0.0034113852,0.2,0.005908203125,20.05552101135254,-1.1920928955078125e-07,2270,,,,,
466944,44.91938018798828,180.0,,,,,,,,,,,,,,,
467968,47.582820892333984,180.0,3e-05,30.581582686305048,-4.140457734465599,-0.009288650194503135,0.0055313073,0.2,0.01318359375,18.068395614624023,0.0,2280,,,,,
468992,43.15081024169922,180.0,,,,,,,,,,,,,,,
470016,43.88067626953125,180.0,3e-05,28.843468882143497,-4.134713920950889,-0.009741952347758343,0.0046740277,0.2,0.011279296875,21.299795150756836,0.0,2290,,,,,
471040,46.46104049682617,180.0,,,,,,,,,,,,,,,
471040,,,,,,,,,,,,,180.0,230,45.855282890000005,1698,277
472064,41.75064468383789,180.0,3e-05,28.905453572422267,-4.131113051623106,-0.009599005968630081,0.0052385572,0.2,0.018359375,27.190826416015625,-1.1920928955078125e-07,2300,,,,,
473088,40.16016387939453,180.0,,,,,,,,,,,,,,,
474112,48.88508987426758,180.0,3e-05,30.738876616954805,-4.136928383260965,-0.00986056166693743,0.0050972104,0.2,0.01474609375,24.379365921020508,-1.1920928955078125e-07,2310,,,,,
475136,41.75709533691406,180.0,,,,,,,,,,,,,,,
476160,41.025882720947266,180.0,3e-05,27.357763592898845,-4.136731646209955,-0.008279755219700747,0.0037836516,0.2,0.00576171875,17.734420776367188,0.0,2320,,,,,
477184,47.363407135009766,180.0,,,,,,,,,,,,,,,
478208,44.284786224365234,180.0,3e-05,27.44162532389164,-4.112638440728188,-0.014324785845383303,0.0074582286,0.2,0.02529296875,13.749054908752441,0.0,2330,,,,,
479232,43.920204162597656,180.0,,,,,,,,,,,,,,,
480256,42.88288116455078,180.0,3e-05,29.708151477575303,-4.10041809976101,-0.009919228711078176,0.005153917,0.2,0.0119140625,17.585525512695312,0.0,2340,,,,,
481280,48.99861145019531,180.0,,,,,,,,,,,,,,,
482304,45.822052001953125,180.0,3e-05,26.773952001333235,-4.0876649305224415,-0.009172056016541318,0.0051081395,0.2,0.00830078125,22.65658187866211,0.0,2350,,,,,
483328,48.51990509033203,180.0,,,,,,,,,,,,,,,
484352,51.43836975097656,180.0,3e-05,29.56641638725996,-4.090094430744648,-0.010102261596330209,0.005566663,0.2,0.013037109375,30.307815551757812,0.0,2360,,,,,
485376,43.060123443603516,180.0,,,,,,,,,,,,,,,
486400,42.34855270385742,180.0,3e-05,31.502285562455654,-4.100399497151375,-0.008836035838612588,0.0042864108,0.2,0.014697265625,22.0440616607666,-1.1920928955078125e-07,2370,,,,,
487424,45.76184844970703,180.0,,,,,,,,,,,,,,,
488448,50.933998107910156,180.0,3e-05,30.782614530622958,-4.100488066673279,-0.009901391149469418,0.005566605,0.2,0.00947265625,17.915708541870117,1.1920928955078125e-07,2380,,,,,
489472,44.191314697265625,180.0,,,,,,,,,,,,,,,
490496,41.43805694580078,180.0,3e-05,31.620343747735024,-4.095466380566359,-0.008272326725273161,0.0040796176,0.2,0.009130859375,13.648536682128906,0.0,2390,,,,,
491520,44.358741760253906,180.0,,,,,,,,,,,,,,,
491520,,,,,,,,,,,,,180.0,240,45.40371105,1770,277
492544,43.05699157714844,180.0,3e-05,29.571892669796945,-4.086423712223768,-0.009836295091736247,0.0058805123,0.2,0.007470703125,18.321842193603516,0.0,2400,,,,,
493568,44.75107192993164,180.0,,,,,,,,,,,,,,,
494592,44.14646911621094,180.0,3e-05,26.690970623493193,-4.08201617449522,-0.01168173805672268,0.006806173,0.2,0.021337890625,9.336669921875,0.0,2410,,,,,
495616,43.39910125732422,180.0,,,,,,,,,,,,,,,
496640,52.643470764160156,180.0,3e-05,30.433903796970846,-4.081090322136879,-0.008295346703380346,0.004359864,0.2,0.00400390625,19.839868545532227,0.0,2420,,,,,
497664,46.106353759765625,180.0,,,,,,,,,,,,,,,
498688,43.90380859375,180.0,3e-05,30.33040685504675,-4.085238355398178,-0.008214009757102759,0.0043659285,0.2,0.00732421875,19.258956909179688,0.0,2430,,,,,
499712,46.3662109375,180.0,,,,,,,,,,,,,,,
500736,42.74039077758789,180.0,3e-05,30.62405335456133,-4.096136831492186,-0.009960109339954216,0.0053916452,0.2,0.006005859375,34.4290885925293,0.0,2440,,,,,
501760,45.50310516357422,180.0,,,,,,,,,,,,,,,
502784,41.79964828491211,180.0,3e-05,31.491312892735003,-4.112416985630989,-0.009452679509558947,0.0052254237,0.2,0.006103515625,11.167994499206543,0.0,2450,,,,,
503808,47.91596221923828,180.0,,,,,,,,,,,,,,,
504832,41.51960754394531,180.0,3e-05,31.774840262532233,-4.109969676285982,-0.007633237915069912,0.0037907974,0.2,0.0041015625,14.268489837646484,0.0,2460,,,,,
505856,47.54018020629883,180.0,,,,,,,,,,,,,,,
506880,44.820247650146484,180.0,3e-05,31.09340889006853,-4.1043872751295565,-0.010389408236369491,0.0055387886,0.2,0.01103515625,26.078346252441406,0.0,2470,,,,,
507904,44.77687454223633,180.0,,,,,,,,,,,,,,,
508928,50.39057922363281,180.0,3e-05,28.863716866075993,-4.097529732435942,-0.007836481741105673,0.004609229,0.2,0.009814453125,28.17129898071289,0.0,2480,,,,,
509952,46.671470642089844,180.0,,,,,,,,,,,,,,,
510976,41.089256286621094,180.0,3e-05,30.812463933229445,-4.0847937420010565,-0.012614461640259833,0.0071531255,0.2,0.026513671875,27.49954605102539,0.0,2490,,,,,
512000,46.98573303222656,180.0,,,,,,,,,,,,,,,
512000,,,,,,,,,,,,,180.0,250,46.646863999999994,1841,278
513024,46.79443359375,180.0,3e-05,33.02675025165081,-4.083369879424572,-0.00849494171779952,0.0050219535,0.2,0.00400390625,18.239274978637695,0.0,2500,,,,,
514048,41.58824920654297,180.0,,,,,,,,,,,,,,,
515072,41.329994201660156,180.0,3e-05,29.688915909826754,-4.094371096044779,-0.008223737432490451,0.003961456,0.2,0.009228515625,23.361373901367188,5.960464477539063e-08,2510,,,,,
516096,46.681007385253906,180.0,,,,,,,,,,,,,,,
517120,44.73463439941406,180.0,3e-05,28.34209598749876,-4.094368910789489,-0.008230235882365378,0.0042347047,0.2,0.016748046875,18.385900497436523,0.0,2520,,,,,
518144,45.444522857666016,180.0,,,,,,,,,,,,,,,
519168,50.01457977294922,180.0,3e-05,29.340821239352227,-4.096886535733939,-0.010312551802053349,0.0066363574,0.2,0.008935546875,19.040773391723633,0.0,2530,,,,,
520192,50.068389892578125,180.0,,,,,,,,,,,,,,,
521216,48.743316650390625,180.0,3e-05,29.758372977375984,-4.096933922171592,-0.008907186141732382,0.0051783184,0.2,0.006689453125,19.185672760009766,0.0,2540,,,,,
522240,42.38469696044922,180.0,,,,,,,,,,,,,,,
523264,46.59980392456055,180.0,3e-05,33.506055164337155,-4.098614551872015,-0.010501549919717945,0.0065732435,0.2,0.00908203125,14.78665542602539,1.1920928955078125e-07,2550,,,,,
524288,49.742591857910156,180.0,,,,,,,,,,,,,,,
525312,47.37804412841797,180.0,3e-05,28.954451662302017,-4.107272025942803,-0.01256812557730882,0.005996544,0.2,0.023486328125,27.576595306396484,0.0,2560,,,,,
526336,49.30235290527344,180.0,,,,,,,,,,,,,,,
527360,45.97120666503906,180.0,3e-05,26.686759306490423,-4.102165339887142,-0.010985866130067735,0.006124581,0.2,0.015380859375,20.106664657592773,0.0,2570,,,,,
528384,49.31169509887695,180.0,,,,,,,,,,,,,,,
529408,49.1250114440918,180.0,3e-05,29.984246963262557,-4.093253932148218,-0.008593594920967007,0.004976207,0.2,0.008251953125,11.85998821258545,0.0,2580,,,,,
530432,45.132171630859375,180.0,,,,,,,,,,,,,,,
531456,46.122459411621094,180.0,3e-05,30.666580209136008,-4.089786097407341,-0.007955039287116961,0.004131102,0.2,0.010986328125,27.665904998779297,0.0,2590,,,,,
532480,48.993980407714844,180.0,,,,,,,,,,,,,,,
532480,,,,,,,,,,,,,180.0,260,46.72191261000001,1913,278
533504,41.44426727294922,180.0,3e-05,31.807601463794708,-4.0949102059006695,-0.009554246184416115,0.005216772,0.2,0.00791015625,21.555063247680664,0.0,2600,,,,,
534528,46.974853515625,180.0,,,,,,,,,,,,,,,
535552,43.640586853027344,180.0,3e-05,30.47076599448919,-4.098276571184397,-0.009451351075404091,0.0057607074,0.2,0.011767578125,13.158385276794434,0.0,2610,,,,,
536576,48.84149932861328,180.0,,,,,,,,,,,,,,,
537600,49.42448425292969,180.0,3e-05,30.64290618747473,-4.090138574689627,-0.007742790368865826,0.0037477217,0.2,0.00595703125,24.682615280151367,0.0,2620,,,,,
538624,44.87466049194336,180.0,,,,,,,,,,,,,,,
539648,50.07440185546875,180.0,3e-05,31.736082397401333,-4.084045355021954,-0.00959715373992367,0.005634075,0.2,0.012841796875,17.703271865844727,-1.1920928955078125e-07,2630,,,,,
540672,48.460384368896484,180.0,,,,,,,,,,,,,,,
541696,51.65607452392578,180.0,3e-05,29.906550250947475,-4.081687760353089,-0.010239265702330158,0.006092029,0.2,0.0072265625,19.155929565429688,0.0,2640,,,,,
542720,40.90350341796875,180.0,,,,,,,,,,,,,,,
543744,47.61394500732422,180.0,3e-05,30.355613781511785,-4.066280031949281,-0.0069707511196611446,0.003594311,0.2,0.00341796875,19.25029945373535,0.0,2650,,,,,
544768,45.056827545166016,180.0,,,,,,,,,,,,,,,
545792,40.13555908203125,180.0,3e-05,30.414929378032685,-4.057069777697325,-0.007586018378060544,0.0037104636,0.2,0.005322265625,23.320552825927734,-1.1920928955078125e-07,2660,,,,,
546816,43.47296142578125,180.0,,,,,,,,,,,,,,,
547840,46.384361267089844,180.0,3e-05,31.11546910703182,-4.062222544103861,-0.0086836842707271,0.0050782557,0.2,0.00810546875,21.173322677612305,-1.1920928955078125e-07,2670,,,,,
548864,45.627113342285156,180.0,,,,,,,,,,,,,,,
549888,42.90830612182617,180.0,3e-05,31.080453994870187,-4.065362978726625,-0.00870920775050763,0.0047878698,0.2,0.0044921875,24.164968490600586,0.0,2680,,,,,
550912,46.19481658935547,180.0,,,,,,,,,,,,,,,
551936,48.36455535888672,180.0,3e-05,29.199890133738517,-4.072165413200855,-0.00805010154035699,0.0043719774,0.2,0.009033203125,20.76241111755371,0.0,2690,,,,,
552960,39.9002799987793,180.0,,,,,,,,,,,,,,,
552960,,,,,,,,,,,,,180.0,270,46.35448613,1985,278
553984,48.499053955078125,180.0,3e-05,27.7343464627862,-4.079952497780323,-0.00815727450462873,0.004720262,0.2,0.01064453125,19.576900482177734,0.0,2700,,,,,
555008,48.20969009399414,180.0,,,,,,,,,,,,,,,
556032,49.143489837646484,180.0,3e-05,30.47835407704115,-4.085074707120657,-0.007643929567711894,0.0040107127,0.2,0.007470703125,17.70827293395996,0.0,2710,,,,,
557056,44.991485595703125,180.0,,,,,,,,,,,,,,,
558080,48.7310791015625,180.0,3e-05,31.12937111854553,-4.091092319786549,-0.009718767469530576,0.004949577,0.2,0.010302734375,18.536399841308594,0.0,2720,,,,,
559104,48.76811218261719,180.0,,,,,,,,,,,,,,,
560128,49.64200210571289,180.0,3e-05,29.68973124474287,-4.09314851090312,-0.008598679647911922,0.004164335,0.2,0.0083984375,26.547019958496094,5.960464477539063e-08,2730,,,,,
561152,46.24346923828125,180.0,,,,,,,,,,,,,,,
562176,46.614681243896484,180.0,3e-05,31.100654919445514,-4.085300678014756,-0.009065431503404397,0.0047318833,0.2,0.015234375,20.936323165893555,0.0,2740,,,,,
563200,44.019744873046875,180.0,,,,,,,,,,,,,,,
564224,43.807411193847656,180.0,3e-05,28.530080588161944,-4.067719841003418,-0.00792812640156626,0.004949758,0.2,0.003857421875,25.696186065673828,0.0,2750,,,,,
565248,46.685272216796875,180.0,,,,,,,,,,,,,,,
566272,45.036312103271484,180.0,3e-05,31.16268713772297,-4.0630655594170095,-0.01116341836459469,0.005460546,0.2,0.01572265625,16.467172622680664,5.960464477539063e-08,2760,,,,,
567296,49.89984130859375,180.0,,,,,,,,,,,,,,,
568320,46.90819549560547,180.0,3e-05,28.97198742479086,-4.070499637722969,-0.0080636189897632,0.0044999495,0.2,0.005615234375,16.23091697692871,5.960464477539063e-08,2770,,,,,
569344,46.648834228515625,180.0,,,,,,,,,,,,,,,
570368,49.41422653198242,180.0,3e-05,32.74975032508373,-4.073689745366574,-0.009047427253972274,0.004744688,0.2,0.005908203125,15.453993797302246,0.0,2780,,,,,
571392,50.60820770263672,180.0,,,,,,,,,,,,,,,
572416,38.62906265258789,180.0,3e-05,31.691719943284987,-4.072839439660311,-0.00842401194604463,0.004279631,0.2,0.010009765625,20.40993309020996,0.0,2790,,,,,
573440,43.736534118652344,180.0,,,,,,,,,,,,,,,
573440,,,,,,,,,,,,,180.0,280,46.568321020000006,2056,278
574464,48.69549560546875,180.0,3e-05,31.311625953018666,-4.06931207254529,-0.009325418798471218,0.0058049215,0.2,0.009521484375,17.218894958496094,0.0,2800,,,,,
575488,46.194766998291016,180.0,,,,,,,,,,,,,,,
576512,50.00214767456055,180.0,3e-05,29.507103149592876,-4.061883825063705,-0.0073320691961271224,0.0044139866,0.2,0.00595703125,19.283166885375977,0.0,2810,,,,,
577536,42.373085021972656,180.0,,,,,,,,,,,,,,,
578560,43.74367141723633,180.0,3e-05,28.600093176960947,-4.0560676150023935,-0.010309323672845493,0.006373964,0.2,0.00947265625,30.724979400634766,0.0,2820,,,,,
579584,50.465904235839844,180.0,,,,,,,,,,,,,,,
580608,47.617408752441406,180.0,3e-05,31.58831928521395,-4.042695864289999,-0.009939848983776756,0.005182511,0.2,0.019384765625,14.325982093811035,0.0,2830,,,,,
581632,48.19053649902344,180.0,,,,,,,,,,,,,,,
582656,41.499935150146484,180.0,3e-05,29.30450187176466,-4.043333947658539,-0.009070497145876289,0.00512514,0.2,0.014013671875,20.516450881958008,-1.1920928955078125e-07,2840,,,,,
583680,43.63312530517578,180.0,,,,,,,,,,,,,,,
584704,45.745567321777344,180.0,3e-05,29.99589195549488,-4.042749302834272,-0.009867042870610021,0.0044776206,0.2,0.020703125,16.018583297729492,0.0,2850,,,,,
585728,49.174076080322266,180.0,,,,,,,,,,,,,,,
586752,45.55664825439453,180.0,3e-05,32.849286551773545,-4.037831833958625,-0.008008064732712228,0.0050180014,0.2,0.0025390625,30.840599060058594,0.0,2860,,,,,
587776,47.00278091430664,180.0,,,,,,,,,,,,,,,
588800,49.6205940246582,180.0,3e-05,31.11001095920801,-4.036275243014098,-0.009786116456598392,0.0046138978,0.2,0.0107421875,19.180862426757812,0.0,2870,,,,,
589824,41.602317810058594,180.0,,,,,,,,,,,,,,,
590848,46.414527893066406,180.0,3e-05,32.573162072896956,-4.034234522283077,-0.007692016590044659,0.004876653,0.2,0.006884765625,23.698596954345703,0.0,2880,,,,,
591872,45.436492919921875,180.0,,,,,,,,,,,,,,,
592896,45.38788604736328,180.0,3e-05,33.94922268539667,-4.037072178721428,-0.009597055268386612,0.0060631717,0.2,0.010498046875,16.99488639831543,-1.1920928955078125e-07,2890,,,,,
593920,47.86030578613281,180.0,,,,,,,,,,,,,,,
593920,,,,,,,,,,,,,180.0,290,46.839728889999996,2128,279
594944,45.58476257324219,180.0,3e-05,34.76081998795271,-4.029801461100578,-0.00641275881389447,0.0035357787,0.2,0.007861328125,31.202503204345703,0.0,2900,,,,,
595968,47.15277099609375,180.0,,,,,,,,,,,,,,,
596992,43.30493927001953,180.0,3e-05,31.609550102055074,-4.029467552900314,-0.009291634928013081,0.0051806844,0.2,0.013134765625,28.45114517211914,0.0,2910,,,,,
598016,47.944366455078125,180.0,,,,,,,,,,,,,,,
599040,47.39291763305664,180.0,3e-05,30.718710839748383,-4.035731592029333,-0.007627741787655395,0.003998153,0.2,0.00810546875,24.376832962036133,-1.1920928955078125e-07,2920,,,,,
600064,49.97347640991211,180.0,,,,,,,,,,,,,,,
601088,49.113914489746094,180.0,3e-05,30.015417832136155,-4.024449688941241,-0.00834052573700319,0.003911012,0.2,0.006005859375,19.624740600585938,1.1920928955078125e-07,2930,,,,,
602112,45.957096099853516,180.0,,,,,,,,,,,,,,,
603136,47.20604705810547,180.0,3e-05,31.006713074445724,-4.004020280763507,-0.008344338653114392,0.005301548,0.2,0.013330078125,23.649736404418945,0.0,2940,,,,,
604160,43.398101806640625,180.0,,,,,,,,,,,,,,,
605184,50.93883514404297,180.0,3e-05,31.101611170172692,-4.0012743961066,-0.006791121849892079,0.0034523676,0.2,0.003466796875,8.94566822052002,5.960464477539063e-08,2950,,,,,
606208,44.117950439453125,180.0,,,,,,,,,,,,,,,
607232,48.644798278808594,180.0,3e-05,29.011200605332853,-4.015559383481741,-0.009485953219700605,0.005280629,0.2,0.015625,25.84284019470215,0.0,2960,,,,,
608256,46.77616882324219,180.0,,,,,,,,,,,,,,,
609280,44.24513244628906,180.0,3e-05,31.237433896958827,-4.016716048866511,-0.007811253581166966,0.0045634303,0.2,0.00341796875,30.18033218383789,0.0,2970,,,,,
610304,43.01287841796875,180.0,,,,,,,,,,,,,,,
611328,44.26886749267578,180.0,3e-05,30.796224829554557,-4.013946912437677,-0.008338748216920067,0.0049962993,0.2,0.0103515625,21.812646865844727,0.0,2980,,,,,
612352,47.40145492553711,180.0,,,,,,,,,,,,,,,
613376,53.31365203857422,180.0,3e-05,31.673981809616087,-3.99754394069314,-0.007041179280349752,0.004425131,0.2,0.008203125,24.688718795776367,0.0,2990,,,,,
614400,40.272884368896484,180.0,,,,,,,,,,,,,,,
614400,,,,,,,,,,,,,180.0,300,47.4489293,2199,279
615424,48.10580062866211,180.0,3e-05,30.708880236744882,-3.9898544393479822,-0.009046589423815022,0.0053452337,0.2,0.00712890625,18.6248836517334,0.0,3000,,,,,
616448,44.49988555908203,180.0,,,,,,,,,,,,,,,
617472,46.08171844482422,180.0,3e-05,32.65297130644321,-3.993962923437357,-0.007672373553577927,0.003998131,0.2,0.00771484375,30.83942985534668,-1.1920928955078125e-07,3010,,,,,
618496,54.13085174560547,180.0,,,,,,,,,,,,,,,
619520,51.929073333740234,180.0,3e-05,28.519594684243202,-3.998703907430172,-0.009477265639361576,0.0060181464,0.2,0.013525390625,16.596216201782227,0.0,3020,,,,,
620544,47.58226776123047,180.0,,,,,,,,,,,,,,,
621568,50.579551696777344,180.0,3e-05,27.322481328248976,-3.9940140310674908,-0.008128234686591896,0.00401214,0.2,0.019775390625,15.260741233825684,5.960464477539063e-08,3030,,,,,
622592,47.11651611328125,180.0,,,,,,,,,,,,,,,
623616,52.675537109375,180.0,3e-05,28.72976433932781,-3.9961086809635162,-0.0075727390565589305,0.0043899156,0.2,0.0044921875,23.154144287109375,0.0,3040,,,,,
624640,46.87836837768555,180.0,,,,,,,,,,,,,,,
625664,43.10981750488281,180.0,3e-05,31.111880096793175,-3.9947892747819425,-0.008860013531375444,0.0051081134,0.2,0.0123046875,15.0930757522583,0.0,3050,,,,,
626688,49.128746032714844,180.0,,,,,,,,,,,,,,,
627712,44.206878662109375,180.0,3e-05,28.260123193264008,-4.010704739764333,-0.009016039143534726,0.005907019,0.2,0.017919921875,13.725443840026855,0.0,3060,,,,,
628736,48.6428108215332,180.0,,,,,,,,,,,,,,,
629760,44.37098693847656,180.0,3e-05,34.843959061801435,-4.016153911501169,-0.008258016553736525,0.0041968212,0.2,0.006591796875,18.53054428100586,0.0,3070,,,,,
630784,45.610626220703125,180.0,,,,,,,,,,,,,,,
631808,44.4769287109375,180.0,3e-05,33.413013787567614,-4.024991737306118,-0.008055072677598219,0.0044115745,0.2,0.009521484375,22.27967071533203,0.0,3080,,,,,
632832,48.25597381591797,180.0,,,,,,,,,,,,,,,
633856,46.90561294555664,180.0,3e-05,32.132507513463494,-4.027006502449512,-0.010250558334155358,0.0067693964,0.2,0.0154296875,24.39533805847168,0.0,3090,,,,,
634880,52.086421966552734,180.0,,,,,,,,,,,,,,,
634880,,,,,,,,,,,,,180.0,310,47.62259451,2271,279
635904,46.9468879699707,180.0,3e-05,34.188294322788714,-4.018886601924896,-0.007205712543509435,0.003272499,0.2,0.00771484375,20.354347229003906,0.0,3100,,,,,
636928,46.37705993652344,180.0,,,,,,,,,,,,,,,
637952,46.129554748535156,180.0,3e-05,28.857731784880162,-4.02105043232441,-0.007421784400321485,0.0042880494,0.2,0.00859375,26.86797523498535,0.0,3110,,,,,
638976,42.081180572509766,180.0,,,,,,,,,,,,,,,
640000,49.5612907409668,180.0,3e-05,31.220051957666875,-4.022324564307928,-0.008751027732796502,0.005207396,0.2,0.009033203125,24.503740310668945,5.960464477539063e-08,3120,,,,,
641024,48.909759521484375,180.0,,,,,,,,,,,,,,,
642048,47.25347900390625,180.0,3e-05,31.09086597263813,-4.019905233383179,-0.009261644217622234,0.0060137818,0.2,0.009423828125,14.707340240478516,0.0,3130,,,,,
643072,44.75636291503906,180.0,,,,,,,,,,,,,,,
644096,48.57120895385742,180.0,3e-05,30.083732701838017,-4.010388740152121,-0.008295121070113964,0.004870384,0.2,0.00517578125,15.074301719665527,0.0,3140,,,,,
645120,45.93352508544922,180.0,,,,,,,,,,,,,,,
646144,46.441837310791016,180.0,3e-05,34.41885925680399,-4.014255526661873,-0.011100922806508606,0.0069572153,0.2,0.0125,29.640357971191406,0.0,3150,,,,,
647168,46.922698974609375,180.0,,,,,,,,,,,,,,,
648192,45.356903076171875,180.0,3e-05,28.173905180394648,-4.020307347178459,-0.007283412529068301,0.004229348,0.2,0.008984375,20.9770565032959,0.0,3160,,,,,
649216,46.61406707763672,180.0,,,,,,,,,,,,,,,
650240,48.034629821777344,180.0,3e-05,31.55668563246727,-4.014228047430516,-0.00844181209067756,0.004857151,0.2,0.004638671875,27.839879989624023,0.0,3170,,,,,
651264,50.242027282714844,180.0,,,,,,,,,,,,,,,
652288,50.93133544921875,180.0,3e-05,30.99198171198368,-4.022634641826153,-0.0064417820121889235,0.0043529132,0.2,0.006787109375,25.33026123046875,0.0,3180,,,,,
653312,50.62641906738281,180.0,,,,,,,,,,,,,,,
654336,50.20734405517578,180.0,3e-05,32.33712542057037,-4.026864024251699,-0.008062368589162362,0.0052696858,0.2,0.00859375,22.140872955322266,0.0,3190,,,,,
655360,44.79549026489258,180.0,,,,,,,,,,,,,,,
655360,,,,,,,,,,,,,180.0,320,48.92344376999999,2343,279
656384,49.678585052490234,180.0,3e-05,33.88098291605711,-4.032524418830872,-0.00803979414049536,0.0047719628,0.2,0.009619140625,19.513368606567383,0.0,3200,,,,,
657408,47.42057800292969,180.0,,,,,,,,,,,,,,,
658432,43.85444641113281,180.0,3e-05,33.97161653637886,-4.0239687889814375,-0.009971996597960242,0.0065293126,0.2,0.010888671875,14.757376670837402,-1.1920928955078125e-07,3210,,,,,
659456,42.26256561279297,180.0,,,,,,,,,,,,,,,
660480,48.80268859863281,180.0,3e-05,32.094164402782916,-4.009643552452326,-0.006945988736151776,0.004195437,0.2,0.00810546875,23.51343536376953,0.0,3220,,,,,
661504,46.297733306884766,180.0,,,,,,,,,,,,,,,
662528,49.60717010498047,180.0,3e-05,32.55075594633818,-4.006336157768965,-0.00811111397051718,0.0054341247,0.2,0.00966796875,23.075157165527344,0.0,3230,,,,,
663552,48.8389892578125,180.0,,,,,,,,,,,,,,,
664576,43.90938186645508,180.0,3e-05,33.13523928821087,-4.001084616780281,-0.006134874517010757,0.004156401,0.2,0.006103515625,16.984567642211914,0.0,3240,,,,,
665600,47.75381851196289,180.0,,,,,,,,,,,,,,,
666624,47.953224182128906,180.0,3e-05,32.63908925354481,-4.005599970370531,-0.009017025175126037,0.0059550134,0.2,0.00703125,14.803926467895508,-1.1920928955078125e-07,3250,,,,,
667648,47.24177932739258,180.0,,,,,,,,,,,,,,,
668672,43.826568603515625,180.0,3e-05,32.058077085018155,-4.010752016305924,-0.006447314343677135,0.0035040874,0.2,0.005517578125,25.81059455871582,0.0,3260,,,,,
669696,54.819908142089844,180.0,,,,,,,,,,,,,,,
670720,46.30864715576172,180.0,3e-05,32.66886654794216,-4.006189875304699,-0.006533272351953201,0.003542673,0.2,0.00439453125,13.80764102935791,0.0,3270,,,,,
671744,53.1685791015625,180.0,,,,,,,,,,,,,,,
672768,50.93528747558594,180.0,3e-05,31.89486496448517,-3.997687788680196,-0.006796413741540164,0.0046315556,0.2,0.006298828125,29.99846839904785,0.0,3280,,,,,
673792,43.526798248291016,180.0,,,,,,,,,,,,,,,
674816,46.03736877441406,180.0,3e-05,31.02958649247885,-3.992463221400976,-0.00872084328730125,0.0057283705,0.2,0.00927734375,24.339221954345703,-1.1920928955078125e-07,3290,,,,,
675840,51.74311828613281,180.0,,,,,,,,,,,,,,,
675840,,,,,,,,,,,,,180.0,330,49.04467004,2414,279
676864,49.89677429199219,180.0,3e-05,30.94453719705343,-3.9963262237608435,-0.009349086574729881,0.005675412,0.2,0.014599609375,20.757095336914062,-1.1920928955078125e-07,3300,,,,,
677888,48.715511322021484,180.0,,,,,,,,,,,,,,,
678912,48.316444396972656,180.0,3e-05,29.253747862577438,-4.004831355065107,-0.008858009237519582,0.0048938086,0.2,0.0107421875,25.938079833984375,-1.1920928955078125e-07,3310,,,,,
679936,43.873008728027344,180.0,,,,,,,,,,,,,,,
680960,47.16314697265625,180.0,3e-05,30.516390255093576,-4.012667056173086,-0.008707491986933746,0.005258752,0.2,0.00927734375,28.148929595947266,0.0,3320,,,,,
681984,50.05554962158203,180.0,,,,,,,,,,,,,,,
683008,43.56468963623047,180.0,3e-05,31.244956514239313,-4.014101358503103,-0.008048856577806874,0.0043205586,0.2,0.011181640625,31.557340621948242,0.0,3330,,,,,
684032,49.199790954589844,180.0,,,,,,,,,,,,,,,
685056,46.567562103271484,180.0,3e-05,30.829498320817947,-3.9970169331878425,-0.007805141649805591,0.005114358,0.2,0.007568359375,28.717382431030273,0.0,3340,,,,,
686080,46.54165267944336,180.0,,,,,,,,,,,,,,,
687104,45.18999481201172,180.0,3e-05,34.04548791795969,-3.9933262053877114,-0.007530595698699472,0.0047982205,0.2,0.006396484375,18.88355827331543,0.0,3350,,,,,
688128,44.88559341430664,180.0,,,,,,,,,,,,,,,
689152,51.33460235595703,180.0,3e-05,29.5143795222044,-3.992071865871549,-0.008661743371703778,0.0054391446,0.2,0.007666015625,24.0795955657959,0.0,3360,,,,,
690176,49.66080093383789,180.0,,,,,,,,,,,,,,,
691200,49.98583984375,180.0,3e-05,33.90103893578053,-3.979631642252207,-0.007344737838138826,0.0043940917,0.2,0.005859375,20.174020767211914,0.0,3370,,,,,
692224,47.68724060058594,180.0,,,,,,,,,,,,,,,
693248,45.41676330566406,180.0,3e-05,29.351075331866742,-3.980417358502746,-0.008410005650875973,0.005195704,0.2,0.008154296875,17.5216121673584,0.0,3380,,,,,
694272,49.809879302978516,180.0,,,,,,,,,,,,,,,
695296,46.839576721191406,180.0,3e-05,31.338167977333068,-3.981209073588252,-0.009888412964210147,0.006597996,0.2,0.00986328125,16.299545288085938,-1.1920928955078125e-07,3390,,,,,
696320,52.61114501953125,180.0,,,,,,,,,,,,,,,
696320,,,,,,,,,,,,,180.0,340,47.23349874,2486,280
697344,44.901023864746094,180.0,3e-05,29.709981118142604,-3.971388951689005,-0.008361974407671368,0.0057682036,0.2,0.015283203125,21.186656951904297,0.0,3400,,,,,
698368,46.93308639526367,180.0,,,,,,,,,,,,,,,
699392,50.66635513305664,180.0,3e-05,33.218972532451154,-3.9669565476477144,-0.008979822758192313,0.005242574,0.2,0.014453125,20.552865982055664,-1.1920928955078125e-07,3410,,,,,
700416,49.831146240234375,180.0,,,,,,,,,,,,,,,
701440,50.300662994384766,180.0,3e-05,29.36177752763033,-3.958132125809789,-0.006894803274553852,0.0040026014,0.2,0.004736328125,22.571332931518555,5.960464477539063e-08,3420,,,,,
702464,43.783287048339844,180.0,,,,,,,,,,,,,,,
703488,48.45549774169922,180.0,3e-05,33.71930368989706,-3.9520128834992647,-0.007247517046198482,0.0045844587,0.2,0.00498046875,22.69266700744629,0.0,3430,,,,,
704512,46.72394561767578,180.0,,,,,,,,,,,,,,,
705536,50.67512512207031,180.0,3e-05,28.540319237113,-3.954993550851941,-0.007381202276883414,0.003939527,0.2,0.00546875,21.895618438720703,0.0,3440,,,,,
706560,51.696434020996094,180.0,,,,,,,,,,,,,,,
707584,52.02910614013672,180.0,3e-05,31.18206926137209,-3.960501703247428,-0.01023061913838319,0.005564596,0.2,0.017236328125,15.574239730834961,0.0,3450,,,,,
708608,46.374900817871094,180.0,,,,,,,,,,,,,,,
709632,46.5041618347168,180.0,3e-05,33.3106500685215,-3.963871393352747,-0.008131589438926312,0.0050638523,0.2,0.007373046875,27.307409286499023,0.0,3460,,,,,
710656,49.87046813964844,180.0,,,,,,,,,,,,,,,
711680,43.71250915527344,180.0,3e-05,31.523553325235845,-3.9538904879242183,-0.010011175620456924,0.00550997,0.2,0.015673828125,28.61765480041504,0.0,3470,,,,,
712704,48.048065185546875,180.0,,,,,,,,,,,,,,,
713728,47.15598678588867,180.0,3e-05,32.23190964609385,-3.952873695269227,-0.008957013126200763,0.0056157014,0.2,0.011328125,30.622974395751953,0.0,3480,,,,,
714752,51.57501983642578,180.0,,,,,,,,,,,,,,,
715776,45.20890426635742,180.0,3e-05,33.518362395465374,-3.955067889764905,-0.010889633402621257,0.0068922415,0.2,0.01171875,30.664915084838867,-1.1920928955078125e-07,3490,,,,,
716800,47.2560920715332,180.0,,,,,,,,,,,,,,,
716800,,,,,,,,,,,,,180.0,350,47.96574759999999,2557,280
717824,47.70111846923828,180.0,3e-05,30.347472915053366,-3.9500681784003975,-0.008734974561230046,0.005354788,0.2,0.007177734375,30.35735511779785,0.0,3500,,,,,
718848,51.07928466796875,180.0,,,,,,,,,,,,,,,
719872,46.85111999511719,180.0,3e-05,32.05518467277288,-3.9389514677226543,-0.009045773828984239,0.006372426,0.2,0.00859375,15.793107032775879,0.0,3510,,,,,
720896,49.68865203857422,180.0,,,,,,,,,,,,,,,
721920,46.374969482421875,180.0,3e-05,32.03736182749272,-3.947442637756467,-0.010415384792577243,0.005434486,0.2,0.0208984375,12.923277854919434,0.0,3520,,,,,
722944,51.507415771484375,180.0,,,,,,,,,,,,,,,
723968,48.56580352783203,180.0,3e-05,31.195189639925957,-3.959179838374257,-0.008180295810598181,0.0052190404,0.2,0.01337890625,23.811279296875,0.0,3530,,,,,
724992,50.90081024169922,180.0,,,,,,,,,,,,,,,
726016,43.2041015625,180.0,3e-05,29.328388537466527,-3.9605854745954274,-0.007109915295222891,0.0050074114,0.2,0.00400390625,18.747955322265625,0.0,3540,,,,,
727040,49.94461441040039,180.0,,,,,,,,,,,,,,,
728064,43.37322998046875,180.0,3e-05,30.12102657854557,-3.964310498163104,-0.008292563063514535,0.0046614716,0.2,0.008447265625,16.03421974182129,0.0,3550,,,,,
729088,51.72883987426758,180.0,,,,,,,,,,,,,,,
730112,55.21599578857422,180.0,3e-05,31.35243862569332,-3.962896863371134,-0.005808614263150958,0.0036467845,0.2,0.00546875,28.69369125366211,0.0,3560,,,,,
731136,48.33869552612305,180.0,,,,,,,,,,,,,,,
732160,45.31372833251953,180.0,3e-05,30.657575376331806,-3.9700437385588883,-0.0065423599313362505,0.0039213104,0.2,0.003271484375,37.349578857421875,0.0,3570,,,,,
733184,50.100589752197266,180.0,,,,,,,,,,,,,,,
734208,44.08747863769531,180.0,3e-05,33.18150571733713,-3.9726649787276984,-0.005775289420853369,0.003001425,0.2,0.00439453125,22.500581741333008,0.0,3580,,,,,
735232,52.717384338378906,180.0,,,,,,,,,,,,,,,
736256,49.1971435546875,180.0,3e-05,34.18799842745066,-3.9637615215033293,-0.008757524190150434,0.005581967,0.2,0.022998046875,40.17613983154297,0.0,3590,,,,,
737280,51.635467529296875,180.0,,,,,,,,,,,,,,,
737280,,,,,,,,,,,,,180.0,360,48.69868136,2623,281
738304,50.31837463378906,180.0,3e-05,31.17846417427063,-3.964565309137106,-0.007051776333901217,0.004535498,0.2,0.006689453125,21.511322021484375,-1.1920928955078125e-07,3600,,,,,
739328,47.15458679199219,180.0,,,,,,,,,,,,,,,
740352,44.94635009765625,180.0,3e-05,29.623839443922044,-3.9714286983013154,-0.009368292908766307,0.004247213,0.2,0.014111328125,17.28713607788086,0.0,3610,,,,,
741376,46.098350524902344,180.0,,,,,,,,,,,,,,,
742400,50.891029357910156,180.0,3e-05,27.354066123068332,-3.9747979026287794,-0.0075115425695912565,0.0045666825,0.2,0.004638671875,25.844804763793945,0.0,3620,,,,,
743424,46.43865966796875,180.0,,,,,,,,,,,,,,,
744448,47.71332931518555,180.0,3e-05,31.568816097080706,-3.980555268749595,-0.012939373012341094,0.007948891,0.2,0.021044921875,15.045910835266113,0.0,3630,,,,,
745472,46.53382873535156,180.0,,,,,,,,,,,,,,,
746496,44.24008560180664,180.0,3e-05,31.874599121510983,-3.9843828212469816,-0.006113876900053583,0.004025764,0.2,0.002490234375,24.459623336791992,0.0,3640,,,,,
747520,48.074684143066406,180.0,,,,,,,,,,,,,,,
748544,52.06327819824219,180.0,3e-05,34.66313975155354,-3.9763985108584166,-0.007113486701564397,0.00475706,0.2,0.003759765625,30.065475463867188,0.0,3650,,,,,
749568,47.503387451171875,180.0,,,,,,,,,,,,,,,
750592,46.85472869873047,180.0,3e-05,29.896854349970816,-3.9865347165614367,-0.012584446166147244,0.0070266714,0.2,0.014501953125,25.47493553161621,0.0,3660,,,,,
751616,51.52412033081055,180.0,,,,,,,,,,,,,,,
752640,52.85755920410156,180.0,3e-05,30.239488752186297,-4.012125953286886,-0.010274875419418095,0.005206176,0.2,0.018896484375,16.641902923583984,0.0,3670,,,,,
753664,43.638206481933594,180.0,,,,,,,,,,,,,,,
754688,50.804954528808594,180.0,3e-05,32.05081180632114,-4.020575547218323,-0.009345076351382885,0.0055254684,0.2,0.0203125,30.95014190673828,0.0,3680,,,,,
755712,45.10130310058594,180.0,,,,,,,,,,,,,,,
756736,43.54920196533203,180.0,3e-05,31.027741323411465,-4.022159206867218,-0.007529142070779926,0.0044700755,0.2,0.00654296875,30.065950393676758,-1.1920928955078125e-07,3690,,,,,
757760,45.43821716308594,180.0,,,,,,,,,,,,,,,
757760,,,,,,,,,,,,,180.0,370,47.99211028999999,2687,281
758784,48.22627258300781,180.0,3e-05,33.49632925391197,-4.014421880990267,-0.007559919255800196,0.0040707756,0.2,0.01142578125,25.798797607421875,-1.1920928955078125e-07,3700,,,,,
759808,46.69409942626953,180.0,,,,,,,,,,,,,,,
760832,54.663841247558594,180.0,3e-05,31.52962142676115,-4.007179798930883,-0.009892010666953865,0.0057260585,0.2,0.02099609375,11.767029762268066,0.0,3710,,,,,
761856,47.37746810913086,180.0,,,,,,,,,,,,,,,
762880,48.24039077758789,180.0,3e-05,32.10042689740658,-4.004312336444855,-0.007913548712531337,0.00460676,0.2,0.009033203125,23.11941909790039,0.0,3720,,,,,
763904,45.611934661865234,180.0,,,,,,,,,,,,,,,
764928,46.003360748291016,180.0,3e-05,31.826085355877876,-4.001900301873684,-0.008844660962495254,0.0051693516,0.2,0.009765625,24.113019943237305,0.0,3730,,,,,
765952,52.499610900878906,180.0,,,,,,,,,,,,,,,
766976,46.980525970458984,180.0,3e-05,32.58852750658989,-4.006166958063841,-0.0074468379618338075,0.003771923,0.2,0.0091796875,20.187517166137695,0.0,3740,,,,,
768000,54.03295135498047,180.0,,,,,,,,,,,,,,,
769024,53.119606018066406,180.0,3e-05,28.14692429304123,-4.010538896173239,-0.008372149539354723,0.004241972,0.2,0.00478515625,16.95752716064453,0.0,3750,,,,,
770048,50.7950325012207,180.0,,,,,,,,,,,,,,,
771072,49.19474792480469,180.0,3e-05,31.24579547792673,-4.0137717634439465,-0.006890029054920888,0.0039502988,0.2,0.0052734375,26.678876876831055,0.0,3760,,,,,
772096,50.93584442138672,180.0,,,,,,,,,,,,,,,
773120,45.249412536621094,180.0,3e-05,31.22940861284733,-4.013215435296297,-0.006044615033169975,0.0043068035,0.2,0.003759765625,21.678613662719727,0.0,3770,,,,,
774144,47.5828971862793,180.0,,,,,,,,,,,,,,,
775168,48.340511322021484,180.0,3e-05,30.833584582805635,-4.00862618163228,-0.006910560699179768,0.004666374,0.2,0.00341796875,19.6934871673584,5.960464477539063e-08,3780,,,,,
776192,51.22144317626953,180.0,,,,,,,,,,,,,,,
777216,49.375762939453125,180.0,3e-05,34.9718914732337,-4.011906395107507,-0.00853747013679822,0.0052613267,0.2,0.009814453125,23.346067428588867,0.0,3790,,,,,
778240,47.36041259765625,180.0,,,,,,,,,,,,,,,
778240,,,,,,,,,,,,,180.0,380,47.264026359999995,2752,282
779264,44.911460876464844,180.0,3e-05,30.52145942300558,-4.008947028964758,-0.008894005829642993,0.0042592827,0.2,0.0076171875,23.610633850097656,-1.1920928955078125e-07,3800,,,,,
780288,44.42859649658203,180.0,,,,,,,,,,,,,,,
781312,46.863956451416016,180.0,3e-05,30.802567709982394,-4.010158987343312,-0.00809890865093621,0.004787295,0.2,0.01455078125,18.34624671936035,5.960464477539063e-08,3810,,,,,
782336,51.82524108886719,180.0,,,,,,,,,,,,,,,
783360,48.34019470214844,180.0,3e-05,29.760369503498076,-4.014862833917141,-0.00945369839137129,0.006618709,0.2,0.01357421875,20.444929122924805,0.0,3820,,,,,
784384,45.93165588378906,180.0,,,,,,,,,,,,,,,
785408,47.017112731933594,180.0,3e-05,34.03126388788223,-4.006707662716508,-0.009058937203371897,0.0053895693,0.2,0.009765625,18.73098373413086,0.0,3830,,,,,
786432,52.051849365234375,180.0,,,,,,,,,,,,,,,
787456,45.423439025878906,180.0,3e-05,34.46648506522179,-4.006253836676478,-0.006133329802833032,0.004764993,0.2,0.007470703125,18.82862091064453,0.0,3840,,,,,
788480,48.579322814941406,180.0,,,,,,,,,,,,,,,
789504,45.71059799194336,180.0,3e-05,34.74282749146223,-4.010264877229929,-0.006379809576719709,0.0038631416,0.2,0.0029296875,22.037418365478516,0.0,3850,,,,,
790528,52.197914123535156,180.0,,,,,,,,,,,,,,,
791552,46.47776412963867,180.0,3e-05,31.292907467484476,-4.004493388533592,-0.005663049351642258,0.00332915,0.2,0.005810546875,11.60849380493164,5.960464477539063e-08,3860,,,,,
792576,52.11181640625,180.0,,,,,,,,,,,,,,,
793600,50.86912536621094,180.0,3e-05,33.643072184920314,-3.99808662943542,-0.008844120829962776,0.00486854,0.2,0.01484375,22.429447174072266,0.0,3870,,,,,
794624,48.066253662109375,180.0,,,,,,,,,,,,,,,
795648,47.685543060302734,180.0,3e-05,32.03562396913767,-3.989673050493002,-0.007887311588274316,0.0046567586,0.2,0.0068359375,26.029020309448242,0.0,3880,,,,,
796672,42.760074615478516,180.0,,,,,,,,,,,,,,,
797696,46.04197692871094,180.0,3e-05,32.10328108817339,-3.980327773094177,-0.0073578272891609234,0.004641616,0.2,0.01142578125,28.587512969970703,0.0,3890,,,,,
798720,45.86912536621094,180.0,,,,,,,,,,,,,,,
798720,,,,,,,,,,,,,180.0,390,48.50050929000001,2817,283
799744,46.042030334472656,180.0,3e-05,31.21513079404831,-3.976708360761404,-0.009223663174634567,0.004593499,0.2,0.017041015625,18.506385803222656,0.0,3900,,,,,
800768,53.5015869140625,180.0,,,,,,,,,,,,,,,
