eval/mean_reward,time/total_timesteps,eval/mean_ep_length,train/approx_kl,train/policy_gradient_loss,train/value_loss,train/learning_rate,train/entropy_loss,train/clip_range,train/explained_variance,train/loss,train/n_updates,train/clip_fraction,time/time_elapsed,time/iterations,rollout/ep_len_mean,rollout/ep_rew_mean,time/fps
14.808615684509277,1024,180.0,,,,,,,,,,,,,,,
14.719141006469727,2048,180.0,,,,,,,,,,,,,,,
15.063901901245117,3072,180.0,0.023413755,-0.03678592089418089,41.272951409220695,0.0003,-5.868211922049523,0.2,-0.0002090930938720703,10.856952667236328,10,0.406201171875,,,,,
14.927087783813477,4096,180.0,,,,,,,,,,,,,,,
14.1159029006958,5120,180.0,0.023491997,-0.034294970452901904,42.52691677808762,0.0003,-5.848203775286675,0.2,0.0,19.51886749267578,20,0.37001953125,,,,,
14.026558876037598,6144,180.0,,,,,,,,,,,,,,,
14.236722946166992,7168,180.0,0.025080116,-0.036819659113825766,41.739424359798434,0.0003,-5.829263705015182,0.2,0.0,13.329174995422363,30,0.37841796875,,,,,
14.34968090057373,8192,180.0,,,,,,,,,,,,,,,
15.438396453857422,9216,180.0,0.02389208,-0.03601185833795171,37.26559080481529,0.0003,-5.80137067437172,0.2,0.0,15.848666191101074,40,0.353369140625,,,,,
14.660619735717773,10240,180.0,,,,,,,,,,,,,,,
13.764833450317383,11264,180.0,0.02292397,-0.04081928786908975,42.36178562045097,0.0003,-5.77345659583807,0.2,0.0,30.599746704101562,50,0.383349609375,,,,,
14.341995239257812,12288,180.0,,,,,,,,,,,,,,,
14.193619728088379,13312,180.0,0.02269091,-0.038546341318578925,43.55138911008835,0.0003,-5.755200806260109,0.2,-1.1920928955078125e-07,22.085756301879883,60,0.364892578125,,,,,
13.616865158081055,14336,180.0,,,,,,,,,,,,,,,
15.922357559204102,15360,180.0,0.022613492,-0.03675645037437789,36.7017164349556,0.0003,-5.743158239126205,0.2,0.0,18.034717559814453,70,0.368212890625,,,,,
13.732865333557129,16384,180.0,,,,,,,,,,,,,,,
13.78146743774414,17408,180.0,0.025765767,-0.03645611991960322,44.468778896331784,0.0003,-5.738908116519451,0.2,0.0,23.2429141998291,80,0.356982421875,,,,,
14.994183540344238,18432,180.0,,,,,,,,,,,,,,,
14.650198936462402,19456,180.0,0.021287972,-0.03434303105896106,42.13768711984157,0.0003,-5.724837408959866,0.2,0.0,22.6022891998291,90,0.36513671875,,,,,
16.404592514038086,20480,180.0,,,,,,,,,,,,,,,
,20480,,,,,,,,,,,,69,10,180.0,14.376938419999998,293
13.473224639892578,21504,180.0,0.020875119,-0.03472396182114608,35.67018583118916,0.0003,-5.708945611119271,0.2,0.0,13.713801383972168,100,0.332958984375,,,,,
15.502151489257812,22528,180.0,,,,,,,,,,,,,,,
15.727235794067383,23552,180.0,0.022013102,-0.03320427951694001,47.29171279668808,0.0003,-5.671901865303516,0.2,0.0,29.638477325439453,110,0.32490234375,,,,,
16.037445068359375,24576,180.0,,,,,,,,,,,,,,,
15.099462509155273,25600,180.0,0.022383688,-0.03824765826502698,43.08553544580936,0.0003,-5.626861822605133,0.2,0.0,17.31703758239746,120,0.35869140625,,,,,
14.98794937133789,26624,180.0,,,,,,,,,,,,,,,
14.904783248901367,27648,180.0,0.022235662,-0.03649063643097179,38.85751633048058,0.0003,-5.597367924451828,0.2,0.0,28.918062210083008,130,0.37041015625,,,,,
15.715592384338379,28672,180.0,,,,,,,,,,,,,,,
13.80191421508789,29696,180.0,0.021456778,-0.030272341449745,49.51160396933555,0.0003,-5.563636656105518,0.2,0.0,20.00260353088379,140,0.314892578125,,,,,
15.05394172668457,30720,180.0,,,,,,,,,,,,,,,
14.695371627807617,31744,180.0,0.022481903,-0.03858331036899472,34.90202394127846,0.0003,-5.524414268136025,0.2,-1.1920928955078125e-07,26.05255889892578,150,0.365234375,,,,,
17.210861206054688,32768,180.0,,,,,,,,,,,,,,,
15.572360038757324,33792,180.0,0.022721628,-0.036314308270812036,30.513441640138627,0.0003,-5.487959557771683,0.2,0.0,13.652015686035156,160,0.333544921875,,,,,
14.817953109741211,34816,180.0,,,,,,,,,,,,,,,
15.705698013305664,35840,180.0,0.021363243,-0.035199922051106114,44.303441661596295,0.0003,-5.471448090672493,0.2,0.0,14.007243156433105,170,0.3599609375,,,,,
15.723069190979004,36864,180.0,,,,,,,,,,,,,,,
17.32662010192871,37888,180.0,0.022259613,-0.03471091136525502,38.89708853662014,0.0003,-5.459771201014519,0.2,0.0,26.684297561645508,180,0.3318359375,,,,,
15.354976654052734,38912,180.0,,,,,,,,,,,,,,,
15.665412902832031,39936,180.0,0.019638596,-0.03440230758860707,53.30289008617401,0.0003,-5.4349901750683784,0.2,0.0,18.843069076538086,190,0.33740234375,,,,,
17.751262664794922,40960,180.0,,,,,,,,,,,,,,,
,40960,,,,,,,,,,,,140,20,180.0,15.794017840000002,292
18.189321517944336,41984,180.0,0.019682342,-0.03188984435691964,38.14917531609535,0.0003,-5.394396014511585,0.2,0.0,10.21867847442627,200,0.32373046875,,,,,
16.290233612060547,43008,180.0,,,,,,,,,,,,,,,
17.45637321472168,44032,180.0,0.020687673,-0.028928725981677415,39.04017153978348,0.0003,-5.345777757465839,0.2,0.0,8.505146980285645,210,0.325146484375,,,,,
19.084049224853516,45056,180.0,,,,,,,,,,,,,,,
17.41253662109375,46080,180.0,0.021912215,-0.03372138250269927,40.83520306348801,0.0003,-5.353681914508343,0.2,-1.1920928955078125e-07,19.301929473876953,220,0.334765625,,,,,
18.168668746948242,47104,180.0,,,,,,,,,,,,,,,
16.253599166870117,48128,180.0,0.020998457,-0.03339195851440309,42.23683859407902,0.0003,-5.328838185966015,0.2,1.1920928955078125e-07,8.867697715759277,230,0.344873046875,,,,,
16.79121208190918,49152,180.0,,,,,,,,,,,,,,,
17.166828155517578,50176,180.0,0.022496635,-0.0393233789189253,36.2078367382288,0.0003,-5.262917730212211,0.2,0.0,20.97481918334961,240,0.366748046875,,,,,
17.23477554321289,51200,180.0,,,,,,,,,,,,,,,
18.28980255126953,52224,180.0,0.020407252,-0.036430408977321346,38.54471777379513,0.0003,-5.204996210336685,0.2,0.0,19.48057746887207,250,0.3541015625,,,,,
17.916032791137695,53248,180.0,,,,,,,,,,,,,,,
16.775930404663086,54272,180.0,0.02023313,-0.03351761989906663,42.27180363535881,0.0003,-5.153865507245063,0.2,0.0,35.52916717529297,260,0.33330078125,,,,,
20.14186668395996,55296,180.0,,,,,,,,,,,,,,,
18.246173858642578,56320,180.0,0.021423217,-0.03544367397553287,32.817759457230565,0.0003,-5.132210157811642,0.2,0.0,14.877882957458496,270,0.329296875,,,,,
18.63910484313965,57344,180.0,,,,,,,,,,,,,,,
18.238269805908203,58368,180.0,0.019267041,-0.030020076748041902,33.880580484867096,0.0003,-5.086262236535549,0.2,1.1920928955078125e-07,14.310924530029297,280,0.302685546875,,,,,
17.663494110107422,59392,180.0,,,,,,,,,,,,,,,
19.210296630859375,60416,180.0,0.017518606,-0.02811830833670683,41.105072379112244,0.0003,-5.030300644040108,0.2,-2.384185791015625e-07,17.80050277709961,290,0.29775390625,,,,,
19.64612579345703,61440,180.0,,,,,,,,,,,,,,,
,61440,,,,,,,,,,,,211,30,180.0,17.64762087,291
17.125062942504883,62464,180.0,0.01720709,-0.02989803012314951,46.40637235045433,0.0003,-5.036481548845768,0.2,-1.1920928955078125e-07,26.157482147216797,300,0.29375,,,,,
21.854995727539062,63488,180.0,,,,,,,,,,,,,,,
22.534908294677734,64512,180.0,0.017985296,-0.027978120654734085,40.84193669259548,0.0003,-4.992645248770714,0.2,1.1920928955078125e-07,25.153186798095703,310,0.27890625,,,,,
18.998577117919922,65536,180.0,,,,,,,,,,,,,,,
22.055126190185547,66560,180.0,0.02039497,-0.031172186443291137,44.09682146906853,0.0003,-4.904343402385711,0.2,0.0,18.266372680664062,320,0.327392578125,,,,,
19.57278823852539,67584,180.0,,,,,,,,,,,,,,,
22.386137008666992,68608,180.0,0.020072315,-0.029933047358645125,34.58115457892418,0.0003,-4.902377639710903,0.2,-1.1920928955078125e-07,21.149438858032227,330,0.294775390625,,,,,
21.12931251525879,69632,180.0,,,,,,,,,,,,,,,
21.609283447265625,70656,180.0,0.018689334,-0.02739566677046241,41.291224697232245,0.0003,-4.875213052332401,0.2,0.0,20.39339828491211,340,0.3001953125,,,,,
22.597949981689453,71680,180.0,,,,,,,,,,,,,,,
22.815631866455078,72704,180.0,0.020210167,-0.03137005480966763,40.31095373630524,0.0003,-4.841304154694081,0.2,0.0,16.727493286132812,350,0.292236328125,,,,,
22.04313087463379,73728,180.0,,,,,,,,,,,,,,,
23.04762077331543,74752,180.0,0.01984511,-0.02727473232916964,39.655756095051764,0.0003,-4.734135353565216,0.2,0.0,16.181127548217773,360,0.31728515625,,,,,
22.01355743408203,75776,180.0,,,,,,,,,,,,,,,
22.380508422851562,76800,180.0,0.016255729,-0.0219954646890983,41.537548744678496,0.0003,-4.679593133926391,0.2,1.1920928955078125e-07,26.82325553894043,370,0.2525390625,,,,,
23.908649444580078,77824,180.0,,,,,,,,,,,,,,,
25.294231414794922,78848,180.0,0.018852066,-0.02498008082911838,38.01744364798069,0.0003,-4.612858858704567,0.2,0.0,22.23777198791504,380,0.257421875,,,,,
20.069063186645508,79872,180.0,,,,,,,,,,,,,,,
28.0794734954834,80896,180.0,0.014837521,-0.02045960969408043,42.455291932821275,0.0003,-4.551712688803673,0.2,0.0,22.048824310302734,390,0.226806640625,,,,,
27.34354019165039,81920,180.0,,,,,,,,,,,,,,,
,81920,,,,,,,,,,,,282,40,180.0,23.1082701,290
27.94974136352539,82944,180.0,0.018168243,-0.025126811720838305,41.69996660351753,0.0003,-4.475142100453377,0.2,0.0,17.793685913085938,400,0.260498046875,,,,,
27.67493438720703,83968,180.0,,,,,,,,,,,,,,,
28.04421615600586,84992,180.0,0.018684596,-0.025507039071817415,42.12100291252136,0.0003,-4.413005040585995,0.2,0.0,18.347780227661133,410,0.285595703125,,,,,
24.270294189453125,86016,180.0,,,,,,,,,,,,,,,
22.48859405517578,87040,180.0,0.017108053,-0.024383909215976017,31.217443135380744,0.0003,-4.467795233428478,0.2,0.0,6.737203121185303,420,0.21953125,,,,,
26.27251434326172,88064,180.0,,,,,,,,,,,,,,,
25.340290069580078,89088,180.0,0.019094344,-0.027853992722521072,43.81013008654118,0.0003,-4.409616969525814,0.2,0.0,39.026817321777344,430,0.32314453125,,,,,
26.873600006103516,90112,180.0,,,,,,,,,,,,,,,
31.250774383544922,91136,180.0,0.018254284,-0.022258229230646975,47.89324203133583,0.0003,-4.383895367383957,0.2,0.0,17.87906265258789,440,0.238134765625,,,,,
30.130760192871094,92160,180.0,,,,,,,,,,,,,,,
30.58816146850586,93184,180.0,0.016768385,-0.023448194997035897,40.777649879455566,0.0003,-4.305248206853866,0.2,1.1920928955078125e-07,20.83075714111328,450,0.2568359375,,,,,
34.54991149902344,94208,180.0,,,,,,,,,,,,,,,
31.2614803314209,95232,180.0,0.019934874,-0.02843447495397413,44.70576152205467,0.0003,-4.283325611054897,0.2,-1.1920928955078125e-07,20.68738555908203,460,0.29716796875,,,,,
31.237220764160156,96256,180.0,,,,,,,,,,,,,,,
33.19221496582031,97280,180.0,0.016897667,-0.022423384482681285,34.57421832680702,0.0003,-4.161047461628914,0.2,0.0,15.23364543914795,470,0.2388671875,,,,,
38.45716857910156,98304,180.0,,,,,,,,,,,,,,,
33.6358528137207,99328,180.0,0.01639051,-0.02474584951705765,39.782651650905606,0.0003,-4.041259031742811,0.2,0.0,21.12752342224121,480,0.264501953125,,,,,
35.57065200805664,100352,180.0,,,,,,,,,,,,,,,
34.37396240234375,101376,180.0,0.017505042,-0.0243321396279498,42.614718028903006,0.0003,-4.038263435661793,0.2,0.0,21.315902709960938,490,0.24599609375,,,,,
39.452613830566406,102400,180.0,,,,,,,,,,,,,,,
,102400,,,,,,,,,,,,353,50,180.0,30.77364391,289
34.84259033203125,103424,180.0,0.014454208,-0.0192661421635421,48.15801560282707,0.0003,-4.011679124087095,0.2,0.0,28.006940841674805,500,0.211083984375,,,,,
38.058807373046875,104448,180.0,,,,,,,,,,,,,,,
35.36409378051758,105472,180.0,0.017153228,-0.019260083355766254,44.57929490506649,0.0003,-3.9721268378198147,0.2,1.7881393432617188e-07,26.69322395324707,510,0.228564453125,,,,,
39.43743133544922,106496,180.0,,,,,,,,,,,,,,,
41.22010040283203,107520,180.0,0.016333122,-0.0200006576749729,47.50317012667656,0.0003,-4.018751762062311,0.2,5.960464477539063e-08,26.233474731445312,520,0.209716796875,,,,,
39.05485153198242,108544,180.0,,,,,,,,,,,,,,,
39.390907287597656,109568,180.0,0.016613137,-0.017827922313153978,40.51334825754166,0.0003,-3.9389372400939466,0.2,1.7881393432617188e-07,26.605504989624023,530,0.205859375,,,,,
37.1583137512207,110592,180.0,,,,,,,,,,,,,,,
43.62140655517578,111616,180.0,0.017429434,-0.02340691032586619,45.097542548179625,0.0003,-3.8103043399751186,0.2,1.7881393432617188e-07,14.575421333312988,540,0.259912109375,,,,,
41.40473175048828,112640,180.0,,,,,,,,,,,,,,,
38.1364860534668,113664,180.0,0.016354827,-0.015863441716646776,43.01579447984695,0.0003,-3.7268810264766215,0.2,-1.1920928955078125e-07,24.034053802490234,550,0.17451171875,,,,,
46.268394470214844,114688,180.0,,,,,,,,,,,,,,,
41.23564910888672,115712,180.0,0.014122825,-0.018008809877210298,40.741356909275055,0.0003,-3.7402529664337636,0.2,-1.1920928955078125e-07,19.987281799316406,560,0.18388671875,,,,,
40.46098709106445,116736,180.0,,,,,,,,,,,,,,,
41.30302047729492,117760,180.0,0.018083693,-0.019207342254230753,44.866370701789855,0.0003,-3.7524843014776708,0.2,-1.1920928955078125e-07,13.168061256408691,570,0.201171875,,,,,
44.87060546875,118784,180.0,,,,,,,,,,,,,,,
45.282859802246094,119808,180.0,0.014954209,-0.018594893022964243,46.88010366559028,0.0003,-3.674448956549168,0.2,-1.1920928955078125e-07,22.0101261138916,580,0.2125,,,,,
46.60182189941406,120832,180.0,,,,,,,,,,,,,,,
41.92839431762695,121856,180.0,0.01680785,-0.018040740188007477,42.70799454450607,0.0003,-3.736670423299074,0.2,0.0,33.734622955322266,590,0.1943359375,,,,,
45.39376449584961,122880,180.0,,,,,,,,,,,,,,,
,122880,,,,,,,,,,,,424,60,180.0,42.0870358,289
48.8046875,123904,180.0,0.013387002,-0.01696305283549009,40.0022576034069,0.0003,-3.7221600376069546,0.2,1.7881393432617188e-07,22.785432815551758,600,0.199658203125,,,,,
44.311866760253906,124928,180.0,,,,,,,,,,,,,,,
43.66082763671875,125952,180.0,0.014265504,-0.01821348944940837,46.9210810482502,0.0003,-3.6368276670575144,0.2,-1.1920928955078125e-07,26.786760330200195,610,0.187646484375,,,,,
47.50983428955078,126976,180.0,,,,,,,,,,,,,,,
45.04344177246094,128000,180.0,0.012466205,-0.01875424925237894,41.36356425881386,0.0003,-3.6872065111994745,0.2,0.0,24.384445190429688,620,0.1943359375,,,,,
46.771263122558594,129024,180.0,,,,,,,,,,,,,,,
47.775413513183594,130048,180.0,0.019722572,-0.018693972183973527,42.3789146065712,0.0003,-3.6186598643660544,0.2,-2.384185791015625e-07,18.859479904174805,630,0.2009765625,,,,,
45.504066467285156,131072,180.0,,,,,,,,,,,,,,,
45.7432975769043,132096,180.0,0.01667652,-0.022090443667548244,47.04788634777069,0.0003,-3.6569555565714835,0.2,0.0,28.706132888793945,640,0.23671875,,,,,
45.99417495727539,133120,180.0,,,,,,,,,,,,,,,
49.5048942565918,134144,180.0,0.016857605,-0.01762966035603313,42.82852350473404,0.0003,-3.494326129555702,0.2,0.0,19.054912567138672,650,0.220703125,,,,,
48.242958068847656,135168,180.0,,,,,,,,,,,,,,,
49.410789489746094,136192,180.0,0.013976956,-0.01869007191271521,48.28787266612053,0.0003,-3.4980144053697586,0.2,0.0,20.81427764892578,660,0.19404296875,,,,,
53.326446533203125,137216,180.0,,,,,,,,,,,,,,,
52.502994537353516,138240,180.0,0.013102784,-0.01629523647861788,51.08446670174599,0.0003,-3.4398261360824107,0.2,-1.1920928955078125e-07,37.39306640625,670,0.173291015625,,,,,
52.780364990234375,139264,180.0,,,,,,,,,,,,,,,
54.985626220703125,140288,180.0,0.018339079,-0.015569967895862647,39.88600441813469,0.0003,-3.3230102814733984,0.2,0.0,18.138076782226562,680,0.174267578125,,,,,
53.30766296386719,141312,180.0,,,,,,,,,,,,,,,
54.01508712768555,142336,180.0,0.019454915,-0.01950048637809232,45.74828179478645,0.0003,-3.385658559948206,0.2,-1.1920928955078125e-07,28.542255401611328,690,0.19306640625,,,,,
55.238067626953125,143360,180.0,,,,,,,,,,,,,,,
,143360,,,,,,,,,,,,495,70,180.0,49.04540001,289
57.82378387451172,144384,180.0,0.015109163,-0.01977012430143077,50.535795253515246,0.0003,-3.471993462741375,0.2,0.0,26.345836639404297,700,0.21982421875,,,,,
53.53602981567383,145408,180.0,,,,,,,,,,,,,,,
49.95909881591797,146432,180.0,0.018360179,-0.018587295021279714,51.64600341916084,0.0003,-3.5851835504174234,0.2,0.0,18.988615036010742,710,0.2162109375,,,,,
53.02031707763672,147456,180.0,,,,,,,,,,,,,,,
54.69152069091797,148480,180.0,0.01429844,-0.01725977793466882,56.98604469299316,0.0003,-3.6204693906009195,0.2,0.0,30.62374496459961,720,0.19384765625,,,,,
54.52973175048828,149504,180.0,,,,,,,,,,,,,,,
57.24564743041992,150528,180.0,0.01637346,-0.01510109639930306,46.73696135282516,0.0003,-3.641396288573742,0.2,0.0,29.43709945678711,730,0.193896484375,,,,,
56.135833740234375,151552,180.0,,,,,,,,,,,,,,,
59.081024169921875,152576,180.0,0.017419163,-0.018063794942281674,47.64656789898872,0.0003,-3.6384914234280585,0.2,5.960464477539063e-08,27.71192741394043,740,0.21865234375,,,,,
54.74518585205078,153600,180.0,,,,,,,,,,,,,,,
57.290557861328125,154624,180.0,0.020159762,-0.01616098113445332,63.23014069199562,0.0003,-3.5656335234642027,0.2,0.0,36.366600036621094,750,0.18056640625,,,,,
59.47364044189453,155648,180.0,,,,,,,,,,,,,,,
59.5611572265625,156672,180.0,0.0150249675,-0.014065638433385175,50.86583583950996,0.0003,-3.566497053951025,0.2,-1.1920928955078125e-07,30.016855239868164,760,0.156640625,,,,,
56.9735107421875,157696,180.0,,,,,,,,,,,,,,,
57.83527374267578,158720,180.0,0.015911218,-0.020136630041815807,50.92677402496338,0.0003,-3.577665450423956,0.2,0.0,36.504825592041016,770,0.2314453125,,,,,
63.99601745605469,159744,180.0,,,,,,,,,,,,,,,
58.57548522949219,160768,180.0,0.0152662005,-0.01292433289854671,50.57477845549583,0.0003,-3.528145742416382,0.2,5.960464477539063e-08,30.643400192260742,780,0.15703125,,,,,
63.17673873901367,161792,180.0,,,,,,,,,,,,,,,
62.13496017456055,162816,180.0,0.0153266825,-0.01145933856460033,44.3132659137249,0.0003,-3.5174020268023014,0.2,0.0,15.841836929321289,790,0.180810546875,,,,,
61.19554138183594,163840,180.0,,,,,,,,,,,,,,,
,163840,,,,,,,,,,,,564,80,180.0,57.64227997,290
59.720558166503906,164864,180.0,0.0151827345,-0.016476104420144112,50.96771188378334,0.0003,-3.5565828792750835,0.2,0.0,17.237966537475586,800,0.2087890625,,,,,
63.41649627685547,165888,180.0,,,,,,,,,,,,,,,
57.46702194213867,166912,180.0,0.014306301,-0.014522369610494934,60.68646279573441,0.0003,-3.597232084721327,0.2,5.960464477539063e-08,20.191484451293945,810,0.184619140625,,,,,
61.91504669189453,167936,180.0,,,,,,,,,,,,,,,
57.66862106323242,168960,180.0,0.015812036,-0.014569825977378058,52.29941489100456,0.0003,-3.6065594129264356,0.2,0.0,16.354312896728516,820,0.204931640625,,,,,
61.66771697998047,169984,180.0,,,,,,,,,,,,,,,
63.663055419921875,171008,180.0,0.013601555,-0.013182143816084135,47.35520034432411,0.0003,-3.602024744451046,0.2,5.960464477539063e-08,27.233592987060547,830,0.176025390625,,,,,
56.94969940185547,172032,180.0,,,,,,,,,,,,,,,
66.54039001464844,173056,180.0,0.014333442,-0.011472110824252013,51.32100549936295,0.0003,-3.569398806989193,0.2,5.960464477539063e-08,28.24288558959961,840,0.15634765625,,,,,
61.689979553222656,174080,180.0,,,,,,,,,,,,,,,
63.053409576416016,175104,180.0,0.013745001,-0.016243108364869842,52.31332828402519,0.0003,-3.540986901521683,0.2,0.0,32.49065017700195,850,0.202734375,,,,,
67.81297302246094,176128,180.0,,,,,,,,,,,,,,,
69.95849609375,177152,180.0,0.016637396,-0.01896670185669791,51.616043984889984,0.0003,-3.526507106423378,0.2,0.0,16.93487548828125,860,0.226318359375,,,,,
63.870025634765625,178176,180.0,,,,,,,,,,,,,,,
62.152198791503906,179200,180.0,0.011869862,-0.01031093286437681,58.03356713652611,0.0003,-3.4765290834009646,0.2,0.0,14.115092277526855,870,0.137548828125,,,,,
68.62088012695312,180224,180.0,,,,,,,,,,,,,,,
63.20702362060547,181248,180.0,0.01694911,-0.011285152742493665,54.03895514905453,0.0003,-3.480755477398634,0.2,0.0,35.806087493896484,880,0.1658203125,,,,,
65.52040100097656,182272,180.0,,,,,,,,,,,,,,,
66.27581024169922,183296,180.0,0.015704483,-0.016774742399866226,50.956923824548724,0.0003,-3.4658473461866377,0.2,5.960464477539063e-08,21.015165328979492,890,0.2181640625,,,,,
66.90972137451172,184320,180.0,,,,,,,,,,,,,,,
,184320,,,,,,,,,,,,637,90,180.0,64.22224211,288
71.64600372314453,185344,180.0,0.013962082,-0.01617778469226323,46.67455998659134,0.0003,-3.445293615758419,0.2,0.0,32.15436553955078,900,0.21279296875,,,,,
69.7822036743164,186368,180.0,,,,,,,,,,,,,,,
69.67726135253906,187392,180.0,0.016077563,-0.012826639757258817,55.03852519989014,0.0003,-3.4417246714234353,0.2,0.0,20.599977493286133,910,0.16513671875,,,,,
70.93724060058594,188416,180.0,,,,,,,,,,,,,,,
70.43047332763672,189440,180.0,0.016125722,-0.01287018245930085,48.00352820754051,0.0003,-3.4283684842288493,0.2,5.960464477539063e-08,23.895132064819336,920,0.176806640625,,,,,
71.53204345703125,190464,180.0,,,,,,,,,,,,,,,
70.26832580566406,191488,180.0,0.013195061,-0.011546855836058967,45.51369072198868,0.0003,-3.4388510145246984,0.2,-1.1920928955078125e-07,18.128562927246094,930,0.168359375,,,,,
67.73575592041016,192512,180.0,,,,,,,,,,,,,,,
69.20182037353516,193536,180.0,0.014220085,-0.010731769505218836,54.394544929265976,0.0003,-3.4302690267562865,0.2,0.0,30.803791046142578,940,0.164794921875,,,,,
71.4059066772461,194560,180.0,,,,,,,,,,,,,,,
70.80262756347656,195584,180.0,0.01621052,-0.01223302629441605,49.07386105060577,0.0003,-3.42922061085701,0.2,-1.1920928955078125e-07,25.35830307006836,950,0.1982421875,,,,,
69.64810180664062,196608,180.0,,,,,,,,,,,,,,,
75.34359741210938,197632,180.0,0.015748298,-0.013358253531623631,46.4079647898674,0.0003,-3.3582101285457613,0.2,0.0,21.34430694580078,960,0.16474609375,,,,,
71.19415283203125,198656,180.0,,,,,,,,,,,,,,,
68.50291442871094,199680,180.0,0.012918113,-0.014381085387140047,44.8922660112381,0.0003,-3.372463974356651,0.2,5.960464477539063e-08,29.04424476623535,970,0.167822265625,,,,,
69.44673156738281,200704,180.0,,,,,,,,,,,,,,,
67.08377075195312,201728,180.0,0.014640723,-0.014540504511387553,40.538067162036896,0.0003,-3.3595109693706036,0.2,0.0,23.07806396484375,980,0.214501953125,,,,,
71.17284393310547,202752,180.0,,,,,,,,,,,,,,,
72.76046752929688,203776,180.0,0.016619258,-0.015121913111943285,48.97835108339787,0.0003,-3.4068400457501413,0.2,0.0,31.503637313842773,990,0.202392578125,,,,,
70.63826751708984,204800,180.0,,,,,,,,,,,,,,,
,204800,,,,,,,,,,,,707,100,180.0,70.7946989,289
71.93651580810547,205824,180.0,0.013995608,-0.009501831044326536,43.64594694375992,0.0003,-3.4189169093966485,0.2,0.0,16.311737060546875,1000,0.1244140625,,,,,
70.52262878417969,206848,180.0,,,,,,,,,,,,,,,
73.29353332519531,207872,180.0,0.016313732,-0.008314532983058598,45.1190441608429,0.0003,-3.406763981282711,0.2,-1.1920928955078125e-07,20.975563049316406,1010,0.13232421875,,,,,
75.67213439941406,208896,180.0,,,,,,,,,,,,,,,
73.74272155761719,209920,180.0,0.011193008,-0.009132186174247181,49.334623605012894,0.0003,-3.403319826722145,0.2,0.0,16.385540008544922,1020,0.132470703125,,,,,
73.03954315185547,210944,180.0,,,,,,,,,,,,,,,
68.47259521484375,211968,180.0,0.013569947,-0.012999288534047082,56.359841173887254,0.0003,-3.4446767568588257,0.2,5.960464477539063e-08,28.000490188598633,1030,0.165966796875,,,,,
70.5466537475586,212992,180.0,,,,,,,,,,,,,,,
71.3856201171875,214016,180.0,0.01592359,-0.012750158298149471,49.16099054813385,0.0003,-3.4205845020711423,0.2,0.0,19.169939041137695,1040,0.187255859375,,,,,
72.41246795654297,215040,180.0,,,,,,,,,,,,,,,
78.38825225830078,216064,180.0,0.01619369,-0.014852543192682787,50.68259797692299,0.0003,-3.4481164686381818,0.2,5.960464477539063e-08,26.760038375854492,1050,0.178369140625,,,,,
72.92957305908203,217088,180.0,,,,,,,,,,,,,,,
68.8412857055664,218112,180.0,0.015102576,-0.013109857708332128,57.163331574201585,0.0003,-3.447780590504408,0.2,0.0,35.890953063964844,1060,0.189404296875,,,,,
71.86784362792969,219136,180.0,,,,,,,,,,,,,,,
72.75811767578125,220160,180.0,0.015555382,-0.010279256666399306,53.738363122940065,0.0003,-3.451638736575842,0.2,-1.1920928955078125e-07,16.077564239501953,1070,0.174169921875,,,,,
75.97193908691406,221184,180.0,,,,,,,,,,,,,,,
73.70455169677734,222208,180.0,0.017657213,-0.013359412446880015,51.64951328635216,0.0003,-3.438796792179346,0.2,0.0,25.36702537536621,1080,0.199560546875,,,,,
74.39651489257812,223232,180.0,,,,,,,,,,,,,,,
77.64398956298828,224256,180.0,0.015667927,-0.01211358887667302,57.996101915836334,0.0003,-3.4210641838610174,0.2,0.0,34.56345748901367,1090,0.169189453125,,,,,
76.56388854980469,225280,180.0,,,,,,,,,,,,,,,
,225280,,,,,,,,,,,,774,110,180.0,73.06745032,290
72.81199645996094,226304,180.0,0.0153369345,-0.011725325100996997,47.10441120862961,0.0003,-3.4340032622218133,0.2,-1.1920928955078125e-07,24.243358612060547,1100,0.147412109375,,,,,
75.45093536376953,227328,180.0,,,,,,,,,,,,,,,
75.19100952148438,228352,180.0,0.014155813,-0.01234447106398875,48.33579736351967,0.0003,-3.441143935918808,0.2,-1.1920928955078125e-07,17.658113479614258,1110,0.187060546875,,,,,
74.048583984375,229376,180.0,,,,,,,,,,,,,,,
70.975341796875,230400,180.0,0.013979933,-0.011508378035796341,57.117461431026456,0.0003,-3.409751479327679,0.2,5.960464477539063e-08,20.527551651000977,1120,0.146826171875,,,,,
74.61158752441406,231424,180.0,,,,,,,,,,,,,,,
77.97591400146484,232448,180.0,0.016531475,-0.011629965959582479,53.229044222831725,0.0003,-3.401089782267809,0.2,-1.1920928955078125e-07,38.54195022583008,1130,0.1876953125,,,,,
71.7351303100586,233472,180.0,,,,,,,,,,,,,,,
75.70930480957031,234496,180.0,0.015067888,-0.01333558690676,49.49771278500557,0.0003,-3.4058770962059497,0.2,0.0,31.160541534423828,1140,0.15498046875,,,,,
75.69976806640625,235520,180.0,,,,,,,,,,,,,,,
79.24311828613281,236544,180.0,0.01526946,-0.010027377514052204,50.49905241131783,0.0003,-3.4331734634935858,0.2,0.0,26.304101943969727,1150,0.148388671875,,,,,
75.48151397705078,237568,180.0,,,,,,,,,,,,,,,
75.34487915039062,238592,180.0,0.015307525,-0.009678442146105226,50.70876168608665,0.0003,-3.3896292947232722,0.2,0.0,27.047943115234375,1160,0.15029296875,,,,,
75.06614685058594,239616,180.0,,,,,,,,,,,,,,,
74.72013092041016,240640,180.0,0.014813173,-0.01114391845476348,46.009611344337465,0.0003,-3.3610467545688154,0.2,0.0,38.53530502319336,1170,0.164892578125,,,,,
78.95967102050781,241664,180.0,,,,,,,,,,,,,,,
74.37309265136719,242688,180.0,0.014456969,-0.011752396066731308,47.3034429371357,0.0003,-3.3761989802122114,0.2,-1.1920928955078125e-07,28.843992233276367,1180,0.157421875,,,,,
73.33828735351562,243712,180.0,,,,,,,,,,,,,,,
74.50936889648438,244736,180.0,0.013115618,-0.011961208267894107,51.86170271039009,0.0003,-3.406855798512697,0.2,0.0,23.725608825683594,1190,0.1685546875,,,,,
76.5305404663086,245760,180.0,,,,,,,,,,,,,,,
,245760,,,,,,,,,,,,839,120,180.0,76.67447357,292
75.61744689941406,246784,180.0,0.015438394,-0.010336648806696758,51.56282711029053,0.0003,-3.387101163715124,0.2,0.0,30.045862197875977,1200,0.145751953125,,,,,
75.84417724609375,247808,180.0,,,,,,,,,,,,,,,
80.89229583740234,248832,180.0,0.014140505,-0.00946946064941585,49.95278791189194,0.0003,-3.3961769714951515,0.2,0.0,24.846370697021484,1210,0.130419921875,,,,,
77.67425537109375,249856,180.0,,,,,,,,,,,,,,,
75.28751373291016,250880,180.0,0.015966147,-0.012665655596356374,51.867887085676195,0.0003,-3.3908039085566997,0.2,-1.1920928955078125e-07,13.947122573852539,1220,0.195654296875,,,,,
78.46759033203125,251904,180.0,,,,,,,,,,,,,,,
78.97300720214844,252928,180.0,0.015989363,-0.016186059694155118,47.67529804110527,0.0003,-3.395694326609373,0.2,0.0,34.01810836791992,1230,0.222998046875,,,,,
77.32939910888672,253952,180.0,,,,,,,,,,,,,,,
78.85601806640625,254976,180.0,0.015553594,-0.011893722515378614,47.13730866312981,0.0003,-3.3958885103464125,0.2,0.0,22.420156478881836,1240,0.168603515625,,,,,
77.34950256347656,256000,180.0,,,,,,,,,,,,,,,
77.25005340576172,257024,180.0,0.014440941,-0.014309627789771184,56.71953435540199,0.0003,-3.3981422260403633,0.2,0.0,9.246137619018555,1250,0.197314453125,,,,,
76.05371856689453,258048,180.0,,,,,,,,,,,,,,,
79.34957122802734,259072,180.0,0.016184142,-0.012221525864151771,55.61976629495621,0.0003,-3.4076529197394847,0.2,0.0,39.73705291748047,1260,0.175390625,,,,,
77.96382141113281,260096,180.0,,,,,,,,,,,,,,,
75.01220703125,261120,180.0,0.017220002,-0.015018923619936685,54.00432323813438,0.0003,-3.427722357213497,0.2,0.0,16.12489891052246,1270,0.20244140625,,,,,
79.01205444335938,262144,180.0,,,,,,,,,,,,,,,
76.11123657226562,263168,180.0,0.018293105,-0.011851391914387933,51.914520585536955,0.0003,-3.4391973815858363,0.2,0.0,22.711837768554688,1280,0.170068359375,,,,,
77.3893814086914,264192,180.0,,,,,,,,,,,,,,,
77.39788055419922,265216,180.0,0.014794215,-0.011116414375283056,49.87009677886963,0.0003,-3.4126692838966846,0.2,0.0,31.66675567626953,1290,0.167626953125,,,,,
78.42605590820312,266240,180.0,,,,,,,,,,,,,,,
,266240,,,,,,,,,,,,908,130,180.0,77.64546573,293
78.96548461914062,267264,180.0,0.017270803,-0.01309376475692261,58.17629234194756,0.0003,-3.424617026746273,0.2,0.0,37.87242126464844,1300,0.18759765625,,,,,
80.447021484375,268288,180.0,,,,,,,,,,,,,,,
77.89926147460938,269312,180.0,0.015077911,-0.014304171867843251,56.620908284187315,0.0003,-3.407110174745321,0.2,5.960464477539063e-08,23.44806480407715,1310,0.184130859375,,,,,
78.9413070678711,270336,180.0,,,,,,,,,,,,,,,
79.08196258544922,271360,180.0,0.014204748,-0.011640574501507217,53.426626020669936,0.0003,-3.4123272612690925,0.2,0.0,12.354233741760254,1320,0.180322265625,,,,,
80.12765502929688,272384,180.0,,,,,,,,,,,,,,,
79.28585815429688,273408,180.0,0.015126688,-0.01056266590458108,53.04705782234669,0.0003,-3.383133716881275,0.2,0.0,22.06450843811035,1330,0.15556640625,,,,,
76.82533264160156,274432,180.0,,,,,,,,,,,,,,,
79.71366882324219,275456,180.0,0.013452832,-0.010607910351245664,48.755107128620146,0.0003,-3.371476423740387,0.2,0.0,30.804521560668945,1340,0.1640625,,,,,
79.55915832519531,276480,180.0,,,,,,,,,,,,,,,
76.47187805175781,277504,180.0,0.017174859,-0.014505440804350655,49.759427240490915,0.0003,-3.4002661861479284,0.2,5.960464477539063e-08,19.601804733276367,1350,0.179541015625,,,,,
82.21527099609375,278528,180.0,,,,,,,,,,,,,,,
81.67756652832031,279552,180.0,0.01633813,-0.013506702294398565,54.990353000164035,0.0003,-3.413278417289257,0.2,0.0,27.645414352416992,1360,0.185546875,,,,,
78.31460571289062,280576,180.0,,,,,,,,,,,,,,,
81.91072082519531,281600,180.0,0.017757136,-0.01205220437659591,54.01734905838966,0.0003,-3.418750125169754,0.2,-1.1920928955078125e-07,10.640533447265625,1370,0.180517578125,,,,,
79.35137939453125,282624,180.0,,,,,,,,,,,,,,,
80.763916015625,283648,180.0,0.012389146,-0.01222929593641311,55.100995475053786,0.0003,-3.419692773371935,0.2,1.1920928955078125e-07,42.83831024169922,1380,0.166748046875,,,,,
80.01176452636719,284672,180.0,,,,,,,,,,,,,,,
76.98544311523438,285696,180.0,0.014494425,-0.012362093864066993,49.25738663673401,0.0003,-3.42078046426177,0.2,0.0,28.996503829956055,1390,0.179541015625,,,,,
79.83502197265625,286720,180.0,,,,,,,,,,,,,,,
,286720,,,,,,,,,,,,979,140,180.0,79.82839946000001,292
79.11041259765625,287744,180.0,0.016980642,-0.012262450641719625,50.23504747748375,0.0003,-3.3971250340342523,0.2,0.0,20.437280654907227,1400,0.191357421875,,,,,
78.97246551513672,288768,180.0,,,,,,,,,,,,,,,
80.58845520019531,289792,180.0,0.014453947,-0.016568914434174076,60.939426159858705,0.0003,-3.410025565326214,0.2,0.0,19.849184036254883,1410,0.199755859375,,,,,
78.59176635742188,290816,180.0,,,,,,,,,,,,,,,
82.58775329589844,291840,180.0,0.016608179,-0.013864633980847429,52.590065175294875,0.0003,-3.4067290179431438,0.2,0.0,35.886962890625,1420,0.18095703125,,,,,
80.47770690917969,292864,180.0,,,,,,,,,,,,,,,
81.30702209472656,293888,180.0,0.01436393,-0.011264989363553468,62.69919204711914,0.0003,-3.408706256002188,0.2,5.960464477539063e-08,35.14189529418945,1430,0.1533203125,,,,,
78.46018981933594,294912,180.0,,,,,,,,,,,,,,,
83.61427307128906,295936,180.0,0.013900233,-0.010431285536469659,57.25485123991966,0.0003,-3.405566128343344,0.2,-1.1920928955078125e-07,22.41621971130371,1440,0.13466796875,,,,,
78.0356216430664,296960,180.0,,,,,,,,,,,,,,,
81.35723114013672,297984,180.0,0.016674958,-0.011635959151317366,52.70216593742371,0.0003,-3.4088899433612823,0.2,5.960464477539063e-08,24.59481430053711,1450,0.190234375,,,,,
79.87704467773438,299008,180.0,,,,,,,,,,,,,,,
79.63829803466797,300032,180.0,0.013800315,-0.012053228581498843,60.136079013347626,0.0003,-3.405882239341736,0.2,0.0,26.526731491088867,1460,0.146044921875,,,,,
77.25459289550781,301056,180.0,,,,,,,,,,,,,,,
81.81916809082031,302080,180.0,0.015456244,-0.01589492104249075,52.33191551566124,0.0003,-3.404386338591576,0.2,1.1920928955078125e-07,30.06180763244629,1470,0.188525390625,,,,,
83.56541442871094,303104,180.0,,,,,,,,,,,,,,,
83.27838134765625,304128,180.0,0.015342098,-0.010293223531334661,57.19836650490761,0.0003,-3.416051747649908,0.2,0.0,28.130725860595703,1480,0.15458984375,,,,,
79.98815155029297,305152,180.0,,,,,,,,,,,,,,,
80.90487670898438,306176,180.0,0.014669366,-0.009744195197708905,62.56920194029808,0.0003,-3.4243726350367067,0.2,0.0,18.089832305908203,1490,0.157861328125,,,,,
79.5698471069336,307200,180.0,,,,,,,,,,,,,,,
,307200,,,,,,,,,,,,1051,150,180.0,80.84328089000002,292
79.875732421875,308224,180.0,0.013198035,-0.01126129210460931,51.964130121469495,0.0003,-3.4235709801316263,0.2,0.0,36.178104400634766,1500,0.14970703125,,,,,
80.05226135253906,309248,180.0,,,,,,,,,,,,,,,
80.90072631835938,310272,180.0,0.012196787,-0.01111783265369013,53.60472838878631,0.0003,-3.435769821703434,0.2,0.0,25.630413055419922,1510,0.15361328125,,,,,
81.1962890625,311296,180.0,,,,,,,,,,,,,,,
81.00088500976562,312320,180.0,0.014999736,-0.012857265752973034,52.76964386105537,0.0003,-3.4263661414384843,0.2,0.0,24.8831787109375,1520,0.193115234375,,,,,
78.7271728515625,313344,180.0,,,,,,,,,,,,,,,
82.57464599609375,314368,180.0,0.015230741,-0.008761347806284903,58.13775218725205,0.0003,-3.418692824989557,0.2,5.960464477539063e-08,27.540544509887695,1530,0.139306640625,,,,,
82.41555786132812,315392,180.0,,,,,,,,,,,,,,,
83.2002182006836,316416,180.0,0.014741075,-0.014126115910767113,58.851154178380966,0.0003,-3.394654693454504,0.2,-1.1920928955078125e-07,26.79911231994629,1540,0.19462890625,,,,,
81.37773132324219,317440,180.0,,,,,,,,,,,,,,,
82.55989837646484,318464,180.0,0.015880521,-0.013202515346347355,59.782853215932846,0.0003,-3.401406517624855,0.2,-1.1920928955078125e-07,25.74810218811035,1550,0.189501953125,,,,,
82.82363891601562,319488,180.0,,,,,,,,,,,,,,,
80.4931640625,320512,180.0,0.01266576,-0.010299530581687578,54.54056074619293,0.0003,-3.4184671983122827,0.2,0.0,33.2878532409668,1560,0.164013671875,,,,,
81.53562927246094,321536,180.0,,,,,,,,,,,,,,,
84.39701843261719,322560,180.0,0.016599514,-0.015347451127308887,54.88514967560768,0.0003,-3.423076668381691,0.2,-1.1920928955078125e-07,19.165376663208008,1570,0.216845703125,,,,,
80.53658294677734,323584,180.0,,,,,,,,,,,,,,,
82.26585388183594,324608,180.0,0.012483846,-0.00858042970940005,57.94937026500702,0.0003,-3.418128239363432,0.2,0.0,37.961490631103516,1580,0.137451171875,,,,,
83.02123260498047,325632,180.0,,,,,,,,,,,,,,,
83.23003387451172,326656,180.0,0.015905933,-0.013908330669801216,53.81378823518753,0.0003,-3.4232969410717486,0.2,0.0,26.80194664001465,1590,0.18876953125,,,,,
85.78933715820312,327680,180.0,,,,,,,,,,,,,,,
,327680,,,,,,,,,,,,1123,160,180.0,81.25848899000002,291
83.88388061523438,328704,180.0,0.01400725,-0.012595806398894637,59.20835220813751,0.0003,-3.4217180006206034,0.2,0.0,51.64857864379883,1600,0.178564453125,,,,,
84.33009338378906,329728,180.0,,,,,,,,,,,,,,,
82.4375,330752,180.0,0.015433239,-0.010703549082973041,55.35589801669121,0.0003,-3.4355285674333573,0.2,0.0,26.31301498413086,1610,0.171337890625,,,,,
84.295166015625,331776,180.0,,,,,,,,,,,,,,,
84.16631317138672,332800,180.0,0.014909126,-0.012091195903485641,55.183555364608765,0.0003,-3.430557934194803,0.2,0.0,32.70537567138672,1620,0.157080078125,,,,,
82.2528076171875,333824,180.0,,,,,,,,,,,,,,,
81.8081283569336,334848,180.0,0.01566248,-0.01322446351405233,53.70182862877846,0.0003,-3.4273217275738714,0.2,-1.1920928955078125e-07,14.678074836730957,1630,0.1603515625,,,,,
81.83375549316406,335872,180.0,,,,,,,,,,,,,,,
82.52084350585938,336896,180.0,0.015636064,-0.01235377574339509,54.63500526547432,0.0003,-3.4193001173436643,0.2,0.0,46.03929138183594,1640,0.184228515625,,,,,
81.55226135253906,337920,180.0,,,,,,,,,,,,,,,
81.24041748046875,338944,180.0,0.015840137,-0.010325981909409166,55.39271560907364,0.0003,-3.4140491664409636,0.2,0.0,29.8857421875,1650,0.145263671875,,,,,
80.69756317138672,339968,180.0,,,,,,,,,,,,,,,
81.28245544433594,340992,180.0,0.012200874,-0.010212562903325307,58.542736279964444,0.0003,-3.4165142461657525,0.2,0.0,38.24563980102539,1660,0.14921875,,,,,
80.5357666015625,342016,180.0,,,,,,,,,,,,,,,
82.21453857421875,343040,180.0,0.015737033,-0.009483594780613202,56.125812292099,0.0003,-3.4330850288271906,0.2,0.0,44.16209030151367,1670,0.14208984375,,,,,
77.47216796875,344064,180.0,,,,,,,,,,,,,,,
78.99873352050781,345088,180.0,0.012343299,-0.010458471552556147,53.287802445888516,0.0003,-3.4359236389398573,0.2,-1.1920928955078125e-07,31.753917694091797,1680,0.152294921875,,,,,
80.68421936035156,346112,180.0,,,,,,,,,,,,,,,
84.85468292236328,347136,180.0,0.014625802,-0.011759766362956725,57.158130925893786,0.0003,-3.44962916970253,0.2,0.0,25.92432403564453,1690,0.181689453125,,,,,
80.30874633789062,348160,180.0,,,,,,,,,,,,,,,
,348160,,,,,,,,,,,,1195,170,180.0,81.88671855000001,291
80.49453735351562,349184,180.0,0.013442492,-0.009873830043943599,58.42570770978928,0.0003,-3.451388332247734,0.2,5.960464477539063e-08,19.20349884033203,1700,0.141162109375,,,,,
80.00320434570312,350208,180.0,,,,,,,,,,,,,,,
80.72561645507812,351232,180.0,0.014292991,-0.009619203105103225,56.84659377932549,0.0003,-3.4583468697965145,0.2,0.0,31.728675842285156,1710,0.144189453125,,,,,
78.19952392578125,352256,180.0,,,,,,,,,,,,,,,
81.6364974975586,353280,180.0,0.015558336,-0.01290349698974751,51.33167980909347,0.0003,-3.437920031696558,0.2,0.0,46.99671173095703,1720,0.17548828125,,,,,
79.79064178466797,354304,180.0,,,,,,,,,,,,,,,
76.81636047363281,355328,180.0,0.017598229,-0.014054199983365833,60.671580171585084,0.0003,-3.450253323465586,0.2,0.0,25.695432662963867,1730,0.1671875,,,,,
76.65513610839844,356352,180.0,,,,,,,,,,,,,,,
77.51605987548828,357376,180.0,0.015458222,-0.011914673232240602,52.431391245126726,0.0003,-3.4264225989580153,0.2,0.0,30.552701950073242,1740,0.18642578125,,,,,
81.52610778808594,358400,180.0,,,,,,,,,,,,,,,
81.48290252685547,359424,180.0,0.012523824,-0.011097073210839881,57.50457949638367,0.0003,-3.4172350615262985,0.2,0.0,25.36410903930664,1750,0.157470703125,,,,,
79.70159912109375,360448,180.0,,,,,,,,,,,,,,,
82.06104278564453,361472,180.0,0.015088694,-0.008885875644045882,48.63377224206924,0.0003,-3.433002895861864,0.2,5.960464477539063e-08,22.604135513305664,1760,0.146533203125,,,,,
80.90266418457031,362496,180.0,,,,,,,,,,,,,,,
81.25039672851562,363520,180.0,0.015417302,-0.012959125578345266,55.516076636314395,0.0003,-3.4452610574662685,0.2,0.0,25.018604278564453,1770,0.174365234375,,,,,
77.43679809570312,364544,180.0,,,,,,,,,,,,,,,
79.88014221191406,365568,180.0,0.013366956,-0.008210120321746218,56.08596668839455,0.0003,-3.411060107499361,0.2,0.0,30.383987426757812,1780,0.154150390625,,,,,
79.16993713378906,366592,180.0,,,,,,,,,,,,,,,
82.0608139038086,367616,180.0,0.015274614,-0.013319394078280311,55.98482834100723,0.0003,-3.4387358747422696,0.2,1.1920928955078125e-07,33.40412139892578,1790,0.16748046875,,,,,
79.09864807128906,368640,180.0,,,,,,,,,,,,,,,
,368640,,,,,,,,,,,,1267,180,180.0,79.94360816,290
76.88477325439453,369664,180.0,0.013696593,-0.01060427648917539,55.80699851512909,0.0003,-3.433942335098982,0.2,0.0,43.262229919433594,1800,0.129931640625,,,,,
80.54544067382812,370688,180.0,,,,,,,,,,,,,,,
80.27450561523438,371712,180.0,0.015069267,-0.012195290195813868,58.056941068172456,0.0003,-3.4193849109113215,0.2,0.0,23.284740447998047,1810,0.156005859375,,,,,
84.93154907226562,372736,180.0,,,,,,,,,,,,,,,
81.2935791015625,373760,180.0,0.0154414205,-0.014699981654121074,55.58046292066574,0.0003,-3.4358353830873964,0.2,0.0,32.23294448852539,1820,0.1888671875,,,,,
77.67261505126953,374784,180.0,,,,,,,,,,,,,,,
78.10685729980469,375808,180.0,0.013173527,-0.009423629290540702,52.53212354779244,0.0003,-3.4574987441301346,0.2,0.0,27.61268424987793,1830,0.14150390625,,,,,
81.61891174316406,376832,180.0,,,,,,,,,,,,,,,
81.16462707519531,377856,180.0,0.015138846,-0.011342574478476308,48.868404334783555,0.0003,-3.4490986697375776,0.2,-1.1920928955078125e-07,29.93096160888672,1840,0.160888671875,,,,,
80.69989776611328,378880,180.0,,,,,,,,,,,,,,,
78.28239440917969,379904,180.0,0.012926312,-0.011399402853567154,59.914794492721555,0.0003,-3.440077652037144,0.2,0.0,26.790815353393555,1850,0.15458984375,,,,,
82.8913345336914,380928,180.0,,,,,,,,,,,,,,,
80.82061004638672,381952,180.0,0.016390344,-0.008403482330322731,58.03583127856255,0.0003,-3.4564115799963475,0.2,0.0,29.27100372314453,1860,0.136181640625,,,,,
78.03536987304688,382976,180.0,,,,,,,,,,,,,,,
80.09549713134766,384000,180.0,0.01263866,-0.009912790037196828,54.60993226766586,0.0003,-3.4594689197838306,0.2,0.0,26.208995819091797,1870,0.1259765625,,,,,
78.342041015625,385024,180.0,,,,,,,,,,,,,,,
78.51741027832031,386048,180.0,0.015124231,-0.011552927450975404,51.03167440891266,0.0003,-3.4587767630815507,0.2,0.0,41.75271987915039,1880,0.18359375,,,,,
81.16534423828125,387072,180.0,,,,,,,,,,,,,,,
77.19691467285156,388096,180.0,0.017384458,-0.011090231977868825,59.52087488174438,0.0003,-3.475343709439039,0.2,0.0,37.07200241088867,1890,0.165380859375,,,,,
78.11116027832031,389120,180.0,,,,,,,,,,,,,,,
,389120,,,,,,,,,,,,1340,190,180.0,80.52779213999999,290
81.73046875,390144,180.0,0.014255844,-0.008911614403768909,54.267606526613235,0.0003,-3.445606330782175,0.2,0.0,30.911958694458008,1900,0.126025390625,,,,,
83.20467376708984,391168,180.0,,,,,,,,,,,,,,,
82.12712097167969,392192,180.0,0.014052561,-0.011744326441839804,58.683703529834744,0.0003,-3.431404273211956,0.2,0.0,19.463794708251953,1910,0.1544921875,,,,,
80.04530334472656,393216,180.0,,,,,,,,,,,,,,,
81.15161895751953,394240,180.0,0.014170198,-0.013679392049380113,55.13781923055649,0.0003,-3.4473436780273916,0.2,0.0,32.70317840576172,1920,0.16845703125,,,,,
81.71257781982422,395264,180.0,,,,,,,,,,,,,,,
85.00996398925781,396288,180.0,0.014106881,-0.011117224993358831,55.8705871462822,0.0003,-3.44876938611269,0.2,-1.1920928955078125e-07,40.05552673339844,1930,0.1416015625,,,,,
82.06756591796875,397312,180.0,,,,,,,,,,,,,,,
79.64582061767578,398336,180.0,0.011971572,-0.00623566903086612,54.31957442760468,0.0003,-3.4516991041600704,0.2,0.0,24.465492248535156,1940,0.111279296875,,,,,
77.57804107666016,399360,180.0,,,,,,,,,,,,,,,
81.45115661621094,400384,180.0,0.01368786,-0.010643977647123392,53.06357643604279,0.0003,-3.4562348291277885,0.2,0.0,21.145740509033203,1950,0.162451171875,,,,,
79.02926635742188,401408,180.0,,,,,,,,,,,,,,,
