eval/mean_reward,eval/mean_ep_length,time/total_timesteps,train/learning_rate,train/entropy_loss,train/policy_gradient_loss,train/n_updates,train/clip_fraction,train/approx_kl,train/value_loss,train/clip_range,train/explained_variance,train/loss,time/iterations,rollout/ep_rew_mean,time/fps,rollout/ep_len_mean,time/time_elapsed
16.32219123840332,12.0,1024,,,,,,,,,,,,,,,
14.873199462890625,12.0,2048,,,,,,,,,,,,,,,
12.024682998657227,12.0,3072,0.0003,-3.9043444104492666,-0.05183867738232948,10,0.29853515625,0.030968666,29.306752210855485,0.2,0.0029172897338867188,15.638456344604492,,,,,
13.412353515625,12.0,4096,,,,,,,,,,,,,,,
13.3579740524292,12.0,5120,0.0003,-3.9007811918854713,-0.045104590311530045,20,0.29794921875,0.030949356,26.521466821432114,0.2,-1.1920928955078125e-07,15.650042533874512,,,,,
12.796374320983887,12.0,6144,,,,,,,,,,,,,,,
13.924247741699219,12.0,7168,0.0003,-3.894567832350731,-0.04831385499564931,30,0.3080078125,0.035228528,30.000603806972503,0.2,-1.1920928955078125e-07,11.743334770202637,,,,,
11.73324966430664,12.0,8192,,,,,,,,,,,,,,,
15.24092960357666,12.0,9216,0.0003,-3.8874868184328077,-0.04657330762129277,40,0.295849609375,0.032141224,26.188934728503227,0.2,-3.5762786865234375e-07,9.954349517822266,,,,,
13.868684768676758,12.0,10240,,,,,,,,,,,,,,,
14.742816925048828,12.0,11264,0.0003,-3.8803127884864805,-0.04273468200699426,50,0.2943359375,0.032960385,23.065438464283943,0.2,0.0,8.550783157348633,,,,,
13.608083724975586,12.0,12288,,,,,,,,,,,,,,,
15.864076614379883,12.0,13312,0.0003,-3.8751640491187573,-0.04369842790183611,60,0.29560546875,0.036755882,24.54455821812153,0.2,-1.1920928955078125e-07,8.777080535888672,,,,,
15.765966415405273,12.0,14336,,,,,,,,,,,,,,,
16.23321533203125,12.0,15360,0.0003,-3.8648861721158028,-0.0404784385493258,70,0.2841796875,0.03649567,26.035375764966012,0.2,5.960464477539063e-08,10.359006881713867,,,,,
12.98246955871582,12.0,16384,,,,,,,,,,,,,,,
15.052414894104004,12.0,17408,0.0003,-3.8390781454741956,-0.04270041936833877,80,0.282080078125,0.037838586,23.710189548134803,0.2,0.0,12.915909767150879,,,,,
14.642841339111328,12.0,18432,,,,,,,,,,,,,,,
12.608907699584961,12.0,19456,0.0003,-3.822290059924126,-0.041918509302195164,90,0.339306640625,0.040216178,23.939207398891448,0.2,-1.1920928955078125e-07,9.455459594726562,,,,,
16.15162467956543,12.0,20480,,,,,,,,,,,,,,,
,,20480,,,,,,,,,,,10,13.442878,584,12.0,35
16.013004302978516,12.0,21504,0.0003,-3.7986804127693174,-0.04246000481361989,100,0.329833984375,0.04126374,23.008646580576897,0.2,0.0,7.671498775482178,,,,,
15.614551544189453,12.0,22528,,,,,,,,,,,,,,,
16.419784545898438,12.0,23552,0.0003,-3.789329459518194,-0.04192279254784807,110,0.33798828125,0.04662274,20.710526266694067,0.2,0.0,9.96865177154541,,,,,
13.473535537719727,12.0,24576,,,,,,,,,,,,,,,
14.086125373840332,12.0,25600,0.0003,-3.7815336607396604,-0.039704573538620024,120,0.341943359375,0.04563218,21.85294154882431,0.2,0.0,12.645559310913086,,,,,
13.48581600189209,12.0,26624,,,,,,,,,,,,,,,
15.257363319396973,12.0,27648,0.0003,-3.7518304832279683,-0.0382999498717254,130,0.327978515625,0.048189275,20.33113360106945,0.2,0.0,9.374805450439453,,,,,
17.44318389892578,12.0,28672,,,,,,,,,,,,,,,
20.418590545654297,12.0,29696,0.0003,-3.7051043786108493,-0.03863813804637175,140,0.391650390625,0.05696303,22.406927117705344,0.2,0.0,11.706541061401367,,,,,
14.883652687072754,12.0,30720,,,,,,,,,,,,,,,
14.703638076782227,12.0,31744,0.0003,-3.687967535108328,-0.04112128001579549,150,0.340966796875,0.049522266,21.135856449604034,0.2,-1.1920928955078125e-07,9.758689880371094,,,,,
7.986428260803223,12.0,32768,,,,,,,,,,,,,,,
15.158611297607422,12.0,33792,0.0003,-3.6398767828941345,-0.03566678682982456,160,0.3712890625,0.05382067,22.034636431932448,0.2,1.1920928955078125e-07,11.942707061767578,,,,,
16.12857437133789,12.0,34816,,,,,,,,,,,,,,,
16.119403839111328,12.0,35840,0.0003,-3.620572552829981,-0.036292654782300815,170,0.35390625,0.049673602,21.377370157837866,0.2,0.0,10.571531295776367,,,,,
15.945907592773438,12.0,36864,,,,,,,,,,,,,,,
12.34077262878418,12.0,37888,0.0003,-3.606004261225462,-0.03848949614621233,180,0.373828125,0.048511032,22.06000443994999,0.2,-1.1920928955078125e-07,10.38613510131836,,,,,
9.774669647216797,12.0,38912,,,,,,,,,,,,,,,
15.72952938079834,12.0,39936,0.0003,-3.5597805492579937,-0.03665041892963927,190,0.359521484375,0.041885212,17.56112120747566,0.2,1.1920928955078125e-07,9.830677032470703,,,,,
16.181270599365234,12.0,40960,,,,,,,,,,,,,,,
,,40960,,,,,,,,,,,20,15.29420976,575,12.0,71
15.576679229736328,12.0,41984,0.0003,-3.5075954616069795,-0.03501617127476493,200,0.33486328125,0.040798236,20.965763759613036,0.2,0.0,9.064835548400879,,,,,
16.94288444519043,12.0,43008,,,,,,,,,,,,,,,
17.90803337097168,12.0,44032,0.0003,-3.4786956146359445,-0.03327978657907806,210,0.2970703125,0.028084517,15.942584207653999,0.2,0.0,7.092461585998535,,,,,
14.641164779663086,12.0,45056,,,,,,,,,,,,,,,
14.805041313171387,12.0,46080,0.0003,-3.477272425591946,-0.03654268540994963,220,0.288037109375,0.031586856,18.635545256733895,0.2,0.0,7.274082660675049,,,,,
15.594095230102539,12.0,47104,,,,,,,,,,,,,,,
14.87736988067627,12.0,48128,0.0003,-3.4734534986317156,-0.029545495117781685,230,0.313134765625,0.03685454,17.554451873898508,0.2,0.0,9.052643775939941,,,,,
16.857423782348633,12.0,49152,,,,,,,,,,,,,,,
13.869736671447754,12.0,50176,0.0003,-3.4279993839561937,-0.036697431170614435,240,0.322119140625,0.03484928,20.158771923184396,0.2,0.0,9.83349609375,,,,,
15.150553703308105,12.0,51200,,,,,,,,,,,,,,,
17.956254959106445,12.0,52224,0.0003,-3.419560956209898,-0.027283272531349212,250,0.286376953125,0.033985615,20.55528835952282,0.2,0.0,7.107961177825928,,,,,
18.54168701171875,12.0,53248,,,,,,,,,,,,,,,
15.211160659790039,12.0,54272,0.0003,-3.4011375077068804,-0.035879762304830365,260,0.3259765625,0.038536005,16.64484114944935,0.2,0.0,7.067155361175537,,,,,
14.648223876953125,12.0,55296,,,,,,,,,,,,,,,
14.027013778686523,12.0,56320,0.0003,-3.381306803226471,-0.027800011069484754,270,0.306103515625,0.03438504,17.029308396577836,0.2,0.0,8.090675354003906,,,,,
14.589323997497559,12.0,57344,,,,,,,,,,,,,,,
16.645490646362305,12.0,58368,0.0003,-3.3597284659743307,-0.03416717607178725,280,0.313427734375,0.03693609,18.110640394687653,0.2,0.0,6.353829383850098,,,,,
18.080047607421875,12.0,59392,,,,,,,,,,,,,,,
14.873035430908203,12.0,60416,0.0003,-3.335645820200443,-0.02951269680634141,290,0.31923828125,0.038333647,17.66182259321213,0.2,-1.1920928955078125e-07,8.978771209716797,,,,,
12.725197792053223,12.0,61440,,,,,,,,,,,,,,,
,,61440,,,,,,,,,,,30,15.383362780000002,582,12.0,105
18.077842712402344,12.0,62464,0.0003,-3.2921675361692904,-0.030549780049477705,300,0.31484375,0.03839127,15.812448859214783,0.2,0.0,6.753348350524902,,,,,
12.76734733581543,12.0,63488,,,,,,,,,,,,,,,
12.12555980682373,12.0,64512,0.0003,-3.2878678530454635,-0.025093454962188844,310,0.28740234375,0.035011165,18.3433758944273,0.2,0.0,6.803037166595459,,,,,
18.75362777709961,12.0,65536,,,,,,,,,,,,,,,
17.199243545532227,12.0,66560,0.0003,-3.266547381132841,-0.036919086253328716,320,0.32255859375,0.03699475,18.827702403068542,0.2,1.0132789611816406e-06,7.422696590423584,,,,,
14.81769847869873,12.0,67584,,,,,,,,,,,,,,,
13.547038078308105,12.0,68608,0.0003,-3.246973140537739,-0.02529188726330176,330,0.324853515625,0.04319925,16.366855743527413,0.2,-1.1920928955078125e-07,9.955982208251953,,,,,
10.252653121948242,12.0,69632,,,,,,,,,,,,,,,
14.888086318969727,12.0,70656,0.0003,-3.1977384090423584,-0.029346338745381218,340,0.38544921875,0.053332016,17.796557462215425,0.2,0.0,8.65929126739502,,,,,
18.134830474853516,12.0,71680,,,,,,,,,,,,,,,
16.251201629638672,12.0,72704,0.0003,-3.173534680902958,-0.025426471036917066,350,0.325390625,0.044481643,17.042672124505042,0.2,1.1920928955078125e-07,7.02385139465332,,,,,
15.973026275634766,12.0,73728,,,,,,,,,,,,,,,
17.447296142578125,12.0,74752,0.0003,-3.1379465617239477,-0.03418879062519409,360,0.339501953125,0.041653514,19.258151268959047,0.2,0.0,11.501644134521484,,,,,
19.24322509765625,12.0,75776,,,,,,,,,,,,,,,
21.66489028930664,12.0,76800,0.0003,-3.0959104843437673,-0.03852986642741598,370,0.371923828125,0.045033723,16.62438739836216,0.2,1.1920928955078125e-07,6.517085552215576,,,,,
17.434528350830078,12.0,77824,,,,,,,,,,,,,,,
18.207168579101562,12.0,78848,0.0003,-3.0311758629977703,-0.027922392975597177,380,0.33447265625,0.044945084,17.617615833878517,0.2,-1.1920928955078125e-07,7.8739399909973145,,,,,
16.35536003112793,12.0,79872,,,,,,,,,,,,,,,
16.694299697875977,12.0,80896,0.0003,-3.0060488544404507,-0.03067800936260028,390,0.325830078125,0.043578334,17.557893046736716,0.2,0.0,9.035122871398926,,,,,
11.827455520629883,12.0,81920,,,,,,,,,,,,,,,
,,81920,,,,,,,,,,,40,16.5407106,569,12.0,143
19.71426010131836,12.0,82944,0.0003,-2.950974229723215,-0.024264507928455713,400,0.3146484375,0.036453407,15.923934283852578,0.2,0.0,6.4349894523620605,,,,,
13.214598655700684,12.0,83968,,,,,,,,,,,,,,,
18.23495101928711,12.0,84992,0.0003,-2.912715532630682,-0.031616043092799376,410,0.328125,0.046436727,14.786738404631615,0.2,0.0,7.0766191482543945,,,,,
18.52246856689453,12.0,86016,,,,,,,,,,,,,,,
17.929855346679688,12.0,87040,0.0003,-2.889797580987215,-0.03165677416836843,420,0.31572265625,0.039543442,17.931063187122344,0.2,-2.384185791015625e-07,7.781538486480713,,,,,
17.89618682861328,12.0,88064,,,,,,,,,,,,,,,
19.611892700195312,12.0,89088,0.0003,-2.8758223198354242,-0.015418153305654414,430,0.324267578125,0.046114944,15.678923931717872,0.2,0.0,7.230151176452637,,,,,
14.235713958740234,12.0,90112,,,,,,,,,,,,,,,
15.736649513244629,12.0,91136,0.0003,-2.862117513269186,-0.024472105983295477,440,0.34140625,0.03444175,14.003977358341217,0.2,1.1920928955078125e-07,7.873459815979004,,,,,
18.835548400878906,12.0,92160,,,,,,,,,,,,,,,
19.467666625976562,12.0,93184,0.0003,-2.85656927973032,-0.017959028252516874,450,0.3021484375,0.037297763,13.808518528938293,0.2,0.0,6.591235637664795,,,,,
16.89163589477539,12.0,94208,,,,,,,,,,,,,,,
15.025588035583496,12.0,95232,0.0003,-2.834953735768795,-0.027421206077269743,460,0.3154296875,0.046468653,15.331172388792037,0.2,0.0,8.089279174804688,,,,,
19.138479232788086,12.0,96256,,,,,,,,,,,,,,,
9.781965255737305,12.0,97280,0.0003,-2.796961559355259,-0.02372400391031988,470,0.357080078125,0.053834684,15.46699720621109,0.2,5.960464477539063e-08,5.929364204406738,,,,,
6.888045310974121,12.0,98304,,,,,,,,,,,,,,,
12.755621910095215,12.0,99328,0.0003,-2.7897708646953108,-0.027103692672244505,480,0.307568359375,0.05180132,16.24175409376621,0.2,1.1920928955078125e-07,8.396086692810059,,,,,
16.899322509765625,12.0,100352,,,,,,,,,,,,,,,
18.72750473022461,12.0,101376,0.0003,-2.7407654210925103,-0.03355203469691333,490,0.404150390625,0.05285448,16.675223797559738,0.2,-2.384185791015625e-07,8.657705307006836,,,,,
18.078289031982422,12.0,102400,,,,,,,,,,,,,,,
,,102400,,,,,,,,,,,50,17.66671469,569,12.0,179
12.29555892944336,12.0,103424,0.0003,-2.694306941330433,-0.03172525764966849,500,0.349951171875,0.047981687,13.675316181778907,0.2,0.0,5.338174343109131,,,,,
20.281179428100586,12.0,104448,,,,,,,,,,,,,,,
13.360235214233398,12.0,105472,0.0003,-2.6633549839258195,-0.03505314530339092,510,0.3384765625,0.055910088,15.837885075807572,0.2,0.0,6.601902008056641,,,,,
16.285463333129883,12.0,106496,,,,,,,,,,,,,,,
16.573881149291992,12.0,107520,0.0003,-2.6576602168381216,-0.02285881813731976,520,0.360595703125,0.06603685,14.053235873579979,0.2,0.0,7.561375617980957,,,,,
20.111106872558594,12.0,108544,,,,,,,,,,,,,,,
15.489233016967773,12.0,109568,0.0003,-2.6277699321508408,-0.03132376860448858,530,0.35771484375,0.05119007,16.581792813539504,0.2,0.0,7.657917022705078,,,,,
10.933107376098633,12.0,110592,,,,,,,,,,,,,,,
20.67342758178711,12.0,111616,0.0003,-2.616626749187708,-0.023470680305035786,540,0.3181640625,0.045645908,15.207531736791134,0.2,-1.1920928955078125e-07,6.842470169067383,,,,,
19.61052703857422,12.0,112640,,,,,,,,,,,,,,,
11.373525619506836,12.0,113664,0.0003,-2.6026087410748007,-0.022460465035692323,550,0.337451171875,0.049331397,14.560662537813187,0.2,5.960464477539063e-08,5.721507549285889,,,,,
18.714447021484375,12.0,114688,,,,,,,,,,,,,,,
20.199424743652344,12.0,115712,0.0003,-2.5753844276070597,-0.021506638373830357,560,0.343603515625,0.05085261,16.25100407600403,0.2,0.0,7.903200626373291,,,,,
19.44001007080078,12.0,116736,,,,,,,,,,,,,,,
22.147869110107422,12.0,117760,0.0003,-2.5591531954705715,-0.02867647635139292,570,0.379248046875,0.071447514,16.53316245675087,0.2,-1.1920928955078125e-07,5.684962272644043,,,,,
20.812955856323242,12.0,118784,,,,,,,,,,,,,,,
22.148181915283203,12.0,119808,0.0003,-2.5252455420792104,-0.01846198451676173,580,0.3658203125,0.07096163,13.364142915606498,0.2,0.0,6.694925785064697,,,,,
22.999862670898438,12.0,120832,,,,,,,,,,,,,,,
22.3851261138916,12.0,121856,0.0003,-2.543617269396782,-0.012526888768479693,590,0.362353515625,0.07130563,13.904638624191284,0.2,0.0,7.356375694274902,,,,,
20.742961883544922,12.0,122880,,,,,,,,,,,,,,,
,,122880,,,,,,,,,,,60,16.397244729999997,569,12.0,215
21.28074836730957,12.0,123904,0.0003,-2.543176541477442,-0.01981436169735389,600,0.322802734375,0.059187703,14.289789137244224,0.2,0.0,6.517453670501709,,,,,
11.408360481262207,12.0,124928,,,,,,,,,,,,,,,
7.911901473999023,12.0,125952,0.0003,-2.5773639038205145,-0.01583835558994906,610,0.36875,0.056472633,13.851204204559327,0.2,0.0,5.651373386383057,,,,,
15.889678955078125,12.0,126976,,,,,,,,,,,,,,,
15.993348121643066,12.0,128000,0.0003,-2.583775050193071,-0.018636010772024748,620,0.315771484375,0.04707005,14.490766257047653,0.2,0.0,6.44151496887207,,,,,
12.804996490478516,12.0,129024,,,,,,,,,,,,,,,
12.761656761169434,12.0,130048,0.0003,-2.5603035412728787,-0.027423637523315846,630,0.330322265625,0.064701885,14.248183351755142,0.2,0.0,4.947666168212891,,,,,
14.643516540527344,12.0,131072,,,,,,,,,,,,,,,
18.54246711730957,12.0,132096,0.0003,-2.5085775941610335,-0.027459791224100628,640,0.383544921875,0.07299625,14.851907005906105,0.2,5.960464477539063e-08,7.73161506652832,,,,,
16.373783111572266,12.0,133120,,,,,,,,,,,,,,,
15.386920928955078,12.0,134144,0.0003,-2.502143642306328,-0.016349793712288375,650,0.355517578125,0.057987668,15.173138904571534,0.2,-1.1920928955078125e-07,8.86083984375,,,,,
18.10097885131836,12.0,135168,,,,,,,,,,,,,,,
16.18558120727539,12.0,136192,0.0003,-2.504296986013651,-0.012354128422157374,660,0.330712890625,0.055230193,15.45025837123394,0.2,0.0,7.427404880523682,,,,,
7.752253532409668,12.0,137216,,,,,,,,,,,,,,,
11.449790954589844,12.0,138240,0.0003,-2.5196089766919614,-0.021837468720332254,670,0.34345703125,0.054629385,16.697796660661698,0.2,0.0,10.86840534210205,,,,,
17.821735382080078,12.0,139264,,,,,,,,,,,,,,,
18.76785659790039,12.0,140288,0.0003,-2.485547576099634,-0.029979686059232336,680,0.38330078125,0.057655863,15.355415952205657,0.2,0.0,7.416619777679443,,,,,
13.690885543823242,12.0,141312,,,,,,,,,,,,,,,
21.399799346923828,12.0,142336,0.0003,-2.47216923981905,-0.011693156629917212,690,0.350341796875,0.061875954,15.164434105157852,0.2,0.0,7.717188358306885,,,,,
3.502183437347412,12.0,143360,,,,,,,,,,,,,,,
,,143360,,,,,,,,,,,70,18.0621868,569,12.0,251
11.7207612991333,12.0,144384,0.0003,-2.432604360580444,-0.019666803182917646,700,0.375537109375,0.07445656,16.69833746254444,0.2,0.0,7.184032917022705,,,,,
13.701761245727539,12.0,145408,,,,,,,,,,,,,,,
22.65549087524414,12.0,146432,0.0003,-2.435107446461916,-0.023421298898756503,710,0.41826171875,0.095632955,19.621440547704697,0.2,1.1920928955078125e-07,9.980818748474121,,,,,
22.79473114013672,12.0,147456,,,,,,,,,,,,,,,
20.413572311401367,12.0,148480,0.0003,-2.4477592118084432,-0.013198749061848503,720,0.358984375,0.07474294,14.965524566173553,0.2,0.0,13.008354187011719,,,,,
22.16120719909668,12.0,149504,,,,,,,,,,,,,,,
19.926490783691406,12.0,150528,0.0003,-2.4214943632483483,-0.0240384502481902,730,0.4330078125,0.09000431,14.654547131061554,0.2,-1.1920928955078125e-07,5.946266174316406,,,,,
16.804946899414062,12.0,151552,,,,,,,,,,,,,,,
24.132505416870117,12.0,152576,0.0003,-2.398238741606474,-0.017609484933200293,740,0.434228515625,0.10204494,15.031648930907249,0.2,-1.1920928955078125e-07,6.900208950042725,,,,,
22.651317596435547,12.0,153600,,,,,,,,,,,,,,,
11.694233894348145,12.0,154624,0.0003,-2.3842617601156233,-0.0020936212662491017,750,0.399560546875,0.11966942,13.923512068390846,0.2,5.960464477539063e-08,9.656526565551758,,,,,
21.867694854736328,12.0,155648,,,,,,,,,,,,,,,
19.9419002532959,12.0,156672,0.0003,-2.3723445415496824,-0.02160846972692525,760,0.46337890625,0.11561435,13.78426521718502,0.2,0.0,5.321186542510986,,,,,
20.402179718017578,12.0,157696,,,,,,,,,,,,,,,
21.45246124267578,12.0,158720,0.0003,-2.382682131230831,-0.011366076952253935,770,0.37783203125,0.09222179,18.58926050066948,0.2,0.0,10.304279327392578,,,,,
23.36630630493164,12.0,159744,,,,,,,,,,,,,,,
19.18600845336914,12.0,160768,0.0003,-2.3815300524234773,-0.018636051152134313,780,0.429833984375,0.10205947,12.94330864995718,0.2,5.960464477539063e-08,7.0318779945373535,,,,,
12.942026138305664,12.0,161792,,,,,,,,,,,,,,,
19.723379135131836,12.0,162816,0.0003,-2.3603991113603113,-0.02314062639925396,790,0.38359375,0.106089875,16.907329964637757,0.2,0.0,7.108883380889893,,,,,
23.075313568115234,12.0,163840,,,,,,,,,,,,,,,
,,163840,,,,,,,,,,,80,17.59297561,573,12.0,285
11.529937744140625,12.0,164864,0.0003,-2.363945459574461,-0.002230926115589682,800,0.437451171875,0.11244992,11.657139222323895,0.2,0.0,4.977584362030029,,,,,
24.342069625854492,12.0,165888,,,,,,,,,,,,,,,
22.979705810546875,12.0,166912,0.0003,-2.3686914034187794,-0.029936926013033372,810,0.481201171875,0.10343534,13.637976574897767,0.2,0.0,4.76552677154541,,,,,
21.51494789123535,12.0,167936,,,,,,,,,,,,,,,
21.765644073486328,12.0,168960,0.0003,-2.3535285122692584,-0.018602846954308916,820,0.42861328125,0.107332796,13.001223024725913,0.2,0.0,7.952879428863525,,,,,
24.459888458251953,12.0,169984,,,,,,,,,,,,,,,
19.296506881713867,12.0,171008,0.0003,-2.354369700700045,-0.004373455775203183,830,0.389453125,0.12642221,17.50427162349224,0.2,0.0,9.99995231628418,,,,,
16.846973419189453,12.0,172032,,,,,,,,,,,,,,,
21.87104034423828,12.0,173056,0.0003,-2.3523839361965657,-0.0052568026541848665,840,0.457421875,0.11857635,14.280285516381264,0.2,0.0,6.140781402587891,,,,,
17.613162994384766,12.0,174080,,,,,,,,,,,,,,,
12.070535659790039,12.0,175104,0.0003,-2.327413211017847,-0.016208013019058852,850,0.446240234375,0.13186121,14.660580761730671,0.2,5.960464477539063e-08,7.888688564300537,,,,,
24.400970458984375,12.0,176128,,,,,,,,,,,,,,,
14.15605354309082,12.0,177152,0.0003,-2.330118755996227,0.0073766239816905,860,0.433740234375,0.124608696,15.15400525033474,0.2,-1.1920928955078125e-07,7.672661781311035,,,,,
20.627010345458984,12.0,178176,,,,,,,,,,,,,,,
16.498125076293945,12.0,179200,0.0003,-2.338874323666096,-0.009102848150359933,870,0.42783203125,0.12145017,16.166971468925475,0.2,1.1920928955078125e-07,8.413399696350098,,,,,
20.117637634277344,12.0,180224,,,,,,,,,,,,,,,
17.406471252441406,12.0,181248,0.0003,-2.325697769224644,-0.013665071877767332,880,0.447998046875,0.12268522,14.949367219209671,0.2,5.960464477539063e-08,5.882055759429932,,,,,
13.027037620544434,12.0,182272,,,,,,,,,,,,,,,
22.931053161621094,12.0,183296,0.0003,-2.329090999811888,-0.011845751451619434,890,0.493115234375,0.13040057,13.537086766958236,0.2,5.960464477539063e-08,6.702487468719482,,,,,
24.062679290771484,12.0,184320,,,,,,,,,,,,,,,
,,184320,,,,,,,,,,,90,19.65611568,575,12.0,320
23.00775909423828,12.0,185344,0.0003,-2.307711270451546,-0.004556702058471274,900,0.424755859375,0.10945642,13.341850078105926,0.2,-1.1920928955078125e-07,8.579889297485352,,,,,
22.865724563598633,12.0,186368,,,,,,,,,,,,,,,
22.329429626464844,12.0,187392,0.0003,-2.3128094181418417,-0.01747888797544874,910,0.430224609375,0.11871019,12.501950551569461,0.2,-1.1920928955078125e-07,8.796904563903809,,,,,
22.059412002563477,12.0,188416,,,,,,,,,,,,,,,
15.119409561157227,12.0,189440,0.0003,-2.294929925352335,-0.01404105739929946,920,0.440087890625,0.1076439,12.513348512351513,0.2,0.0,4.968240261077881,,,,,
17.32744026184082,12.0,190464,,,,,,,,,,,,,,,
17.299331665039062,12.0,191488,0.0003,-2.294627093523741,-0.0013381278433371336,930,0.433154296875,0.12403552,12.96531542390585,0.2,0.0,7.348049163818359,,,,,
13.00930118560791,12.0,192512,,,,,,,,,,,,,,,
12.512959480285645,12.0,193536,0.0003,-2.2923586696386336,-0.01846977648237953,940,0.417138671875,0.119628206,14.568659833073616,0.2,5.960464477539063e-08,7.959271430969238,,,,,
22.169876098632812,12.0,194560,,,,,,,,,,,,,,,
12.242626190185547,12.0,195584,0.0003,-2.3035196349024774,-0.019297998597903643,950,0.444384765625,0.124654666,15.63896164894104,0.2,0.0,9.656036376953125,,,,,
23.921199798583984,12.0,196608,,,,,,,,,,,,,,,
22.305057525634766,12.0,197632,0.0003,-2.3013472206890584,-0.013405621427227742,960,0.453369140625,0.13065368,12.21210795789957,0.2,5.960464477539063e-08,7.949919700622559,,,,,
24.57111358642578,12.0,198656,,,,,,,,,,,,,,,
20.919116973876953,12.0,199680,0.0003,-2.3026500158011913,-0.013258427509572356,970,0.480859375,0.12882864,14.493960843980313,0.2,0.0,5.193898677825928,,,,,
24.142913818359375,12.0,200704,,,,,,,,,,,,,,,
22.483413696289062,12.0,201728,0.0003,-2.302620939910412,0.006751413195161149,980,0.441943359375,0.120321125,12.591944013535976,0.2,0.0,5.061662673950195,,,,,
22.995929718017578,12.0,202752,,,,,,,,,,,,,,,
15.886444091796875,12.0,203776,0.0003,-2.3043704986572267,-0.003499804199964274,990,0.4673828125,0.11555647,15.189969009160995,0.2,0.0,6.715938568115234,,,,,
24.493587493896484,12.0,204800,,,,,,,,,,,,,,,
,,204800,,,,,,,,,,,100,18.11205163,577,12.0,354
13.711812973022461,12.0,205824,0.0003,-2.2946368016302587,-0.006196626331075095,1000,0.41826171875,0.12162953,15.32769954353571,0.2,0.0,8.495674133300781,,,,,
19.227249145507812,12.0,206848,,,,,,,,,,,,,,,
10.341531753540039,12.0,207872,0.0003,-2.2792785443365573,-0.02077636312460527,1010,0.482958984375,0.124527015,12.737135803699493,0.2,0.0,8.321139335632324,,,,,
21.136131286621094,12.0,208896,,,,,,,,,,,,,,,
24.456649780273438,12.0,209920,0.0003,-2.2670460775494576,-0.012929287836595905,1020,0.5130859375,0.17028353,13.075024963915348,0.2,-1.1920928955078125e-07,5.793757438659668,,,,,
25.6285343170166,12.0,210944,,,,,,,,,,,,,,,
18.08501434326172,12.0,211968,0.0003,-2.257403273880482,-0.010064580457401462,1030,0.431982421875,0.16248406,14.851389557123184,0.2,0.0,7.617454528808594,,,,,
15.059575080871582,12.0,212992,,,,,,,,,,,,,,,
23.347597122192383,12.0,214016,0.0003,-2.2836433932185174,0.008765101696189959,1040,0.46904296875,0.14476338,13.529469029605389,0.2,5.960464477539063e-08,7.39500093460083,,,,,
22.964046478271484,12.0,215040,,,,,,,,,,,,,,,
9.745696067810059,12.0,216064,0.0003,-2.294063030928373,0.00033460798440501096,1050,0.41513671875,0.11160623,10.511099338531494,0.2,0.0,4.140749454498291,,,,,
24.244340896606445,12.0,217088,,,,,,,,,,,,,,,
17.345458984375,12.0,218112,0.0003,-2.287122617661953,-0.012614354604738764,1060,0.41416015625,0.10141262,12.706236864626408,0.2,-1.1920928955078125e-07,7.1142778396606445,,,,,
14.834024429321289,12.0,219136,,,,,,,,,,,,,,,
18.13871955871582,12.0,220160,0.0003,-2.2956454761326315,-0.015854504470189566,1070,0.412744140625,0.094286814,15.41985751390457,0.2,0.0,7.193079471588135,,,,,
22.584144592285156,12.0,221184,,,,,,,,,,,,,,,
17.987096786499023,12.0,222208,0.0003,-2.290133824199438,-0.014079066454723944,1080,0.407421875,0.100939974,13.308563244342803,0.2,0.0,8.413835525512695,,,,,
15.416041374206543,12.0,223232,,,,,,,,,,,,,,,
23.7550048828125,12.0,224256,0.0003,-2.2681858845055105,-0.029124886434874497,1090,0.455908203125,0.12690252,13.946530771255492,0.2,0.0,5.420626640319824,,,,,
23.492610931396484,12.0,225280,,,,,,,,,,,,,,,
,,225280,,,,,,,,,,,110,21.995409080000005,579,12.0,388
22.124988555908203,12.0,226304,0.0003,-2.275979844480753,-0.02250941746024182,1100,0.485791015625,0.11695342,12.590357212722301,0.2,5.960464477539063e-08,7.065126895904541,,,,,
12.862283706665039,12.0,227328,,,,,,,,,,,,,,,
20.71050453186035,12.0,228352,0.0003,-2.2874055303633214,-0.020424784091301263,1110,0.50390625,0.115962565,12.363566018640995,0.2,-1.1920928955078125e-07,5.135399341583252,,,,,
17.06374740600586,12.0,229376,,,,,,,,,,,,,,,
20.42685317993164,12.0,230400,0.0003,-2.2900549709796905,-0.025711791958019602,1120,0.441845703125,0.11266509,13.741196167469024,0.2,0.0,5.665252208709717,,,,,
18.548892974853516,12.0,231424,,,,,,,,,,,,,,,
17.853656768798828,12.0,232448,0.0003,-2.2670709609985353,-0.012396816103137098,1130,0.42216796875,0.1264073,14.090063387155533,0.2,5.960464477539063e-08,6.880706310272217,,,,,
21.462879180908203,12.0,233472,,,,,,,,,,,,,,,
16.671165466308594,12.0,234496,0.0003,-2.2622443668544294,-0.005218469539249782,1140,0.42265625,0.12773189,15.779468968510628,0.2,0.0,8.207868576049805,,,,,
23.72690773010254,12.0,235520,,,,,,,,,,,,,,,
20.213619232177734,12.0,236544,0.0003,-2.2704381115734575,-0.017423139511083718,1150,0.4642578125,0.13375543,13.435052134096622,0.2,0.0,6.866348743438721,,,,,
24.938230514526367,12.0,237568,,,,,,,,,,,,,,,
12.467781066894531,12.0,238592,0.0003,-2.2681939147412775,0.00040393658346147274,1160,0.468994140625,0.13753408,12.698097170889378,0.2,5.960464477539063e-08,6.176263809204102,,,,,
12.548876762390137,12.0,239616,,,,,,,,,,,,,,,
19.570262908935547,12.0,240640,0.0003,-2.2693814344704153,-0.00324443451827392,1170,0.4353515625,0.14406085,14.77199583053589,0.2,5.960464477539063e-08,8.29520320892334,,,,,
20.069412231445312,12.0,241664,,,,,,,,,,,,,,,
17.03931427001953,12.0,242688,0.0003,-2.270776801556349,0.009846440701221582,1180,0.41064453125,0.13280977,19.269663563370706,0.2,-1.1920928955078125e-07,9.763517379760742,,,,,
12.356976509094238,12.0,243712,,,,,,,,,,,,,,,
21.44317626953125,12.0,244736,0.0003,-2.25556250885129,-0.009956426236021798,1190,0.454345703125,0.15681434,12.779732136428356,0.2,0.0,7.453698635101318,,,,,
16.26962661743164,12.0,245760,,,,,,,,,,,,,,,
,,245760,,,,,,,,,,,120,18.1746212,580,12.0,423
13.847471237182617,12.0,246784,0.0003,-2.252234763652086,-0.005603752577735576,1200,0.416943359375,0.1369337,13.838787153363228,0.2,-1.1920928955078125e-07,6.475683212280273,,,,,
14.187200546264648,12.0,247808,,,,,,,,,,,,,,,
16.411075592041016,12.0,248832,0.0003,-2.265113849937916,-0.013042198680341243,1210,0.4765625,0.14554532,15.985814034938812,0.2,5.960464477539063e-08,9.041823387145996,,,,,
21.271774291992188,12.0,249856,,,,,,,,,,,,,,,
21.76634979248047,12.0,250880,0.0003,-2.290601956099272,-0.013636296289041639,1220,0.4875,0.11103223,16.406573420763017,0.2,0.0,7.44631814956665,,,,,
23.01804542541504,12.0,251904,,,,,,,,,,,,,,,
20.753847122192383,12.0,252928,0.0003,-2.2839454509317876,-0.012980530751519836,1230,0.414404296875,0.11726521,14.723443314433098,0.2,0.0,5.186562538146973,,,,,
19.311737060546875,12.0,253952,,,,,,,,,,,,,,,
21.197587966918945,12.0,254976,0.0003,-2.284833388775587,-0.003453541781345848,1240,0.39326171875,0.13102473,13.8805675894022,0.2,5.960464477539063e-08,10.69115924835205,,,,,
16.945829391479492,12.0,256000,,,,,,,,,,,,,,,
17.331138610839844,12.0,257024,0.0003,-2.2891562812030317,-0.013779658516432392,1250,0.427490234375,0.09572817,11.613184151053428,0.2,5.960464477539063e-08,5.306461334228516,,,,,
22.7200927734375,12.0,258048,,,,,,,,,,,,,,,
18.73955535888672,12.0,259072,0.0003,-2.295691265165806,-0.008784718344395514,1260,0.3962890625,0.097265065,12.62481694817543,0.2,0.0,6.817769527435303,,,,,
14.16767692565918,12.0,260096,,,,,,,,,,,,,,,
19.600051879882812,12.0,261120,0.0003,-2.281279397755861,-0.010040118628239725,1270,0.411669921875,0.112380534,13.292545682191848,0.2,0.0,6.12970495223999,,,,,
22.904550552368164,12.0,262144,,,,,,,,,,,,,,,
18.65960693359375,12.0,263168,0.0003,-2.279159716516733,-0.027463927675853483,1280,0.4369140625,0.13316992,13.999603840708733,0.2,0.0,5.362486362457275,,,,,
9.733831405639648,12.0,264192,,,,,,,,,,,,,,,
14.187446594238281,12.0,265216,0.0003,-2.255728606134653,-0.015320310385868651,1290,0.43564453125,0.14471534,15.098011705279351,0.2,1.1920928955078125e-07,5.627126693725586,,,,,
24.354019165039062,12.0,266240,,,,,,,,,,,,,,,
,,266240,,,,,,,,,,,130,18.790116029999997,582,12.0,457
21.660144805908203,12.0,267264,0.0003,-2.255432926863432,0.011051369109191,1300,0.48017578125,0.15403113,13.458265006542206,0.2,0.0,4.300085067749023,,,,,
12.308832168579102,12.0,268288,,,,,,,,,,,,,,,
20.062702178955078,12.0,269312,0.0003,-2.2623031437397003,-0.009202996180101763,1310,0.421826171875,0.13343371,15.985914623737335,0.2,0.0,4.95630407333374,,,,,
16.30593490600586,12.0,270336,,,,,,,,,,,,,,,
18.027427673339844,12.0,271360,0.0003,-2.256225097924471,-0.011245071211305913,1320,0.439794921875,0.13647506,13.556835994124413,0.2,0.0,8.122797966003418,,,,,
19.12078857421875,12.0,272384,,,,,,,,,,,,,,,
23.238075256347656,12.0,273408,0.0003,-2.2794813007116317,-0.010823378515488003,1330,0.419580078125,0.11629243,13.960719010233879,0.2,-1.1920928955078125e-07,7.314191818237305,,,,,
25.71924591064453,12.0,274432,,,,,,,,,,,,,,,
22.712684631347656,12.0,275456,0.0003,-2.283547769486904,-0.015179700287990271,1340,0.40419921875,0.101292945,13.32008013576269,0.2,0.0,7.4780707359313965,,,,,
18.180633544921875,12.0,276480,,,,,,,,,,,,,,,
25.32318115234375,12.0,277504,0.0003,-2.286941862851381,-0.02214340127829928,1350,0.506298828125,0.11500684,15.23962641954422,0.2,0.0,8.073875427246094,,,,,
9.781224250793457,12.0,278528,,,,,,,,,,,,,,,
21.312885284423828,12.0,279552,0.0003,-2.2801703408360483,-0.0007958909554872662,1360,0.46376953125,0.113977805,12.437732055783272,0.2,0.0,5.554565906524658,,,,,
16.999805450439453,12.0,280576,,,,,,,,,,,,,,,
12.11197280883789,12.0,281600,0.0003,-2.281250735372305,0.0072633728486835025,1370,0.404541015625,0.08511344,14.803285819292068,0.2,-1.1920928955078125e-07,5.628628253936768,,,,,
15.47143840789795,12.0,282624,,,,,,,,,,,,,,,
21.06732940673828,12.0,283648,0.0003,-2.2780231423676014,-0.012670970251201652,1380,0.394189453125,0.10591687,14.645180416107177,0.2,0.0,8.3086519241333,,,,,
24.780282974243164,12.0,284672,,,,,,,,,,,,,,,
21.70348358154297,12.0,285696,0.0003,-2.2333301968872545,-0.00808695886080386,1390,0.46396484375,0.14134392,12.965632601082325,0.2,-1.1920928955078125e-07,6.336888790130615,,,,,
24.410240173339844,12.0,286720,,,,,,,,,,,,,,,
,,286720,,,,,,,,,,,140,21.043942780000005,583,12.0,491
20.560956954956055,12.0,287744,0.0003,-2.2496676713228227,-0.016172576991084497,1400,0.4337890625,0.15568987,12.205255563557149,0.2,0.0,9.172049522399902,,,,,
24.26139259338379,12.0,288768,,,,,,,,,,,,,,,
14.021148681640625,12.0,289792,0.0003,-2.2410472631454468,-0.01743331444595242,1410,0.51123046875,0.17319357,12.812020108103752,0.2,0.0,7.892549991607666,,,,,
21.605152130126953,12.0,290816,,,,,,,,,,,,,,,
22.101917266845703,12.0,291840,0.0003,-2.2274020984768867,0.01784892555006081,1420,0.49033203125,0.20404854,12.164696815609933,0.2,-1.1920928955078125e-07,4.798869609832764,,,,,
20.99177360534668,12.0,292864,,,,,,,,,,,,,,,
13.85345458984375,12.0,293888,0.0003,-2.2314062520861624,0.0008137679687933996,1430,0.493212890625,0.1954206,11.796367269754409,0.2,5.960464477539063e-08,5.39337158203125,,,,,
13.313469886779785,12.0,294912,,,,,,,,,,,,,,,
23.795495986938477,12.0,295936,0.0003,-2.2377856306731703,0.018006488517858087,1440,0.466455078125,0.1840648,14.689767655730247,0.2,0.0,6.414449691772461,,,,,
23.495014190673828,12.0,296960,,,,,,,,,,,,,,,
16.668222427368164,12.0,297984,0.0003,-2.2546147435903547,0.009644897720863809,1450,0.39619140625,0.13557515,15.980561342835426,0.2,1.1920928955078125e-07,8.328713417053223,,,,,
22.388174057006836,12.0,299008,,,,,,,,,,,,,,,
19.138214111328125,12.0,300032,0.0003,-2.2578770384192466,-0.013234082666167523,1460,0.457080078125,0.16079322,14.022345922887325,0.2,-1.1920928955078125e-07,7.512136459350586,,,,,
13.53575325012207,12.0,301056,,,,,,,,,,,,,,,
18.053760528564453,12.0,302080,0.0003,-2.2674431659281256,-0.005026289443776477,1470,0.4318359375,0.13043794,12.590362618863583,0.2,0.0,5.711401462554932,,,,,
24.996417999267578,12.0,303104,,,,,,,,,,,,,,,
18.02992057800293,12.0,304128,0.0003,-2.2791614294052125,-0.008013576027587987,1480,0.407080078125,0.116123095,15.040689012408256,0.2,1.1920928955078125e-07,8.62468147277832,,,,,
18.74471664428711,12.0,305152,,,,,,,,,,,,,,,
23.8054256439209,12.0,306176,0.0003,-2.2550293833017347,-0.019789547959226182,1490,0.486279296875,0.15099037,12.089600239694118,0.2,0.0,7.2326507568359375,,,,,
15.763896942138672,12.0,307200,,,,,,,,,,,,,,,
,,307200,,,,,,,,,,,150,18.936983769999998,584,12.0,525
25.769594192504883,12.0,308224,0.0003,-2.2699840433895586,0.010202252893941477,1500,0.447900390625,0.15094496,14.209248608350753,0.2,-1.1920928955078125e-07,5.4195122718811035,,,,,
12.422919273376465,12.0,309248,,,,,,,,,,,,,,,
13.240951538085938,12.0,310272,0.0003,-2.286981704831123,-0.0005765077243268024,1510,0.405126953125,0.11924237,13.337361219525338,0.2,0.0,7.277688503265381,,,,,
12.426298141479492,12.0,311296,,,,,,,,,,,,,,,
16.212644577026367,12.0,312320,0.0003,-2.2895157411694527,-0.02790104049272486,1520,0.435986328125,0.09452546,12.641287577152251,0.2,5.960464477539063e-08,5.4806365966796875,,,,,
20.57980728149414,12.0,313344,,,,,,,,,,,,,,,
21.00196075439453,12.0,314368,0.0003,-2.2883365035057066,-0.02403290630900301,1530,0.4177734375,0.08337792,13.015421755611897,0.2,5.960464477539063e-08,6.914092063903809,,,,,
20.385698318481445,12.0,315392,,,,,,,,,,,,,,,
22.52277183532715,12.0,316416,0.0003,-2.291168086230755,-0.006196697160339682,1540,0.4052734375,0.092942394,11.821973676979542,0.2,0.0,4.9716315269470215,,,,,
15.658252716064453,12.0,317440,,,,,,,,,,,,,,,
14.088037490844727,12.0,318464,0.0003,-2.28173473700881,-0.023199545296665746,1550,0.37705078125,0.09284247,13.450011476874352,0.2,0.0,7.893870830535889,,,,,
23.719493865966797,12.0,319488,,,,,,,,,,,,,,,
23.969898223876953,12.0,320512,0.0003,-2.286705654859543,-0.02084180321544409,1560,0.43466796875,0.101282105,13.508687594532967,0.2,5.960464477539063e-08,6.069731712341309,,,,,
20.4716796875,12.0,321536,,,,,,,,,,,,,,,
22.584484100341797,12.0,322560,0.0003,-2.2757120952010155,-0.01352409650280606,1570,0.469677734375,0.14299707,11.877067442238332,0.2,0.0,7.884788513183594,,,,,
16.229032516479492,12.0,323584,,,,,,,,,,,,,,,
9.807558059692383,12.0,324608,0.0003,-2.269425866007805,-0.006808167850249447,1580,0.453857421875,0.1484919,14.69969488978386,0.2,-1.1920928955078125e-07,4.217055797576904,,,,,
12.594781875610352,12.0,325632,,,,,,,,,,,,,,,
22.34527587890625,12.0,326656,0.0003,-2.270462141931057,0.006191668589599431,1590,0.461083984375,0.146397,14.412228353321552,0.2,0.0,8.032824516296387,,,,,
11.633017539978027,12.0,327680,,,,,,,,,,,,,,,
,,327680,,,,,,,,,,,160,20.775194109999997,584,12.0,560
16.906253814697266,12.0,328704,0.0003,-2.251731126755476,3.9945692697074266e-05,1600,0.45869140625,0.15912177,11.994278056919574,0.2,-1.1920928955078125e-07,5.664276599884033,,,,,
13.898208618164062,12.0,329728,,,,,,,,,,,,,,,
9.68795394897461,12.0,330752,0.0003,-2.2287855744361877,-0.02760317697247956,1610,0.49970703125,0.17461719,13.28665055334568,0.2,0.0,6.945484161376953,,,,,
13.845861434936523,12.0,331776,,,,,,,,,,,,,,,
17.281009674072266,12.0,332800,0.0003,-2.262006330490112,-0.009549711368163117,1620,0.4841796875,0.14424336,15.947232243418693,0.2,5.960464477539063e-08,8.34124755859375,,,,,
19.7340087890625,12.0,333824,,,,,,,,,,,,,,,
14.331084251403809,12.0,334848,0.0003,-2.262783183157444,0.011254692640795838,1630,0.469287109375,0.14916705,18.214978507161142,0.2,0.0,8.2051420211792,,,,,
14.22331428527832,12.0,335872,,,,,,,,,,,,,,,
21.20332145690918,12.0,336896,0.0003,-2.283813665807247,-0.002558027570194099,1640,0.483837890625,0.13647151,14.704051697254181,0.2,0.0,7.760244369506836,,,,,
22.318527221679688,12.0,337920,,,,,,,,,,,,,,,
22.541885375976562,12.0,338944,0.0003,-2.26947625875473,0.00961416118661873,1650,0.4142578125,0.114700474,15.269219014048577,0.2,0.0,9.169584274291992,,,,,
23.861881256103516,12.0,339968,,,,,,,,,,,,,,,
7.883147239685059,12.0,340992,0.0003,-2.2951530113816263,0.0026989493358996696,1660,0.428515625,0.106635466,11.666279678046703,0.2,1.7881393432617188e-07,6.6874237060546875,,,,,
18.768957138061523,12.0,342016,,,,,,,,,,,,,,,
25.822546005249023,12.0,343040,0.0003,-2.305923443287611,-0.0017628922025323846,1670,0.38134765625,0.07701764,17.150054642558096,0.2,1.1920928955078125e-07,8.9448823928833,,,,,
20.8431396484375,12.0,344064,,,,,,,,,,,,,,,
18.135295867919922,12.0,345088,0.0003,-2.2933890730142594,-0.014297070860629901,1680,0.37509765625,0.088048816,13.5015659481287,0.2,0.0,5.581312656402588,,,,,
21.553300857543945,12.0,346112,,,,,,,,,,,,,,,
23.163406372070312,12.0,347136,0.0003,-2.3054748706519606,-0.014541872686822898,1690,0.4052734375,0.09646184,13.577498054504394,0.2,-1.1920928955078125e-07,6.370169162750244,,,,,
21.40488052368164,12.0,348160,,,,,,,,,,,,,,,
,,348160,,,,,,,,,,,170,17.19883964,585,12.0,594
7.516347885131836,12.0,349184,0.0003,-2.305454359203577,-0.014477824239293113,1700,0.40830078125,0.083131544,14.16853774189949,0.2,0.0,5.595682144165039,,,,,
17.27252769470215,12.0,350208,,,,,,,,,,,,,,,
12.9605712890625,12.0,351232,0.0003,-2.304299621284008,-0.02160731748881517,1710,0.41123046875,0.08248828,12.604609534144402,0.2,0.0,6.640220642089844,,,,,
19.93181610107422,12.0,352256,,,,,,,,,,,,,,,
9.24906063079834,12.0,353280,0.0003,-2.3011286087334155,-0.016870732653478625,1720,0.382666015625,0.09836438,13.466525302827359,0.2,0.0,7.065041542053223,,,,,
12.83275032043457,12.0,354304,,,,,,,,,,,,,,,
23.546043395996094,12.0,355328,0.0003,-2.2840285658836366,-0.017924570039031095,1730,0.38251953125,0.10714111,12.207300598919392,0.2,5.960464477539063e-08,6.152653694152832,,,,,
23.725208282470703,12.0,356352,,,,,,,,,,,,,,,
22.076566696166992,12.0,357376,0.0003,-2.2763193920254707,-0.02336626589676598,1740,0.45625,0.11963785,12.928719428181648,0.2,0.0,5.905153274536133,,,,,
22.505210876464844,12.0,358400,,,,,,,,,,,,,,,
24.997764587402344,12.0,359424,0.0003,-2.2798788242042063,-0.01663704912243702,1750,0.441064453125,0.12290175,14.651832993328572,0.2,5.960464477539063e-08,10.05702018737793,,,,,
16.393095016479492,12.0,360448,,,,,,,,,,,,,,,
22.11063003540039,12.0,361472,0.0003,-2.27252309396863,-0.015635149480658583,1760,0.390185546875,0.119219996,11.401024252176285,0.2,0.0,5.981210708618164,,,,,
18.495807647705078,12.0,362496,,,,,,,,,,,,,,,
14.34014892578125,12.0,363520,0.0003,-2.266368284076452,0.0012815049951313995,1770,0.426416015625,0.14948237,13.952374976873397,0.2,-1.1920928955078125e-07,7.574975490570068,,,,,
17.64711570739746,12.0,364544,,,,,,,,,,,,,,,
23.06817054748535,12.0,365568,0.0003,-2.278402988612652,-6.508572696475312e-05,1780,0.4205078125,0.11491649,10.510710388422012,0.2,0.0,6.330708980560303,,,,,
22.583606719970703,12.0,366592,,,,,,,,,,,,,,,
13.586814880371094,12.0,367616,0.0003,-2.2814573787152765,0.0010228417158941738,1790,0.44169921875,0.12101427,12.75868214070797,0.2,-1.1920928955078125e-07,6.560205459594727,,,,,
6.317888259887695,12.0,368640,,,,,,,,,,,,,,,
,,368640,,,,,,,,,,,180,21.023944419999992,586,12.0,628
9.455805778503418,12.0,369664,0.0003,-2.25972805544734,-0.018865124585863667,1800,0.394482421875,0.122784406,12.514201292395592,0.2,0.0,6.3312153816223145,,,,,
11.061179161071777,12.0,370688,,,,,,,,,,,,,,,
22.56381607055664,12.0,371712,0.0003,-2.2621955923736095,-0.003499436458514538,1810,0.389404296875,0.13216382,14.289167577028275,0.2,0.0,6.869970321655273,,,,,
21.15392303466797,12.0,372736,,,,,,,,,,,,,,,
22.383594512939453,12.0,373760,0.0003,-2.2419591307640077,0.007949349777481985,1820,0.433447265625,0.14351876,11.746693117916584,0.2,0.0,5.681931972503662,,,,,
24.08430290222168,12.0,374784,,,,,,,,,,,,,,,
25.40843391418457,12.0,375808,0.0003,-2.246538359671831,-0.02005674754473148,1830,0.434619140625,0.15855491,14.748191538453103,0.2,-1.1920928955078125e-07,9.086627006530762,,,,,
18.735376358032227,12.0,376832,,,,,,,,,,,,,,,
14.835029602050781,12.0,377856,0.0003,-2.2519465051591396,-0.02461857283487916,1840,0.51376953125,0.19199592,13.07751383036375,0.2,0.0,5.868393898010254,,,,,
23.7327938079834,12.0,378880,,,,,,,,,,,,,,,
24.200103759765625,12.0,379904,0.0003,-2.2623802490532396,-0.004357470669492614,1850,0.390234375,0.14364877,14.990941199660302,0.2,5.960464477539063e-08,8.417108535766602,,,,,
23.795215606689453,12.0,380928,,,,,,,,,,,,,,,
20.174072265625,12.0,381952,0.0003,-2.2400248482823373,-0.00603387827941333,1860,0.51162109375,0.16284224,10.226784434914588,0.2,1.1920928955078125e-07,3.700176954269409,,,,,
18.513151168823242,12.0,382976,,,,,,,,,,,,,,,
19.117977142333984,12.0,384000,0.0003,-2.2573874428868295,-0.016566941954079085,1870,0.4267578125,0.12554607,13.578384521603585,0.2,5.960464477539063e-08,5.5483245849609375,,,,,
21.057405471801758,12.0,385024,,,,,,,,,,,,,,,
19.49400520324707,12.0,386048,0.0003,-2.2538573503494264,-0.02488203980901744,1880,0.4796875,0.15536824,13.30552327632904,0.2,0.0,7.486423015594482,,,,,
13.419403076171875,12.0,387072,,,,,,,,,,,,,,,
18.764907836914062,12.0,388096,0.0003,-2.253636580705643,-0.015618192456895486,1890,0.4291015625,0.16566205,11.298940229415894,0.2,0.0,5.808287620544434,,,,,
21.25832176208496,12.0,389120,,,,,,,,,,,,,,,
,,389120,,,,,,,,,,,190,17.260537340000003,586,12.0,662
17.24222183227539,12.0,390144,0.0003,-2.2589197143912316,0.006111907531158067,1900,0.433349609375,0.16510345,16.354717594385146,0.2,-1.1920928955078125e-07,6.784677505493164,,,,,
21.104755401611328,12.0,391168,,,,,,,,,,,,,,,
12.170400619506836,12.0,392192,0.0003,-2.277311708778143,0.037921505766280464,1910,0.4482421875,0.14612651,14.97879879772663,0.2,-1.1920928955078125e-07,8.798541069030762,,,,,
17.931987762451172,12.0,393216,,,,,,,,,,,,,,,
19.10943031311035,12.0,394240,0.0003,-2.2544762559235094,-0.019555447425227614,1920,0.435595703125,0.14293256,13.00778592377901,0.2,-1.1920928955078125e-07,7.014702320098877,,,,,
16.524532318115234,12.0,395264,,,,,,,,,,,,,,,
18.08605194091797,12.0,396288,0.0003,-2.2713837660849094,0.004466706974199042,1930,0.385693359375,0.114005655,14.656787598133088,0.2,0.0,8.204334259033203,,,,,
22.251190185546875,12.0,397312,,,,,,,,,,,,,,,
18.69386100769043,12.0,398336,0.0003,-2.308316769450903,0.0006011123739881441,1940,0.399755859375,0.11071073,13.378695124387741,0.2,0.0,5.496922492980957,,,,,
23.10352897644043,12.0,399360,,,,,,,,,,,,,,,
13.461711883544922,12.0,400384,0.0003,-2.277147477865219,-0.020775592463905923,1950,0.414111328125,0.12333098,11.5604402333498,0.2,0.0,5.717618465423584,,,,,
6.568382263183594,12.0,401408,,,,,,,,,,,,,,,
8.944554328918457,12.0,402432,0.0003,-2.2629278995096684,-0.0034193659201264383,1960,0.39208984375,0.1268849,12.041702270507812,0.2,5.960464477539063e-08,4.740335941314697,,,,,
14.929763793945312,12.0,403456,,,,,,,,,,,,,,,
20.29067611694336,12.0,404480,0.0003,-2.2614715188741683,0.014969912100059445,1970,0.475927734375,0.13810305,11.636430364847183,0.2,-1.1920928955078125e-07,7.797802448272705,,,,,
19.62650489807129,12.0,405504,,,,,,,,,,,,,,,
16.507949829101562,12.0,406528,0.0003,-2.2776702903211117,-0.01234766928391764,1980,0.442822265625,0.1381834,13.373801377415656,0.2,5.960464477539063e-08,7.958940029144287,,,,,
16.791149139404297,12.0,407552,,,,,,,,,,,,,,,
10.678661346435547,12.0,408576,0.0003,-2.2716440171003343,-0.02131108849571319,1990,0.423779296875,0.1318813,10.365826997160912,0.2,1.7881393432617188e-07,5.59124231338501,,,,,
16.683788299560547,12.0,409600,,,,,,,,,,,,,,,
,,409600,,,,,,,,,,,200,15.98819985,587,12.0,697
18.025482177734375,12.0,410624,0.0003,-2.270355700701475,0.01946760919963708,2000,0.396044921875,0.11733094,11.899140609800815,0.2,0.0,7.785223007202148,,,,,
14.980047225952148,12.0,411648,,,,,,,,,,,,,,,
13.168630599975586,12.0,412672,0.0003,-2.2935855224728585,-0.015203592948091682,2010,0.436083984375,0.11257959,14.431476214528084,0.2,1.1920928955078125e-07,7.788619518280029,,,,,
16.327110290527344,12.0,413696,,,,,,,,,,,,,,,
17.80339813232422,12.0,414720,0.0003,-2.2826989836990834,-0.022768936298962216,2020,0.453369140625,0.09942045,13.072659155726432,0.2,0.0,5.012288570404053,,,,,
24.287288665771484,12.0,415744,,,,,,,,,,,,,,,
24.591999053955078,12.0,416768,0.0003,-2.2924649357795714,-0.015325873861729632,2030,0.441748046875,0.10087755,11.696727949380875,0.2,-1.1920928955078125e-07,6.1462297439575195,,,,,
24.802833557128906,12.0,417792,,,,,,,,,,,,,,,
19.063201904296875,12.0,418816,0.0003,-2.2829545482993128,-0.012941588762623723,2040,0.370556640625,0.10219936,14.447079703211784,0.2,0.0,9.931459426879883,,,,,
11.503829956054688,12.0,419840,,,,,,,,,,,,,,,
19.059776306152344,12.0,420864,0.0003,-2.2850582927465437,0.0036750450206454845,2050,0.38310546875,0.08202025,12.083863596618176,0.2,0.0,5.606386184692383,,,,,
21.338693618774414,12.0,421888,,,,,,,,,,,,,,,
14.106561660766602,12.0,422912,0.0003,-2.3000025182962416,-0.009986062634561676,2060,0.375341796875,0.08633263,15.395006860792638,0.2,0.0,6.994500637054443,,,,,
18.898094177246094,12.0,423936,,,,,,,,,,,,,,,
24.866275787353516,12.0,424960,0.0003,-2.2916601479053496,-0.006316334789153189,2070,0.365966796875,0.09376938,14.826508429646491,0.2,5.960464477539063e-08,9.605201721191406,,,,,
20.621009826660156,12.0,425984,,,,,,,,,,,,,,,
18.702564239501953,12.0,427008,0.0003,-2.2838740974664686,-0.014910192185197957,2080,0.41474609375,0.09480613,13.17570479363203,0.2,0.0,9.19544506072998,,,,,
18.191587448120117,12.0,428032,,,,,,,,,,,,,,,
25.402236938476562,12.0,429056,0.0003,-2.2882554069161416,-0.013529861990537028,2090,0.41630859375,0.08726546,11.226211516559124,0.2,5.960464477539063e-08,5.446599006652832,,,,,
22.728357315063477,12.0,430080,,,,,,,,,,,,,,,
,,430080,,,,,,,,,,,210,22.678149119999997,587,12.0,731
24.073925018310547,12.0,431104,0.0003,-2.2816770926117895,-0.020826839945220853,2100,0.381201171875,0.099554,12.851363161206246,0.2,0.0,7.505477428436279,,,,,
15.277779579162598,12.0,432128,,,,,,,,,,,,,,,
6.617135524749756,12.0,433152,0.0003,-2.280390077084303,-0.009485224794480019,2110,0.379248046875,0.12305632,13.950285384058953,0.2,0.0,6.751102924346924,,,,,
13.79714584350586,12.0,434176,,,,,,,,,,,,,,,
10.390779495239258,12.0,435200,0.0003,-2.265737798064947,-0.004505480335501489,2120,0.45341796875,0.13201973,15.423744630813598,0.2,-1.1920928955078125e-07,9.739160537719727,,,,,
14.78681755065918,12.0,436224,,,,,,,,,,,,,,,
23.048023223876953,12.0,437248,0.0003,-2.2763401105999947,-0.01682494303677231,2130,0.4396484375,0.12625143,14.813396096229553,0.2,-1.1920928955078125e-07,6.825211524963379,,,,,
23.74960708618164,12.0,438272,,,,,,,,,,,,,,,
23.464679718017578,12.0,439296,0.0003,-2.270584515482187,0.007511458889348432,2140,0.4291015625,0.12768194,11.266168183088302,0.2,0.0,5.334486961364746,,,,,
17.644886016845703,12.0,440320,,,,,,,,,,,,,,,
17.025196075439453,12.0,441344,0.0003,-2.2689587242901323,-0.01659719388844678,2150,0.448876953125,0.1408205,12.909490509331226,0.2,0.0,6.8036885261535645,,,,,
11.752997398376465,12.0,442368,,,,,,,,,,,,,,,
21.99843978881836,12.0,443392,0.0003,-2.280782573670149,-0.016626931075006724,2160,0.4349609375,0.11111264,13.466166639328003,0.2,0.0,7.417967796325684,,,,,
24.10213851928711,12.0,444416,,,,,,,,,,,,,,,
12.21682357788086,12.0,445440,0.0003,-2.291053482145071,-0.01701452501147287,2170,0.412841796875,0.09441835,14.098760984838009,0.2,-1.1920928955078125e-07,5.749815464019775,,,,,
13.778518676757812,12.0,446464,,,,,,,,,,,,,,,
24.008705139160156,12.0,447488,0.0003,-2.2939097985625265,-0.014852760145731735,2180,0.408837890625,0.09303217,10.826538839936257,0.2,0.0,3.915848970413208,,,,,
21.741405487060547,12.0,448512,,,,,,,,,,,,,,,
10.80374526977539,12.0,449536,0.0003,-2.299676612764597,-0.013688885304145516,2190,0.4107421875,0.08194342,14.091167506575584,0.2,0.0,5.313249588012695,,,,,
16.604381561279297,12.0,450560,,,,,,,,,,,,,,,
,,450560,,,,,,,,,,,220,18.350751579999997,588,12.0,766
14.705190658569336,12.0,451584,0.0003,-2.294997400790453,0.0035257090254162903,2200,0.364990234375,0.08107309,16.23651540875435,0.2,0.0,8.695090293884277,,,,,
16.02172088623047,12.0,452608,,,,,,,,,,,,,,,
20.970623016357422,12.0,453632,0.0003,-2.3127405136823653,-0.020323153061326593,2210,0.38193359375,0.081637084,13.838071185350419,0.2,0.0,6.48492956161499,,,,,
24.735721588134766,12.0,454656,,,,,,,,,,,,,,,
22.725948333740234,12.0,455680,0.0003,-2.274006736278534,-0.011449913471005857,2220,0.403369140625,0.08358377,13.902752161026001,0.2,0.0,6.694112777709961,,,,,
18.70346450805664,12.0,456704,,,,,,,,,,,,,,,
16.840221405029297,12.0,457728,0.0003,-2.251821681112051,-0.02861616601003334,2230,0.391015625,0.107648924,11.507063925266266,0.2,0.0,5.059764385223389,,,,,
21.083208084106445,12.0,458752,,,,,,,,,,,,,,,
13.228321075439453,12.0,459776,0.0003,-2.2327862337231634,0.0053487412173126355,2240,0.417626953125,0.1343585,14.68276230841875,0.2,0.0,4.837278842926025,,,,,
22.500062942504883,12.0,460800,,,,,,,,,,,,,,,
21.876720428466797,12.0,461824,0.0003,-2.2480074770748617,-0.005239730590255931,2250,0.436767578125,0.14586641,12.26600147485733,0.2,0.0,4.5279541015625,,,,,
21.698135375976562,12.0,462848,,,,,,,,,,,,,,,
20.401283264160156,12.0,463872,0.0003,-2.2288493610918523,0.0016930358426179737,2260,0.468408203125,0.1556215,14.212921112775803,0.2,0.0,7.09919548034668,,,,,
21.90043067932129,12.0,464896,,,,,,,,,,,,,,,
18.03486442565918,12.0,465920,0.0003,-2.251939133554697,-0.01587396356917452,2270,0.495458984375,0.15911314,12.966094627976418,0.2,0.0,5.2217888832092285,,,,,
14.272037506103516,12.0,466944,,,,,,,,,,,,,,,
19.738779067993164,12.0,467968,0.0003,-2.2642667695879934,-9.408577607246116e-05,2280,0.44375,0.14432909,14.273145186901093,0.2,5.960464477539063e-08,7.962456703186035,,,,,
16.220802307128906,12.0,468992,,,,,,,,,,,,,,,
18.756460189819336,12.0,470016,0.0003,-2.2782289415597914,-0.006828223906632047,2290,0.40927734375,0.11561634,14.39216388463974,0.2,0.0,7.578390598297119,,,,,
13.780824661254883,12.0,471040,,,,,,,,,,,,,,,
,,471040,,,,,,,,,,,230,17.995705140000002,588,12.0,800
5.753307342529297,12.0,472064,0.0003,-2.2862856850028037,0.001856418628813117,2300,0.449169921875,0.1186015,12.121713097393513,0.2,0.0,5.787875175476074,,,,,
16.601726531982422,12.0,473088,,,,,,,,,,,,,,,
17.978418350219727,12.0,474112,0.0003,-2.280200196057558,-0.007431525244464865,2310,0.365869140625,0.09386015,15.946611896157265,0.2,0.0,6.206406593322754,,,,,
24.964330673217773,12.0,475136,,,,,,,,,,,,,,,
22.84026336669922,12.0,476160,0.0003,-2.290343285351992,-0.025317207096668425,2320,0.39970703125,0.09118073,14.57774334847927,0.2,0.0,7.395864486694336,,,,,
23.48149299621582,12.0,477184,,,,,,,,,,,,,,,
20.83868408203125,12.0,478208,0.0003,-2.284891518950462,-0.0025885587761877104,2330,0.38291015625,0.09468469,17.241495227813722,0.2,-1.1920928955078125e-07,9.956620216369629,,,,,
18.2213134765625,12.0,479232,,,,,,,,,,,,,,,
19.520891189575195,12.0,480256,0.0003,-2.2919325307011604,-0.026744476992462296,2340,0.417578125,0.09555385,12.10318574309349,0.2,5.960464477539063e-08,5.176798343658447,,,,,
11.421842575073242,12.0,481280,,,,,,,,,,,,,,,
25.148855209350586,12.0,482304,0.0003,-2.285704658925533,-0.004272153740748763,2350,0.402734375,0.096259624,12.60153145045042,0.2,0.0,6.2275190353393555,,,,,
22.462270736694336,12.0,483328,,,,,,,,,,,,,,,
22.779821395874023,12.0,484352,0.0003,-2.2684296436607836,-0.01583719061600277,2360,0.416015625,0.09535396,12.406570120155811,0.2,0.0,6.618216514587402,,,,,
22.179183959960938,12.0,485376,,,,,,,,,,,,,,,
15.986294746398926,12.0,486400,0.0003,-2.283990339934826,-0.011360956205317052,2370,0.3837890625,0.08161517,14.432785227894783,0.2,0.0,5.200835227966309,,,,,
16.128509521484375,12.0,487424,,,,,,,,,,,,,,,
18.214706420898438,12.0,488448,0.0003,-2.320828499644995,0.00026782649365486577,2380,0.391259765625,0.0847228,15.201476660370826,0.2,0.0,6.40869665145874,,,,,
15.659449577331543,12.0,489472,,,,,,,,,,,,,,,
16.56432342529297,12.0,490496,0.0003,-2.290475334227085,-0.023285283158475067,2390,0.367919921875,0.09791575,10.267499896883965,0.2,0.0,5.66159725189209,,,,,
16.68793296813965,12.0,491520,,,,,,,,,,,,,,,
,,491520,,,,,,,,,,,240,19.145748740000002,588,12.0,834
13.16489028930664,12.0,492544,0.0003,-2.2936099275946615,-0.012725864264939445,2400,0.380029296875,0.08698505,12.239031538367271,0.2,5.960464477539063e-08,5.609439373016357,,,,,
19.21581268310547,12.0,493568,,,,,,,,,,,,,,,
14.021720886230469,12.0,494592,0.0003,-2.2839238464832308,0.0009544609230943025,2410,0.412255859375,0.10727924,12.445911012589931,0.2,-1.1920928955078125e-07,4.812026500701904,,,,,
15.80642318725586,12.0,495616,,,,,,,,,,,,,,,
11.240331649780273,12.0,496640,0.0003,-2.294714130461216,-0.016602110942767468,2420,0.42373046875,0.10536497,13.19889702796936,0.2,-1.1920928955078125e-07,7.301665306091309,,,,,
14.352869987487793,12.0,497664,,,,,,,,,,,,,,,
22.008201599121094,12.0,498688,0.0003,-2.2909300953149794,0.003891351356287487,2430,0.391064453125,0.09314841,18.123837623000146,0.2,0.0,9.141402244567871,,,,,
22.864643096923828,12.0,499712,,,,,,,,,,,,,,,
16.59193229675293,12.0,500736,0.0003,-2.2874282881617547,-0.01712287988193566,2440,0.425,0.11133939,11.742033457756042,0.2,0.0,7.266754150390625,,,,,
13.283651351928711,12.0,501760,,,,,,,,,,,,,,,
12.832320213317871,12.0,502784,0.0003,-2.272525256127119,-0.014446833450347186,2450,0.404345703125,0.10970573,13.032663257420063,0.2,0.0,7.583767414093018,,,,,
26.360319137573242,12.0,503808,,,,,,,,,,,,,,,
19.05322265625,12.0,504832,0.0003,-2.274889124184847,-0.001408853092289064,2460,0.4041015625,0.123955876,12.869770000874997,0.2,0.0,7.762110233306885,,,,,
21.935287475585938,12.0,505856,,,,,,,,,,,,,,,
14.610267639160156,12.0,506880,0.0003,-2.2607768550515175,-0.016908202895137947,2470,0.432568359375,0.136237,12.26487518697977,0.2,0.0,6.292068958282471,,,,,
16.30637550354004,12.0,507904,,,,,,,,,,,,,,,
19.528175354003906,12.0,508928,0.0003,-2.2524266190826894,-0.018155784048576606,2480,0.433203125,0.14141478,13.899344542622567,0.2,5.960464477539063e-08,6.69444465637207,,,,,
20.902645111083984,12.0,509952,,,,,,,,,,,,,,,
22.434696197509766,12.0,510976,0.0003,-2.258517922461033,-0.006053369709115941,2490,0.492578125,0.14889109,12.318894290924073,0.2,0.0,7.22760009765625,,,,,
24.678279876708984,12.0,512000,,,,,,,,,,,,,,,
,,512000,,,,,,,,,,,250,21.86571,589,12.0,868
24.272886276245117,12.0,513024,0.0003,-2.2543105334043503,-0.025162430974887684,2500,0.426904296875,0.1333996,13.656119000911712,0.2,0.0,6.293466091156006,,,,,
23.958282470703125,12.0,514048,,,,,,,,,,,,,,,
21.229976654052734,12.0,515072,0.0003,-2.2499599657952785,-0.007547427811368834,2510,0.4244140625,0.1561568,12.915569017827512,0.2,-1.1920928955078125e-07,5.604485511779785,,,,,
14.866693496704102,12.0,516096,,,,,,,,,,,,,,,
18.95458221435547,12.0,517120,0.0003,-2.2608546018600464,0.009073731568059884,2520,0.4365234375,0.14826025,16.43622836470604,0.2,0.0,9.924077987670898,,,,,
11.16247844696045,12.0,518144,,,,,,,,,,,,,,,
5.808610916137695,12.0,519168,0.0003,-2.2509183436632156,-0.005188074283069,2530,0.461572265625,0.13790236,13.675716543197632,0.2,0.0,5.544153690338135,,,,,
11.76413345336914,12.0,520192,,,,,,,,,,,,,,,
17.140304565429688,12.0,521216,0.0003,-2.267332649230957,-0.020611762552289293,2540,0.437548828125,0.14763755,14.791678288578987,0.2,5.960464477539063e-08,5.794870853424072,,,,,
24.005725860595703,12.0,522240,,,,,,,,,,,,,,,
21.94173240661621,12.0,523264,0.0003,-2.257482969015837,-0.008081002920516767,2550,0.457958984375,0.13924418,14.17710599899292,0.2,0.0,6.5800042152404785,,,,,
24.517189025878906,12.0,524288,,,,,,,,,,,,,,,
21.518882751464844,12.0,525312,0.0003,-2.2694167092442514,-0.0149615400514449,2560,0.4154296875,0.1304607,15.758960869908332,0.2,0.0,7.485835552215576,,,,,
10.171195983886719,12.0,526336,,,,,,,,,,,,,,,
15.684687614440918,12.0,527360,0.0003,-2.2641213782131673,-0.016647953118081205,2570,0.399365234375,0.11481154,11.329433581233024,0.2,5.960464477539063e-08,6.61033296585083,,,,,
23.553768157958984,12.0,528384,,,,,,,,,,,,,,,
23.67724609375,12.0,529408,0.0003,-2.282023249566555,0.004682490232517012,2580,0.404248046875,0.10905227,11.642166413366795,0.2,0.0,4.800221920013428,,,,,
22.03230094909668,12.0,530432,,,,,,,,,,,,,,,
24.895057678222656,12.0,531456,0.0003,-2.269247043132782,-0.021868374123005196,2590,0.41630859375,0.13073063,13.212962691485881,0.2,5.960464477539063e-08,4.984313011169434,,,,,
23.836414337158203,12.0,532480,,,,,,,,,,,,,,,
,,532480,,,,,,,,,,,260,19.61484727,589,12.0,903
18.733165740966797,12.0,533504,0.0003,-2.2726822890341283,-0.013599997812707442,2600,0.438134765625,0.10582748,14.236710841953755,0.2,5.960464477539063e-08,6.343774795532227,,,,,
25.791126251220703,12.0,534528,,,,,,,,,,,,,,,
7.91969108581543,12.0,535552,0.0003,-2.2657350420951845,-0.009436038923740852,2610,0.4498046875,0.09847297,12.144411385059357,0.2,0.0,4.7276716232299805,,,,,
12.95650577545166,12.0,536576,,,,,,,,,,,,,,,
16.46352767944336,12.0,537600,0.0003,-2.279327267408371,0.005575265014340402,2620,0.41181640625,0.07998599,14.311992719769478,0.2,0.0,8.588716506958008,,,,,
12.258105278015137,12.0,538624,,,,,,,,,,,,,,,
15.231958389282227,12.0,539648,0.0003,-2.2943318650126456,-0.025085120100993664,2630,0.38701171875,0.060573373,13.619243033230305,0.2,0.0,5.879486083984375,,,,,
17.306255340576172,12.0,540672,,,,,,,,,,,,,,,
19.603775024414062,12.0,541696,0.0003,-2.2965843245387076,-0.003999200365797151,2640,0.38583984375,0.06944206,15.159814861416816,0.2,5.960464477539063e-08,7.704880237579346,,,,,
14.444482803344727,12.0,542720,,,,,,,,,,,,,,,
18.749404907226562,12.0,543744,0.0003,-2.2938645891845226,-0.01555221356684342,2650,0.360595703125,0.079106584,13.232512353360653,0.2,0.0,7.804454326629639,,,,,
24.86366081237793,12.0,544768,,,,,,,,,,,,,,,
24.854331970214844,12.0,545792,0.0003,-2.27365645095706,-0.00010569039513939061,2660,0.40927734375,0.11593934,10.972547775506973,0.2,0.0,4.488300800323486,,,,,
15.558053970336914,12.0,546816,,,,,,,,,,,,,,,
16.438983917236328,12.0,547840,0.0003,-2.281096329540014,-0.009856550619588234,2670,0.3689453125,0.091569155,13.063043662905693,0.2,-1.1920928955078125e-07,7.026543140411377,,,,,
19.07936668395996,12.0,548864,,,,,,,,,,,,,,,
22.837875366210938,12.0,549888,0.0003,-2.2814095258712768,-0.0007197543163783848,2680,0.380322265625,0.11234635,11.848819118738174,0.2,0.0,5.497291088104248,,,,,
20.994457244873047,12.0,550912,,,,,,,,,,,,,,,
21.458782196044922,12.0,551936,0.0003,-2.2745256029069423,-0.017975145886885,2690,0.40546875,0.10653678,12.768754488229751,0.2,0.0,5.67188835144043,,,,,
22.46928596496582,12.0,552960,,,,,,,,,,,,,,,
,,552960,,,,,,,,,,,270,20.8535235,589,12.0,937
12.059829711914062,12.0,553984,0.0003,-2.2665893614292143,-0.006611901892756578,2700,0.482421875,0.14003824,15.258986952900887,0.2,-1.1920928955078125e-07,9.103875160217285,,,,,
23.50982666015625,12.0,555008,,,,,,,,,,,,,,,
21.225589752197266,12.0,556032,0.0003,-2.262011578679085,-0.0032013265168643556,2710,0.417724609375,0.12526162,17.511766177415847,0.2,-1.1920928955078125e-07,10.582910537719727,,,,,
12.993935585021973,12.0,557056,,,,,,,,,,,,,,,
12.793689727783203,12.0,558080,0.0003,-2.2766607463359834,-0.002106684025784489,2720,0.408056640625,0.100956604,11.223574985563754,0.2,0.0,6.556271553039551,,,,,
16.64239501953125,12.0,559104,,,,,,,,,,,,,,,
26.309722900390625,12.0,560128,0.0003,-2.27305588722229,-0.024818914523348213,2730,0.396337890625,0.12395251,12.852663595974445,0.2,0.0,7.338159084320068,,,,,
19.642610549926758,12.0,561152,,,,,,,,,,,,,,,
10.625665664672852,12.0,562176,0.0003,-2.2729075349867345,0.019316348775464575,2740,0.487158203125,0.1222931,12.626646193861962,0.2,0.0,5.52141809463501,,,,,
22.324634552001953,12.0,563200,,,,,,,,,,,,,,,
22.749271392822266,12.0,564224,0.0003,-2.2847151912748815,-0.006417744554346428,2750,0.423828125,0.114479765,11.982384066283704,0.2,5.960464477539063e-08,5.874633312225342,,,,,
23.844234466552734,12.0,565248,,,,,,,,,,,,,,,
11.656383514404297,12.0,566272,0.0003,-2.2760054215788843,-0.012422718886227813,2760,0.40595703125,0.119370356,13.940627643465996,0.2,0.0,6.116896152496338,,,,,
16.146142959594727,12.0,567296,,,,,,,,,,,,,,,
20.85940170288086,12.0,568320,0.0003,-2.2757812552154064,-0.009677867883874569,2770,0.412744140625,0.10976687,13.747203321754933,0.2,0.0,7.162234783172607,,,,,
21.75463104248047,12.0,569344,,,,,,,,,,,,,,,
12.829097747802734,12.0,570368,0.0003,-2.2865581423044206,-0.016159564268309622,2780,0.417626953125,0.10580219,13.144758094847202,0.2,0.0,6.670462608337402,,,,,
6.576783657073975,12.0,571392,,,,,,,,,,,,,,,
22.80413246154785,12.0,572416,0.0003,-2.282861740142107,-0.022894201154122128,2790,0.395458984375,0.10406788,13.68288100361824,0.2,0.0,5.267830848693848,,,,,
20.38709259033203,12.0,573440,,,,,,,,,,,,,,,
,,573440,,,,,,,,,,,280,19.061346829999998,590,12.0,971
16.593456268310547,12.0,574464,0.0003,-2.2994297735393046,-0.006896852665522602,2800,0.39306640625,0.092734724,13.555645969510078,0.2,0.0,6.387575626373291,,,,,
12.663535118103027,12.0,575488,,,,,,,,,,,,,,,
18.065006256103516,12.0,576512,0.0003,-2.286178967356682,-0.0043438639710075225,2810,0.42900390625,0.11592019,14.55243851095438,0.2,0.0,6.504490852355957,,,,,
20.111881256103516,12.0,577536,,,,,,,,,,,,,,,
20.53628158569336,12.0,578560,0.0003,-2.2896942764520647,-0.010466733208158985,2820,0.39609375,0.10565416,14.147110715508461,0.2,1.1920928955078125e-07,8.294767379760742,,,,,
22.90351104736328,12.0,579584,,,,,,,,,,,,,,,
24.528413772583008,12.0,580608,0.0003,-2.291754813492298,-0.0109223111969186,2830,0.4037109375,0.09712915,11.788808465003967,0.2,0.0,5.392265796661377,,,,,
21.678020477294922,12.0,581632,,,,,,,,,,,,,,,
21.972023010253906,12.0,582656,0.0003,-2.2775407202541826,-0.027420518193684983,2840,0.4111328125,0.09522391,12.850951786339284,0.2,0.0,6.050464630126953,,,,,
14.865520477294922,12.0,583680,,,,,,,,,,,,,,,
23.098709106445312,12.0,584704,0.0003,-2.2738717168569567,-0.007420557042496512,2850,0.402392578125,0.09494503,14.73917796909809,0.2,-1.1920928955078125e-07,6.06902551651001,,,,,
14.666791915893555,12.0,585728,,,,,,,,,,,,,,,
21.954341888427734,12.0,586752,0.0003,-2.2451191298663615,-0.003074849667609669,2860,0.427392578125,0.12085558,15.385114222764969,0.2,0.0,7.3334197998046875,,,,,
21.256454467773438,12.0,587776,,,,,,,,,,,,,,,
17.091365814208984,12.0,588800,0.0003,-2.256971761584282,-0.004635160732141231,2870,0.40703125,0.12336182,17.25102935731411,0.2,-1.1920928955078125e-07,8.714821815490723,,,,,
16.175460815429688,12.0,589824,,,,,,,,,,,,,,,
22.64472770690918,12.0,590848,0.0003,-2.278793665021658,-0.007687837125558872,2880,0.406640625,0.10627931,13.849208745360375,0.2,0.0,8.213360786437988,,,,,
21.79261016845703,12.0,591872,,,,,,,,,,,,,,,
14.944365501403809,12.0,592896,0.0003,-2.2638190940022467,-0.02646616787824314,2890,0.436962890625,0.12530068,13.530792275071144,0.2,0.0,7.779653072357178,,,,,
20.314491271972656,12.0,593920,,,,,,,,,,,,,,,
,,593920,,,,,,,,,,,290,18.858562279999997,590,12.0,1006
24.466388702392578,12.0,594944,0.0003,-2.2789701737463472,-0.0027342893023160285,2900,0.431103515625,0.118121505,14.314489616453647,0.2,5.960464477539063e-08,7.35629415512085,,,,,
22.652210235595703,12.0,595968,,,,,,,,,,,,,,,
17.795778274536133,12.0,596992,0.0003,-2.275838613510132,0.014244841165782418,2910,0.35166015625,0.09567949,17.002904197573663,0.2,1.1920928955078125e-07,8.89206314086914,,,,,
22.24486541748047,12.0,598016,,,,,,,,,,,,,,,
23.511695861816406,12.0,599040,0.0003,-2.2848764583468437,0.003135660332191037,2920,0.3693359375,0.092746064,12.068524478375911,0.2,0.0,8.390562057495117,,,,,
23.953594207763672,12.0,600064,,,,,,,,,,,,,,,
19.34880256652832,12.0,601088,0.0003,-2.2862175196409225,-0.006396901166590396,2930,0.31318359375,0.07703599,14.11412323564291,0.2,0.0,6.105276107788086,,,,,
16.054914474487305,12.0,602112,,,,,,,,,,,,,,,
22.839275360107422,12.0,603136,0.0003,-2.2760889820754526,-0.002454091027902905,2940,0.40302734375,0.101110086,13.950534772872924,0.2,0.0,6.608414173126221,,,,,
14.833621978759766,12.0,604160,,,,,,,,,,,,,,,
25.031858444213867,12.0,605184,0.0003,-2.2816047832369803,-0.013989780984411481,2950,0.417724609375,0.11773805,15.056620955467224,0.2,0.0,6.657894134521484,,,,,
20.101280212402344,12.0,606208,,,,,,,,,,,,,,,
22.8450870513916,12.0,607232,0.0003,-2.2720189467072487,-0.011896532333048526,2960,0.407275390625,0.12216347,12.603072655200958,0.2,0.0,7.176507472991943,,,,,
20.911380767822266,12.0,608256,,,,,,,,,,,,,,,
25.18485450744629,12.0,609280,0.0003,-2.2673592709004877,-0.028962808089272585,2970,0.4302734375,0.13918085,13.426192644238473,0.2,5.960464477539063e-08,7.052285194396973,,,,,
12.88101863861084,12.0,610304,,,,,,,,,,,,,,,
9.010581016540527,12.0,611328,0.0003,-2.2720139689743517,-0.011018731705553364,2980,0.428955078125,0.11761598,12.708256846666336,0.2,5.960464477539063e-08,4.515573501586914,,,,,
20.37969970703125,12.0,612352,,,,,,,,,,,,,,,
20.773536682128906,12.0,613376,0.0003,-2.2504535377025605,0.005515606980770827,2990,0.394140625,0.14663258,12.95371434390545,0.2,5.960464477539063e-08,7.3288445472717285,,,,,
12.230627059936523,12.0,614400,,,,,,,,,,,,,,,
,,614400,,,,,,,,,,,300,18.40326695,590,12.0,1040
23.929052352905273,12.0,615424,0.0003,-2.2588353216648103,0.01006593034690013,3000,0.437939453125,0.13904777,16.617485946416856,0.2,0.0,8.586869239807129,,,,,
22.985870361328125,12.0,616448,,,,,,,,,,,,,,,
21.925678253173828,12.0,617472,0.0003,-2.266042699664831,0.001435918109200429,3010,0.42060546875,0.12360769,15.448252698779106,0.2,1.1920928955078125e-07,8.016843795776367,,,,,
23.946060180664062,12.0,618496,,,,,,,,,,,,,,,
21.652374267578125,12.0,619520,0.0003,-2.2769107408821583,0.004892086914333049,3020,0.383642578125,0.1039997,16.614797142148017,0.2,0.0,9.031329154968262,,,,,
23.60905647277832,12.0,620544,,,,,,,,,,,,,,,
23.128259658813477,12.0,621568,0.0003,-2.286972201615572,-0.018839946496882476,3030,0.43671875,0.10878813,15.402656355500222,0.2,0.0,6.955644607543945,,,,,
24.251230239868164,12.0,622592,,,,,,,,,,,,,,,
21.492021560668945,12.0,623616,0.0003,-2.2867506362497805,-0.0007120855589164421,3040,0.393017578125,0.08928186,14.030810990929604,0.2,-1.1920928955078125e-07,6.781560897827148,,,,,
11.366698265075684,12.0,624640,,,,,,,,,,,,,,,
15.385272026062012,12.0,625664,0.0003,-2.276095425337553,-0.010397537686367286,3050,0.3515625,0.08040553,13.73535033762455,0.2,0.0,7.337006092071533,,,,,
18.991207122802734,12.0,626688,,,,,,,,,,,,,,,
11.45406436920166,12.0,627712,0.0003,-2.261936290562153,-0.015862075841869227,3060,0.46064453125,0.11011256,14.739657074213028,0.2,0.0,7.179403781890869,,,,,
20.142637252807617,12.0,628736,,,,,,,,,,,,,,,
15.599868774414062,12.0,629760,0.0003,-2.285872597247362,-0.008607271866640075,3070,0.412646484375,0.09372348,12.13500343710184,0.2,0.0,6.406555652618408,,,,,
13.358907699584961,12.0,630784,,,,,,,,,,,,,,,
17.26494598388672,12.0,631808,0.0003,-2.2752177052199842,-0.012994529263960431,3080,0.38544921875,0.09499809,14.618054023385048,0.2,0.0,7.645885467529297,,,,,
23.691730499267578,12.0,632832,,,,,,,,,,,,,,,
18.903457641601562,12.0,633856,0.0003,-2.274962469190359,-0.0074093887829803865,3090,0.418310546875,0.114141464,14.778781592845917,0.2,0.0,7.438782691955566,,,,,
22.719648361206055,12.0,634880,,,,,,,,,,,,,,,
,,634880,,,,,,,,,,,310,20.702792369999997,590,12.0,1074
15.170077323913574,12.0,635904,0.0003,-2.275734968483448,-0.01515657508862205,3100,0.471826171875,0.12365385,13.265350225567818,0.2,0.0,6.038236618041992,,,,,
19.85759735107422,12.0,636928,,,,,,,,,,,,,,,
11.908096313476562,12.0,637952,0.0003,-2.273057821393013,-0.018179559902637265,3110,0.4251953125,0.12133558,12.608828711509705,0.2,-1.1920928955078125e-07,6.2835893630981445,,,,,
19.8281192779541,12.0,638976,,,,,,,,,,,,,,,
22.471633911132812,12.0,640000,0.0003,-2.2772145338356493,0.006045202458335552,3120,0.379345703125,0.12774481,14.458135882019997,0.2,0.0,6.917637825012207,,,,,
20.373323440551758,12.0,641024,,,,,,,,,,,,,,,
13.391362190246582,12.0,642048,0.0003,-2.2606022506952286,-0.015681073851010297,3130,0.424169921875,0.13401285,13.629471945762635,0.2,0.0,8.91388988494873,,,,,
9.629789352416992,12.0,643072,,,,,,,,,,,,,,,
17.823680877685547,12.0,644096,0.0003,-2.2676438644528387,-0.015179338620509953,3140,0.425048828125,0.133564,12.035331769287586,0.2,0.0,4.520482063293457,,,,,
18.191429138183594,12.0,645120,,,,,,,,,,,,,,,
22.9305477142334,12.0,646144,0.0003,-2.2649733878672125,-0.018300477843149567,3150,0.392724609375,0.13572554,14.556188988685609,0.2,0.0,8.037435531616211,,,,,
11.374979019165039,12.0,647168,,,,,,,,,,,,,,,
13.163165092468262,12.0,648192,0.0003,-2.253667448461056,-0.01061866434465628,3160,0.429443359375,0.1419318,15.228551149368286,0.2,-1.1920928955078125e-07,8.236743927001953,,,,,
12.792108535766602,12.0,649216,,,,,,,,,,,,,,,
11.414449691772461,12.0,650240,0.0003,-2.2527898833155633,-0.006558703398332,3170,0.408154296875,0.13674298,14.755050811171532,0.2,0.0,6.609791278839111,,,,,
10.255578994750977,12.0,651264,,,,,,,,,,,,,,,
13.096080780029297,12.0,652288,0.0003,-2.2548514127731325,-0.02239385307475459,3180,0.45986328125,0.1361549,15.250670963525772,0.2,0.0,7.111031532287598,,,,,
16.539623260498047,12.0,653312,,,,,,,,,,,,,,,
22.777292251586914,12.0,654336,0.0003,-2.250442326068878,-0.01918586448155111,3190,0.43271484375,0.16186605,16.332244777679442,0.2,0.0,8.388134956359863,,,,,
23.427032470703125,12.0,655360,,,,,,,,,,,,,,,
,,655360,,,,,,,,,,,320,17.738617220000002,590,12.0,1108
18.004600524902344,12.0,656384,0.0003,-2.2329661168158053,-0.009643866109399823,3200,0.46865234375,0.16886878,14.027379915118217,0.2,0.0,8.992027282714844,,,,,
18.495403289794922,12.0,657408,,,,,,,,,,,,,,,
22.874832153320312,12.0,658432,0.0003,-2.2367200843989847,-0.006491498429386411,3210,0.44072265625,0.15512903,9.580724576115609,0.2,0.0,4.252368927001953,,,,,
18.555377960205078,12.0,659456,,,,,,,,,,,,,,,
23.332107543945312,12.0,660480,0.0003,-2.2515941947698592,0.007847724398015999,3220,0.47080078125,0.16250613,11.553207144141197,0.2,5.960464477539063e-08,6.648492336273193,,,,,
26.072559356689453,12.0,661504,,,,,,,,,,,,,,,
20.75428009033203,12.0,662528,0.0003,-2.2389294229447843,-0.028838563377212266,3230,0.47734375,0.20065904,14.242623707652092,0.2,5.960464477539063e-08,7.280877590179443,,,,,
22.688026428222656,12.0,663552,,,,,,,,,,,,,,,
21.968582153320312,12.0,664576,0.0003,-2.2507276095449926,-0.007391602905408945,3240,0.47197265625,0.17386757,13.86614632755518,0.2,0.0,7.942501068115234,,,,,
17.91004180908203,12.0,665600,,,,,,,,,,,,,,,
25.540693283081055,12.0,666624,0.0003,-2.2647699542343616,-0.010850469777506078,3250,0.4298828125,0.13746502,16.015290674567222,0.2,0.0,6.508681297302246,,,,,
23.162113189697266,12.0,667648,,,,,,,,,,,,,,,
22.808826446533203,12.0,668672,0.0003,-2.2643378295004366,-0.0189019426368759,3260,0.432421875,0.15236685,13.569994148612022,0.2,0.0,5.785717964172363,,,,,
23.22003173828125,12.0,669696,,,,,,,,,,,,,,,
19.962915420532227,12.0,670720,0.0003,-2.2646118134260176,0.0002912643103627488,3270,0.40498046875,0.13935827,14.885229936242103,0.2,0.0,7.185115337371826,,,,,
21.735034942626953,12.0,671744,,,,,,,,,,,,,,,
23.306583404541016,12.0,672768,0.0003,-2.266811142116785,-0.005252224080322776,3280,0.4248046875,0.14416236,13.454439955949784,0.2,0.0,5.4521355628967285,,,,,
23.73990249633789,12.0,673792,,,,,,,,,,,,,,,
22.91872787475586,12.0,674816,0.0003,-2.2522767685353755,0.006406889954814687,3290,0.437744140625,0.16551548,19.25794579088688,0.2,0.0,9.756209373474121,,,,,
19.825729370117188,12.0,675840,,,,,,,,,,,,,,,
,,675840,,,,,,,,,,,330,22.771991590000003,591,12.0,1143
12.044803619384766,12.0,676864,0.0003,-2.2582364320755004,-0.017077703622635453,3300,0.477294921875,0.16290297,13.598208922147752,0.2,0.0,6.315970420837402,,,,,
22.903583526611328,12.0,677888,,,,,,,,,,,,,,,
18.24557876586914,12.0,678912,0.0003,-2.274503527581692,-0.004570816221530549,3310,0.40634765625,0.10963273,13.68368283212185,0.2,-1.1920928955078125e-07,7.663177490234375,,,,,
24.254783630371094,12.0,679936,,,,,,,,,,,,,,,
22.032142639160156,12.0,680960,0.0003,-2.2824586488306524,-0.002994305246102158,3320,0.39697265625,0.114279255,14.004503349959851,0.2,0.0,5.991527080535889,,,,,
20.44253921508789,12.0,681984,,,,,,,,,,,,,,,
21.784128189086914,12.0,683008,0.0003,-2.2822694018483163,-0.012674785795388744,3330,0.382421875,0.09631409,13.395151622593403,0.2,0.0,8.068220138549805,,,,,
23.93560791015625,12.0,684032,,,,,,,,,,,,,,,
22.29613494873047,12.0,685056,0.0003,-2.269510638713837,-0.01934613026533043,3340,0.42880859375,0.10396534,12.67585193812847,0.2,5.960464477539063e-08,4.437904357910156,,,,,
14.073885917663574,12.0,686080,,,,,,,,,,,,,,,
21.076858520507812,12.0,687104,0.0003,-2.2551264755427836,-0.0035253720940090715,3350,0.436572265625,0.14873265,11.504426719248295,0.2,0.0,6.52623176574707,,,,,
22.91436767578125,12.0,688128,,,,,,,,,,,,,,,
21.30624008178711,12.0,689152,0.0003,-2.2610325813293457,-0.0038330536321154796,3360,0.412548828125,0.12960163,15.274300074577331,0.2,5.960464477539063e-08,7.250895023345947,,,,,
22.41986846923828,12.0,690176,,,,,,,,,,,,,,,
19.623435974121094,12.0,691200,0.0003,-2.253981227427721,-0.010377124301157892,3370,0.41865234375,0.14682217,14.747615541517735,0.2,0.0,7.277613162994385,,,,,
17.922456741333008,12.0,692224,,,,,,,,,,,,,,,
22.201623916625977,12.0,693248,0.0003,-2.2501712694764135,0.013192081301531289,3380,0.43935546875,0.12424358,12.784597887098789,0.2,0.0,8.642455101013184,,,,,
20.351364135742188,12.0,694272,,,,,,,,,,,,,,,
19.088890075683594,12.0,695296,0.0003,-2.2610461860895157,-0.027718280800036153,3390,0.452099609375,0.14417565,15.121128295361995,0.2,-1.1920928955078125e-07,7.121817111968994,,,,,
17.79709243774414,12.0,696320,,,,,,,,,,,,,,,
,,696320,,,,,,,,,,,340,21.21965534,591,12.0,1177
19.06749153137207,12.0,697344,0.0003,-2.2610474303364754,-0.011280411545885726,3400,0.394140625,0.14314276,13.399060961604118,0.2,0.0,5.234339714050293,,,,,
2.798332691192627,12.0,698368,,,,,,,,,,,,,,,
19.839641571044922,12.0,699392,0.0003,-2.2782204262912273,0.007135290140286088,3410,0.461669921875,0.124153286,14.363198232650756,0.2,0.0,7.158282279968262,,,,,
9.517291069030762,12.0,700416,,,,,,,,,,,,,,,
17.80593490600586,12.0,701440,0.0003,-2.2902438811957837,-0.005394771974533796,3420,0.438916015625,0.09309357,14.32898402363062,0.2,0.0,6.292116641998291,,,,,
22.49184226989746,12.0,702464,,,,,,,,,,,,,,,
19.470226287841797,12.0,703488,0.0003,-2.2823235243558884,-0.009696676865860353,3430,0.32470703125,0.07737377,13.811278948187828,0.2,5.960464477539063e-08,4.605924129486084,,,,,
17.16653060913086,12.0,704512,,,,,,,,,,,,,,,
6.746184349060059,12.0,705536,0.0003,-2.2680524438619614,0.0005062758500571363,3440,0.372265625,0.10179791,16.338434925675394,0.2,1.1920928955078125e-07,7.988589763641357,,,,,
24.882190704345703,12.0,706560,,,,,,,,,,,,,,,
20.253141403198242,12.0,707584,0.0003,-2.282840022444725,-0.023226249041908887,3450,0.402587890625,0.1135163,12.657145051658153,0.2,5.960464477539063e-08,5.475532054901123,,,,,
22.122272491455078,12.0,708608,,,,,,,,,,,,,,,
23.39685821533203,12.0,709632,0.0003,-2.277878475189209,-0.011518624852760695,3460,0.445166015625,0.1193693,14.368756633996963,0.2,5.960464477539063e-08,4.587605953216553,,,,,
19.541736602783203,12.0,710656,,,,,,,,,,,,,,,
19.030324935913086,12.0,711680,0.0003,-2.276815605908632,-0.013657009720918722,3470,0.39697265625,0.10473108,14.513193425536155,0.2,-1.1920928955078125e-07,8.86677360534668,,,,,
16.113643646240234,12.0,712704,,,,,,,,,,,,,,,
20.17147445678711,12.0,713728,0.0003,-2.2636656142771243,-0.017370159998245073,3480,0.3748046875,0.10979224,12.250491277873516,0.2,5.960464477539063e-08,6.601893901824951,,,,,
22.672657012939453,12.0,714752,,,,,,,,,,,,,,,
17.713905334472656,12.0,715776,0.0003,-2.2487043611705304,0.007853398937731982,3490,0.410546875,0.11576282,13.003217260539532,0.2,-1.1920928955078125e-07,5.737395763397217,,,,,
15.441420555114746,12.0,716800,,,,,,,,,,,,,,,
,,716800,,,,,,,,,,,350,18.20235375,591,12.0,1211
13.933244705200195,12.0,717824,0.0003,-2.2655181400477886,-0.008227257279213519,3500,0.418603515625,0.117722295,13.45667335987091,0.2,-1.1920928955078125e-07,6.590514183044434,,,,,
21.261445999145508,12.0,718848,,,,,,,,,,,,,,,
9.580703735351562,12.0,719872,0.0003,-2.2532942622900007,-0.009781409305287526,3510,0.4537109375,0.14614213,14.14554725587368,0.2,-1.1920928955078125e-07,7.168603897094727,,,,,
13.139344215393066,12.0,720896,,,,,,,,,,,,,,,
16.284832000732422,12.0,721920,0.0003,-2.2309411562979222,-0.01846440641529625,3520,0.46376953125,0.19068646,14.753814592957497,0.2,0.0,4.6848931312561035,,,,,
20.132246017456055,12.0,722944,,,,,,,,,,,,,,,
20.048297882080078,12.0,723968,0.0003,-2.2376412369310854,-0.0020414046506630258,3530,0.49736328125,0.17198443,13.837388947606087,0.2,0.0,7.677036762237549,,,,,
23.006454467773438,12.0,724992,,,,,,,,,,,,,,,
24.321643829345703,12.0,726016,0.0003,-2.255227652192116,0.012232362423674203,3540,0.44951171875,0.17070022,15.233353304862977,0.2,0.0,7.47467041015625,,,,,
21.689697265625,12.0,727040,,,,,,,,,,,,,,,
19.158023834228516,12.0,728064,0.0003,-2.2584506407380105,-0.008398336478421697,3550,0.41787109375,0.12427369,12.090041595697404,0.2,0.0,5.283306121826172,,,,,
6.232693672180176,12.0,729088,,,,,,,,,,,,,,,
10.79545783996582,12.0,730112,0.0003,-2.254161077737808,-0.008199664074345492,3560,0.398291015625,0.14684886,13.462423852086067,0.2,-1.1920928955078125e-07,4.2933878898620605,,,,,
10.554120063781738,12.0,731136,,,,,,,,,,,,,,,
12.411027908325195,12.0,732160,0.0003,-2.2612677469849585,-0.010791124490788206,3570,0.451171875,0.123787746,17.089936110377312,0.2,0.0,11.493064880371094,,,,,
16.66905403137207,12.0,733184,,,,,,,,,,,,,,,
20.10805320739746,12.0,734208,0.0003,-2.275258823484182,0.007927818222742643,3580,0.38427734375,0.10038531,15.070157781243324,0.2,5.960464477539063e-08,5.8683695793151855,,,,,
21.888296127319336,12.0,735232,,,,,,,,,,,,,,,
22.239856719970703,12.0,736256,0.0003,-2.277952554821968,-0.008951437113864813,3590,0.4220703125,0.11707994,11.635966955125332,0.2,0.0,7.1404032707214355,,,,,
8.054999351501465,12.0,737280,,,,,,,,,,,,,,,
,,737280,,,,,,,,,,,360,23.23323838,591,12.0,1246
22.71124267578125,12.0,738304,0.0003,-2.2738893896341326,-0.02779974687291542,3600,0.378076171875,0.103605516,13.521406853199005,0.2,-1.1920928955078125e-07,4.723816394805908,,,,,
25.699295043945312,12.0,739328,,,,,,,,,,,,,,,
23.405899047851562,12.0,740352,0.0003,-2.2640357837080956,-0.0246466418451746,3610,0.4279296875,0.11807338,14.136923804879189,0.2,0.0,7.0812788009643555,,,,,
7.004706859588623,12.0,741376,,,,,,,,,,,,,,,
16.465017318725586,12.0,742400,0.0003,-2.2720881432294844,-0.013559000575332903,3620,0.40341796875,0.09845362,11.086374063789844,0.2,0.0,7.0912604331970215,,,,,
21.637853622436523,12.0,743424,,,,,,,,,,,,,,,
20.676189422607422,12.0,744448,0.0003,-2.270192310959101,0.0027969626258709467,3630,0.409912109375,0.10857591,12.153699372708797,0.2,0.0,10.290976524353027,,,,,
22.833202362060547,12.0,745472,,,,,,,,,,,,,,,
20.590015411376953,12.0,746496,0.0003,-2.2685512945055963,-0.001994014612864703,3640,0.4357421875,0.10969278,11.665202479064465,0.2,0.0,5.550020694732666,,,,,
7.980283260345459,12.0,747520,,,,,,,,,,,,,,,
22.884899139404297,12.0,748544,0.0003,-2.2802602536976337,-0.004573173266544472,3650,0.392724609375,0.11609,12.591874606907368,0.2,-1.1920928955078125e-07,5.548654079437256,,,,,
20.67327117919922,12.0,749568,,,,,,,,,,,,,,,
12.522066116333008,12.0,750592,0.0003,-2.2690814778208734,0.021102480354602448,3660,0.416845703125,0.1223647,14.666734446585178,0.2,5.960464477539063e-08,6.474853515625,,,,,
20.445934295654297,12.0,751616,,,,,,,,,,,,,,,
21.12866973876953,12.0,752640,0.0003,-2.2599030315876005,-0.009137087821727619,3670,0.44638671875,0.12211222,15.334422376751899,0.2,-1.1920928955078125e-07,9.5743408203125,,,,,
21.234966278076172,12.0,753664,,,,,,,,,,,,,,,
19.603342056274414,12.0,754688,0.0003,-2.2678844392299653,-0.02087236627266975,3680,0.3775390625,0.10832931,11.14540890455246,0.2,0.0,5.4897141456604,,,,,
16.050188064575195,12.0,755712,,,,,,,,,,,,,,,
14.400928497314453,12.0,756736,0.0003,-2.2662436313927175,-0.008047094469657168,3690,0.422607421875,0.1253444,13.881574219465255,0.2,0.0,6.39847993850708,,,,,
11.870040893554688,12.0,757760,,,,,,,,,,,,,,,
,,757760,,,,,,,,,,,370,21.04464165,591,12.0,1280
17.8497257232666,12.0,758784,0.0003,-2.253360761702061,-0.021422193160105962,3700,0.435791015625,0.13739628,11.97421749085188,0.2,0.0,6.698645114898682,,,,,
23.635379791259766,12.0,759808,,,,,,,,,,,,,,,
21.076030731201172,12.0,760832,0.0003,-2.277142621576786,0.009478829219006002,3710,0.463623046875,0.12019832,15.056499963998794,0.2,-1.1920928955078125e-07,6.23776912689209,,,,,
17.391632080078125,12.0,761856,,,,,,,,,,,,,,,
9.430782318115234,12.0,762880,0.0003,-2.271752619743347,-0.0037859299773117527,3720,0.432080078125,0.1127104,13.427297027409077,0.2,-1.1920928955078125e-07,8.26545524597168,,,,,
8.697589874267578,12.0,763904,,,,,,,,,,,,,,,
12.028478622436523,12.0,764928,0.0003,-2.2767186127603054,-0.005525178390962537,3730,0.429443359375,0.1292538,15.960752946138381,0.2,-1.1920928955078125e-07,7.59773588180542,,,,,
15.287557601928711,12.0,765952,,,,,,,,,,,,,,,
22.2498836517334,12.0,766976,0.0003,-2.2783728040754796,-0.007643734298471827,3740,0.41259765625,0.1216788,12.607148547470569,0.2,0.0,5.323822975158691,,,,,
25.221893310546875,12.0,768000,,,,,,,,,,,,,,,
12.512277603149414,12.0,769024,0.0003,-2.275587072968483,-0.020150757554802112,3750,0.407275390625,0.11958814,13.394428092241288,0.2,5.960464477539063e-08,7.638632297515869,,,,,
10.804967880249023,12.0,770048,,,,,,,,,,,,,,,
14.160404205322266,12.0,771072,0.0003,-2.2770686864852907,-0.010272468390030553,3760,0.385693359375,0.113940746,13.865362200140954,0.2,0.0,5.515918254852295,,,,,
22.847518920898438,12.0,772096,,,,,,,,,,,,,,,
20.53496551513672,12.0,773120,0.0003,-2.2837304435670376,-0.007052982757159043,3770,0.385791015625,0.10532054,15.242713871598244,0.2,0.0,9.101052284240723,,,,,
21.69538688659668,12.0,774144,,,,,,,,,,,,,,,
22.33138084411621,12.0,775168,0.0003,-2.2784424766898157,0.005030523493405781,3780,0.39951171875,0.091951415,14.598855297267438,0.2,0.0,10.870694160461426,,,,,
23.966060638427734,12.0,776192,,,,,,,,,,,,,,,
25.364601135253906,12.0,777216,0.0003,-2.287365493178368,-0.015817210072418673,3790,0.373876953125,0.09920718,11.795412585139275,0.2,-1.1920928955078125e-07,6.175108909606934,,,,,
24.35062026977539,12.0,778240,,,,,,,,,,,,,,,
,,778240,,,,,,,,,,,380,17.93526612,591,12.0,1314
20.447792053222656,12.0,779264,0.0003,-2.284149298071861,0.00028895662617287596,3800,0.4267578125,0.11067198,11.591782009601593,0.2,0.0,5.79327917098999,,,,,
22.381881713867188,12.0,780288,,,,,,,,,,,,,,,
23.63287353515625,12.0,781312,0.0003,-2.2894915103912354,-0.007597638297011144,3810,0.381591796875,0.10105634,12.970929792523384,0.2,0.0,6.240490436553955,,,,,
12.184019088745117,12.0,782336,,,,,,,,,,,,,,,
16.320152282714844,12.0,783360,0.0003,-2.2901253826916217,-0.001958126772660762,3820,0.391845703125,0.0888613,13.000686001777648,0.2,-1.1920928955078125e-07,5.768869876861572,,,,,
21.298280715942383,12.0,784384,,,,,,,,,,,,,,,
20.30136489868164,12.0,785408,0.0003,-2.2969211883842946,-0.009884649959712988,3830,0.366552734375,0.07884166,14.024667328596115,0.2,0.0,7.336394309997559,,,,,
24.183399200439453,12.0,786432,,,,,,,,,,,,,,,
21.933002471923828,12.0,787456,0.0003,-2.288099131733179,-0.018183009648055304,3840,0.380322265625,0.10484796,14.354699875414372,0.2,5.960464477539063e-08,5.859494209289551,,,,,
21.823163986206055,12.0,788480,,,,,,,,,,,,,,,
22.008548736572266,12.0,789504,0.0003,-2.2780138604342937,-0.004084294220956508,3850,0.3869140625,0.09217186,17.233099782466887,0.2,0.0,9.267269134521484,,,,,
19.85172462463379,12.0,790528,,,,,,,,,,,,,,,
16.338998794555664,12.0,791552,0.0003,-2.2682075940072535,0.014213001806638204,3860,0.421044921875,0.097512424,13.087494120001793,0.2,0.0,5.997808456420898,,,,,
20.61910629272461,12.0,792576,,,,,,,,,,,,,,,
17.88039207458496,12.0,793600,0.0003,-2.270442735403776,0.003625536734762136,3870,0.4103515625,0.114291415,13.457914127409458,0.2,5.960464477539063e-08,7.623562812805176,,,,,
19.992889404296875,12.0,794624,,,,,,,,,,,,,,,
17.179363250732422,12.0,795648,0.0003,-2.27639003098011,-0.02226831080042757,3880,0.42197265625,0.11380221,13.502083078026772,0.2,0.0,7.17804479598999,,,,,
17.87596893310547,12.0,796672,,,,,,,,,,,,,,,
21.45941925048828,12.0,797696,0.0003,-2.27333517074585,-0.01899598330783192,3890,0.4259765625,0.10803795,13.290539565682412,0.2,0.0,5.965524673461914,,,,,
12.903632164001465,12.0,798720,,,,,,,,,,,,,,,
,,798720,,,,,,,,,,,390,16.27845551,592,12.0,1348
7.566605567932129,12.0,799744,0.0003,-2.2736274294555185,-0.003918735474871937,3900,0.378369140625,0.09931438,15.468723157048226,0.2,5.960464477539063e-08,9.911026954650879,,,,,
22.792264938354492,12.0,800768,,,,,,,,,,,,,,,
