eval/mean_ep_length,eval/mean_reward,time/total_timesteps,train/loss,train/approx_kl,train/policy_gradient_loss,train/learning_rate,train/n_updates,train/explained_variance,train/clip_fraction,train/value_loss,train/entropy_loss,train/clip_range,time/iterations,time/time_elapsed,rollout/ep_len_mean,time/fps,rollout/ep_rew_mean
40.0,43.0955810546875,1024,,,,,,,,,,,,,,,
40.0,40.447601318359375,2048,,,,,,,,,,,,,,,
40.0,42.209434509277344,3072,26.826339721679688,0.0074808476,-0.01838188966285088,3e-05,10,0.0003769397735595703,0.019677734375,46.8134102344513,-5.883872441202402,0.2,,,,,
40.0,39.25337219238281,4096,,,,,,,,,,,,,,,
40.0,39.45867919921875,5120,28.51471710205078,0.007006089,-0.018934761892160167,3e-05,20,-1.1920928955078125e-07,0.023779296875,35.8106500685215,-5.874936058372259,0.2,,,,,
40.0,43.25791931152344,6144,,,,,,,,,,,,,,,
40.0,44.50139236450195,7168,25.379941940307617,0.007090711,-0.019676783218346827,3e-05,30,-1.1920928955078125e-07,0.02529296875,32.787953877449034,-5.866702481359243,0.2,,,,,
40.0,43.030357360839844,8192,,,,,,,,,,,,,,,
40.0,38.531349182128906,9216,30.383201599121094,0.006057393,-0.019729217042186064,3e-05,40,-1.1920928955078125e-07,0.02158203125,34.86495676636696,-5.859625787287951,0.2,,,,,
40.0,39.94084167480469,10240,,,,,,,,,,,,,,,
40.0,42.39904022216797,11264,28.94373321533203,0.0064701755,-0.021497709817776923,3e-05,50,0.0,0.018994140625,31.331050978600977,-5.851681622862816,0.2,,,,,
40.0,39.85100555419922,12288,,,,,,,,,,,,,,,
40.0,41.78887939453125,13312,22.532085418701172,0.006090085,-0.020918624022306175,3e-05,60,1.1920928955078125e-07,0.02861328125,32.476188561320306,-5.844505644589662,0.2,,,,,
40.0,44.426185607910156,14336,,,,,,,,,,,,,,,
40.0,39.52219772338867,15360,21.959566116333008,0.006454087,-0.020648706706560917,3e-05,70,0.0,0.0212890625,30.89575761705637,-5.8378788404166695,0.2,,,,,
40.0,42.1374397277832,16384,,,,,,,,,,,,,,,
40.0,40.99188995361328,17408,34.20859909057617,0.005678902,-0.018800185609870824,3e-05,80,-4.029273986816406e-05,0.016748046875,34.69501725435257,-5.829805509001017,0.2,,,,,
40.0,45.73862075805664,18432,,,,,,,,,,,,,,,
40.0,39.64386749267578,19456,21.935325622558594,0.0055275923,-0.018569799984106794,3e-05,90,0.0,0.017529296875,32.22170898318291,-5.823631516844034,0.2,,,,,
40.0,42.511070251464844,20480,,,,,,,,,,,,,,,
,,20480,,,,,,,,,,,10,44,40.0,464,40.42857956
40.0,40.73057174682617,21504,23.988554000854492,0.005308535,-0.017974210330066853,3e-05,100,0.0,0.011669921875,33.947863379120825,-5.818671980500222,0.2,,,,,
40.0,41.23252868652344,22528,,,,,,,,,,,,,,,
40.0,40.178871154785156,23552,17.08967399597168,0.005911618,-0.020128704408125486,3e-05,110,0.0,0.01708984375,31.941097313165663,-5.812645817548036,0.2,,,,,
40.0,44.56352233886719,24576,,,,,,,,,,,,,,,
40.0,38.46684265136719,25600,27.694473266601562,0.005728558,-0.016827040938369463,3e-05,120,0.0,0.01376953125,29.893990704417227,-5.806427150219679,0.2,,,,,
40.0,41.255165100097656,26624,,,,,,,,,,,,,,,
40.0,42.67146301269531,27648,27.398176193237305,0.005272029,-0.01708684854929743,3e-05,130,0.0,0.01689453125,31.576648734509945,-5.801193922013044,0.2,,,,,
40.0,43.29066467285156,28672,,,,,,,,,,,,,,,
40.0,41.433204650878906,29696,22.5654239654541,0.00565002,-0.019503192035153917,3e-05,140,0.0,0.014794921875,38.31641652286053,-5.796727397292853,0.2,,,,,
40.0,46.360015869140625,30720,,,,,,,,,,,,,,,
40.0,41.33270263671875,31744,16.6414737701416,0.0062057134,-0.019309541042457568,3e-05,150,0.0,0.01806640625,34.007661011815074,-5.790199213474989,0.2,,,,,
40.0,41.95292663574219,32768,,,,,,,,,,,,,,,
40.0,41.56789016723633,33792,22.065996170043945,0.0058176043,-0.019310489068448077,3e-05,160,0.0,0.019384765625,30.48251084536314,-5.7845028072595595,0.2,,,,,
40.0,39.302703857421875,34816,,,,,,,,,,,,,,,
40.0,35.07755661010742,35840,15.09295654296875,0.00691665,-0.023557355959928826,3e-05,170,0.0,0.027685546875,29.703677605092526,-5.775458280742169,0.2,,,,,
40.0,42.41435241699219,36864,,,,,,,,,,,,,,,
40.0,38.59883117675781,37888,17.240493774414062,0.006390921,-0.021429002190416213,3e-05,180,0.0,0.030615234375,30.72047701179981,-5.76514927521348,0.2,,,,,
40.0,42.2327880859375,38912,,,,,,,,,,,,,,,
40.0,41.93013000488281,39936,19.678136825561523,0.00599307,-0.019289840561759773,3e-05,190,0.0,0.02705078125,29.815398114919663,-5.757611747086048,0.2,,,,,
40.0,42.25503158569336,40960,,,,,,,,,,,,,,,
,,40960,,,,,,,,,,,20,89,40.0,459,41.481834420000006
40.0,39.500892639160156,41984,23.453264236450195,0.005673566,-0.018842729484458687,3e-05,200,-1.1920928955078125e-07,0.015380859375,31.115406346321105,-5.752619183808565,0.2,,,,,
40.0,39.643455505371094,43008,,,,,,,,,,,,,,,
40.0,41.12702178955078,44032,25.0610408782959,0.0055549443,-0.016609311233332848,3e-05,210,0.0,0.01015625,30.03433663994074,-5.745862683653831,0.2,,,,,
40.0,37.46118927001953,45056,,,,,,,,,,,,,,,
40.0,44.53562545776367,46080,28.062610626220703,0.005599696,-0.01777047522518842,3e-05,220,1.1920928955078125e-07,0.017919921875,29.931075847148897,-5.740289909392596,0.2,,,,,
40.0,38.89778518676758,47104,,,,,,,,,,,,,,,
40.0,39.05732727050781,48128,21.4152889251709,0.0053913016,-0.01866106022207532,3e-05,230,0.0,0.01494140625,32.77793852835894,-5.730314962565899,0.2,,,,,
40.0,34.99017333984375,49152,,,,,,,,,,,,,,,
40.0,43.70151901245117,50176,25.432241439819336,0.0050618323,-0.016108815874758875,3e-05,240,0.0,0.01396484375,28.733614195883273,-5.717533754557371,0.2,,,,,
40.0,44.500118255615234,51200,,,,,,,,,,,,,,,
40.0,46.78558349609375,52224,28.932083129882812,0.0058164867,-0.019298182419152,3e-05,250,0.0,0.020947265625,30.63389451354742,-5.707425227761268,0.2,,,,,
40.0,42.037357330322266,53248,,,,,,,,,,,,,,,
40.0,40.84340286254883,54272,28.55967140197754,0.0067078974,-0.02147634964858298,3e-05,260,0.0,0.0267578125,30.446823024749754,-5.697353511303663,0.2,,,,,
40.0,39.453125,55296,,,,,,,,,,,,,,,
40.0,42.316200256347656,56320,19.77117156982422,0.0051723155,-0.01734194192540599,3e-05,270,0.0,0.01064453125,31.25914339721203,-5.685682515799999,0.2,,,,,
40.0,45.45545196533203,57344,,,,,,,,,,,,,,,
40.0,44.14209747314453,58368,19.82853126525879,0.0057236804,-0.01794658393919235,3e-05,280,0.0,0.018603515625,32.056234049797055,-5.677499274909496,0.2,,,,,
40.0,43.24076461791992,59392,,,,,,,,,,,,,,,
40.0,40.413726806640625,60416,25.342967987060547,0.00646729,-0.020935221024410568,3e-05,290,0.0,0.02705078125,34.907027658820155,-5.670835607498884,0.2,,,,,
40.0,41.28935241699219,61440,,,,,,,,,,,,,,,
,,61440,,,,,,,,,,,30,134,40.0,458,40.73704418
40.0,44.681922912597656,62464,32.02370071411133,0.0053670956,-0.017439443038165338,3e-05,300,0.0,0.0158203125,34.559105172753334,-5.665306154638529,0.2,,,,,
40.0,43.97411346435547,63488,,,,,,,,,,,,,,,
40.0,38.71648025512695,64512,23.23143196105957,0.005498441,-0.018528929500826054,3e-05,310,0.0,0.01669921875,35.12345424294472,-5.66420928388834,0.2,,,,,
40.0,44.601158142089844,65536,,,,,,,,,,,,,,,
40.0,44.40839385986328,66560,21.442258834838867,0.0059083393,-0.01856911486174795,3e-05,320,0.0,0.0212890625,33.11128574758768,-5.658289779722691,0.2,,,,,
40.0,39.33128356933594,67584,,,,,,,,,,,,,,,
40.0,35.04700469970703,68608,20.39510154724121,0.0063060094,-0.019657876357086934,3e-05,330,0.0,0.024755859375,31.238644340634345,-5.6437793001532555,0.2,,,,,
40.0,46.115440368652344,69632,,,,,,,,,,,,,,,
40.0,40.573097229003906,70656,17.4041690826416,0.005770102,-0.01861670977414178,3e-05,340,0.0,0.0185546875,31.051205292344093,-5.626983059197665,0.2,,,,,
40.0,42.54454040527344,71680,,,,,,,,,,,,,,,
40.0,43.41410446166992,72704,19.616178512573242,0.0062612183,-0.019902944204659434,3e-05,350,0.0,0.02431640625,33.05104376077652,-5.615395372360945,0.2,,,,,
40.0,39.60041809082031,73728,,,,,,,,,,,,,,,
40.0,46.471946716308594,74752,19.857101440429688,0.0056009865,-0.017466384225554066,3e-05,360,0.0,0.015478515625,32.265408462286,-5.603601608425379,0.2,,,,,
40.0,43.408958435058594,75776,,,,,,,,,,,,,,,
40.0,43.829261779785156,76800,21.289873123168945,0.005503174,-0.015863363549215137,3e-05,370,-1.1920928955078125e-07,0.012158203125,30.13265129327774,-5.602061768621207,0.2,,,,,
40.0,45.010189056396484,77824,,,,,,,,,,,,,,,
40.0,50.02630615234375,78848,15.135588645935059,0.0061251353,-0.018914694894192507,3e-05,380,-1.1920928955078125e-07,0.019775390625,32.616583892703055,-5.595263812690973,0.2,,,,,
40.0,43.51075744628906,79872,,,,,,,,,,,,,,,
40.0,42.09400939941406,80896,27.381052017211914,0.0051932074,-0.01715914632222848,3e-05,390,-1.1920928955078125e-07,0.017431640625,32.466447377204894,-5.588841827958822,0.2,,,,,
40.0,44.47282409667969,81920,,,,,,,,,,,,,,,
,,81920,,,,,,,,,,,40,178,40.0,458,41.13276532
40.0,47.016746520996094,82944,22.617280960083008,0.005322648,-0.016926740064809563,3e-05,400,5.960464477539063e-08,0.01689453125,31.54182547926903,-5.590415840595961,0.2,,,,,
40.0,45.67579650878906,83968,,,,,,,,,,,,,,,
40.0,39.77509307861328,84992,10.586597442626953,0.005604038,-0.01874964759408613,3e-05,410,0.0,0.019775390625,29.002263541519643,-5.58699102923274,0.2,,,,,
40.0,41.35276794433594,86016,,,,,,,,,,,,,,,
40.0,43.891109466552734,87040,11.653554916381836,0.0058399285,-0.01801568578757724,3e-05,420,0.0,0.01865234375,30.45145793259144,-5.57947203963995,0.2,,,,,
40.0,46.52431869506836,88064,,,,,,,,,,,,,,,
40.0,43.804344177246094,89088,24.349660873413086,0.0055080336,-0.016883161589794325,3e-05,430,0.0,0.018603515625,30.062781707942484,-5.5714292347431185,0.2,,,,,
40.0,40.74559783935547,90112,,,,,,,,,,,,,,,
40.0,42.71341323852539,91136,24.273706436157227,0.0060106553,-0.01770495382224908,3e-05,440,0.0,0.016015625,35.70252717137337,-5.552051744610071,0.2,,,,,
40.0,41.13954162597656,92160,,,,,,,,,,,,,,,
40.0,40.487388610839844,93184,23.069229125976562,0.006704228,-0.018201396990480134,3e-05,450,-1.1920928955078125e-07,0.015869140625,29.56526047587395,-5.529519945383072,0.2,,,,,
40.0,40.63298416137695,94208,,,,,,,,,,,,,,,
40.0,43.860198974609375,95232,25.739606857299805,0.00607819,-0.018748803642301935,3e-05,460,-1.1920928955078125e-07,0.01943359375,30.83072512447834,-5.50398488715291,0.2,,,,,
40.0,40.17578125,96256,,,,,,,,,,,,,,,
40.0,47.457740783691406,97280,18.212203979492188,0.00641214,-0.017159881821862656,3e-05,470,-1.1920928955078125e-07,0.0173828125,30.48091671615839,-5.480851758271456,0.2,,,,,
40.0,35.38540267944336,98304,,,,,,,,,,,,,,,
40.0,40.393348693847656,99328,24.403667449951172,0.005923236,-0.017178364589926786,3e-05,480,-1.1920928955078125e-07,0.014111328125,31.972490271925928,-5.4593411512672905,0.2,,,,,
40.0,45.832496643066406,100352,,,,,,,,,,,,,,,
40.0,42.71112823486328,101376,26.23480987548828,0.0059709903,-0.018387446108681614,3e-05,490,0.0,0.018408203125,31.197066415846347,-5.438745427131653,0.2,,,,,
40.0,42.18168640136719,102400,,,,,,,,,,,,,,,
,,102400,,,,,,,,,,,50,223,40.0,459,41.58963963
40.0,42.13011932373047,103424,16.892688751220703,0.0050546937,-0.014348064373189117,3e-05,500,0.0,0.008447265625,33.40091913044453,-5.4196432016789915,0.2,,,,,
40.0,43.33251190185547,104448,,,,,,,,,,,,,,,
40.0,46.69819641113281,105472,28.631084442138672,0.00652334,-0.019596444299895665,3e-05,510,0.0,0.013525390625,31.436474639177323,-5.392621833086014,0.2,,,,,
40.0,43.37995529174805,106496,,,,,,,,,,,,,,,
40.0,41.14949035644531,107520,29.35927391052246,0.0071244314,-0.02117333095302456,3e-05,520,5.960464477539063e-08,0.026318359375,29.677891986072062,-5.353490759432316,0.2,,,,,
40.0,51.03638458251953,108544,,,,,,,,,,,,,,,
40.0,46.2526969909668,109568,19.842164993286133,0.006254878,-0.019862804028525714,3e-05,530,0.0,0.026318359375,33.27420497238636,-5.331820911169052,0.2,,,,,
40.0,43.11039733886719,110592,,,,,,,,,,,,,,,
40.0,43.585365295410156,111616,14.029377937316895,0.006032017,-0.01990406935074134,3e-05,540,0.0,0.022509765625,29.280650152266027,-5.317454957216978,0.2,,,,,
40.0,42.45527648925781,112640,,,,,,,,,,,,,,,
40.0,49.903846740722656,113664,20.27233123779297,0.006156236,-0.018684011146251577,3e-05,550,0.0,0.02021484375,32.05996325314045,-5.310281046479941,0.2,,,,,
40.0,44.46162796020508,114688,,,,,,,,,,,,,,,
40.0,45.272220611572266,115712,19.801105499267578,0.004721801,-0.01401727218690212,3e-05,560,0.0,0.007958984375,29.464271545410156,-5.314206626266241,0.2,,,,,
40.0,39.42567443847656,116736,,,,,,,,,,,,,,,
40.0,48.86939239501953,117760,17.016082763671875,0.0059631956,-0.01683388336459757,3e-05,570,0.0,0.015380859375,29.856776942312717,-5.301584012806416,0.2,,,,,
40.0,46.05559158325195,118784,,,,,,,,,,,,,,,
40.0,44.419891357421875,119808,23.788124084472656,0.005961496,-0.01636606008032686,3e-05,580,-1.1920928955078125e-07,0.011376953125,26.980302415788174,-5.288704279065132,0.2,,,,,
40.0,39.265602111816406,120832,,,,,,,,,,,,,,,
40.0,52.389869689941406,121856,17.63844871520996,0.0057003945,-0.01708106702681107,3e-05,590,0.0,0.01220703125,29.301512207090855,-5.277036325633526,0.2,,,,,
40.0,46.05219268798828,122880,,,,,,,,,,,,,,,
,,122880,,,,,,,,,,,60,267,40.0,459,44.74848066
40.0,49.185768127441406,123904,22.443498611450195,0.00623138,-0.01848667731974274,3e-05,600,-1.1920928955078125e-07,0.02216796875,30.943616631627084,-5.249849323928356,0.2,,,,,
40.0,47.57206344604492,124928,,,,,,,,,,,,,,,
40.0,49.54950714111328,125952,16.39824676513672,0.0043146717,-0.015016990160074784,3e-05,610,0.0,0.01201171875,29.133514349162578,-5.227366984635592,0.2,,,,,
40.0,45.5233154296875,126976,,,,,,,,,,,,,,,
40.0,43.27815628051758,128000,24.28693962097168,0.0054773297,-0.01528704671000014,3e-05,620,0.0,0.02001953125,32.16990076750517,-5.211345621943474,0.2,,,,,
40.0,46.162818908691406,129024,,,,,,,,,,,,,,,
40.0,50.782737731933594,130048,26.58804702758789,0.0052952217,-0.01596231756338966,3e-05,630,0.0,0.013330078125,32.27852929383516,-5.199126589298248,0.2,,,,,
40.0,42.79644775390625,131072,,,,,,,,,,,,,,,
40.0,42.90448760986328,132096,10.488880157470703,0.0077769975,-0.01997744041145779,3e-05,640,0.0,0.02861328125,29.26417871713638,-5.1788063302636145,0.2,,,,,
40.0,46.07464599609375,133120,,,,,,,,,,,,,,,
40.0,49.33843994140625,134144,20.257423400878906,0.0053922264,-0.017275137883734713,3e-05,650,0.0,0.01640625,32.81820276677608,-5.149311327189207,0.2,,,,,
40.0,43.33024215698242,135168,,,,,,,,,,,,,,,
40.0,52.60247802734375,136192,21.919166564941406,0.006590377,-0.017404273169086083,3e-05,660,0.0,0.021435546875,27.426980178058148,-5.134940552711487,0.2,,,,,
40.0,48.46637725830078,137216,,,,,,,,,,,,,,,
40.0,45.582435607910156,138240,21.64557456970215,0.005481837,-0.01629604021436535,3e-05,670,5.960464477539063e-08,0.014990234375,30.517940248548985,-5.126773672550916,0.2,,,,,
40.0,43.91679382324219,139264,,,,,,,,,,,,,,,
40.0,48.0869255065918,140288,21.116960525512695,0.0058876853,-0.018833665989222936,3e-05,680,0.0,0.025341796875,26.546510414779185,-5.10253391712904,0.2,,,,,
40.0,48.125457763671875,141312,,,,,,,,,,,,,,,
40.0,49.706748962402344,142336,18.747478485107422,0.004973203,-0.015108793219042127,3e-05,690,0.0,0.011572265625,33.12947540283203,-5.100944629311561,0.2,,,,,
40.0,50.411231994628906,143360,,,,,,,,,,,,,,,
,,143360,,,,,,,,,,,70,312,40.0,459,47.24028177999999
40.0,53.642356872558594,144384,19.149085998535156,0.006312788,-0.018994942618155618,3e-05,700,-1.1920928955078125e-07,0.0265625,28.977052187919618,-5.091631400585174,0.2,,,,,
40.0,49.729671478271484,145408,,,,,,,,,,,,,,,
40.0,51.297000885009766,146432,23.24142074584961,0.0047021946,-0.01317508283245843,3e-05,710,0.0,0.009326171875,32.8092718526721,-5.0834071159362795,0.2,,,,,
40.0,51.150211334228516,147456,,,,,,,,,,,,,,,
40.0,41.7552375793457,148480,21.011646270751953,0.005450256,-0.014866801929747453,3e-05,720,0.0,0.015576171875,31.315085725486277,-5.072422450035811,0.2,,,,,
40.0,47.806190490722656,149504,,,,,,,,,,,,,,,
40.0,47.53712844848633,150528,17.741376876831055,0.0063744504,-0.017835659323463916,3e-05,730,0.0,0.017578125,27.880939027667047,-5.0502305492758754,0.2,,,,,
40.0,49.77788543701172,151552,,,,,,,,,,,,,,,
40.0,49.08124923706055,152576,19.572702407836914,0.0048454497,-0.0142226961281267,3e-05,740,0.0,0.01005859375,25.07281068712473,-5.0324668943881985,0.2,,,,,
40.0,46.84710693359375,153600,,,,,,,,,,,,,,,
40.0,45.74507141113281,154624,25.835886001586914,0.0045077032,-0.01386767119220167,3e-05,750,0.0,0.01103515625,26.80209359973669,-5.021038020402193,0.2,,,,,
40.0,54.26726531982422,155648,,,,,,,,,,,,,,,
40.0,49.10929870605469,156672,15.523126602172852,0.007975407,-0.018678257559076882,3e-05,760,0.0,0.0263671875,29.328870813548566,-5.008651923388243,0.2,,,,,
40.0,48.698360443115234,157696,,,,,,,,,,,,,,,
40.0,48.124107360839844,158720,24.518896102905273,0.004532749,-0.01578498697417672,3e-05,770,0.0,0.01201171875,30.099886247515677,-4.99088267236948,0.2,,,,,
40.0,50.37531661987305,159744,,,,,,,,,,,,,,,
40.0,52.86195373535156,160768,18.671836853027344,0.0070831394,-0.017562434777937598,3e-05,780,0.0,0.022802734375,26.964635215699673,-4.961739014834166,0.2,,,,,
40.0,53.57212829589844,161792,,,,,,,,,,,,,,,
40.0,56.4581298828125,162816,25.619386672973633,0.0059796483,-0.015243266632751329,3e-05,790,0.0,0.015087890625,28.715811097621916,-4.920970070362091,0.2,,,,,
40.0,50.584617614746094,163840,,,,,,,,,,,,,,,
,,163840,,,,,,,,,,,80,358,40.0,457,49.338396839999994
40.0,57.17491912841797,164864,14.847723960876465,0.0062322305,-0.015732650020800064,3e-05,800,0.0,0.00712890625,32.518923935294154,-4.888957457989454,0.2,,,,,
40.0,49.67115020751953,165888,,,,,,,,,,,,,,,
40.0,50.02904510498047,166912,18.13780975341797,0.005713341,-0.01583114724853658,3e-05,810,0.0,0.012841796875,29.200420750677587,-4.868221528828144,0.2,,,,,
40.0,46.50429916381836,167936,,,,,,,,,,,,,,,
40.0,50.99241638183594,168960,22.263153076171875,0.0047736755,-0.015458504822890972,3e-05,820,0.0,0.0140625,29.16468761563301,-4.835007212311029,0.2,,,,,
40.0,54.273765563964844,169984,,,,,,,,,,,,,,,
40.0,50.494651794433594,171008,26.755035400390625,0.0054260194,-0.01507565606807475,3e-05,830,5.960464477539063e-08,0.013134765625,29.408306477963926,-4.817724058032036,0.2,,,,,
40.0,47.52433395385742,172032,,,,,,,,,,,,,,,
40.0,54.444793701171875,173056,11.875319480895996,0.005516162,-0.013429664497380145,3e-05,840,0.0,0.00927734375,30.711532635986806,-4.798469522595406,0.2,,,,,
40.0,50.1075439453125,174080,,,,,,,,,,,,,,,
40.0,50.47605895996094,175104,18.690481185913086,0.005550567,-0.01491255215187266,3e-05,850,0.0,0.01279296875,28.719196447730063,-4.77704720646143,0.2,,,,,
40.0,48.574493408203125,176128,,,,,,,,,,,,,,,
40.0,51.295509338378906,177152,24.725177764892578,0.0047536707,-0.013281011792059871,3e-05,860,0.0,0.010107421875,27.416366118192673,-4.759800838679075,0.2,,,,,
40.0,52.7000732421875,178176,,,,,,,,,,,,,,,
40.0,50.34373474121094,179200,21.295780181884766,0.0057408465,-0.015249776266136906,3e-05,870,-1.1920928955078125e-07,0.015673828125,28.011719654500485,-4.734025547653436,0.2,,,,,
40.0,55.50928497314453,180224,,,,,,,,,,,,,,,
40.0,57.59019088745117,181248,18.961219787597656,0.0061864974,-0.016380818434117827,3e-05,880,1.1920928955078125e-07,0.0138671875,27.63249816298485,-4.722165361046791,0.2,,,,,
40.0,51.608123779296875,182272,,,,,,,,,,,,,,,
40.0,54.271488189697266,183296,22.036170959472656,0.004774905,-0.013439697986177635,3e-05,890,0.0,0.01064453125,27.037418530881403,-4.701184682548046,0.2,,,,,
40.0,51.116798400878906,184320,,,,,,,,,,,,,,,
,,184320,,,,,,,,,,,90,403,40.0,456,51.923241049999994
40.0,46.4000244140625,185344,17.901350021362305,0.005947404,-0.012742824663291685,3e-05,900,-1.1920928955078125e-07,0.0080078125,26.557130618393423,-4.689470863342285,0.2,,,,,
40.0,52.09288787841797,186368,,,,,,,,,,,,,,,
40.0,51.91033172607422,187392,17.066818237304688,0.005347392,-0.014771702598955017,3e-05,910,0.0,0.023095703125,27.69593711793423,-4.678360237926245,0.2,,,,,
40.0,52.09038543701172,188416,,,,,,,,,,,,,,,
40.0,52.65446853637695,189440,19.998714447021484,0.0048722015,-0.013328976022603457,3e-05,920,0.0,0.00810546875,28.5444086804986,-4.665186727046967,0.2,,,,,
40.0,48.27753448486328,190464,,,,,,,,,,,,,,,
40.0,60.96781921386719,191488,17.418840408325195,0.0052235713,-0.014082702873201925,3e-05,930,0.0,0.012451171875,25.290980802476405,-4.653575042635202,0.2,,,,,
40.0,56.18046569824219,192512,,,,,,,,,,,,,,,
40.0,56.09351348876953,193536,17.915340423583984,0.005938829,-0.01659664997314394,3e-05,940,5.960464477539063e-08,0.019140625,27.330879911780357,-4.642615462839603,0.2,,,,,
40.0,49.73290252685547,194560,,,,,,,,,,,,,,,
40.0,55.39424133300781,195584,22.85506248474121,0.0056556156,-0.012239091235642263,3e-05,950,0.0,0.015771484375,24.306270314753057,-4.629342263936996,0.2,,,,,
40.0,51.50680160522461,196608,,,,,,,,,,,,,,,
40.0,50.84881591796875,197632,22.553062438964844,0.0047555426,-0.014537643537551048,3e-05,960,-1.1920928955078125e-07,0.01806640625,25.63464556634426,-4.618985601514578,0.2,,,,,
40.0,54.85873794555664,198656,,,,,,,,,,,,,,,
40.0,52.935943603515625,199680,12.173470497131348,0.0057360358,-0.013784380645665806,3e-05,970,0.0,0.0123046875,26.019160148501395,-4.614518529176712,0.2,,,,,
40.0,50.95813751220703,200704,,,,,,,,,,,,,,,
40.0,51.42388153076172,201728,17.082279205322266,0.0070746895,-0.01649029491309193,3e-05,980,0.0,0.016162109375,26.029930320382118,-4.589392676204443,0.2,,,,,
40.0,55.91319274902344,202752,,,,,,,,,,,,,,,
40.0,56.37312316894531,203776,22.722639083862305,0.0054636877,-0.015705461602919968,3e-05,990,0.0,0.01259765625,27.410870906710624,-4.5395461231470104,0.2,,,,,
40.0,53.72227096557617,204800,,,,,,,,,,,,,,,
,,204800,,,,,,,,,,,100,449,40.0,456,54.400242920000004
40.0,59.81345748901367,205824,13.388748168945312,0.008095399,-0.01622279804360005,3e-05,1000,0.0,0.01640625,27.495000916719437,-4.481759908050298,0.2,,,,,
40.0,56.204078674316406,206848,,,,,,,,,,,,,,,
40.0,53.609832763671875,207872,16.25806999206543,0.0060642017,-0.014755692646212992,3e-05,1010,0.0,0.017138671875,26.705232521891595,-4.445450372993946,0.2,,,,,
40.0,58.79852294921875,208896,,,,,,,,,,,,,,,
40.0,58.295989990234375,209920,16.830467224121094,0.006012991,-0.014008232647756812,3e-05,1020,0.0,0.01015625,28.492479890584946,-4.41934892758727,0.2,,,,,
40.0,59.145912170410156,210944,,,,,,,,,,,,,,,
40.0,58.88385772705078,211968,10.421873092651367,0.0060736476,-0.01348535168581293,3e-05,1030,5.960464477539063e-08,0.015869140625,22.34024017304182,-4.401584243029356,0.2,,,,,
40.0,53.27978515625,212992,,,,,,,,,,,,,,,
40.0,53.96239471435547,214016,21.5690860748291,0.006098369,-0.015360790426348104,3e-05,1040,0.0,0.0208984375,27.219179002940656,-4.376062965393066,0.2,,,,,
40.0,56.426292419433594,215040,,,,,,,,,,,,,,,
40.0,53.5130615234375,216064,17.56381607055664,0.0039361324,-0.010836123671106179,3e-05,1050,0.0,0.008251953125,24.15172346383333,-4.361057310551405,0.2,,,,,
40.0,58.65269470214844,217088,,,,,,,,,,,,,,,
40.0,54.87744903564453,218112,10.532299995422363,0.0058800904,-0.013886239706698689,3e-05,1060,0.0,0.009326171875,23.914247535169125,-4.338285855948925,0.2,,,,,
40.0,51.22704315185547,219136,,,,,,,,,,,,,,,
40.0,59.49393081665039,220160,28.73245620727539,0.0049870363,-0.012911301136773546,3e-05,1070,5.960464477539063e-08,0.013525390625,26.979557296633722,-4.317671076208353,0.2,,,,,
40.0,55.00360107421875,221184,,,,,,,,,,,,,,,
40.0,58.94477081298828,222208,17.726566314697266,0.0043431385,-0.009833144708318286,3e-05,1080,0.0,0.00791015625,24.176068446040155,-4.3085701912641525,0.2,,,,,
40.0,57.06566619873047,223232,,,,,,,,,,,,,,,
40.0,60.70365524291992,224256,16.441240310668945,0.005933121,-0.013692557375907199,3e-05,1090,0.0,0.024462890625,25.576232002675532,-4.30620827972889,0.2,,,,,
40.0,59.57891845703125,225280,,,,,,,,,,,,,,,
,,225280,,,,,,,,,,,110,494,40.0,455,57.801668760000005
40.0,61.02914047241211,226304,19.461515426635742,0.0050215106,-0.01329620301767136,3e-05,1100,0.0,0.0201171875,22.987260016798974,-4.29840903505683,0.2,,,,,
40.0,56.19981002807617,227328,,,,,,,,,,,,,,,
40.0,60.277156829833984,228352,21.413970947265625,0.0067503285,-0.01332906238239957,3e-05,1110,0.0,0.012451171875,26.92097652554512,-4.260058659315109,0.2,,,,,
40.0,54.31410598754883,229376,,,,,,,,,,,,,,,
40.0,57.53548812866211,230400,14.352337837219238,0.00409152,-0.010812617446936202,3e-05,1120,0.0,0.012744140625,25.644921673834325,-4.243551756441593,0.2,,,,,
40.0,64.46127319335938,231424,,,,,,,,,,,,,,,
40.0,59.78245544433594,232448,16.282115936279297,0.0053381235,-0.01095904681023967,3e-05,1130,0.0,0.013134765625,26.041617853939535,-4.227054900676012,0.2,,,,,
40.0,55.56922912597656,233472,,,,,,,,,,,,,,,
40.0,61.532379150390625,234496,17.157920837402344,0.00576065,-0.011841948726214468,3e-05,1140,0.0,0.013330078125,22.43652676194906,-4.2115239888429645,0.2,,,,,
40.0,55.141082763671875,235520,,,,,,,,,,,,,,,
40.0,62.158203125,236544,17.610715866088867,0.0062427768,-0.012513668387691723,3e-05,1150,0.0,0.024072265625,22.915811079740525,-4.193906746059656,0.2,,,,,
40.0,59.03248977661133,237568,,,,,,,,,,,,,,,
40.0,56.570518493652344,238592,16.190654754638672,0.0054994156,-0.011993745664221933,3e-05,1160,0.0,0.01015625,22.633572739362716,-4.169805055111647,0.2,,,,,
40.0,63.992164611816406,239616,,,,,,,,,,,,,,,
40.0,57.6912841796875,240640,20.14177894592285,0.005536559,-0.013194057357759447,3e-05,1170,0.0,0.016064453125,23.20334117114544,-4.156614593416452,0.2,,,,,
40.0,58.179359436035156,241664,,,,,,,,,,,,,,,
40.0,63.57270050048828,242688,16.322891235351562,0.006354403,-0.013765498956490773,3e-05,1180,0.0,0.018115234375,24.472478725016117,-4.158256049454212,0.2,,,,,
40.0,60.246116638183594,243712,,,,,,,,,,,,,,,
40.0,60.78102493286133,244736,16.41382598876953,0.005333433,-0.014164426999195711,3e-05,1190,0.0,0.018798828125,25.34392859339714,-4.149647822976112,0.2,,,,,
40.0,62.841678619384766,245760,,,,,,,,,,,,,,,
,,245760,,,,,,,,,,,120,539,40.0,455,60.07230029
40.0,57.799598693847656,246784,18.02213478088379,0.0056609865,-0.010444080151501112,3e-05,1200,5.960464477539063e-08,0.00830078125,24.76722905635834,-4.138937616348267,0.2,,,,,
40.0,62.804779052734375,247808,,,,,,,,,,,,,,,
40.0,63.23695373535156,248832,12.971327781677246,0.0071718656,-0.013001961403642782,3e-05,1210,0.0,0.017333984375,21.47916918694973,-4.142846500128508,0.2,,,,,
40.0,60.1661491394043,249856,,,,,,,,,,,,,,,
40.0,64.80760192871094,250880,15.500884056091309,0.004512072,-0.011221480832864473,3e-05,1220,0.0,0.013720703125,22.28623028099537,-4.135683773458004,0.2,,,,,
40.0,60.17338180541992,251904,,,,,,,,,,,,,,,
40.0,63.18157196044922,252928,15.240569114685059,0.0071204295,-0.014923810394247995,3e-05,1230,0.0,0.01279296875,23.948114743828775,-4.117025076597929,0.2,,,,,
40.0,60.13526916503906,253952,,,,,,,,,,,,,,,
40.0,59.51127243041992,254976,17.851390838623047,0.0048065954,-0.011025476236682152,3e-05,1240,0.0,0.008740234375,25.698561878502368,-4.100282196700573,0.2,,,,,
40.0,60.91512680053711,256000,,,,,,,,,,,,,,,
40.0,64.76144409179688,257024,11.900896072387695,0.0040400485,-0.009509818972583161,3e-05,1250,0.0,0.006201171875,22.482661758363246,-4.088340386003256,0.2,,,,,
40.0,59.136810302734375,258048,,,,,,,,,,,,,,,
40.0,63.84644317626953,259072,14.05618953704834,0.0057268105,-0.012109658277768175,3e-05,1260,0.0,0.008251953125,22.499302826821804,-4.073114224523306,0.2,,,,,
40.0,60.727046966552734,260096,,,,,,,,,,,,,,,
40.0,67.54434204101562,261120,15.811576843261719,0.005657931,-0.011290748439569143,3e-05,1270,0.0,0.009130859375,23.82357966452837,-4.0513609737157825,0.2,,,,,
40.0,63.68666458129883,262144,,,,,,,,,,,,,,,
40.0,60.11613464355469,263168,14.652265548706055,0.0040341057,-0.008305952139926376,3e-05,1280,-1.1920928955078125e-07,0.004833984375,22.453619866073133,-4.03427479788661,0.2,,,,,
40.0,64.53900909423828,264192,,,,,,,,,,,,,,,
40.0,61.752628326416016,265216,19.313152313232422,0.005801906,-0.012373556509555784,3e-05,1290,1.7881393432617188e-07,0.015966796875,22.38345863968134,-4.017440358549356,0.2,,,,,
40.0,64.6451416015625,266240,,,,,,,,,,,,,,,
,,266240,,,,,,,,,,,130,584,40.0,455,62.63548779
40.0,65.0885009765625,267264,13.018536567687988,0.0073927045,-0.014892680490811471,3e-05,1300,0.0,0.025830078125,22.62144364863634,-4.0037690788507465,0.2,,,,,
40.0,63.334712982177734,268288,,,,,,,,,,,,,,,
40.0,65.19094848632812,269312,16.137880325317383,0.0047288425,-0.010342840665907715,3e-05,1310,5.960464477539063e-08,0.00615234375,24.48325606882572,-4.006842823326588,0.2,,,,,
40.0,63.49576950073242,270336,,,,,,,,,,,,,,,
40.0,62.704891204833984,271360,14.776106834411621,0.006597297,-0.011985990167886484,3e-05,1320,0.0,0.019482421875,23.242660638689994,-3.9973494820296764,0.2,,,,,
40.0,65.14823913574219,272384,,,,,,,,,,,,,,,
40.0,61.12732696533203,273408,12.954635620117188,0.0057482934,-0.010881276303553022,3e-05,1330,0.0,0.014404296875,21.97689711600542,-3.9952770840376615,0.2,,,,,
40.0,63.000640869140625,274432,,,,,,,,,,,,,,,
40.0,58.92314910888672,275456,15.377763748168945,0.004398511,-0.009337927296655835,3e-05,1340,0.0,0.0076171875,22.32456786930561,-3.9989235252141953,0.2,,,,,
40.0,65.24848175048828,276480,,,,,,,,,,,,,,,
40.0,61.440696716308594,277504,20.440948486328125,0.004363659,-0.009569696874314105,3e-05,1350,-1.1920928955078125e-07,0.007275390625,24.753680743277073,-3.997707526385784,0.2,,,,,
40.0,54.03357696533203,278528,,,,,,,,,,,,,,,
40.0,62.46294021606445,279552,12.878753662109375,0.008332541,-0.01197567947619973,3e-05,1360,0.0,0.011376953125,20.347901909053327,-3.991826428472996,0.2,,,,,
40.0,64.4852294921875,280576,,,,,,,,,,,,,,,
40.0,62.62908172607422,281600,20.243593215942383,0.0056172805,-0.011967196757905186,3e-05,1370,0.0,0.015673828125,22.583152617514134,-3.98352314196527,0.2,,,,,
40.0,62.108360290527344,282624,,,,,,,,,,,,,,,
40.0,62.99163818359375,283648,13.062932014465332,0.004054461,-0.008615943389668246,3e-05,1380,0.0,0.006689453125,20.9470018312335,-3.9709331206977367,0.2,,,,,
40.0,61.60577392578125,284672,,,,,,,,,,,,,,,
40.0,65.21775817871094,285696,14.868229866027832,0.0048189033,-0.00973396331537515,3e-05,1390,0.0,0.009130859375,21.7294063270092,-3.9554533146321775,0.2,,,,,
40.0,65.50110626220703,286720,,,,,,,,,,,,,,,
,,286720,,,,,,,,,,,140,629,40.0,455,63.367384310000006
40.0,59.55084991455078,287744,12.698709487915039,0.006183322,-0.011521732232358773,3e-05,1400,0.0,0.0125,19.510128308832645,-3.9575492203235627,0.2,,,,,
40.0,66.93809509277344,288768,,,,,,,,,,,,,,,
40.0,62.683746337890625,289792,19.460636138916016,0.0042921226,-0.00956093695722302,3e-05,1410,0.0,0.00498046875,21.54899823665619,-3.955288727581501,0.2,,,,,
40.0,63.07435607910156,290816,,,,,,,,,,,,,,,
40.0,60.19293975830078,291840,11.423771858215332,0.005578599,-0.010178112916401005,3e-05,1420,0.0,0.014306640625,20.411459851264954,-3.9405026983469726,0.2,,,,,
40.0,62.06085968017578,292864,,,,,,,,,,,,,,,
40.0,62.065818786621094,293888,13.525196075439453,0.005829609,-0.010279920794710051,3e-05,1430,0.0,0.00888671875,21.894538064301013,-3.9323535691946745,0.2,,,,,
40.0,62.08818054199219,294912,,,,,,,,,,,,,,,
40.0,62.468040466308594,295936,12.060456275939941,0.005738008,-0.009397150892255013,3e-05,1440,0.0,0.0099609375,22.12069574445486,-3.9322246342897413,0.2,,,,,
40.0,66.61279296875,296960,,,,,,,,,,,,,,,
40.0,62.57705307006836,297984,19.914691925048828,0.005324129,-0.010649319311414728,3e-05,1450,0.0,0.017041015625,21.824364793300628,-3.932883945852518,0.2,,,,,
40.0,57.92546463012695,299008,,,,,,,,,,,,,,,
40.0,66.96640014648438,300032,11.061552047729492,0.0059004035,-0.01161092483343964,3e-05,1460,1.1920928955078125e-07,0.01796875,21.10215081423521,-3.921692533046007,0.2,,,,,
40.0,65.5499267578125,301056,,,,,,,,,,,,,,,
40.0,65.8094253540039,302080,11.82746410369873,0.005843302,-0.011094551413407316,3e-05,1470,0.0,0.009375,21.9595412440598,-3.904169261455536,0.2,,,,,
40.0,61.92194366455078,303104,,,,,,,,,,,,,,,
40.0,64.07937622070312,304128,12.134016036987305,0.004128331,-0.008158976110644289,3e-05,1480,0.0,0.00341796875,20.446465709805487,-3.8949221465736628,0.2,,,,,
40.0,68.44464874267578,305152,,,,,,,,,,,,,,,
40.0,62.27790069580078,306176,14.912763595581055,0.0074792956,-0.01316456723070587,3e-05,1490,0.0,0.024169921875,21.149143151938915,-3.890567073598504,0.2,,,,,
40.0,63.996543884277344,307200,,,,,,,,,,,,,,,
,,307200,,,,,,,,,,,150,674,40.0,455,65.12727434
40.0,69.10771179199219,308224,20.684858322143555,0.0055079972,-0.009626156050217105,3e-05,1500,0.0,0.01025390625,24.29895763993263,-3.8868395745754243,0.2,,,,,
40.0,62.39739227294922,309248,,,,,,,,,,,,,,,
40.0,60.45527648925781,310272,18.687314987182617,0.0068213427,-0.01304989760647004,3e-05,1510,0.0,0.019384765625,22.445599192380904,-3.8829089615494015,0.2,,,,,
40.0,63.528526306152344,311296,,,,,,,,,,,,,,,
40.0,62.016624450683594,312320,13.414299011230469,0.0061843004,-0.010257316766364965,3e-05,1520,-1.1920928955078125e-07,0.01396484375,23.531466841697693,-3.8739859614521266,0.2,,,,,
40.0,65.97770690917969,313344,,,,,,,,,,,,,,,
40.0,63.42658615112305,314368,14.869933128356934,0.0059634484,-0.01121853563017794,3e-05,1530,0.0,0.01611328125,22.06157353967428,-3.858822888880968,0.2,,,,,
40.0,64.81369018554688,315392,,,,,,,,,,,,,,,
40.0,65.44207763671875,316416,12.717636108398438,0.0052013933,-0.008263361136778257,3e-05,1540,-1.1920928955078125e-07,0.00966796875,20.299759967625143,-3.8518989931792023,0.2,,,,,
40.0,59.98863983154297,317440,,,,,,,,,,,,,,,
40.0,63.888397216796875,318464,12.605448722839355,0.0065598055,-0.012119050026740297,3e-05,1550,0.0,0.016259765625,22.418293939530848,-3.846837591379881,0.2,,,,,
40.0,62.390296936035156,319488,,,,,,,,,,,,,,,
40.0,65.80020141601562,320512,17.27178955078125,0.0047942596,-0.009451133892071084,3e-05,1560,0.0,0.00927734375,21.409609447419644,-3.841792129725218,0.2,,,,,
40.0,65.33607482910156,321536,,,,,,,,,,,,,,,
40.0,69.99483489990234,322560,13.730293273925781,0.0066842167,-0.011647816087861428,3e-05,1570,0.0,0.016259765625,20.863679926097394,-3.8413464717566965,0.2,,,,,
40.0,64.39048767089844,323584,,,,,,,,,,,,,,,
40.0,65.2317886352539,324608,17.804214477539062,0.005775553,-0.010511613240123552,3e-05,1580,0.0,0.011865234375,20.149092873930933,-3.8357357174158095,0.2,,,,,
40.0,68.74319458007812,325632,,,,,,,,,,,,,,,
40.0,64.58653259277344,326656,14.2360200881958,0.006986112,-0.011698885031910322,3e-05,1590,0.0,0.023095703125,20.442889553308486,-3.828331191837788,0.2,,,,,
40.0,65.55736541748047,327680,,,,,,,,,,,,,,,
,,327680,,,,,,,,,,,160,719,40.0,455,64.7055337
40.0,60.48197555541992,328704,15.071683883666992,0.00663059,-0.010995723673113389,3e-05,1600,0.0,0.010400390625,22.730357275158166,-3.8230017121881246,0.2,,,,,
40.0,64.93912506103516,329728,,,,,,,,,,,,,,,
40.0,65.46931457519531,330752,14.55827522277832,0.006653388,-0.008866716789634665,3e-05,1610,0.0,0.009228515625,20.65358278155327,-3.8131342362612486,0.2,,,,,
40.0,64.30216979980469,331776,,,,,,,,,,,,,,,
40.0,63.452552795410156,332800,9.030312538146973,0.006760968,-0.011183558616539812,3e-05,1620,0.0,0.013037109375,21.532000797986985,-3.798765556886792,0.2,,,,,
40.0,65.0625,333824,,,,,,,,,,,,,,,
40.0,63.96852111816406,334848,17.382884979248047,0.004538605,-0.007443489766592393,3e-05,1630,0.0,0.006982421875,20.38320232182741,-3.7950794499367477,0.2,,,,,
40.0,66.74752807617188,335872,,,,,,,,,,,,,,,
40.0,65.89855194091797,336896,14.30120849609375,0.0056155375,-0.007946474023992778,3e-05,1640,0.0,0.007568359375,19.82365739196539,-3.7926881551742553,0.2,,,,,
40.0,64.68963623046875,337920,,,,,,,,,,,,,,,
40.0,62.87541961669922,338944,19.5450382232666,0.0047282544,-0.009183715580729768,3e-05,1650,0.0,0.00576171875,21.098951876163483,-3.784696038812399,0.2,,,,,
40.0,64.3965835571289,339968,,,,,,,,,,,,,,,
40.0,64.10443115234375,340992,16.129047393798828,0.006557136,-0.01233642904808221,3e-05,1660,1.1920928955078125e-07,0.030126953125,19.06810425966978,-3.7810907173901795,0.2,,,,,
40.0,66.67150115966797,342016,,,,,,,,,,,,,,,
40.0,65.25227355957031,343040,17.266111373901367,0.005723373,-0.010366144659201382,3e-05,1670,0.0,0.016015625,20.921283292770386,-3.7767922565340997,0.2,,,,,
40.0,69.32691955566406,344064,,,,,,,,,,,,,,,
40.0,68.37163543701172,345088,16.536439895629883,0.005563863,-0.008855568615399535,3e-05,1680,-1.1920928955078125e-07,0.01123046875,20.812326626479624,-3.7685602929443123,0.2,,,,,
40.0,66.1680908203125,346112,,,,,,,,,,,,,,,
40.0,67.436279296875,347136,14.15049934387207,0.004740637,-0.008556172433600295,3e-05,1690,0.0,0.008447265625,20.21118844896555,-3.7615285243839027,0.2,,,,,
40.0,64.97932434082031,348160,,,,,,,,,,,,,,,
,,348160,,,,,,,,,,,170,764,40.0,455,66.49828641
40.0,61.7955207824707,349184,14.862873077392578,0.0070770276,-0.010932606302230852,3e-05,1700,1.1920928955078125e-07,0.011865234375,20.34603094160557,-3.748487567156553,0.2,,,,,
40.0,69.41758728027344,350208,,,,,,,,,,,,,,,
40.0,66.77853393554688,351232,12.715091705322266,0.007267596,-0.011408362127986038,3e-05,1710,0.0,0.0189453125,20.906753067672252,-3.7428974524140357,0.2,,,,,
40.0,61.84898376464844,352256,,,,,,,,,,,,,,,
40.0,61.02995300292969,353280,10.440702438354492,0.005621328,-0.009380708172830054,3e-05,1720,0.0,0.014306640625,21.13358951956034,-3.7409193083643912,0.2,,,,,
40.0,67.51875305175781,354304,,,,,,,,,,,,,,,
40.0,67.76011657714844,355328,10.288219451904297,0.0059197647,-0.008484930262056878,3e-05,1730,0.0,0.014599609375,18.6533199056983,-3.734705625101924,0.2,,,,,
40.0,66.98148345947266,356352,,,,,,,,,,,,,,,
40.0,68.6713638305664,357376,13.68485164642334,0.005587491,-0.009499009728460805,3e-05,1740,5.960464477539063e-08,0.01552734375,22.164757853746416,-3.7280168741941453,0.2,,,,,
40.0,65.16043853759766,358400,,,,,,,,,,,,,,,
40.0,64.3299560546875,359424,13.9776029586792,0.006500839,-0.009820909413247137,3e-05,1750,0.0,0.0171875,18.772183595597745,-3.7324015215039252,0.2,,,,,
40.0,70.73579406738281,360448,,,,,,,,,,,,,,,
40.0,68.71292114257812,361472,13.149423599243164,0.00425503,-0.008003541366633726,3e-05,1760,1.1920928955078125e-07,0.0068359375,20.992535327374934,-3.7286724030971525,0.2,,,,,
40.0,68.7652587890625,362496,,,,,,,,,,,,,,,
40.0,65.00851440429688,363520,12.860730171203613,0.007498985,-0.011201435222756118,3e-05,1770,0.0,0.015673828125,20.967131873965265,-3.72108322866261,0.2,,,,,
40.0,65.20826721191406,364544,,,,,,,,,,,,,,,
40.0,60.54210662841797,365568,12.808216094970703,0.00484402,-0.007674617872908129,3e-05,1780,0.0,0.013427734375,19.346102707087994,-3.721275844052434,0.2,,,,,
40.0,67.61161804199219,366592,,,,,,,,,,,,,,,
40.0,68.20726776123047,367616,10.331542015075684,0.004035988,-0.007113876918447204,3e-05,1790,0.0,0.003759765625,18.82542636692524,-3.713011163473129,0.2,,,,,
40.0,66.53573608398438,368640,,,,,,,,,,,,,,,
,,368640,,,,,,,,,,,180,809,40.0,455,66.75240165999999
40.0,67.7905044555664,369664,16.684690475463867,0.00649169,-0.010845297266678244,3e-05,1800,-1.1920928955078125e-07,0.01337890625,21.55891110897064,-3.6962118584662678,0.2,,,,,
40.0,66.26334381103516,370688,,,,,,,,,,,,,,,
40.0,61.718719482421875,371712,19.439001083374023,0.0032447502,-0.00520729029112772,3e-05,1810,0.0,0.00322265625,20.561030988395213,-3.6864294949918985,0.2,,,,,
40.0,67.11956787109375,372736,,,,,,,,,,,,,,,
40.0,71.26225280761719,373760,18.805524826049805,0.006147627,-0.00801581842424639,3e-05,1820,0.0,0.005810546875,19.507955005764963,-3.69420413300395,0.2,,,,,
40.0,66.97370910644531,374784,,,,,,,,,,,,,,,
40.0,66.79801940917969,375808,18.188791275024414,0.005696217,-0.00996076500705385,3e-05,1830,0.0,0.013232421875,20.717112284898757,-3.700945997610688,0.2,,,,,
40.0,72.28702545166016,376832,,,,,,,,,,,,,,,
40.0,67.41727447509766,377856,7.765822410583496,0.0069048423,-0.010050591810431797,3e-05,1840,0.0,0.012109375,19.066064982116224,-3.697523935884237,0.2,,,,,
40.0,68.41975402832031,378880,,,,,,,,,,,,,,,
40.0,69.59927368164062,379904,10.503600120544434,0.0045041046,-0.00799659339390928,3e-05,1850,0.0,0.01748046875,17.938224276900293,-3.69505096077919,0.2,,,,,
40.0,68.71426391601562,380928,,,,,,,,,,,,,,,
40.0,68.14006042480469,381952,17.540935516357422,0.004822574,-0.007783364709393936,3e-05,1860,1.1920928955078125e-07,0.004248046875,18.312389169633388,-3.694271979853511,0.2,,,,,
40.0,67.18389892578125,382976,,,,,,,,,,,,,,,
40.0,67.2337646484375,384000,7.518291473388672,0.006225176,-0.0096013584654429,3e-05,1870,0.0,0.013330078125,17.98123717457056,-3.68240504860878,0.2,,,,,
40.0,67.54104614257812,385024,,,,,,,,,,,,,,,
40.0,69.3717041015625,386048,10.87877082824707,0.005257017,-0.008377474418739438,3e-05,1880,0.0,0.0119140625,18.23682266920805,-3.6732484392821787,0.2,,,,,
40.0,66.10685729980469,387072,,,,,,,,,,,,,,,
40.0,66.27519226074219,388096,14.773049354553223,0.006852584,-0.01030275333123427,3e-05,1890,1.1920928955078125e-07,0.0224609375,18.63497761487961,-3.668680477887392,0.2,,,,,
40.0,72.20814514160156,389120,,,,,,,,,,,,,,,
,,389120,,,,,,,,,,,190,854,40.0,455,68.05097339
40.0,69.93278503417969,390144,10.432548522949219,0.006943453,-0.010753197177109541,3e-05,1900,0.0,0.015576171875,19.570627704262733,-3.667276091873646,0.2,,,,,
40.0,70.73561096191406,391168,,,,,,,,,,,,,,,
40.0,69.53192138671875,392192,16.01588249206543,0.005133624,-0.007070532861325774,3e-05,1910,1.1920928955078125e-07,0.0064453125,17.006483742594718,-3.66476747430861,0.2,,,,,
40.0,68.82125091552734,393216,,,,,,,,,,,,,,,
40.0,71.81304931640625,394240,14.36312484741211,0.0061995215,-0.009465582454140531,3e-05,1920,0.0,0.01728515625,16.92499685958028,-3.6615312162786724,0.2,,,,,
40.0,73.02497863769531,395264,,,,,,,,,,,,,,,
40.0,72.23328399658203,396288,10.114907264709473,0.006178632,-0.007661819591885432,3e-05,1930,-1.1920928955078125e-07,0.0078125,20.828025084733962,-3.660085690766573,0.2,,,,,
40.0,67.3499755859375,397312,,,,,,,,,,,,,,,
40.0,66.2641830444336,398336,16.570310592651367,0.0049910108,-0.007314504006353672,3e-05,1940,0.0,0.00341796875,20.621998290717602,-3.654518151655793,0.2,,,,,
40.0,67.70121765136719,399360,,,,,,,,,,,,,,,
40.0,69.01358795166016,400384,11.192208290100098,0.0045699608,-0.0076936800323892385,3e-05,1950,0.0,0.00703125,19.78213457763195,-3.648296507447958,0.2,,,,,
40.0,66.39079284667969,401408,,,,,,,,,,,,,,,
40.0,64.55181121826172,402432,13.512796401977539,0.006687262,-0.008864185222046217,3e-05,1960,0.0,0.006640625,18.437476314604282,-3.6457685377448796,0.2,,,,,
40.0,63.84197235107422,403456,,,,,,,,,,,,,,,
40.0,69.41824340820312,404480,14.960429191589355,0.005659826,-0.008787125739763724,3e-05,1970,0.0,0.0173828125,21.123386731743814,-3.6426446579396723,0.2,,,,,
40.0,67.5813980102539,405504,,,,,,,,,,,,,,,
40.0,73.705322265625,406528,14.628128051757812,0.0053440845,-0.007233984813137795,3e-05,1980,0.0,0.0060546875,17.911032301187515,-3.6364875212311745,0.2,,,,,
40.0,70.07566833496094,407552,,,,,,,,,,,,,,,
40.0,71.11065673828125,408576,8.961522102355957,0.00531892,-0.008105473491013981,3e-05,1990,0.0,0.008642578125,19.16689873933792,-3.6266844663769007,0.2,,,,,
40.0,70.9761962890625,409600,,,,,,,,,,,,,,,
,,409600,,,,,,,,,,,200,900,40.0,455,68.26857136
40.0,69.82804870605469,410624,13.668086051940918,0.0050186487,-0.007933170905744191,3e-05,2000,-1.1920928955078125e-07,0.0083984375,19.945007349550725,-3.621092591062188,0.2,,,,,
40.0,69.20207214355469,411648,,,,,,,,,,,,,,,
40.0,66.06632232666016,412672,13.051461219787598,0.007658505,-0.01073954779712949,3e-05,2010,0.0,0.02001953125,20.90694087073207,-3.621185004338622,0.2,,,,,
40.0,70.30471801757812,413696,,,,,,,,,,,,,,,
40.0,71.76952362060547,414720,12.351056098937988,0.0051837596,-0.006794482021723525,3e-05,2020,0.0,0.00791015625,17.61582255214453,-3.615277787297964,0.2,,,,,
40.0,66.05602264404297,415744,,,,,,,,,,,,,,,
40.0,67.70492553710938,416768,13.430438995361328,0.006967895,-0.009490889989683638,3e-05,2030,0.0,0.016015625,18.761496831476688,-3.6106519136577844,0.2,,,,,
40.0,67.34538269042969,417792,,,,,,,,,,,,,,,
40.0,73.26097869873047,418816,14.24435806274414,0.004908301,-0.0073057052835793,3e-05,2040,0.0,0.007666015625,18.683396264910698,-3.610143795236945,0.2,,,,,
40.0,69.45082092285156,419840,,,,,,,,,,,,,,,
40.0,65.7353515625,420864,8.897507667541504,0.004799233,-0.0083862590847275,3e-05,2050,0.0,0.0154296875,19.015396213531496,-3.607070265710354,0.2,,,,,
40.0,70.26174926757812,421888,,,,,,,,,,,,,,,
40.0,72.3018798828125,422912,13.608311653137207,0.0059273867,-0.00735491725281463,3e-05,2060,0.0,0.0052734375,18.73157238960266,-3.6049458261579277,0.2,,,,,
40.0,72.8070068359375,423936,,,,,,,,,,,,,,,
40.0,73.79714965820312,424960,9.12607479095459,0.0061596185,-0.008704945578574552,3e-05,2070,0.0,0.0099609375,19.83206885904074,-3.604151422902942,0.2,,,,,
40.0,68.10662841796875,425984,,,,,,,,,,,,,,,
40.0,67.86341857910156,427008,10.93868350982666,0.006713881,-0.009100227065209765,3e-05,2080,0.0,0.009619140625,17.89832386672497,-3.604328425973654,0.2,,,,,
40.0,72.54200744628906,428032,,,,,,,,,,,,,,,
40.0,70.52349090576172,429056,19.411834716796875,0.0057654227,-0.008890461243936443,3e-05,2090,0.0,0.00966796875,20.26592316776514,-3.600714172795415,0.2,,,,,
40.0,65.55909729003906,430080,,,,,,,,,,,,,,,
,,430080,,,,,,,,,,,210,945,40.0,454,68.18838441
40.0,70.38607788085938,431104,11.860535621643066,0.0064097685,-0.009077394188716425,3e-05,2100,0.0,0.011669921875,17.194450287520887,-3.597663800790906,0.2,,,,,
40.0,69.40174865722656,432128,,,,,,,,,,,,,,,
40.0,65.83077239990234,433152,13.424284934997559,0.0051253703,-0.007035802800237434,3e-05,2110,0.0,0.0080078125,18.42052869647741,-3.5898647706955673,0.2,,,,,
40.0,71.06502532958984,434176,,,,,,,,,,,,,,,
40.0,70.56456756591797,435200,13.646796226501465,0.00752714,-0.010730975644401041,3e-05,2120,0.0,0.023583984375,18.67869490981102,-3.5868916656821965,0.2,,,,,
40.0,70.44113159179688,436224,,,,,,,,,,,,,,,
40.0,64.89712524414062,437248,14.471681594848633,0.0049303435,-0.0064535701516433615,3e-05,2130,0.0,0.00625,19.41368366777897,-3.5839025288820268,0.2,,,,,
40.0,72.47962951660156,438272,,,,,,,,,,,,,,,
40.0,68.82241821289062,439296,13.270334243774414,0.0057166815,-0.009093581923661987,3e-05,2140,0.0,0.02255859375,18.457225212454794,-3.578345201164484,0.2,,,,,
40.0,68.69038391113281,440320,,,,,,,,,,,,,,,
40.0,69.97692108154297,441344,15.867115020751953,0.0055940393,-0.010107720242376671,3e-05,2150,0.0,0.019921875,19.530269627273082,-3.5756353579461573,0.2,,,,,
40.0,70.03758239746094,442368,,,,,,,,,,,,,,,
40.0,68.50076293945312,443392,16.218494415283203,0.0068068365,-0.008486443035508273,3e-05,2160,0.0,0.00400390625,20.708591094613077,-3.5775869682431223,0.2,,,,,
40.0,66.6912841796875,444416,,,,,,,,,,,,,,,
40.0,69.4629898071289,445440,12.331729888916016,0.006064541,-0.008585380349541084,3e-05,2170,0.0,0.014892578125,17.527042952179908,-3.5782614894211293,0.2,,,,,
40.0,70.57515716552734,446464,,,,,,,,,,,,,,,
40.0,70.16670227050781,447488,10.933899879455566,0.0071644103,-0.008347020961264207,3e-05,2180,0.0,0.008447265625,19.59111079797149,-3.576771967113018,0.2,,,,,
40.0,70.75474548339844,448512,,,,,,,,,,,,,,,
40.0,71.59742736816406,449536,12.762977600097656,0.0047020894,-0.005605473256218829,3e-05,2190,0.0,0.008349609375,17.027657125145197,-3.5754242639988663,0.2,,,,,
40.0,68.6586685180664,450560,,,,,,,,,,,,,,,
,,450560,,,,,,,,,,,220,990,40.0,454,70.13028638
40.0,67.8747787475586,451584,14.111496925354004,0.003424312,-0.005510755500654341,3e-05,2200,0.0,0.00263671875,19.2042209610343,-3.5747655764222146,0.2,,,,,
40.0,71.57955932617188,452608,,,,,,,,,,,,,,,
40.0,69.18521118164062,453632,6.269342422485352,0.005222596,-0.006271591626500594,3e-05,2210,-1.1920928955078125e-07,0.0056640625,15.853144421428443,-3.568345747515559,0.2,,,,,
40.0,66.86074829101562,454656,,,,,,,,,,,,,,,
40.0,68.66006469726562,455680,11.645069122314453,0.0064791404,-0.009514812504130532,3e-05,2220,0.0,0.01728515625,17.79930863082409,-3.559918203949928,0.2,,,,,
40.0,68.53211212158203,456704,,,,,,,,,,,,,,,
40.0,69.91661834716797,457728,16.93967628479004,0.004663634,-0.0067371618577453775,3e-05,2230,0.0,0.00673828125,17.687279076874255,-3.557664354890585,0.2,,,,,
40.0,71.62374877929688,458752,,,,,,,,,,,,,,,
40.0,67.35441589355469,459776,13.811145782470703,0.008609621,-0.01032301917548466,3e-05,2240,-1.1920928955078125e-07,0.012939453125,16.552005611360073,-3.5577877037227155,0.2,,,,,
40.0,66.923583984375,460800,,,,,,,,,,,,,,,
40.0,69.49104309082031,461824,11.413034439086914,0.003985741,-0.005087595319128013,3e-05,2250,-1.1920928955078125e-07,0.002783203125,19.944539240002634,-3.5527114648371936,0.2,,,,,
40.0,66.90473937988281,462848,,,,,,,,,,,,,,,
40.0,72.75935363769531,463872,11.417558670043945,0.0037703654,-0.005112214040127583,3e-05,2260,0.0,0.003515625,18.38926061242819,-3.547483918815851,0.2,,,,,
40.0,69.0563735961914,464896,,,,,,,,,,,,,,,
40.0,70.73870849609375,465920,17.94620704650879,0.004534902,-0.006335861800107523,3e-05,2270,0.0,0.0091796875,19.183612844347955,-3.545291955769062,0.2,,,,,
40.0,70.38693237304688,466944,,,,,,,,,,,,,,,
40.0,66.3708267211914,467968,18.407888412475586,0.005779962,-0.007449879903288092,3e-05,2280,0.0,0.005712890625,18.783252976089717,-3.54506253413856,0.2,,,,,
40.0,72.69806671142578,468992,,,,,,,,,,,,,,,
40.0,65.46578979492188,470016,8.360669136047363,0.0071459133,-0.009015966725564794,3e-05,2290,0.0,0.015625,17.748322987556456,-3.5456592798233033,0.2,,,,,
40.0,69.91214752197266,471040,,,,,,,,,,,,,,,
,,471040,,,,,,,,,,,230,1035,40.0,454,68.79087167
40.0,69.37564086914062,472064,14.0975341796875,0.00796804,-0.010930938018282177,3e-05,2300,2.384185791015625e-07,0.02275390625,17.243675336241722,-3.54196960888803,0.2,,,,,
40.0,72.46711730957031,473088,,,,,,,,,,,,,,,
40.0,71.39859008789062,474112,12.277213096618652,0.0065903375,-0.009182942790903325,3e-05,2310,0.0,0.020263671875,19.308862620592116,-3.5392245590686797,0.2,,,,,
40.0,74.37615966796875,475136,,,,,,,,,,,,,,,
40.0,65.56405639648438,476160,10.592146873474121,0.006000883,-0.007434554949213634,3e-05,2320,0.0,0.004931640625,18.036993762850763,-3.536713672056794,0.2,,,,,
40.0,66.537109375,477184,,,,,,,,,,,,,,,
40.0,72.68035888671875,478208,12.0573091506958,0.005608076,-0.006863031752436655,3e-05,2330,0.0,0.011669921875,15.993158896267413,-3.5351444937288763,0.2,,,,,
40.0,70.56036376953125,479232,,,,,,,,,,,,,,,
40.0,73.58002471923828,480256,10.412402153015137,0.006891733,-0.009926292263935465,3e-05,2340,0.0,0.019580078125,18.350062550604342,-3.5320386957377194,0.2,,,,,
40.0,68.3372802734375,481280,,,,,,,,,,,,,,,
40.0,70.71223449707031,482304,19.2088680267334,0.006030922,-0.009236567853440647,3e-05,2350,0.0,0.01640625,17.04140300154686,-3.530668291077018,0.2,,,,,
40.0,72.35215759277344,483328,,,,,,,,,,,,,,,
40.0,66.81631469726562,484352,8.13350772857666,0.005262091,-0.007745630532008363,3e-05,2360,0.0,0.014697265625,15.529954891651869,-3.530943264439702,0.2,,,,,
40.0,68.84016418457031,485376,,,,,,,,,,,,,,,
40.0,73.09510803222656,486400,13.753645896911621,0.006084969,-0.007022706384304911,3e-05,2370,0.0,0.00693359375,17.504332120716573,-3.5308503091335295,0.2,,,,,
40.0,73.1964111328125,487424,,,,,,,,,,,,,,,
40.0,68.08690643310547,488448,11.03831958770752,0.0038790551,-0.005778060833108611,3e-05,2380,0.0,0.012060546875,17.173103857785463,-3.528238095715642,0.2,,,,,
40.0,64.79422760009766,489472,,,,,,,,,,,,,,,
40.0,72.67000579833984,490496,16.594995498657227,0.0040002754,-0.005611364727519686,3e-05,2390,0.0,0.009228515625,18.548636765778063,-3.529792607948184,0.2,,,,,
40.0,72.04389953613281,491520,,,,,,,,,,,,,,,
,,491520,,,,,,,,,,,240,1080,40.0,454,70.38460995999999
40.0,70.64822387695312,492544,17.603273391723633,0.004409929,-0.00616546612145612,3e-05,2400,0.0,0.011572265625,17.924893978238106,-3.5298234771937134,0.2,,,,,
40.0,69.5662612915039,493568,,,,,,,,,,,,,,,
40.0,71.56892395019531,494592,12.788175582885742,0.0073485984,-0.008791824407671811,3e-05,2410,0.0,0.0216796875,17.080746678262948,-3.5273342177271845,0.2,,,,,
40.0,66.9254379272461,495616,,,,,,,,,,,,,,,
40.0,68.01953125,496640,7.6250433921813965,0.0054082274,-0.007076209191291127,3e-05,2420,0.0,0.011279296875,19.035116669535636,-3.5264247704297302,0.2,,,,,
40.0,70.85894775390625,497664,,,,,,,,,,,,,,,
40.0,72.40287017822266,498688,10.597920417785645,0.0044863075,-0.006347878815722652,3e-05,2430,0.0,0.008984375,17.541934034973384,-3.5244893085211517,0.2,,,,,
40.0,68.47721862792969,499712,,,,,,,,,,,,,,,
40.0,72.54057312011719,500736,13.287602424621582,0.007164407,-0.008322723761375527,3e-05,2440,0.0,0.008544921875,19.189447470009327,-3.52564844712615,0.2,,,,,
40.0,74.97801971435547,501760,,,,,,,,,,,,,,,
40.0,70.06085968017578,502784,17.849851608276367,0.0053064525,-0.0055522074195323515,3e-05,2450,0.0,0.005615234375,18.390403346717356,-3.5282317526638507,0.2,,,,,
40.0,69.11093139648438,503808,,,,,,,,,,,,,,,
40.0,70.29939270019531,504832,10.007676124572754,0.0057010897,-0.007069631673948607,3e-05,2460,1.1920928955078125e-07,0.00419921875,19.130278669297695,-3.531035688519478,0.2,,,,,
40.0,71.21839904785156,505856,,,,,,,,,,,,,,,
40.0,68.10003662109375,506880,18.07334327697754,0.0060066893,-0.008732252009940567,3e-05,2470,0.0,0.0173828125,19.410387989878654,-3.5274180371314285,0.2,,,,,
40.0,73.1416015625,507904,,,,,,,,,,,,,,,
40.0,70.38763427734375,508928,10.576066970825195,0.005295275,-0.006108123638841789,3e-05,2480,0.0,0.01083984375,19.421511775255205,-3.524423900619149,0.2,,,,,
40.0,72.26083374023438,509952,,,,,,,,,,,,,,,
40.0,73.59931945800781,510976,10.42638874053955,0.004722078,-0.006463780439389666,3e-05,2490,0.0,0.01279296875,17.634960809350012,-3.527200584113598,0.2,,,,,
40.0,69.05145263671875,512000,,,,,,,,,,,,,,,
,,512000,,,,,,,,,,,250,1125,40.0,454,70.72748182
40.0,70.1463623046875,513024,11.316994667053223,0.006481082,-0.008581415156368167,3e-05,2500,0.0,0.026416015625,16.788464233279228,-3.528604593500495,0.2,,,,,
40.0,72.78884887695312,514048,,,,,,,,,,,,,,,
40.0,69.14581298828125,515072,12.284855842590332,0.0068250373,-0.007911163208336802,3e-05,2510,0.0,0.0099609375,17.035725030303002,-3.5301506754010914,0.2,,,,,
40.0,70.23255920410156,516096,,,,,,,,,,,,,,,
40.0,67.23715209960938,517120,16.733318328857422,0.004821074,-0.0068235723832913205,3e-05,2520,0.0,0.006005859375,18.98301736265421,-3.525932279601693,0.2,,,,,
40.0,71.96134185791016,518144,,,,,,,,,,,,,,,
40.0,69.81871795654297,519168,14.284222602844238,0.004985597,-0.008263875197735615,3e-05,2530,0.0,0.01552734375,20.761207754909993,-3.5222763612866403,0.2,,,,,
40.0,69.58010864257812,520192,,,,,,,,,,,,,,,
40.0,72.75276184082031,521216,17.577844619750977,0.0060985074,-0.006864283799222904,3e-05,2540,0.0,0.0126953125,19.014885939657688,-3.5216704342514276,0.2,,,,,
40.0,69.56494140625,522240,,,,,,,,,,,,,,,
40.0,72.35682678222656,523264,9.94178295135498,0.0055240346,-0.007165524435549742,3e-05,2550,0.0,0.0111328125,18.085098859667777,-3.5249233853071926,0.2,,,,,
40.0,70.41921997070312,524288,,,,,,,,,,,,,,,
40.0,71.06954956054688,525312,14.60910701751709,0.0058632493,-0.00752555088038207,3e-05,2560,0.0,0.00810546875,16.782680160552264,-3.5198904134333135,0.2,,,,,
40.0,68.42520141601562,526336,,,,,,,,,,,,,,,
40.0,69.829833984375,527360,10.109198570251465,0.0060461415,-0.006743548230588203,3e-05,2570,0.0,0.0078125,17.57264134734869,-3.5125088930130004,0.2,,,,,
40.0,74.48397827148438,528384,,,,,,,,,,,,,,,
40.0,68.07305908203125,529408,16.66539764404297,0.0074326843,-0.009206955789704808,3e-05,2580,1.1920928955078125e-07,0.015771484375,18.646722864359617,-3.5129064746201037,0.2,,,,,
40.0,75.26382446289062,530432,,,,,,,,,,,,,,,
40.0,70.06611633300781,531456,12.955439567565918,0.0066268467,-0.008116807973419782,3e-05,2590,0.0,0.01904296875,17.925153692811726,-3.5118757635354996,0.2,,,,,
40.0,72.68009185791016,532480,,,,,,,,,,,,,,,
,,532480,,,,,,,,,,,260,1171,40.0,454,70.56651106999999
40.0,72.90615844726562,533504,9.780755996704102,0.0065093962,-0.007722814942098921,3e-05,2600,0.0,0.00888671875,17.696013040840626,-3.5055366951972244,0.2,,,,,
40.0,72.54723358154297,534528,,,,,,,,,,,,,,,
40.0,72.42012023925781,535552,10.61101245880127,0.0036900095,-0.004328364657885686,3e-05,2610,0.0,0.000732421875,17.413823001086712,-3.5011178329586983,0.2,,,,,
40.0,70.440185546875,536576,,,,,,,,,,,,,,,
40.0,69.88619995117188,537600,10.265469551086426,0.006306841,-0.00858771241546492,3e-05,2620,0.0,0.017822265625,19.118052147328854,-3.5047387924045323,0.2,,,,,
40.0,74.22955322265625,538624,,,,,,,,,,,,,,,
40.0,68.9377212524414,539648,13.704957008361816,0.006350384,-0.0076244670723099265,3e-05,2630,1.1920928955078125e-07,0.013916015625,17.263774770498276,-3.505855945497751,0.2,,,,,
40.0,70.5290298461914,540672,,,,,,,,,,,,,,,
40.0,71.63153076171875,541696,13.386899948120117,0.0050023887,-0.005276571852300549,3e-05,2640,0.0,0.007763671875,16.698067106306553,-3.5057659093290567,0.2,,,,,
40.0,70.48750305175781,542720,,,,,,,,,,,,,,,
40.0,72.54922485351562,543744,10.98812198638916,0.0042952728,-0.00551395606235019,3e-05,2650,0.0,0.007861328125,17.11954401731491,-3.508289596438408,0.2,,,,,
40.0,67.58610534667969,544768,,,,,,,,,,,,,,,
40.0,68.05418395996094,545792,12.239131927490234,0.0031696688,-0.0037290257125278,3e-05,2660,0.0,0.00107421875,18.54148233383894,-3.5035660274326803,0.2,,,,,
40.0,67.38220977783203,546816,,,,,,,,,,,,,,,
40.0,73.75961303710938,547840,11.695053100585938,0.0045407037,-0.006325817493052455,3e-05,2670,0.0,0.011279296875,16.52139556109905,-3.502396472916007,0.2,,,,,
40.0,77.18019104003906,548864,,,,,,,,,,,,,,,
40.0,72.21685791015625,549888,10.660449981689453,0.0076793437,-0.007127493665757356,3e-05,2680,1.1920928955078125e-07,0.00556640625,17.2340868704021,-3.5031986221671105,0.2,,,,,
40.0,69.70358276367188,550912,,,,,,,,,,,,,,,
40.0,70.7317123413086,551936,12.413515090942383,0.004441949,-0.005653199351581861,3e-05,2690,0.0,0.00595703125,18.11081211566925,-3.5008337166160346,0.2,,,,,
40.0,80.388671875,552960,,,,,,,,,,,,,,,
,,552960,,,,,,,,,,,270,1216,40.0,454,69.49264059000001
40.0,69.84130859375,553984,9.309858322143555,0.006404089,-0.006756437342846766,3e-05,2700,-1.1920928955078125e-07,0.00400390625,16.53616848886013,-3.5010029200464485,0.2,,,,,
40.0,69.70720672607422,555008,,,,,,,,,,,,,,,
40.0,68.67850494384766,556032,15.754097938537598,0.0038302152,-0.0054881976388060135,3e-05,2710,0.0,0.00517578125,19.608860875666142,-3.5005419582128523,0.2,,,,,
40.0,68.1273422241211,557056,,,,,,,,,,,,,,,
40.0,67.57044982910156,558080,13.176934242248535,0.0057756887,-0.007599072823359166,3e-05,2720,0.0,0.008203125,20.705857494473456,-3.503017581999302,0.2,,,,,
40.0,67.90345001220703,559104,,,,,,,,,,,,,,,
40.0,72.33807373046875,560128,11.10319995880127,0.005566017,-0.006631018977350323,3e-05,2730,0.0,0.010693359375,17.05621061772108,-3.5014222104102375,0.2,,,,,
40.0,74.44003295898438,561152,,,,,,,,,,,,,,,
40.0,70.74993896484375,562176,13.695014953613281,0.0053964006,-0.005555400299999747,3e-05,2740,0.0,0.00478515625,16.827682983130217,-3.5003660272806885,0.2,,,,,
40.0,68.17947387695312,563200,,,,,,,,,,,,,,,
40.0,73.3095703125,564224,12.947700500488281,0.0039557614,-0.004889356200874317,3e-05,2750,0.0,0.00302734375,16.79852386265993,-3.501181812956929,0.2,,,,,
40.0,70.07696533203125,565248,,,,,,,,,,,,,,,
40.0,68.84765625,566272,10.60408878326416,0.005449934,-0.007278263457556023,3e-05,2760,0.0,0.009619140625,16.69574081301689,-3.4994190968573093,0.2,,,,,
40.0,69.88943481445312,567296,,,,,,,,,,,,,,,
40.0,69.41983032226562,568320,16.0181884765625,0.00506814,-0.005371102541903383,3e-05,2770,0.0,0.003125,17.455636566877367,-3.494187697023153,0.2,,,,,
40.0,71.95907592773438,569344,,,,,,,,,,,,,,,
40.0,70.20115661621094,570368,10.478771209716797,0.007554137,-0.00855497980992368,3e-05,2780,0.0,0.012890625,16.22132080718875,-3.4949576880782844,0.2,,,,,
40.0,72.89359283447266,571392,,,,,,,,,,,,,,,
40.0,67.72586059570312,572416,9.784296989440918,0.005954056,-0.006727628713633749,3e-05,2790,0.0,0.006005859375,18.13940236195922,-3.49970335252583,0.2,,,,,
40.0,73.55635070800781,573440,,,,,,,,,,,,,,,
,,573440,,,,,,,,,,,280,1260,40.0,454,70.65456428000002
40.0,68.01231384277344,574464,13.825311660766602,0.005069117,-0.006095281901798444,3e-05,2800,0.0,0.015380859375,17.754090847074984,-3.502979566529393,0.2,,,,,
40.0,73.86131286621094,575488,,,,,,,,,,,,,,,
40.0,66.14862823486328,576512,11.688142776489258,0.00528938,-0.007021828138385899,3e-05,2810,0.0,0.015869140625,19.140004090219737,-3.5011801552027464,0.2,,,,,
40.0,69.00647735595703,577536,,,,,,,,,,,,,,,
40.0,71.49761962890625,578560,16.144899368286133,0.00490283,-0.0055024959956426756,3e-05,2820,0.0,0.003662109375,19.045039041340353,-3.4998886678367853,0.2,,,,,
40.0,74.3515625,579584,,,,,,,,,,,,,,,
40.0,69.17414855957031,580608,9.50879192352295,0.0059023155,-0.0067464050211128775,3e-05,2830,0.0,0.008837890625,17.49121915847063,-3.4968480110168456,0.2,,,,,
40.0,73.48394775390625,581632,,,,,,,,,,,,,,,
40.0,70.6234130859375,582656,13.193326950073242,0.0056604897,-0.006503423686081078,3e-05,2840,0.0,0.011181640625,18.63553089350462,-3.492864828556776,0.2,,,,,
40.0,67.84506225585938,583680,,,,,,,,,,,,,,,
40.0,68.04275512695312,584704,10.867226600646973,0.0044360645,-0.00520169644150883,3e-05,2850,0.0,0.007275390625,17.123498706519605,-3.4924247354269027,0.2,,,,,
40.0,70.03794860839844,585728,,,,,,,,,,,,,,,
40.0,67.20423126220703,586752,10.420022964477539,0.006155965,-0.005724263355295989,3e-05,2860,1.1920928955078125e-07,0.003857421875,17.44965814873576,-3.4890693068504333,0.2,,,,,
40.0,71.63433837890625,587776,,,,,,,,,,,,,,,
40.0,67.94990539550781,588800,12.598971366882324,0.0042792093,-0.004940377144885133,3e-05,2870,0.0,0.005517578125,18.242357621341945,-3.486252772063017,0.2,,,,,
40.0,71.37779235839844,589824,,,,,,,,,,,,,,,
40.0,71.92222595214844,590848,13.698196411132812,0.0068275714,-0.008527087356287665,3e-05,2880,0.0,0.021240234375,18.291184379160406,-3.487890416383743,0.2,,,,,
40.0,73.17391967773438,591872,,,,,,,,,,,,,,,
40.0,74.18551635742188,592896,12.750405311584473,0.006262919,-0.007656981180480216,3e-05,2890,0.0,0.008740234375,17.65110462680459,-3.4862453378736973,0.2,,,,,
40.0,67.203857421875,593920,,,,,,,,,,,,,,,
,,593920,,,,,,,,,,,290,1305,40.0,455,70.37786369
40.0,70.08910369873047,594944,14.4044189453125,0.005884309,-0.007328095004777424,3e-05,2900,0.0,0.015771484375,17.34923135340214,-3.481296478584409,0.2,,,,,
40.0,70.986083984375,595968,,,,,,,,,,,,,,,
40.0,70.82755279541016,596992,16.041011810302734,0.005165199,-0.006941925502906088,3e-05,2910,0.0,0.012548828125,20.551338838040827,-3.4756291903555394,0.2,,,,,
40.0,68.52873992919922,598016,,,,,,,,,,,,,,,
40.0,70.29096984863281,599040,14.535897254943848,0.005627023,-0.006425364405004075,3e-05,2920,0.0,0.00732421875,16.739613680541517,-3.4732383213937283,0.2,,,,,
40.0,67.4537353515625,600064,,,,,,,,,,,,,,,
40.0,70.75497436523438,601088,13.065311431884766,0.0057124505,-0.006564122913550819,3e-05,2930,0.0,0.0150390625,17.724390833079816,-3.476241832971573,0.2,,,,,
40.0,71.81959533691406,602112,,,,,,,,,,,,,,,
40.0,67.43611145019531,603136,8.423135757446289,0.006887383,-0.00930163409357192,3e-05,2940,0.0,0.02001953125,18.43094654083252,-3.4793679673224687,0.2,,,,,
40.0,72.63348388671875,604160,,,,,,,,,,,,,,,
40.0,72.92945861816406,605184,9.960514068603516,0.0073876535,-0.008791790053874139,3e-05,2950,0.0,0.02119140625,19.057020738720894,-3.478418580442667,0.2,,,,,
40.0,72.5970458984375,606208,,,,,,,,,,,,,,,
40.0,73.94389343261719,607232,6.671194076538086,0.0069347606,-0.009226399062390556,3e-05,2960,0.0,0.015869140625,16.96901708841324,-3.4723667927086352,0.2,,,,,
40.0,71.8377685546875,608256,,,,,,,,,,,,,,,
40.0,72.21492004394531,609280,11.284232139587402,0.0055475896,-0.008456191228106036,3e-05,2970,-1.1920928955078125e-07,0.02412109375,16.741971716284752,-3.473305393010378,0.2,,,,,
40.0,71.46221923828125,610304,,,,,,,,,,,,,,,
40.0,68.57337951660156,611328,13.348892211914062,0.0062147067,-0.0076068948626925705,3e-05,2980,0.0,0.012841796875,17.240278945863245,-3.475968416035175,0.2,,,,,
40.0,72.82676696777344,612352,,,,,,,,,,,,,,,
40.0,70.49943542480469,613376,12.837467193603516,0.0060394104,-0.007063355405261973,3e-05,2990,1.1920928955078125e-07,0.014599609375,16.104787852615118,-3.4805216576904057,0.2,,,,,
40.0,67.88186645507812,614400,,,,,,,,,,,,,,,
,,614400,,,,,,,,,,,300,1349,40.0,455,71.93480829
40.0,72.29933166503906,615424,10.558083534240723,0.004673682,-0.006080630152428057,3e-05,3000,0.0,0.009033203125,18.606810696423054,-3.479024579003453,0.2,,,,,
40.0,70.30656433105469,616448,,,,,,,,,,,,,,,
40.0,72.13634490966797,617472,11.71408462524414,0.0041670636,-0.005066863965112134,3e-05,3010,0.0,0.003564453125,17.59037511050701,-3.475592565909028,0.2,,,,,
40.0,68.80841064453125,618496,,,,,,,,,,,,,,,
40.0,68.75192260742188,619520,12.745536804199219,0.0056799804,-0.006233395566232503,3e-05,3020,0.0,0.003369140625,17.95558423548937,-3.4787871204316616,0.2,,,,,
40.0,68.34986877441406,620544,,,,,,,,,,,,,,,
40.0,69.5858383178711,621568,12.727520942687988,0.0047905548,-0.005438653153396445,3e-05,3030,0.0,0.0046875,16.968085868656637,-3.4761141419410704,0.2,,,,,
40.0,66.44193267822266,622592,,,,,,,,,,,,,,,
40.0,70.30682373046875,623616,9.09300708770752,0.004644668,-0.005905092962348135,3e-05,3040,0.0,0.009521484375,16.84266256466508,-3.4721729874610903,0.2,,,,,
40.0,73.03443908691406,624640,,,,,,,,,,,,,,,
40.0,69.08063507080078,625664,13.050421714782715,0.0045758896,-0.0050548819574032676,3e-05,3050,0.0,0.006640625,15.787608332931995,-3.46937001273036,0.2,,,,,
40.0,75.037841796875,626688,,,,,,,,,,,,,,,
40.0,70.96917724609375,627712,14.879769325256348,0.005774284,-0.007772375765853212,3e-05,3060,0.0,0.01953125,16.836583234369755,-3.4705501455813645,0.2,,,,,
40.0,73.96965026855469,628736,,,,,,,,,,,,,,,
40.0,70.88853454589844,629760,9.774484634399414,0.0074119833,-0.009380653714106301,3e-05,3070,0.0,0.01884765625,18.206784862279893,-3.469064415618777,0.2,,,,,
40.0,70.56149291992188,630784,,,,,,,,,,,,,,,
40.0,70.84444427490234,631808,14.560508728027344,0.0054641636,-0.006386784888309194,3e-05,3080,0.0,0.01103515625,19.20693843662739,-3.466855696216226,0.2,,,,,
40.0,69.40750885009766,632832,,,,,,,,,,,,,,,
40.0,71.85984802246094,633856,11.046866416931152,0.004564509,-0.005676796422631014,3e-05,3090,0.0,0.010400390625,16.38621944487095,-3.466963644325733,0.2,,,,,
40.0,67.61582946777344,634880,,,,,,,,,,,,,,,
,,634880,,,,,,,,,,,310,1394,40.0,455,72.37942586
40.0,69.38827514648438,635904,16.312772750854492,0.003145345,-0.0037890165611315753,3e-05,3100,0.0,0.00068359375,17.69833561629057,-3.465324176847935,0.2,,,,,
40.0,68.92823028564453,636928,,,,,,,,,,,,,,,
40.0,66.142822265625,637952,15.644933700561523,0.0087813325,-0.009978016484819819,3e-05,3110,0.0,0.01201171875,18.64411883801222,-3.465363650768995,0.2,,,,,
40.0,71.0805435180664,638976,,,,,,,,,,,,,,,
40.0,71.62471008300781,640000,9.78792953491211,0.006280559,-0.007909033643227304,3e-05,3120,0.0,0.01962890625,17.966168814897536,-3.463244226202369,0.2,,,,,
40.0,71.06797790527344,641024,,,,,,,,,,,,,,,
40.0,70.4501953125,642048,11.673699378967285,0.0068064006,-0.007139257286326028,3e-05,3130,1.1920928955078125e-07,0.009033203125,17.93894591033459,-3.460024389252067,0.2,,,,,
40.0,68.4190673828125,643072,,,,,,,,,,,,,,,
40.0,70.84942626953125,644096,10.675981521606445,0.005445023,-0.006479449999460485,3e-05,3140,0.0,0.008837890625,17.889212727546692,-3.4620531871914864,0.2,,,,,
40.0,74.580078125,645120,,,,,,,,,,,,,,,
40.0,74.51285552978516,646144,11.715365409851074,0.007976167,-0.011435253630770604,3e-05,3150,0.0,0.0298828125,16.455878329277038,-3.4684386048465967,0.2,,,,,
40.0,72.98818969726562,647168,,,,,,,,,,,,,,,
40.0,70.31747436523438,648192,11.497841835021973,0.0040492844,-0.004888863511405361,3e-05,3160,0.0,0.007568359375,17.043085324764252,-3.4731597784906625,0.2,,,,,
40.0,72.3249740600586,649216,,,,,,,,,,,,,,,
40.0,73.30531311035156,650240,9.906498908996582,0.0050405655,-0.005843087780158384,3e-05,3170,0.0,0.003662109375,19.490798841416836,-3.472169127315283,0.2,,,,,
40.0,67.7548828125,651264,,,,,,,,,,,,,,,
40.0,68.56065368652344,652288,10.638761520385742,0.0073115267,-0.008337339894205797,3e-05,3180,0.0,0.010791015625,18.290394847095012,-3.471350783854723,0.2,,,,,
40.0,68.91156005859375,653312,,,,,,,,,,,,,,,
40.0,74.55955505371094,654336,13.05798625946045,0.004771416,-0.004627218694440671,3e-05,3190,0.0,0.00556640625,16.5049229323864,-3.470465424284339,0.2,,,,,
40.0,73.4382553100586,655360,,,,,,,,,,,,,,,
,,655360,,,,,,,,,,,320,1438,40.0,455,70.55663683
40.0,68.43768310546875,656384,13.071666717529297,0.0042707995,-0.005805386486099451,3e-05,3200,0.0,0.003515625,18.097679132223128,-3.470259405300021,0.2,,,,,
40.0,71.91160583496094,657408,,,,,,,,,,,,,,,
40.0,71.0198745727539,658432,12.770278930664062,0.004928409,-0.005537277455186995,3e-05,3210,0.0,0.00625,19.540520964562894,-3.4700170010328293,0.2,,,,,
40.0,69.49050903320312,659456,,,,,,,,,,,,,,,
40.0,72.4977798461914,660480,16.790382385253906,0.0067424965,-0.008324172221546178,3e-05,3220,0.0,0.01591796875,18.40057277530432,-3.471271703019738,0.2,,,,,
40.0,75.87944030761719,661504,,,,,,,,,,,,,,,
40.0,70.76741027832031,662528,8.453749656677246,0.0046421327,-0.004936456356517738,3e-05,3230,1.1920928955078125e-07,0.001318359375,17.82575482055545,-3.4717698596417903,0.2,,,,,
40.0,73.94351959228516,663552,,,,,,,,,,,,,,,
40.0,73.04997253417969,664576,13.163030624389648,0.007068803,-0.009886390637075238,3e-05,3240,0.0,0.023193359375,16.1455500587821,-3.472853258252144,0.2,,,,,
40.0,70.14450073242188,665600,,,,,,,,,,,,,,,
40.0,70.39126586914062,666624,15.676865577697754,0.004583559,-0.006120025535165041,3e-05,3250,0.0,0.00986328125,15.9474427819252,-3.469092656299472,0.2,,,,,
40.0,71.52702331542969,667648,,,,,,,,,,,,,,,
40.0,70.57081604003906,668672,10.386307716369629,0.007349262,-0.00749809665067005,3e-05,3260,0.0,0.014013671875,16.60445191562176,-3.4686603520065544,0.2,,,,,
40.0,71.54808807373047,669696,,,,,,,,,,,,,,,
40.0,69.28376770019531,670720,10.126258850097656,0.0068133175,-0.007722784677025629,3e-05,3270,0.0,0.008154296875,16.774338181316853,-3.463940131664276,0.2,,,,,
40.0,67.47004699707031,671744,,,,,,,,,,,,,,,
40.0,71.66226196289062,672768,10.59260082244873,0.0051450934,-0.005326162627170561,3e-05,3280,0.0,0.001611328125,15.814872065931558,-3.459107104688883,0.2,,,,,
40.0,75.8974838256836,673792,,,,,,,,,,,,,,,
40.0,69.50425720214844,674816,12.591775894165039,0.0065083,-0.007231231062178267,3e-05,3290,0.0,0.0185546875,16.79191519767046,-3.4624762635678055,0.2,,,,,
40.0,68.09073638916016,675840,,,,,,,,,,,,,,,
,,675840,,,,,,,,,,,330,1483,40.0,455,69.43119528999999
40.0,75.64488983154297,676864,12.47657299041748,0.005126914,-0.005472169186577958,3e-05,3300,0.0,0.006103515625,17.426013676822187,-3.4660242214798926,0.2,,,,,
40.0,70.26007080078125,677888,,,,,,,,,,,,,,,
40.0,73.67300415039062,678912,13.502920150756836,0.0052000033,-0.004918067606195109,3e-05,3310,0.0,0.002001953125,17.108684254437684,-3.4661709021776916,0.2,,,,,
40.0,69.70468139648438,679936,,,,,,,,,,,,,,,
40.0,68.81147766113281,680960,14.341827392578125,0.008087344,-0.009348467409290606,3e-05,3320,0.0,0.01171875,17.863141502439976,-3.4664611503481866,0.2,,,,,
40.0,65.38322448730469,681984,,,,,,,,,,,,,,,
40.0,71.63739013671875,683008,13.753130912780762,0.005411576,-0.005920647872335394,3e-05,3330,0.0,0.012939453125,17.09948163256049,-3.465154582262039,0.2,,,,,
40.0,69.85350036621094,684032,,,,,,,,,,,,,,,
40.0,70.43016815185547,685056,7.64011287689209,0.0060257544,-0.006032918377968599,3e-05,3340,0.0,0.005126953125,16.353994703292848,-3.463583566620946,0.2,,,,,
40.0,71.33700561523438,686080,,,,,,,,,,,,,,,
40.0,70.87507629394531,687104,10.671089172363281,0.0061001955,-0.006884720200105221,3e-05,3350,0.0,0.01865234375,17.520277540385724,-3.4613515596836804,0.2,,,,,
40.0,70.32146453857422,688128,,,,,,,,,,,,,,,
40.0,71.62224578857422,689152,12.756619453430176,0.0073379898,-0.008298522399127251,3e-05,3360,0.0,0.017236328125,15.897304090857507,-3.460872508957982,0.2,,,,,
40.0,73.53192901611328,690176,,,,,,,,,,,,,,,
40.0,73.60246276855469,691200,11.183356285095215,0.004397381,-0.004919408130081138,3e-05,3370,0.0,0.0068359375,16.680941677093507,-3.4601094391196967,0.2,,,,,
40.0,73.33238220214844,692224,,,,,,,,,,,,,,,
40.0,71.1975326538086,693248,11.498722076416016,0.0046913475,-0.0053497842651268005,3e-05,3380,-1.1920928955078125e-07,0.0025390625,18.503243914991618,-3.4588437382131816,0.2,,,,,
40.0,74.54607391357422,694272,,,,,,,,,,,,,,,
40.0,70.9200439453125,695296,9.532990455627441,0.009176129,-0.011117245104469476,3e-05,3390,0.0,0.023828125,15.970995377004147,-3.4628604859113694,0.2,,,,,
40.0,72.19186401367188,696320,,,,,,,,,,,,,,,
,,696320,,,,,,,,,,,340,1527,40.0,455,71.03509534
40.0,71.74664306640625,697344,8.92976188659668,0.0054751253,-0.006630508599482709,3e-05,3400,0.0,0.0076171875,17.795160406827925,-3.4650344748049973,0.2,,,,,
40.0,70.8770751953125,698368,,,,,,,,,,,,,,,
40.0,70.64321899414062,699392,11.142241477966309,0.00504697,-0.0076587280545936665,3e-05,3410,0.0,0.02333984375,17.079799987375736,-3.4624305196106433,0.2,,,,,
40.0,72.90103912353516,700416,,,,,,,,,,,,,,,
40.0,70.35714721679688,701440,15.956266403198242,0.004810109,-0.0045127895347832235,3e-05,3420,-1.1920928955078125e-07,0.002001953125,19.092112897336484,-3.4588985804468395,0.2,,,,,
40.0,72.01602172851562,702464,,,,,,,,,,,,,,,
40.0,73.65130615234375,703488,12.557852745056152,0.0044374485,-0.004476639848144259,3e-05,3430,0.0,0.002734375,18.633649924397467,-3.4563081808388234,0.2,,,,,
40.0,71.206298828125,704512,,,,,,,,,,,,,,,
40.0,72.90044403076172,705536,13.25866985321045,0.007098985,-0.008035918134191888,3e-05,3440,-1.1920928955078125e-07,0.01123046875,17.050474335253238,-3.455015217885375,0.2,,,,,
40.0,69.67960357666016,706560,,,,,,,,,,,,,,,
40.0,77.9311294555664,707584,11.501692771911621,0.0059481617,-0.007572738223825581,3e-05,3450,0.0,0.010498046875,18.721661180257797,-3.4531701020896435,0.2,,,,,
40.0,69.54202270507812,708608,,,,,,,,,,,,,,,
40.0,73.27566528320312,709632,10.691397666931152,0.006433577,-0.006964618297206471,3e-05,3460,0.0,0.01201171875,17.44419482052326,-3.4479784302413465,0.2,,,,,
40.0,69.36569213867188,710656,,,,,,,,,,,,,,,
40.0,71.25395202636719,711680,10.66057014465332,0.0047245165,-0.0045905924678663725,3e-05,3470,0.0,0.00068359375,18.408125878870486,-3.444688305258751,0.2,,,,,
40.0,71.2309341430664,712704,,,,,,,,,,,,,,,
40.0,70.58045196533203,713728,15.210698127746582,0.007271008,-0.009832745810126654,3e-05,3480,0.0,0.02255859375,16.439960251748563,-3.445893859490752,0.2,,,,,
40.0,71.8949203491211,714752,,,,,,,,,,,,,,,
40.0,70.10498046875,715776,8.454690933227539,0.006215905,-0.007017841518245404,3e-05,3490,0.0,0.00634765625,17.987064921855925,-3.4484068751335144,0.2,,,,,
40.0,70.66659545898438,716800,,,,,,,,,,,,,,,
,,716800,,,,,,,,,,,350,1572,40.0,455,71.53430949
40.0,71.31190490722656,717824,13.0028076171875,0.007638948,-0.008245441154576838,3e-05,3500,-1.1920928955078125e-07,0.012451171875,16.252916611731052,-3.451627756655216,0.2,,,,,
40.0,72.81414794921875,718848,,,,,,,,,,,,,,,
40.0,70.97200012207031,719872,14.979826927185059,0.0052284477,-0.006276413830346428,3e-05,3510,0.0,0.012890625,16.60342932641506,-3.4541936188936235,0.2,,,,,
40.0,71.60401916503906,720896,,,,,,,,,,,,,,,
40.0,69.94059753417969,721920,16.65652847290039,0.003991696,-0.0040367116269408145,3e-05,3520,0.0,0.00146484375,17.572992211580278,-3.454169195890427,0.2,,,,,
40.0,71.00045776367188,722944,,,,,,,,,,,,,,,
40.0,72.92771911621094,723968,11.403985023498535,0.0053001787,-0.006057626208712463,3e-05,3530,0.0,0.0087890625,16.434027540683747,-3.455423382669687,0.2,,,,,
40.0,74.65950012207031,724992,,,,,,,,,,,,,,,
40.0,77.19882202148438,726016,10.695329666137695,0.0044787135,-0.0049370698765415,3e-05,3540,0.0,0.003857421875,16.920949940383434,-3.4566310279071333,0.2,,,,,
40.0,72.27782440185547,727040,,,,,,,,,,,,,,,
40.0,71.56340026855469,728064,13.450648307800293,0.004769499,-0.005283682827939629,3e-05,3550,0.0,0.0015625,19.321629621088505,-3.4550406325608494,0.2,,,,,
40.0,70.82711029052734,729088,,,,,,,,,,,,,,,
40.0,70.08309936523438,730112,11.048938751220703,0.007105607,-0.0071112192814325684,3e-05,3560,0.0,0.008837890625,15.563363619148731,-3.4512932900339366,0.2,,,,,
40.0,74.75212097167969,731136,,,,,,,,,,,,,,,
40.0,75.2963638305664,732160,14.241729736328125,0.0054385858,-0.006134035311697516,3e-05,3570,0.0,0.0091796875,16.295026265084743,-3.446671549230814,0.2,,,,,
40.0,70.35795593261719,733184,,,,,,,,,,,,,,,
40.0,72.37225341796875,734208,14.639472961425781,0.0046631633,-0.004660957980377134,3e-05,3580,0.0,0.0044921875,17.739498450607062,-3.4447999030351637,0.2,,,,,
40.0,72.69792938232422,735232,,,,,,,,,,,,,,,
40.0,73.33377075195312,736256,10.721616744995117,0.0076525393,-0.009948424770118435,3e-05,3590,0.0,0.033935546875,15.533981160074472,-3.4488844256848097,0.2,,,,,
40.0,70.7504653930664,737280,,,,,,,,,,,,,,,
,,737280,,,,,,,,,,,360,1616,40.0,455,71.70988381000001
40.0,72.13916778564453,738304,11.923389434814453,0.004474462,-0.005509159591929347,3e-05,3600,0.0,0.010595703125,16.92068364545703,-3.45158809684217,0.2,,,,,
40.0,67.4004898071289,739328,,,,,,,,,,,,,,,
40.0,67.8713607788086,740352,13.725908279418945,0.0043935943,-0.005450335970454035,3e-05,3610,-1.1920928955078125e-07,0.005224609375,16.982818937301637,-3.45287516862154,0.2,,,,,
40.0,70.26365661621094,741376,,,,,,,,,,,,,,,
40.0,74.18821716308594,742400,11.678592681884766,0.0042917663,-0.004308750701602549,3e-05,3620,0.0,0.000390625,18.514654947817327,-3.4538997676223517,0.2,,,,,
40.0,71.98025512695312,743424,,,,,,,,,,,,,,,
40.0,72.52521514892578,744448,16.394189834594727,0.008898232,-0.010435673921892884,3e-05,3630,0.0,0.0251953125,17.70118130147457,-3.45071680508554,0.2,,,,,
40.0,70.52099609375,745472,,,,,,,,,,,,,,,
40.0,72.42045593261719,746496,12.62993335723877,0.008227827,-0.009092907780723181,3e-05,3640,0.0,0.016552734375,16.467526999861,-3.448805562406778,0.2,,,,,
40.0,69.49543762207031,747520,,,,,,,,,,,,,,,
40.0,75.21923828125,748544,16.736064910888672,0.005839169,-0.006464311410672963,3e-05,3650,0.0,0.007568359375,18.357416321337222,-3.4474753979593515,0.2,,,,,
40.0,72.33724975585938,749568,,,,,,,,,,,,,,,
40.0,67.66567993164062,750592,10.028898239135742,0.0050827046,-0.006104580564533535,3e-05,3660,-1.1920928955078125e-07,0.007763671875,17.0564032740891,-3.443936301395297,0.2,,,,,
40.0,74.72494506835938,751616,,,,,,,,,,,,,,,
40.0,73.49105834960938,752640,7.584782600402832,0.0050227838,-0.004997895403357688,3e-05,3670,0.0,0.007666015625,15.989136669039727,-3.441841149330139,0.2,,,,,
40.0,74.35713195800781,753664,,,,,,,,,,,,,,,
40.0,71.5808334350586,754688,8.604458808898926,0.008310519,-0.009627678652759642,3e-05,3680,0.0,0.02353515625,16.675203932821752,-3.4416522160172462,0.2,,,,,
40.0,74.1464614868164,755712,,,,,,,,,,,,,,,
40.0,71.62195587158203,756736,14.26383113861084,0.004030534,-0.00566896109667141,3e-05,3690,0.0,0.013916015625,17.41681271493435,-3.440914509817958,0.2,,,,,
40.0,70.38711547851562,757760,,,,,,,,,,,,,,,
,,757760,,,,,,,,,,,370,1661,40.0,456,71.45157207999999
40.0,69.19465637207031,758784,7.584254264831543,0.0070046713,-0.006891776518750703,3e-05,3700,0.0,0.006982421875,16.851444897055625,-3.4408441193401815,0.2,,,,,
40.0,75.75819396972656,759808,,,,,,,,,,,,,,,
40.0,74.85515594482422,760832,8.516571044921875,0.007964658,-0.010415497321082512,3e-05,3710,0.0,0.02919921875,17.96350612193346,-3.4390670441091062,0.2,,,,,
40.0,75.45529174804688,761856,,,,,,,,,,,,,,,
40.0,72.20997619628906,762880,13.643196105957031,0.0059068995,-0.006005684352567186,3e-05,3720,0.0,0.00859375,17.793891218304633,-3.437548566237092,0.2,,,,,
40.0,74.34613037109375,763904,,,,,,,,,,,,,,,
40.0,72.73596954345703,764928,11.670635223388672,0.0059393425,-0.005790819754474796,3e-05,3730,0.0,0.007177734375,17.346454653143883,-3.436637346073985,0.2,,,,,
40.0,72.158203125,765952,,,,,,,,,,,,,,,
40.0,71.21088409423828,766976,15.35141372680664,0.0045213625,-0.004174442562543845,3e-05,3740,0.0,0.0013671875,18.806714789569376,-3.4362468514591455,0.2,,,,,
40.0,71.9345932006836,768000,,,,,,,,,,,,,,,
40.0,69.41259002685547,769024,9.328332901000977,0.00807601,-0.009853270968596917,3e-05,3750,0.0,0.01884765625,15.31577439457178,-3.4372732046991588,0.2,,,,,
40.0,72.5870132446289,770048,,,,,,,,,,,,,,,
40.0,67.27584838867188,771072,9.719016075134277,0.0059432415,-0.005930984152655583,3e-05,3760,-1.1920928955078125e-07,0.011376953125,15.565435913950205,-3.435993680357933,0.2,,,,,
40.0,75.51335144042969,772096,,,,,,,,,,,,,,,
40.0,69.89601135253906,773120,8.813274383544922,0.004558342,-0.004932083633684669,3e-05,3770,1.1920928955078125e-07,0.00634765625,16.70296081677079,-3.4360218197107315,0.2,,,,,
40.0,70.33273315429688,774144,,,,,,,,,,,,,,,
40.0,70.8437271118164,775168,12.091240882873535,0.005756656,-0.0071455918485298755,3e-05,3780,-1.1920928955078125e-07,0.021484375,16.164725301414727,-3.436661596223712,0.2,,,,,
40.0,67.57926177978516,776192,,,,,,,,,,,,,,,
40.0,72.63624572753906,777216,19.491304397583008,0.00418391,-0.003723286716922303,3e-05,3790,0.0,0.003466796875,17.098782338202,-3.4375394351780413,0.2,,,,,
40.0,67.02294921875,778240,,,,,,,,,,,,,,,
,,778240,,,,,,,,,,,380,1706,40.0,456,70.77660935
40.0,72.90155029296875,779264,12.07767105102539,0.0060461424,-0.0066767415861249905,3e-05,3800,0.0,0.008544921875,17.420494471490382,-3.4351806450635194,0.2,,,,,
40.0,71.91896057128906,780288,,,,,,,,,,,,,,,
40.0,73.38475036621094,781312,14.090208053588867,0.006438896,-0.007284516206891567,3e-05,3810,0.0,0.007275390625,17.335736624896526,-3.430288365483284,0.2,,,,,
40.0,74.65895080566406,782336,,,,,,,,,,,,,,,
40.0,72.68405151367188,783360,12.927495002746582,0.004623805,-0.004880554412739002,3e-05,3820,0.0,0.004931640625,16.474144699424507,-3.428551248833537,0.2,,,,,
40.0,68.5589599609375,784384,,,,,,,,,,,,,,,
40.0,71.35558319091797,785408,12.503835678100586,0.005126048,-0.0046931497949117326,3e-05,3830,0.0,0.0033203125,17.443617516756056,-3.4310820642858744,0.2,,,,,
40.0,66.90587615966797,786432,,,,,,,,,,,,,,,
40.0,72.4397201538086,787456,11.685175895690918,0.0042729266,-0.004960190530255204,3e-05,3840,0.0,0.00361328125,18.307694134116172,-3.432073049247265,0.2,,,,,
40.0,71.97550201416016,788480,,,,,,,,,,,,,,,
40.0,73.33700561523438,789504,10.273394584655762,0.004431542,-0.004925166746761534,3e-05,3850,-1.1920928955078125e-07,0.006201171875,18.44753566905856,-3.4350361563265324,0.2,,,,,
40.0,72.79386901855469,790528,,,,,,,,,,,,,,,
40.0,73.20044708251953,791552,11.674070358276367,0.0037705693,-0.0036993757967138663,3e-05,3860,0.0,0.001416015625,17.230824960768224,-3.4391588151454924,0.2,,,,,
40.0,67.92062377929688,792576,,,,,,,,,,,,,,,
40.0,73.605224609375,793600,9.377159118652344,0.0067256917,-0.006268272893430548,3e-05,3870,0.0,0.002978515625,16.791227723658086,-3.4413446344435217,0.2,,,,,
40.0,70.61521911621094,794624,,,,,,,,,,,,,,,
40.0,74.33120727539062,795648,11.04089641571045,0.0051638805,-0.005762148501526098,3e-05,3880,0.0,0.009375,18.13214873969555,-3.441610211133957,0.2,,,,,
40.0,73.69520568847656,796672,,,,,,,,,,,,,,,
40.0,75.79029083251953,797696,9.329505920410156,0.0065552434,-0.006949614008044591,3e-05,3890,0.0,0.01123046875,16.306572126597167,-3.4408881168812515,0.2,,,,,
40.0,72.9885482788086,798720,,,,,,,,,,,,,,,
,,798720,,,,,,,,,,,390,1750,40.0,456,72.22020791
40.0,73.3553695678711,799744,15.67516803741455,0.0073992293,-0.007733300628024154,3e-05,3900,0.0,0.01103515625,18.63802190423012,-3.4365362487733364,0.2,,,,,
40.0,69.62985229492188,800768,,,,,,,,,,,,,,,
