eval/mean_reward,time/total_timesteps,eval/mean_ep_length,train/clip_fraction,train/explained_variance,train/n_updates,train/clip_range,train/loss,train/entropy_loss,train/approx_kl,train/policy_gradient_loss,train/value_loss,train/learning_rate,time/iterations,rollout/ep_rew_mean,time/fps,time/time_elapsed,rollout/ep_len_mean
13.092694282531738,1024,180.0,,,,,,,,,,,,,,,
13.358159065246582,2048,180.0,,,,,,,,,,,,,,,
12.690240859985352,3072,180.0,0.415380859375,0.0009710192680358887,10,0.2,7.702889442443848,-5.867507186532021,0.022187393,-0.0453164691614802,15.292754904925824,0.0003,,,,,
12.67839241027832,4096,180.0,,,,,,,,,,,,,,,
13.354131698608398,5120,180.0,0.376904296875,-1.1920928955078125e-07,20,0.2,5.671626091003418,-5.840656326711178,0.022820193,-0.040006163239013404,13.091121384501458,0.0003,,,,,
12.786877632141113,6144,180.0,,,,,,,,,,,,,,,
14.43575668334961,7168,180.0,0.365625,0.0,30,0.2,7.514059066772461,-5.813349974155426,0.024999779,-0.04149133141327184,17.773115788400172,0.0003,,,,,
12.688371658325195,8192,180.0,,,,,,,,,,,,,,,
12.866103172302246,9216,180.0,0.374853515625,0.0,40,0.2,7.423226356506348,-5.778487282991409,0.024103675,-0.03825107188677066,15.333119177818299,0.0003,,,,,
13.031000137329102,10240,180.0,,,,,,,,,,,,,,,
13.014701843261719,11264,180.0,0.373095703125,-1.1920928955078125e-07,50,0.2,14.879157066345215,-5.762598590552807,0.021424178,-0.03732640233647544,18.326667775213718,0.0003,,,,,
14.097799301147461,12288,180.0,,,,,,,,,,,,,,,
13.877897262573242,13312,180.0,0.37392578125,0.0,60,0.2,8.86703872680664,-5.7373640716075895,0.022873797,-0.04008086514950264,16.41387859880924,0.0003,,,,,
13.29443645477295,14336,180.0,,,,,,,,,,,,,,,
13.189769744873047,15360,180.0,0.4158203125,0.0,70,0.2,4.86533260345459,-5.699061845242977,0.02314869,-0.0429127160095959,13.343892159312963,0.0003,,,,,
14.473560333251953,16384,180.0,,,,,,,,,,,,,,,
13.821664810180664,17408,180.0,0.359423828125,0.0,80,0.2,9.955074310302734,-5.679024231433869,0.022300417,-0.039847871698293603,15.013018998503686,0.0003,,,,,
13.196916580200195,18432,180.0,,,,,,,,,,,,,,,
13.537237167358398,19456,180.0,0.38583984375,0.0,90,0.2,5.6662492752075195,-5.665983740985394,0.022804007,-0.04176868601352908,13.589424976706505,0.0003,,,,,
13.603265762329102,20480,180.0,,,,,,,,,,,,,,,
,20480,,,,,,,,,,,,10,13.40269602,262,77,180.0
14.350521087646484,21504,180.0,0.377099609375,-1.1920928955078125e-07,100,0.2,5.559277534484863,-5.627742397785187,0.024371203,-0.03944896211032756,14.342638251185416,0.0003,,,,,
13.786314964294434,22528,180.0,,,,,,,,,,,,,,,
15.136430740356445,23552,180.0,0.39326171875,-1.1920928955078125e-07,110,0.2,6.144443035125732,-5.592883113026619,0.023982879,-0.03982513515366008,16.53559149801731,0.0003,,,,,
13.958651542663574,24576,180.0,,,,,,,,,,,,,,,
14.382022857666016,25600,180.0,0.343896484375,5.960464477539063e-08,120,0.2,7.04557466506958,-5.556100055575371,0.022131393,-0.03324913429496519,14.370767961442471,0.0003,,,,,
15.465885162353516,26624,180.0,,,,,,,,,,,,,,,
14.040678024291992,27648,180.0,0.37060546875,1.1920928955078125e-07,130,0.2,4.7058939933776855,-5.495459327101708,0.022375565,-0.03568540411943104,13.9861501455307,0.0003,,,,,
14.965155601501465,28672,180.0,,,,,,,,,,,,,,,
14.338850021362305,29696,180.0,0.347998046875,0.0,140,0.2,9.078693389892578,-5.495482988655567,0.021325896,-0.03545954888395499,17.332827964425086,0.0003,,,,,
12.847206115722656,30720,180.0,,,,,,,,,,,,,,,
13.965980529785156,31744,180.0,0.38232421875,0.0,150,0.2,7.397164344787598,-5.482455451786518,0.023585375,-0.039754700689809394,15.547399444878101,0.0003,,,,,
15.212945938110352,32768,180.0,,,,,,,,,,,,,,,
14.141223907470703,33792,180.0,0.348779296875,0.0,160,0.2,8.323583602905273,-5.434247888624668,0.020426821,-0.03517446598707465,14.797616289556027,0.0003,,,,,
14.023855209350586,34816,180.0,,,,,,,,,,,,,,,
15.578254699707031,35840,180.0,0.360693359375,1.1920928955078125e-07,170,0.2,9.993307113647461,-5.385278807580471,0.021721298,-0.035898350725256024,15.513931386172771,0.0003,,,,,
14.600130081176758,36864,180.0,,,,,,,,,,,,,,,
14.470573425292969,37888,180.0,0.315771484375,0.0,180,0.2,9.040360450744629,-5.375440721213818,0.01980595,-0.03138867734814994,16.036552794277668,0.0003,,,,,
14.578964233398438,38912,180.0,,,,,,,,,,,,,,,
14.34542465209961,39936,180.0,0.33232421875,0.0,190,0.2,6.936002731323242,-5.3020385026931764,0.020099167,-0.031100319194956684,16.59586188942194,0.0003,,,,,
15.5494966506958,40960,180.0,,,,,,,,,,,,,,,
,40960,,,,,,,,,,,,20,14.40639622,265,154,180.0
14.862921714782715,41984,180.0,0.3013671875,0.0,200,0.2,5.778627395629883,-5.288419677317142,0.019801004,-0.03279171725298511,13.33749737292528,0.0003,,,,,
16.121841430664062,43008,180.0,,,,,,,,,,,,,,,
16.175077438354492,44032,180.0,0.35654296875,0.0,210,0.2,6.51463508605957,-5.248054839670658,0.021075537,-0.03670653301087441,13.783958703279495,0.0003,,,,,
16.347043991088867,45056,180.0,,,,,,,,,,,,,,,
15.42221736907959,46080,180.0,0.35888671875,0.0,220,0.2,8.927933692932129,-5.21466312110424,0.020902,-0.031777773653448096,16.415497432649136,0.0003,,,,,
15.406410217285156,47104,180.0,,,,,,,,,,,,,,,
15.667054176330566,48128,180.0,0.345166015625,5.960464477539063e-08,230,0.2,6.405060291290283,-5.17194844186306,0.020913925,-0.03388232995494036,15.839333541691303,0.0003,,,,,
15.09160041809082,49152,180.0,,,,,,,,,,,,,,,
16.673110961914062,50176,180.0,0.33583984375,0.0,240,0.2,8.386770248413086,-5.135298746824264,0.019844253,-0.0314586191685521,15.534495759010316,0.0003,,,,,
15.74083137512207,51200,180.0,,,,,,,,,,,,,,,
17.22893524169922,52224,180.0,0.28935546875,0.0,250,0.2,4.340514659881592,-5.119898451864719,0.01947343,-0.029892611491959542,14.494585254788399,0.0003,,,,,
16.43865203857422,53248,180.0,,,,,,,,,,,,,,,
15.72183609008789,54272,180.0,0.316748046875,0.0,260,0.2,7.39035701751709,-5.073078933358192,0.018523872,-0.028923355152073782,16.160665859282016,0.0003,,,,,
15.817286491394043,55296,180.0,,,,,,,,,,,,,,,
17.40969467163086,56320,180.0,0.3408203125,0.0,270,0.2,7.564548492431641,-5.020202532410622,0.021529386,-0.03190073535733973,14.257568255066872,0.0003,,,,,
15.864320755004883,57344,180.0,,,,,,,,,,,,,,,
17.01473045349121,58368,180.0,0.32919921875,0.0,280,0.2,5.927426815032959,-4.986069238185882,0.019969389,-0.032294412440387534,15.866129922866822,0.0003,,,,,
17.29878807067871,59392,180.0,,,,,,,,,,,,,,,
17.37991714477539,60416,180.0,0.3361328125,0.0,290,0.2,4.169097900390625,-4.944429576396942,0.018896708,-0.030832747904787537,16.05203607827425,0.0003,,,,,
17.714609146118164,61440,180.0,,,,,,,,,,,,,,,
,61440,,,,,,,,,,,,30,16.532079600000003,263,233,180.0
18.16461944580078,62464,180.0,0.344873046875,0.0,300,0.2,9.449142456054688,-4.827337695658207,0.02102359,-0.03124518861877732,18.678282786905765,0.0003,,,,,
18.094890594482422,63488,180.0,,,,,,,,,,,,,,,
19.12772560119629,64512,180.0,0.323193359375,0.0,310,0.2,11.422782897949219,-4.774848483502865,0.01863157,-0.02945364873012295,20.012144300341607,0.0003,,,,,
17.830883026123047,65536,180.0,,,,,,,,,,,,,,,
20.560728073120117,66560,180.0,0.310107421875,0.0,320,0.2,4.133460998535156,-4.756625913083553,0.019076213,-0.029363060084870087,15.009508264064788,0.0003,,,,,
18.499065399169922,67584,180.0,,,,,,,,,,,,,,,
19.597389221191406,68608,180.0,0.290234375,0.0,330,0.2,3.378984212875366,-4.732265079021454,0.019992376,-0.025714741687988863,13.79439840465784,0.0003,,,,,
18.757251739501953,69632,180.0,,,,,,,,,,,,,,,
18.004915237426758,70656,180.0,0.296630859375,1.1920928955078125e-07,340,0.2,8.248885154724121,-4.723677562177182,0.01704761,-0.028327797829842894,18.11488674581051,0.0003,,,,,
19.960865020751953,71680,180.0,,,,,,,,,,,,,,,
19.969131469726562,72704,180.0,0.30576171875,0.0,350,0.2,8.507442474365234,-4.694816045463085,0.021209065,-0.029767589995753952,15.852754406630993,0.0003,,,,,
19.238414764404297,73728,180.0,,,,,,,,,,,,,,,
21.750778198242188,74752,180.0,0.33193359375,5.960464477539063e-08,360,0.2,9.779634475708008,-4.624748067557812,0.01965326,-0.029616524471202867,14.88014638274908,0.0003,,,,,
20.980228424072266,75776,180.0,,,,,,,,,,,,,,,
19.97481918334961,76800,180.0,0.330029296875,0.0,370,0.2,5.408886909484863,-4.5196312963962555,0.020897599,-0.030685394883039407,16.619254928827285,0.0003,,,,,
20.60521125793457,77824,180.0,,,,,,,,,,,,,,,
22.10978126525879,78848,180.0,0.265625,0.0,380,0.2,5.860197067260742,-4.511478006839752,0.018756881,-0.026986598389339634,16.71820987164974,0.0003,,,,,
20.850357055664062,79872,180.0,,,,,,,,,,,,,,,
22.816665649414062,80896,180.0,0.281396484375,0.0,390,0.2,6.9146599769592285,-4.479323206841945,0.018402332,-0.02555801997805247,17.826042073965073,0.0003,,,,,
24.610687255859375,81920,180.0,,,,,,,,,,,,,,,
,81920,,,,,,,,,,,,40,20.58985464,258,317,180.0
21.878711700439453,82944,180.0,0.238037109375,0.0,400,0.2,8.169103622436523,-4.455180978775024,0.016572604,-0.023646358265250456,15.651192052662372,0.0003,,,,,
22.670711517333984,83968,180.0,,,,,,,,,,,,,,,
21.19635009765625,84992,180.0,0.294677734375,0.0,410,0.2,7.026342391967773,-4.473126944899559,0.020169117,-0.02810898394382093,16.03060963600874,0.0003,,,,,
22.872169494628906,86016,180.0,,,,,,,,,,,,,,,
20.668685913085938,87040,180.0,0.28642578125,0.0,420,0.2,8.958876609802246,-4.49638834297657,0.018578175,-0.028306078149034873,16.15693350583315,0.0003,,,,,
22.859437942504883,88064,180.0,,,,,,,,,,,,,,,
24.855615615844727,89088,180.0,0.314111328125,0.0,430,0.2,8.951208114624023,-4.453695549070835,0.019014487,-0.03055736886744853,18.68203331977129,0.0003,,,,,
22.575260162353516,90112,180.0,,,,,,,,,,,,,,,
23.454627990722656,91136,180.0,0.300146484375,0.0,440,0.2,8.383211135864258,-4.456039947271347,0.021047182,-0.03009104108059546,15.855242857336998,0.0003,,,,,
22.735111236572266,92160,180.0,,,,,,,,,,,,,,,
24.49337387084961,93184,180.0,0.307568359375,1.1920928955078125e-07,450,0.2,5.844361305236816,-4.388354468345642,0.02074926,-0.027888360487122555,17.101719407737257,0.0003,,,,,
24.579349517822266,94208,180.0,,,,,,,,,,,,,,,
24.1029052734375,95232,180.0,0.277099609375,0.0,460,0.2,6.961938381195068,-4.3577885851264,0.017929507,-0.02541285507613793,15.059424959123135,0.0003,,,,,
24.94164276123047,96256,180.0,,,,,,,,,,,,,,,
24.30727767944336,97280,180.0,0.29287109375,0.0,470,0.2,18.70926284790039,-4.294882005453109,0.018882863,-0.02609278815216385,18.468562769889832,0.0003,,,,,
24.634252548217773,98304,180.0,,,,,,,,,,,,,,,
24.52589988708496,99328,180.0,0.25830078125,0.0,480,0.2,10.68578815460205,-4.272668424248695,0.018010939,-0.02269497457455145,16.93944425135851,0.0003,,,,,
27.57477569580078,100352,180.0,,,,,,,,,,,,,,,
25.781597137451172,101376,180.0,0.21708984375,-1.1920928955078125e-07,490,0.2,11.305998802185059,-4.194019713997841,0.017307002,-0.021970190860156436,21.04796636402607,0.0003,,,,,
27.54456329345703,102400,180.0,,,,,,,,,,,,,,,
,102400,,,,,,,,,,,,50,24.281964089999995,254,402,180.0
24.970855712890625,103424,180.0,0.247265625,0.0,500,0.2,10.153916358947754,-4.166006398200989,0.017266309,-0.02010740873447503,16.28515949845314,0.0003,,,,,
25.39734649658203,104448,180.0,,,,,,,,,,,,,,,
27.581985473632812,105472,180.0,0.21591796875,0.0,510,0.2,4.267541885375977,-4.080272084474563,0.017403238,-0.021355664046132004,15.22756128758192,0.0003,,,,,
29.786632537841797,106496,180.0,,,,,,,,,,,,,,,
30.602725982666016,107520,180.0,0.24775390625,5.960464477539063e-08,520,0.2,3.541834831237793,-4.042024530470371,0.018305084,-0.02506022713641869,15.833466403186321,0.0003,,,,,
28.87765121459961,108544,180.0,,,,,,,,,,,,,,,
29.878833770751953,109568,180.0,0.2576171875,0.0,530,0.2,7.2913947105407715,-3.978495737910271,0.018804628,-0.023465337844390886,14.72051707059145,0.0003,,,,,
29.383296966552734,110592,180.0,,,,,,,,,,,,,,,
29.655033111572266,111616,180.0,0.2060546875,1.1920928955078125e-07,540,0.2,8.493538856506348,-3.935681252926588,0.016789917,-0.019509873985953163,18.165396642684936,0.0003,,,,,
29.512943267822266,112640,180.0,,,,,,,,,,,,,,,
30.275941848754883,113664,180.0,0.171142578125,0.0,550,0.2,5.371861457824707,-3.8710308715701105,0.013770423,-0.014943938798387535,17.692337001860142,0.0003,,,,,
30.9049072265625,114688,180.0,,,,,,,,,,,,,,,
31.642864227294922,115712,180.0,0.22314453125,-1.1920928955078125e-07,560,0.2,5.800407409667969,-3.798557199537754,0.019129887,-0.020721332034736407,18.389030569791792,0.0003,,,,,
30.317859649658203,116736,180.0,,,,,,,,,,,,,,,
32.52379608154297,117760,180.0,0.209326171875,0.0,570,0.2,5.968519687652588,-3.831719673424959,0.016574709,-0.018883846563403493,14.79736487865448,0.0003,,,,,
31.55095672607422,118784,180.0,,,,,,,,,,,,,,,
32.56195831298828,119808,180.0,0.200634765625,1.1920928955078125e-07,580,0.2,10.561511039733887,-3.8188220627605913,0.016931111,-0.01763281848106999,16.586680057644845,0.0003,,,,,
32.4654655456543,120832,180.0,,,,,,,,,,,,,,,
32.74371337890625,121856,180.0,0.241357421875,0.0,590,0.2,5.459702968597412,-3.804870947450399,0.016784355,-0.02133338800049387,19.814878806471825,0.0003,,,,,
34.371307373046875,122880,180.0,,,,,,,,,,,,,,,
,122880,,,,,,,,,,,,60,31.35065578,252,487,180.0
32.77622985839844,123904,180.0,0.178271484375,0.0,600,0.2,12.190646171569824,-3.7863337844610214,0.01702346,-0.016272415741696022,18.90910959839821,0.0003,,,,,
33.60487365722656,124928,180.0,,,,,,,,,,,,,,,
35.558937072753906,125952,180.0,0.225537109375,0.0,610,0.2,7.627999305725098,-3.7994513638317584,0.018409483,-0.01970289167802548,17.612979812920095,0.0003,,,,,
32.29436492919922,126976,180.0,,,,,,,,,,,,,,,
33.041202545166016,128000,180.0,0.2119140625,1.1920928955078125e-07,620,0.2,8.572100639343262,-3.801683619618416,0.01717778,-0.017828196895425207,16.72136579453945,0.0003,,,,,
33.896202087402344,129024,180.0,,,,,,,,,,,,,,,
36.278968811035156,130048,180.0,0.237890625,1.1920928955078125e-07,630,0.2,7.184878349304199,-3.7933922849595545,0.014774893,-0.02038315124955261,19.081895671784878,0.0003,,,,,
32.8800048828125,131072,180.0,,,,,,,,,,,,,,,
32.95421600341797,132096,180.0,0.1724609375,0.0,640,0.2,12.303930282592773,-3.736025999486446,0.015178804,-0.014374144094472286,18.67550255060196,0.0003,,,,,
33.248741149902344,133120,180.0,,,,,,,,,,,,,,,
35.63538360595703,134144,180.0,0.184375,0.0,650,0.2,10.462718963623047,-3.736250338703394,0.016214518,-0.018883488718711306,21.179987439513205,0.0003,,,,,
34.041160583496094,135168,180.0,,,,,,,,,,,,,,,
36.683719635009766,136192,180.0,0.224169921875,0.0,660,0.2,10.663411140441895,-3.7407417595386505,0.018455565,-0.019568823324516416,18.44764008373022,0.0003,,,,,
34.17207717895508,137216,180.0,,,,,,,,,,,,,,,
38.890525817871094,138240,180.0,0.207373046875,0.0,670,0.2,7.032508373260498,-3.7386698119342325,0.017688794,-0.01799833231343655,18.786561937630175,0.0003,,,,,
36.27985382080078,139264,180.0,,,,,,,,,,,,,,,
35.25406265258789,140288,180.0,0.213427734375,0.0,680,0.2,7.070690155029297,-3.732973466813564,0.016251627,-0.01792426502215676,19.66222468316555,0.0003,,,,,
35.710418701171875,141312,180.0,,,,,,,,,,,,,,,
35.84468460083008,142336,180.0,0.172802734375,0.0,690,0.2,5.940046787261963,-3.67666427642107,0.015453176,-0.014278782822657377,17.026943971216678,0.0003,,,,,
37.33380126953125,143360,180.0,,,,,,,,,,,,,,,
,143360,,,,,,,,,,,,70,34.877190850000005,250,572,180.0
39.14131164550781,144384,180.0,0.201904296875,0.0,700,0.2,10.374064445495605,-3.658595086634159,0.015346259,-0.017996665397367904,18.074067640304566,0.0003,,,,,
38.42893981933594,145408,180.0,,,,,,,,,,,,,,,
38.365989685058594,146432,180.0,0.20595703125,0.0,710,0.2,14.716324806213379,-3.648223615437746,0.015549176,-0.01787846360675758,17.92339872121811,0.0003,,,,,
38.412925720214844,147456,180.0,,,,,,,,,,,,,,,
39.9459342956543,148480,180.0,0.20869140625,0.0,720,0.2,13.524096488952637,-3.621400558203459,0.016800627,-0.01762588840792887,18.572510114312173,0.0003,,,,,
38.986637115478516,149504,180.0,,,,,,,,,,,,,,,
37.23075866699219,150528,180.0,0.17138671875,0.0,730,0.2,7.445568561553955,-3.575706771016121,0.014245823,-0.015289361058967188,18.4272088855505,0.0003,,,,,
39.36115646362305,151552,180.0,,,,,,,,,,,,,,,
39.569305419921875,152576,180.0,0.2,0.0,740,0.2,8.793724060058594,-3.5547302164137364,0.016948491,-0.0163168864310137,17.072384533286094,0.0003,,,,,
39.854801177978516,153600,180.0,,,,,,,,,,,,,,,
42.094573974609375,154624,180.0,0.1892578125,0.0,750,0.2,4.648022174835205,-3.5382829405367375,0.016592294,-0.015497241279808805,16.742568282783033,0.0003,,,,,
36.79546356201172,155648,180.0,,,,,,,,,,,,,,,
40.761451721191406,156672,180.0,0.1740234375,1.1920928955078125e-07,760,0.2,10.816422462463379,-3.535802203416824,0.015203284,-0.014337932330090553,16.40461411178112,0.0003,,,,,
40.58279037475586,157696,180.0,,,,,,,,,,,,,,,
39.921409606933594,158720,180.0,0.21376953125,0.0,770,0.2,8.278141975402832,-3.552827358990908,0.016888162,-0.020094063246506266,18.495290556550025,0.0003,,,,,
41.48113250732422,159744,180.0,,,,,,,,,,,,,,,
40.958534240722656,160768,180.0,0.205615234375,-1.1920928955078125e-07,780,0.2,12.499763488769531,-3.570871715992689,0.016471436,-0.01754901040912955,18.50074178725481,0.0003,,,,,
41.66636657714844,161792,180.0,,,,,,,,,,,,,,,
42.37702560424805,162816,180.0,0.154052734375,0.0,790,0.2,6.52562141418457,-3.5465642154216765,0.0144523755,-0.013022706264746376,19.687427639961243,0.0003,,,,,
42.84607696533203,163840,180.0,,,,,,,,,,,,,,,
,163840,,,,,,,,,,,,80,40.34101563,250,653,180.0
40.80568313598633,164864,180.0,0.215380859375,1.1920928955078125e-07,800,0.2,7.525596618652344,-3.5783877477049826,0.01940022,-0.016749544446065558,19.468195950984956,0.0003,,,,,
41.610836029052734,165888,180.0,,,,,,,,,,,,,,,
41.77693176269531,166912,180.0,0.218310546875,0.0,810,0.2,12.754293441772461,-3.59808497056365,0.017488359,-0.017608421192562673,21.464370825886725,0.0003,,,,,
40.975929260253906,167936,180.0,,,,,,,,,,,,,,,
41.47496032714844,168960,180.0,0.1513671875,1.1920928955078125e-07,820,0.2,5.944101810455322,-3.6079119093716145,0.013726226,-0.013028038165066392,20.36324366182089,0.0003,,,,,
41.60084533691406,169984,180.0,,,,,,,,,,,,,,,
41.28535461425781,171008,180.0,0.20029296875,0.0,830,0.2,7.439330577850342,-3.649787852168083,0.015150864,-0.01800817077892134,20.726298609375952,0.0003,,,,,
39.31467056274414,172032,180.0,,,,,,,,,,,,,,,
37.114463806152344,173056,180.0,0.19599609375,0.0,840,0.2,15.378287315368652,-3.642403084039688,0.015756542,-0.01652433111157734,22.693849185109137,0.0003,,,,,
42.355682373046875,174080,180.0,,,,,,,,,,,,,,,
41.06770324707031,175104,180.0,0.169775390625,0.0,850,0.2,11.937694549560547,-3.6178931817412376,0.013038345,-0.01754863032256253,24.023208811879158,0.0003,,,,,
42.334102630615234,176128,180.0,,,,,,,,,,,,,,,
40.985740661621094,177152,180.0,0.1986328125,1.1920928955078125e-07,860,0.2,6.56959867477417,-3.590983235090971,0.013626855,-0.015280435921158641,17.646127906441688,0.0003,,,,,
40.44217300415039,178176,180.0,,,,,,,,,,,,,,,
45.04214096069336,179200,180.0,0.181884765625,0.0,870,0.2,7.190642833709717,-3.559690397977829,0.015720107,-0.015620627412863542,18.108231970667838,0.0003,,,,,
42.18306350708008,180224,180.0,,,,,,,,,,,,,,,
44.18638610839844,181248,180.0,0.24423828125,0.0,880,0.2,12.078604698181152,-3.5404156148433685,0.019365877,-0.020046982281201053,22.297543773055075,0.0003,,,,,
42.630584716796875,182272,180.0,,,,,,,,,,,,,,,
43.29620361328125,183296,180.0,0.25673828125,0.0,890,0.2,7.904350757598877,-3.584369680285454,0.018396463,-0.024108878287370315,19.549586430191994,0.0003,,,,,
41.36225891113281,184320,180.0,,,,,,,,,,,,,,,
,184320,,,,,,,,,,,,90,41.64979402,251,732,180.0
44.207427978515625,185344,180.0,0.24326171875,0.0,900,0.2,11.210761070251465,-3.528171878308058,0.01702398,-0.016814898210577668,18.896816369891166,0.0003,,,,,
42.995635986328125,186368,180.0,,,,,,,,,,,,,,,
42.12145233154297,187392,180.0,0.1953125,0.0,910,0.2,15.112295150756836,-3.514189872890711,0.014620105,-0.013441911206609803,21.34915573000908,0.0003,,,,,
43.281707763671875,188416,180.0,,,,,,,,,,,,,,,
43.77420425415039,189440,180.0,0.197265625,0.0,920,0.2,9.529230117797852,-3.514164762943983,0.014792082,-0.01466625500615919,19.64653644412756,0.0003,,,,,
42.78547668457031,190464,180.0,,,,,,,,,,,,,,,
41.65830993652344,191488,180.0,0.200341796875,0.0,930,0.2,8.538431167602539,-3.488457598537207,0.01676486,-0.013224766368148266,22.20193766951561,0.0003,,,,,
44.68204879760742,192512,180.0,,,,,,,,,,,,,,,
45.637813568115234,193536,180.0,0.153955078125,-1.1920928955078125e-07,940,0.2,7.651980876922607,-3.4821573689579965,0.015772054,-0.013097255844331811,17.581894613802433,0.0003,,,,,
44.185791015625,194560,180.0,,,,,,,,,,,,,,,
45.03119659423828,195584,180.0,0.2109375,0.0,950,0.2,11.213665962219238,-3.511168407648802,0.017552026,-0.018135777112911457,20.222732996940614,0.0003,,,,,
43.946224212646484,196608,180.0,,,,,,,,,,,,,,,
45.39405822753906,197632,180.0,0.14140625,0.0,960,0.2,9.622276306152344,-3.5223339661955833,0.0137806125,-0.010199585772352294,19.850105288624764,0.0003,,,,,
44.243492126464844,198656,180.0,,,,,,,,,,,,,,,
43.22758865356445,199680,180.0,0.1552734375,0.0,970,0.2,7.10952615737915,-3.5058661766350268,0.013585124,-0.011410550227446947,18.042013873159885,0.0003,,,,,
43.08100891113281,200704,180.0,,,,,,,,,,,,,,,
46.15562057495117,201728,180.0,0.161181640625,0.0,980,0.2,9.73839282989502,-3.4803167834877966,0.0153197665,-0.01430056283425074,18.103230540454387,0.0003,,,,,
46.240272521972656,202752,180.0,,,,,,,,,,,,,,,
43.43075180053711,203776,180.0,0.163427734375,0.0,990,0.2,6.2241950035095215,-3.4717862881720065,0.013978457,-0.012742655239708255,19.26393986940384,0.0003,,,,,
44.79412841796875,204800,180.0,,,,,,,,,,,,,,,
,204800,,,,,,,,,,,,100,44.67397981000001,252,812,180.0
42.46284484863281,205824,180.0,0.137451171875,0.0,1000,0.2,9.337132453918457,-3.447984257340431,0.013861936,-0.012790277536259964,16.2657278701663,0.0003,,,,,
46.2303352355957,206848,180.0,,,,,,,,,,,,,,,
45.660926818847656,207872,180.0,0.123876953125,1.1920928955078125e-07,1010,0.2,8.92204761505127,-3.4581811159849165,0.012297263,-0.010166210427996702,18.36831776946783,0.0003,,,,,
44.393394470214844,208896,180.0,,,,,,,,,,,,,,,
47.362552642822266,209920,180.0,0.18349609375,0.0,1020,0.2,9.372955322265625,-3.477794363349676,0.015196368,-0.014121847285423428,17.866336311399937,0.0003,,,,,
45.19865798950195,210944,180.0,,,,,,,,,,,,,,,
43.952781677246094,211968,180.0,0.18076171875,0.0,1030,0.2,8.224342346191406,-3.4785131096839903,0.015383484,-0.013178459728078452,19.63636591732502,0.0003,,,,,
45.024139404296875,212992,180.0,,,,,,,,,,,,,,,
45.33881378173828,214016,180.0,0.221142578125,0.0,1040,0.2,5.9611897468566895,-3.4713971972465516,0.016952906,-0.016461511085799428,20.480639642477037,0.0003,,,,,
44.83186340332031,215040,180.0,,,,,,,,,,,,,,,
45.266822814941406,216064,180.0,0.1669921875,0.0,1050,0.2,9.336908340454102,-3.4734810896217825,0.014701284,-0.013338812520669308,19.949380414187907,0.0003,,,,,
44.67620849609375,217088,180.0,,,,,,,,,,,,,,,
44.18894958496094,218112,180.0,0.18291015625,0.0,1060,0.2,7.674594402313232,-3.4801464773714543,0.016928853,-0.014792722886340925,17.8582052975893,0.0003,,,,,
44.69166564941406,219136,180.0,,,,,,,,,,,,,,,
47.14745330810547,220160,180.0,0.162841796875,1.1920928955078125e-07,1070,0.2,3.991319417953491,-3.4741548001766205,0.01694803,-0.01268647880642675,18.01046533882618,0.0003,,,,,
44.46542739868164,221184,180.0,,,,,,,,,,,,,,,
44.06521987915039,222208,180.0,0.182177734375,1.1920928955078125e-07,1080,0.2,6.3413567543029785,-3.4904862508177756,0.0138651375,-0.016846197948325425,18.437499091029167,0.0003,,,,,
43.28715515136719,223232,180.0,,,,,,,,,,,,,,,
43.65652084350586,224256,180.0,0.178125,0.0,1090,0.2,11.882137298583984,-3.504188270866871,0.014960563,-0.014304399835236837,19.278546649217606,0.0003,,,,,
43.93959045410156,225280,180.0,,,,,,,,,,,,,,,
,225280,,,,,,,,,,,,110,45.53598614,251,896,180.0
45.76649475097656,226304,180.0,0.189306640625,0.0,1100,0.2,6.49025297164917,-3.5182201236486437,0.01572546,-0.015917848373646848,17.07877221852541,0.0003,,,,,
43.960575103759766,227328,180.0,,,,,,,,,,,,,,,
45.011863708496094,228352,180.0,0.18369140625,0.0,1110,0.2,15.650057792663574,-3.545648102462292,0.01778171,-0.015192079862754327,22.032377979159357,0.0003,,,,,
44.076438903808594,229376,180.0,,,,,,,,,,,,,,,
46.43460464477539,230400,180.0,0.128857421875,0.0,1120,0.2,8.271219253540039,-3.5472992815077307,0.013546491,-0.008264936905470676,22.8096035271883,0.0003,,,,,
45.43617248535156,231424,180.0,,,,,,,,,,,,,,,
45.34149932861328,232448,180.0,0.203955078125,0.0,1130,0.2,12.906109809875488,-3.524993295222521,0.017235592,-0.014043437445070594,19.109889379143716,0.0003,,,,,
45.78192901611328,233472,180.0,,,,,,,,,,,,,,,
45.062591552734375,234496,180.0,0.158837890625,-1.1920928955078125e-07,1140,0.2,8.25440502166748,-3.4982201121747494,0.014657393,-0.012836619636800606,19.114514395594597,0.0003,,,,,
43.974876403808594,235520,180.0,,,,,,,,,,,,,,,
47.21864318847656,236544,180.0,0.2248046875,0.0,1150,0.2,15.441596984863281,-3.510385109484196,0.018677186,-0.01630395134270657,21.333112701773643,0.0003,,,,,
44.607582092285156,237568,180.0,,,,,,,,,,,,,,,
47.620941162109375,238592,180.0,0.15595703125,0.0,1160,0.2,9.0508451461792,-3.497920922935009,0.016659722,-0.014455827046185732,19.840536507964135,0.0003,,,,,
46.343910217285156,239616,180.0,,,,,,,,,,,,,,,
45.46003341674805,240640,180.0,0.165185546875,5.960464477539063e-08,1170,0.2,7.995922088623047,-3.474688420444727,0.016739558,-0.012618192464287858,21.35405849814415,0.0003,,,,,
46.191871643066406,241664,180.0,,,,,,,,,,,,,,,
45.12226104736328,242688,180.0,0.182373046875,-1.1920928955078125e-07,1180,0.2,6.848193168640137,-3.4413951776921747,0.016730767,-0.0139346816285979,20.340905570983885,0.0003,,,,,
45.45519256591797,243712,180.0,,,,,,,,,,,,,,,
48.280303955078125,244736,180.0,0.150927734375,0.0,1190,0.2,9.936932563781738,-3.417426822334528,0.014098536,-0.01136969498329563,18.328523021936416,0.0003,,,,,
48.376590728759766,245760,180.0,,,,,,,,,,,,,,,
,245760,,,,,,,,,,,,120,45.76939190000001,251,978,180.0
47.389854431152344,246784,180.0,0.16103515625,1.1920928955078125e-07,1200,0.2,5.814061164855957,-3.4099027805030344,0.015196424,-0.014090687230054754,18.205131155252456,0.0003,,,,,
46.05641174316406,247808,180.0,,,,,,,,,,,,,,,
47.72651290893555,248832,180.0,0.205615234375,0.0,1210,0.2,7.793978214263916,-3.399288382381201,0.016878124,-0.013829745625844225,17.750766058266162,0.0003,,,,,
47.46637725830078,249856,180.0,,,,,,,,,,,,,,,
47.360313415527344,250880,180.0,0.126513671875,0.0,1220,0.2,9.444489479064941,-3.3953419379889964,0.014748105,-0.0097464193997439,17.12453269958496,0.0003,,,,,
47.17302322387695,251904,180.0,,,,,,,,,,,,,,,
47.401187896728516,252928,180.0,0.183984375,0.0,1230,0.2,10.100279808044434,-3.3873447984457017,0.015752103,-0.013724053264013492,17.990596410632133,0.0003,,,,,
46.122772216796875,253952,180.0,,,,,,,,,,,,,,,
45.407806396484375,254976,180.0,0.162890625,-1.1920928955078125e-07,1240,0.2,9.870214462280273,-3.4016027629375456,0.015185686,-0.01205462089565117,17.852358856797217,0.0003,,,,,
43.74509811401367,256000,180.0,,,,,,,,,,,,,,,
43.92741775512695,257024,180.0,0.144384765625,0.0,1250,0.2,7.674190521240234,-3.3794278226792813,0.014964839,-0.01337268241622951,17.594622783362865,0.0003,,,,,
48.78501892089844,258048,180.0,,,,,,,,,,,,,,,
46.498756408691406,259072,180.0,0.171728515625,0.0,1260,0.2,12.764241218566895,-3.351910747587681,0.016105432,-0.013701531135302503,18.15668999105692,0.0003,,,,,
47.329986572265625,260096,180.0,,,,,,,,,,,,,,,
46.32801818847656,261120,180.0,0.198828125,0.0,1270,0.2,8.083952903747559,-3.388925268501043,0.01822076,-0.01701176625356311,17.76312134861946,0.0003,,,,,
46.558067321777344,262144,180.0,,,,,,,,,,,,,,,
44.306495666503906,263168,180.0,0.1740234375,-1.1920928955078125e-07,1280,0.2,7.183730602264404,-3.4240552805364133,0.016437571,-0.012907717229973059,17.859884910285473,0.0003,,,,,
44.87175750732422,264192,180.0,,,,,,,,,,,,,,,
44.857208251953125,265216,180.0,0.176513671875,-1.1920928955078125e-07,1290,0.2,11.992095947265625,-3.452456123381853,0.017035617,-0.014110347551468293,20.92150965332985,0.0003,,,,,
46.65769958496094,266240,180.0,,,,,,,,,,,,,,,
,266240,,,,,,,,,,,,130,45.85999269,250,1063,180.0
43.64029312133789,267264,180.0,0.1796875,1.1920928955078125e-07,1300,0.2,7.238716125488281,-3.4350884191691877,0.016632104,-0.01404186846630182,20.2378377109766,0.0003,,,,,
45.32830047607422,268288,180.0,,,,,,,,,,,,,,,
46.365013122558594,269312,180.0,0.17294921875,0.0,1310,0.2,9.822281837463379,-3.446848677098751,0.014098317,-0.012817889703728724,21.15071981102228,0.0003,,,,,
47.01578903198242,270336,180.0,,,,,,,,,,,,,,,
45.36109161376953,271360,180.0,0.161376953125,0.0,1320,0.2,4.5583176612854,-3.4641369871795176,0.015764257,-0.014812418924702798,16.14768077880144,0.0003,,,,,
43.9351692199707,272384,180.0,,,,,,,,,,,,,,,
46.628623962402344,273408,180.0,0.162353515625,1.7881393432617188e-07,1330,0.2,6.137356281280518,-3.4751940697431563,0.016598143,-0.011922116686764638,20.47066164165735,0.0003,,,,,
44.22867202758789,274432,180.0,,,,,,,,,,,,,,,
48.52609634399414,275456,180.0,0.172802734375,1.1920928955078125e-07,1340,0.2,8.289546012878418,-3.4712129078805445,0.016032815,-0.014740030765824485,21.2834240347147,0.0003,,,,,
48.19085693359375,276480,180.0,,,,,,,,,,,,,,,
49.10222625732422,277504,180.0,0.17861328125,-1.1920928955078125e-07,1350,0.2,6.621372222900391,-3.47735962793231,0.014562378,-0.013368375989375635,20.304940351843833,0.0003,,,,,
45.513877868652344,278528,180.0,,,,,,,,,,,,,,,
46.89436340332031,279552,180.0,0.179638671875,0.0,1360,0.2,15.238529205322266,-3.511486437916756,0.015428171,-0.014884553657611831,21.643703125417233,0.0003,,,,,
48.773807525634766,280576,180.0,,,,,,,,,,,,,,,
46.63264465332031,281600,180.0,0.14716796875,5.960464477539063e-08,1370,0.2,16.67947769165039,-3.4994297213852406,0.0132113695,-0.013151436876796652,22.267252008616925,0.0003,,,,,
46.80253601074219,282624,180.0,,,,,,,,,,,,,,,
46.78151321411133,283648,180.0,0.144677734375,0.0,1380,0.2,7.704123020172119,-3.501646216213703,0.016158022,-0.011813352577155456,20.48808668255806,0.0003,,,,,
46.35040283203125,284672,180.0,,,,,,,,,,,,,,,
45.37218475341797,285696,180.0,0.177294921875,0.0,1390,0.2,15.44701862335205,-3.505756802111864,0.016348995,-0.013640117866452783,20.409459291398527,0.0003,,,,,
48.01102066040039,286720,180.0,,,,,,,,,,,,,,,
,286720,,,,,,,,,,,,140,46.37070562000001,250,1146,180.0
47.65132141113281,287744,180.0,0.179833984375,1.1920928955078125e-07,1400,0.2,10.239562034606934,-3.523161482065916,0.013567319,-0.01306740801082924,20.43292623758316,0.0003,,,,,
45.77967834472656,288768,180.0,,,,,,,,,,,,,,,
46.048011779785156,289792,180.0,0.1970703125,-1.1920928955078125e-07,1410,0.2,18.89865493774414,-3.497574569284916,0.0138868475,-0.013650417036842555,24.463496208190918,0.0003,,,,,
48.098724365234375,290816,180.0,,,,,,,,,,,,,,,
45.928199768066406,291840,180.0,0.1853515625,5.960464477539063e-08,1420,0.2,4.850581169128418,-3.484657110273838,0.013784317,-0.014287048731057439,21.573685523867606,0.0003,,,,,
47.504737854003906,292864,180.0,,,,,,,,,,,,,,,
46.599849700927734,293888,180.0,0.16318359375,0.0,1430,0.2,9.135125160217285,-3.4709460608661176,0.016044717,-0.011434499894676264,21.93815121650696,0.0003,,,,,
45.295074462890625,294912,180.0,,,,,,,,,,,,,,,
48.11414337158203,295936,180.0,0.156298828125,0.0,1440,0.2,9.47560977935791,-3.44908092841506,0.01536791,-0.01275115632743109,23.04908044934273,0.0003,,,,,
49.22858428955078,296960,180.0,,,,,,,,,,,,,,,
49.06278991699219,297984,180.0,0.190673828125,0.0,1450,0.2,13.778033256530762,-3.4459154583513736,0.014138853,-0.01401844700158108,20.602813835442067,0.0003,,,,,
46.90730285644531,299008,180.0,,,,,,,,,,,,,,,
48.210304260253906,300032,180.0,0.177880859375,0.0,1460,0.2,10.839975357055664,-3.4431268215179442,0.015668657,-0.01259036843694048,20.591013008356093,0.0003,,,,,
48.32501220703125,301056,180.0,,,,,,,,,,,,,,,
47.429656982421875,302080,180.0,0.14580078125,0.0,1470,0.2,11.274702072143555,-3.445274902880192,0.015201918,-0.010467025529942475,17.922503179311754,0.0003,,,,,
48.47447967529297,303104,180.0,,,,,,,,,,,,,,,
48.53731918334961,304128,180.0,0.157568359375,0.0,1480,0.2,10.328819274902344,-3.4444091208279133,0.014099234,-0.011356614757096395,20.23195856809616,0.0003,,,,,
49.2684326171875,305152,180.0,,,,,,,,,,,,,,,
48.882049560546875,306176,180.0,0.197021484375,0.0,1490,0.2,9.358409881591797,-3.4383576430380343,0.015069319,-0.015235419030068443,20.010346218943596,0.0003,,,,,
49.416297912597656,307200,180.0,,,,,,,,,,,,,,,
,307200,,,,,,,,,,,,150,48.14966565000002,249,1231,180.0
48.435096740722656,308224,180.0,0.1537109375,0.0,1500,0.2,13.479437828063965,-3.445954378694296,0.013658042,-0.010075425855757204,19.572423660755156,0.0003,,,,,
48.549049377441406,309248,180.0,,,,,,,,,,,,,,,
48.649173736572266,310272,180.0,0.212255859375,-1.1920928955078125e-07,1510,0.2,8.594084739685059,-3.460455633699894,0.015536414,-0.016787504842795897,20.90822054594755,0.0003,,,,,
47.71847915649414,311296,180.0,,,,,,,,,,,,,,,
46.5540771484375,312320,180.0,0.149365234375,0.0,1520,0.2,10.503389358520508,-3.466421177983284,0.015929814,-0.012388790120894555,22.518279537558556,0.0003,,,,,
48.09079360961914,313344,180.0,,,,,,,,,,,,,,,
48.24901580810547,314368,180.0,0.146044921875,0.0,1530,0.2,9.79222583770752,-3.4932486370205877,0.013571517,-0.010592168111907085,22.11899602562189,0.0003,,,,,
45.97300338745117,315392,180.0,,,,,,,,,,,,,,,
48.37056350708008,316416,180.0,0.211865234375,0.0,1540,0.2,9.586077690124512,-3.478494568914175,0.014997115,-0.015813635304220953,23.880655366182328,0.0003,,,,,
47.89543914794922,317440,180.0,,,,,,,,,,,,,,,
48.72031784057617,318464,180.0,0.13740234375,0.0,1550,0.2,9.158206939697266,-3.470932348072529,0.014888842,-0.010466491029364988,20.08257264494896,0.0003,,,,,
46.2337760925293,319488,180.0,,,,,,,,,,,,,,,
47.89582824707031,320512,180.0,0.168603515625,0.0,1560,0.2,9.082459449768066,-3.4972383573651316,0.015734652,-0.012971155336708761,24.204525101184846,0.0003,,,,,
48.859375,321536,180.0,,,,,,,,,,,,,,,
48.065406799316406,322560,180.0,0.13017578125,0.0,1570,0.2,10.000765800476074,-3.4834676891565324,0.014038235,-0.011495092726545409,22.9624870210886,0.0003,,,,,
46.79475402832031,323584,180.0,,,,,,,,,,,,,,,
48.32984161376953,324608,180.0,0.18623046875,0.0,1580,0.2,11.193879127502441,-3.449716030061245,0.014798554,-0.013814833063224796,21.87440448999405,0.0003,,,,,
47.157440185546875,325632,180.0,,,,,,,,,,,,,,,
47.48577880859375,326656,180.0,0.143310546875,0.0,1590,0.2,11.383073806762695,-3.4329019494354727,0.015221877,-0.009776214504381642,22.187096494436265,0.0003,,,,,
47.7053337097168,327680,180.0,,,,,,,,,,,,,,,
,327680,,,,,,,,,,,,160,47.77981739999999,249,1315,180.0
47.34223175048828,328704,180.0,0.157421875,5.960464477539063e-08,1600,0.2,7.440176963806152,-3.4622820362448694,0.015575416,-0.012776034386479295,21.68212422132492,0.0003,,,,,
47.455535888671875,329728,180.0,,,,,,,,,,,,,,,
47.7890625,330752,180.0,0.1654296875,-1.1920928955078125e-07,1610,0.2,14.023344993591309,-3.4714885048568247,0.013533327,-0.014692260373703903,21.843488502502442,0.0003,,,,,
46.268035888671875,331776,180.0,,,,,,,,,,,,,,,
49.522361755371094,332800,180.0,0.22021484375,0.0,1620,0.2,8.702466011047363,-3.433528692275286,0.018426448,-0.015456715832988266,21.103278630971907,0.0003,,,,,
49.418277740478516,333824,180.0,,,,,,,,,,,,,,,
49.1512451171875,334848,180.0,0.216064453125,0.0,1630,0.2,15.362369537353516,-3.396154607087374,0.01642558,-0.0173678921390092,21.70956007838249,0.0003,,,,,
47.91349411010742,335872,180.0,,,,,,,,,,,,,,,
47.84442901611328,336896,180.0,0.19501953125,1.1920928955078125e-07,1640,0.2,8.559402465820312,-3.4127210967242716,0.014843147,-0.01587772424391005,19.117827090620995,0.0003,,,,,
47.76860046386719,337920,180.0,,,,,,,,,,,,,,,
48.67169952392578,338944,180.0,0.131201171875,-1.1920928955078125e-07,1650,0.2,11.136878967285156,-3.418990957736969,0.014871544,-0.012023343198234216,21.912484726309778,0.0003,,,,,
47.69831085205078,339968,180.0,,,,,,,,,,,,,,,
46.13481140136719,340992,180.0,0.130029296875,0.0,1660,0.2,11.138225555419922,-3.4299542561173437,0.0122585185,-0.010760715123615228,17.88864539563656,0.0003,,,,,
48.10308837890625,342016,180.0,,,,,,,,,,,,,,,
47.942359924316406,343040,180.0,0.189892578125,0.0,1670,0.2,10.794854164123535,-3.4368050135672092,0.015527476,-0.01321050600381568,20.436428517103195,0.0003,,,,,
48.75149917602539,344064,180.0,,,,,,,,,,,,,,,
48.80211639404297,345088,180.0,0.12724609375,1.1920928955078125e-07,1680,0.2,9.240527153015137,-3.4147414945065977,0.01471781,-0.010004190501058474,17.02027398645878,0.0003,,,,,
47.744869232177734,346112,180.0,,,,,,,,,,,,,,,
45.877864837646484,347136,180.0,0.17138671875,0.0,1690,0.2,10.006139755249023,-3.427601332962513,0.017996222,-0.014739908170304261,18.945104710757732,0.0003,,,,,
46.785926818847656,348160,180.0,,,,,,,,,,,,,,,
,348160,,,,,,,,,,,,170,48.16446194,249,1393,180.0
47.70684814453125,349184,180.0,0.1658203125,0.0,1700,0.2,11.666437149047852,-3.4399786300957205,0.01514921,-0.013905677606089739,21.415067875385283,0.0003,,,,,
48.781822204589844,350208,180.0,,,,,,,,,,,,,,,
46.560302734375,351232,180.0,0.163427734375,0.0,1710,0.2,9.262030601501465,-3.4555525183677673,0.016294787,-0.012499691126868129,19.77540901899338,0.0003,,,,,
50.012550354003906,352256,180.0,,,,,,,,,,,,,,,
49.628395080566406,353280,180.0,0.181689453125,0.0,1720,0.2,11.32204532623291,-3.460458708554506,0.015070161,-0.012258479803858791,19.532439631223678,0.0003,,,,,
49.04340362548828,354304,180.0,,,,,,,,,,,,,,,
50.93141174316406,355328,180.0,0.133544921875,1.1920928955078125e-07,1730,0.2,8.903559684753418,-3.456285177916288,0.013471169,-0.010985556276864372,20.37087915241718,0.0003,,,,,
49.29729461669922,356352,180.0,,,,,,,,,,,,,,,
50.6251335144043,357376,180.0,0.175439453125,0.0,1740,0.2,7.682271480560303,-3.4507094591856005,0.017059322,-0.015996861120220272,20.94554706513882,0.0003,,,,,
50.52241134643555,358400,180.0,,,,,,,,,,,,,,,
48.900840759277344,359424,180.0,0.110986328125,1.1920928955078125e-07,1750,0.2,15.083586692810059,-3.461782719939947,0.011872495,-0.008999212487105978,20.79268824160099,0.0003,,,,,
47.81224822998047,360448,180.0,,,,,,,,,,,,,,,
51.22012710571289,361472,180.0,0.185498046875,0.0,1760,0.2,8.98494815826416,-3.4470723673701285,0.015095264,-0.012809769403247628,20.263808915019034,0.0003,,,,,
47.56859588623047,362496,180.0,,,,,,,,,,,,,,,
46.377716064453125,363520,180.0,0.16298828125,-1.1920928955078125e-07,1770,0.2,10.04724407196045,-3.4710679337382317,0.014507113,-0.014379821562761208,20.50216952264309,0.0003,,,,,
47.28739929199219,364544,180.0,,,,,,,,,,,,,,,
46.59473419189453,365568,180.0,0.136376953125,-1.1920928955078125e-07,1780,0.2,14.76546573638916,-3.5203206814825534,0.014401278,-0.0137759068296873,22.295547339320184,0.0003,,,,,
46.68836975097656,366592,180.0,,,,,,,,,,,,,,,
46.239784240722656,367616,180.0,0.168359375,0.0,1790,0.2,10.994755744934082,-3.5189832016825675,0.018398756,-0.014995469887799118,19.222219908237456,0.0003,,,,,
45.58907699584961,368640,180.0,,,,,,,,,,,,,,,
,368640,,,,,,,,,,,,180,47.94568695000001,249,1475,180.0
46.267696380615234,369664,180.0,0.17021484375,1.1920928955078125e-07,1800,0.2,13.273773193359375,-3.576656673103571,0.016639564,-0.013311830670863856,20.21945419162512,0.0003,,,,,
43.717140197753906,370688,180.0,,,,,,,,,,,,,,,
46.802772521972656,371712,180.0,0.146875,0.0,1810,0.2,8.43937873840332,-3.565691228955984,0.013660819,-0.011682559089967981,22.828130537271498,0.0003,,,,,
45.836463928222656,372736,180.0,,,,,,,,,,,,,,,
46.25471496582031,373760,180.0,0.2091796875,0.0,1820,0.2,11.666657447814941,-3.55684676989913,0.017880466,-0.018407260740423224,20.96629192531109,0.0003,,,,,
48.558204650878906,374784,180.0,,,,,,,,,,,,,,,
47.72052764892578,375808,180.0,0.19970703125,0.0,1830,0.2,10.626049995422363,-3.529850722849369,0.016463995,-0.017517539771506562,22.20031755268574,0.0003,,,,,
46.677101135253906,376832,180.0,,,,,,,,,,,,,,,
45.88047409057617,377856,180.0,0.209130859375,0.0,1840,0.2,15.714668273925781,-3.5359220318496227,0.01596589,-0.017928100768767764,24.2732438698411,0.0003,,,,,
46.393768310546875,378880,180.0,,,,,,,,,,,,,,,
47.42247009277344,379904,180.0,0.18759765625,0.0,1850,0.2,9.861543655395508,-3.5332514367997647,0.016211733,-0.01706654334848281,23.151245914399624,0.0003,,,,,
46.154083251953125,380928,180.0,,,,,,,,,,,,,,,
47.13435363769531,381952,180.0,0.177392578125,5.960464477539063e-08,1860,0.2,8.229663848876953,-3.528273253142834,0.01527505,-0.014744186803000048,22.797332364320756,0.0003,,,,,
47.831871032714844,382976,180.0,,,,,,,,,,,,,,,
47.85578536987305,384000,180.0,0.16904296875,0.0,1870,0.2,10.74406909942627,-3.5251811921596525,0.015540114,-0.013776145108568016,19.497924759984016,0.0003,,,,,
46.69783401489258,385024,180.0,,,,,,,,,,,,,,,
46.398284912109375,386048,180.0,0.1712890625,0.0,1880,0.2,11.111777305603027,-3.517110764235258,0.015911909,-0.014897664807358523,21.61374614238739,0.0003,,,,,
45.4007568359375,387072,180.0,,,,,,,,,,,,,,,
47.34123611450195,388096,180.0,0.17109375,0.0,1890,0.2,13.149910926818848,-3.5356292106211185,0.015652273,-0.014434742416779046,22.315193367004394,0.0003,,,,,
45.83518981933594,389120,180.0,,,,,,,,,,,,,,,
,389120,,,,,,,,,,,,190,46.52385469,249,1558,180.0
48.09563446044922,390144,180.0,0.1681640625,0.0,1900,0.2,8.626267433166504,-3.5506548412144183,0.01654869,-0.014578645840811078,20.787678480148315,0.0003,,,,,
46.726539611816406,391168,180.0,,,,,,,,,,,,,,,
45.61631774902344,392192,180.0,0.20556640625,0.0,1910,0.2,14.045092582702637,-3.521176715940237,0.016734632,-0.015915326589311007,22.989428034424783,0.0003,,,,,
46.095497131347656,393216,180.0,,,,,,,,,,,,,,,
47.4382209777832,394240,180.0,0.16943359375,0.0,1920,0.2,11.47046184539795,-3.51619676053524,0.016907137,-0.014087004130124115,21.18235863149166,0.0003,,,,,
46.81709289550781,395264,180.0,,,,,,,,,,,,,,,
49.643184661865234,396288,180.0,0.184814453125,0.0,1930,0.2,11.157913208007812,-3.5272716410458087,0.014990274,-0.014214018077473157,21.17137463092804,0.0003,,,,,
48.613582611083984,397312,180.0,,,,,,,,,,,,,,,
48.73310852050781,398336,180.0,0.19736328125,0.0,1940,0.2,11.13817310333252,-3.532519370317459,0.015642222,-0.015369454860046972,22.19156206250191,0.0003,,,,,
48.936134338378906,399360,180.0,,,,,,,,,,,,,,,
46.764671325683594,400384,180.0,0.192822265625,0.0,1950,0.2,11.927667617797852,-3.5114917255938054,0.01652643,-0.01854830554075306,20.77363573014736,0.0003,,,,,
46.64216613769531,401408,180.0,,,,,,,,,,,,,,,
