time/total_timesteps,eval/mean_reward,eval/mean_ep_length,train/value_loss,train/learning_rate,train/entropy_loss,train/policy_gradient_loss,train/explained_variance,train/loss,train/n_updates,train/clip_range,train/clip_fraction,train/approx_kl,time/fps,time/iterations,time/time_elapsed,rollout/ep_len_mean,rollout/ep_rew_mean
1024,14.321619033813477,180.0,,,,,,,,,,,,,,,
2048,12.42774772644043,180.0,,,,,,,,,,,,,,,
3072,14.330699920654297,180.0,42.32722079455853,0.0003,-5.867043201625347,-0.03706059003598057,-0.0006339550018310547,22.361894607543945,10,0.2,0.391943359375,0.026568672,,,,,
4096,14.575559616088867,180.0,,,,,,,,,,,,,,,
5120,12.808631896972656,180.0,36.18887023329735,0.0003,-5.837250071763992,-0.03614893220801605,0.00025981664657592773,20.838441848754883,20,0.2,0.36923828125,0.024297155,,,,,
6144,14.674325942993164,180.0,,,,,,,,,,,,,,,
7168,13.685623168945312,180.0,51.28653166294098,0.0003,-5.812044832110405,-0.039285677805310115,-0.00016450881958007812,47.530296325683594,30,0.2,0.40234375,0.02590447,,,,,
8192,14.13703727722168,180.0,,,,,,,,,,,,,,,
9216,14.092948913574219,180.0,46.75876647531986,0.0003,-5.796525412797928,-0.033685708807024636,0.000302731990814209,24.24431610107422,40,0.2,0.34990234375,0.023834407,,,,,
10240,16.077585220336914,180.0,,,,,,,,,,,,,,,
11264,14.512344360351562,180.0,34.968488389253615,0.0003,-5.771573680639267,-0.03529731857124716,0.0004876255989074707,20.710376739501953,50,0.2,0.34091796875,0.024464887,,,,,
12288,14.425698280334473,180.0,,,,,,,,,,,,,,,
13312,15.015912055969238,180.0,37.72116808891296,0.0003,-5.743623220920563,-0.03536566065449733,0.0,22.013980865478516,60,0.2,0.370849609375,0.022950817,,,,,
14336,14.699792861938477,180.0,,,,,,,,,,,,,,,
15360,13.894773483276367,180.0,44.21120842695236,0.0003,-5.736931663751602,-0.032842111578793264,-6.54458999633789e-05,35.12543869018555,70,0.2,0.33837890625,0.02526918,,,,,
16384,13.442373275756836,180.0,,,,,,,,,,,,,,,
17408,15.861849784851074,180.0,41.696649697422984,0.0003,-5.707665292918682,-0.03482165059540421,3.62396240234375e-05,18.351022720336914,80,0.2,0.33232421875,0.022156276,,,,,
18432,14.638517379760742,180.0,,,,,,,,,,,,,,,
19456,15.180948257446289,180.0,43.4139722943306,0.0003,-5.695328116416931,-0.036145447815943046,3.159046173095703e-06,25.05486488342285,90,0.2,0.324365234375,0.022765271,,,,,
20480,15.014286041259766,180.0,,,,,,,,,,,,,,,
20480,,,,,,,,,,,,,323,10,63,180.0,14.05531355
21504,13.956889152526855,180.0,37.912059128284454,0.0003,-5.669078519940376,-0.03623883071850287,0.0,16.21955680847168,100,0.2,0.349658203125,0.023668239,,,,,
22528,15.77109432220459,180.0,,,,,,,,,,,,,,,
23552,15.088577270507812,180.0,43.924190908670425,0.0003,-5.638238753378391,-0.038111346650111955,5.960464477539063e-08,23.43878936767578,110,0.2,0.3490234375,0.02183798,,,,,
24576,14.525186538696289,180.0,,,,,,,,,,,,,,,
25600,15.116495132446289,180.0,34.820889201760295,0.0003,-5.5933019608259205,-0.035830938978324414,-1.1920928955078125e-07,13.89431381225586,120,0.2,0.351611328125,0.020689901,,,,,
26624,13.874488830566406,180.0,,,,,,,,,,,,,,,
27648,13.984201431274414,180.0,38.14046448171139,0.0003,-5.5674360454082485,-0.0318392344226595,-1.1920928955078125e-07,18.33162498474121,130,0.2,0.334521484375,0.021254018,,,,,
28672,14.25468635559082,180.0,,,,,,,,,,,,,,,
29696,14.501113891601562,180.0,44.09554392695427,0.0003,-5.555195471644401,-0.03477029298373964,0.0,16.11432456970215,140,0.2,0.341943359375,0.021534385,,,,,
30720,15.557960510253906,180.0,,,,,,,,,,,,,,,
31744,15.840981483459473,180.0,41.57596929073334,0.0003,-5.509121026098728,-0.03101320130226668,-2.384185791015625e-07,22.08491325378418,150,0.2,0.319091796875,0.020656189,,,,,
32768,15.072568893432617,180.0,,,,,,,,,,,,,,,
33792,16.576810836791992,180.0,38.91057748794556,0.0003,-5.475231021642685,-0.035743616448598914,0.0,11.543816566467285,160,0.2,0.382861328125,0.02270403,,,,,
34816,15.833293914794922,180.0,,,,,,,,,,,,,,,
35840,16.018367767333984,180.0,40.69428813457489,0.0003,-5.451005607843399,-0.03395303524885094,1.1920928955078125e-06,23.522512435913086,170,0.2,0.3462890625,0.021687182,,,,,
36864,17.422870635986328,180.0,,,,,,,,,,,,,,,
37888,17.738521575927734,180.0,37.35901275277138,0.0003,-5.397226418554783,-0.035685033624758944,4.881620407104492e-05,18.083194732666016,180,0.2,0.358984375,0.023845851,,,,,
38912,14.115497589111328,180.0,,,,,,,,,,,,,,,
39936,18.0599365234375,180.0,37.604132837057115,0.0003,-5.373721762001514,-0.034651359768758994,0.0,25.746131896972656,190,0.2,0.372314453125,0.019845173,,,,,
40960,16.87854766845703,180.0,,,,,,,,,,,,,,,
40960,,,,,,,,,,,,,319,20,128,180.0,15.855514420000002
41984,16.725217819213867,180.0,36.41647541821003,0.0003,-5.3352598428726195,-0.030402214112109506,2.09808349609375e-05,22.719568252563477,200,0.2,0.346923828125,0.021140136,,,,,
43008,16.62763214111328,180.0,,,,,,,,,,,,,,,
44032,17.121440887451172,180.0,44.333395689725876,0.0003,-5.342989650368691,-0.03396733506087912,9.632110595703125e-05,19.934162139892578,210,0.2,0.3125,0.02065169,,,,,
45056,17.870281219482422,180.0,,,,,,,,,,,,,,,
46080,17.099573135375977,180.0,41.34804029464722,0.0003,-5.317713189125061,-0.02754338718805229,0.0,9.749982833862305,220,0.2,0.271533203125,0.018036548,,,,,
47104,15.609819412231445,180.0,,,,,,,,,,,,,,,
48128,16.465293884277344,180.0,37.901152262091635,0.0003,-5.283558787405491,-0.031423122287378646,0.0,34.959754943847656,230,0.2,0.290087890625,0.01979288,,,,,
49152,20.605533599853516,180.0,,,,,,,,,,,,,,,
50176,16.08809471130371,180.0,40.47322158515453,0.0003,-5.220345158874989,-0.02943699195893714,7.605552673339844e-05,29.363656997680664,240,0.2,0.337890625,0.021058543,,,,,
51200,16.170867919921875,180.0,,,,,,,,,,,,,,,
52224,18.16756820678711,180.0,39.7735079228878,0.0003,-5.160975714027882,-0.0311484102421673,0.0,19.912334442138672,250,0.2,0.353173828125,0.019577494,,,,,
53248,19.212799072265625,180.0,,,,,,,,,,,,,,,
54272,20.311687469482422,180.0,38.04574926495552,0.0003,-5.142146603763104,-0.036026184567163,-1.1920928955078125e-07,15.37814712524414,260,0.2,0.335302734375,0.022174617,,,,,
55296,17.36666488647461,180.0,,,,,,,,,,,,,,,
56320,18.461685180664062,180.0,43.024808946251866,0.0003,-5.101611465215683,-0.02754991781839635,-1.1920928955078125e-07,23.24762725830078,270,0.2,0.281005859375,0.020482272,,,,,
57344,19.465831756591797,180.0,,,,,,,,,,,,,,,
58368,17.56951904296875,180.0,42.7126557469368,0.0003,-5.063112762570381,-0.0317786465791869,0.0,27.416189193725586,280,0.2,0.319140625,0.020848526,,,,,
59392,21.12427520751953,180.0,,,,,,,,,,,,,,,
60416,19.655405044555664,180.0,42.30837783813477,0.0003,-5.050098744034767,-0.03268606338824611,0.0,32.178680419921875,290,0.2,0.3232421875,0.022401895,,,,,
61440,18.289703369140625,180.0,,,,,,,,,,,,,,,
61440,,,,,,,,,,,,,319,30,192,180.0,18.45560418
62464,21.628938674926758,180.0,40.984454318881035,0.0003,-4.9767898008227345,-0.029849631908291485,0.0,23.6466121673584,300,0.2,0.333837890625,0.021865167,,,,,
63488,21.173542022705078,180.0,,,,,,,,,,,,,,,
64512,21.787769317626953,180.0,40.07236750721931,0.0003,-4.918247365951538,-0.02849158773024101,0.0,22.400266647338867,310,0.2,0.3185546875,0.020041812,,,,,
65536,22.262304306030273,180.0,,,,,,,,,,,,,,,
66560,21.45688247680664,180.0,31.396020743250848,0.0003,-4.880901618301868,-0.027995681465108647,-1.1920928955078125e-07,15.661340713500977,320,0.2,0.2845703125,0.02058122,,,,,
67584,24.421627044677734,180.0,,,,,,,,,,,,,,,
68608,22.710161209106445,180.0,46.33208725452423,0.0003,-4.875498358905316,-0.026956443410017527,0.0,14.05675220489502,330,0.2,0.267822265625,0.019362118,,,,,
69632,24.025678634643555,180.0,,,,,,,,,,,,,,,
70656,23.806713104248047,180.0,37.32780151963234,0.0003,-4.800238187611103,-0.027139729374903256,0.0,15.889988899230957,340,0.2,0.283740234375,0.019409968,,,,,
71680,24.498632431030273,180.0,,,,,,,,,,,,,,,
72704,22.504117965698242,180.0,46.893442744016646,0.0003,-4.759912395477295,-0.026961484083585674,0.0002550482749938965,12.154759407043457,350,0.2,0.27421875,0.01946461,,,,,
73728,24.954940795898438,180.0,,,,,,,,,,,,,,,
74752,24.473657608032227,180.0,40.72852334678173,0.0003,-4.642785316705703,-0.02685531467141118,0.0,17.512470245361328,360,0.2,0.288134765625,0.019483902,,,,,
75776,25.93277359008789,180.0,,,,,,,,,,,,,,,
76800,26.18198013305664,180.0,39.60716804265976,0.0003,-4.482842588424683,-0.02765156718378421,0.0,24.914533615112305,370,0.2,0.31083984375,0.020707464,,,,,
77824,28.16234588623047,180.0,,,,,,,,,,,,,,,
78848,26.891653060913086,180.0,39.670665341615674,0.0003,-4.403016458451748,-0.02512277145142434,1.7881393432617188e-07,12.227197647094727,380,0.2,0.257861328125,0.016368086,,,,,
79872,27.845184326171875,180.0,,,,,,,,,,,,,,,
80896,27.582630157470703,180.0,38.01426859200001,0.0003,-4.33917925208807,-0.020309901030850598,0.0,18.187427520751953,390,0.2,0.221142578125,0.01617577,,,,,
81920,27.75532341003418,180.0,,,,,,,,,,,,,,,
81920,,,,,,,,,,,,,316,40,258,180.0,25.2393557
82944,28.5164852142334,180.0,40.80618874430657,0.0003,-4.226938141882419,-0.02377645119850058,0.0,22.576995849609375,400,0.2,0.257470703125,0.017605409,,,,,
83968,32.54937744140625,180.0,,,,,,,,,,,,,,,
84992,30.421451568603516,180.0,41.96366888284683,0.0003,-4.257954987883568,-0.02442802468140144,0.0,32.651031494140625,410,0.2,0.244580078125,0.016553376,,,,,
86016,28.627788543701172,180.0,,,,,,,,,,,,,,,
87040,33.726295471191406,180.0,39.78044146597385,0.0003,-4.188593293726444,-0.02366368647781201,0.0,34.01292037963867,420,0.2,0.274951171875,0.019163212,,,,,
88064,31.357410430908203,180.0,,,,,,,,,,,,,,,
89088,30.438398361206055,180.0,46.78854651451111,0.0003,-4.084621287882328,-0.024674728101672372,-8.344650268554688e-07,31.20791244506836,430,0.2,0.247119140625,0.017429486,,,,,
90112,30.829147338867188,180.0,,,,,,,,,,,,,,,
91136,33.05894470214844,180.0,39.114716374874114,0.0003,-3.9329909317195417,-0.020618698873295215,0.0,17.71432876586914,440,0.2,0.2203125,0.017484538,,,,,
92160,32.00025939941406,180.0,,,,,,,,,,,,,,,
93184,33.580474853515625,180.0,43.19145988821983,0.0003,-3.918091110140085,-0.02037895865069004,0.0,32.61222839355469,450,0.2,0.224072265625,0.014918505,,,,,
94208,34.256813049316406,180.0,,,,,,,,,,,,,,,
95232,38.65516662597656,180.0,37.96769678592682,0.0003,-3.833243218809366,-0.01944486444190261,-1.1920928955078125e-07,22.871294021606445,460,0.2,0.2001953125,0.013916198,,,,,
96256,35.27676010131836,180.0,,,,,,,,,,,,,,,
97280,38.672401428222656,180.0,44.180272698402405,0.0003,-3.8446424186229704,-0.02102188303542789,5.960464477539063e-08,27.831748962402344,470,0.2,0.196484375,0.01483604,,,,,
98304,35.086402893066406,180.0,,,,,,,,,,,,,,,
99328,38.29930877685547,180.0,42.670863789319995,0.0003,-3.951264151185751,-0.021577988426724915,0.0,10.520055770874023,480,0.2,0.219873046875,0.017873222,,,,,
100352,37.325782775878906,180.0,,,,,,,,,,,,,,,
101376,42.23707962036133,180.0,46.460629016160965,0.0003,-3.834638272225857,-0.01989907416718779,0.0,15.441472053527832,490,0.2,0.21826171875,0.018523857,,,,,
102400,38.210731506347656,180.0,,,,,,,,,,,,,,,
102400,,,,,,,,,,,,,317,50,322,180.0,34.75558792
103424,43.7740478515625,180.0,42.71758378446102,0.0003,-3.77550737708807,-0.019121541322238044,0.0,26.80762481689453,500,0.2,0.194189453125,0.015671046,,,,,
104448,39.457908630371094,180.0,,,,,,,,,,,,,,,
105472,42.47703552246094,180.0,45.20802715420723,0.0003,-3.7055504389107226,-0.016016426043643152,0.0,31.029170989990234,510,0.2,0.196142578125,0.013822831,,,,,
106496,41.72697830200195,180.0,,,,,,,,,,,,,,,
107520,42.913490295410156,180.0,40.12510874271393,0.0003,-3.742643942683935,-0.020461612998769852,0.0,18.381004333496094,520,0.2,0.202099609375,0.014757197,,,,,
108544,41.04573059082031,180.0,,,,,,,,,,,,,,,
109568,41.84431457519531,180.0,39.02476606369019,0.0003,-3.667575191706419,-0.016423261318414005,0.0,16.546689987182617,530,0.2,0.191064453125,0.014914656,,,,,
110592,43.17861557006836,180.0,,,,,,,,,,,,,,,
111616,43.337623596191406,180.0,43.97704861164093,0.0003,-3.7214158535003663,-0.02245061912253732,0.0,28.785791397094727,540,0.2,0.19580078125,0.019628134,,,,,
112640,42.40126037597656,180.0,,,,,,,,,,,,,,,
113664,40.66858673095703,180.0,39.11907846927643,0.0003,-3.7293534360826017,-0.018807354450109413,1.1920928955078125e-07,23.759178161621094,550,0.2,0.207763671875,0.015228916,,,,,
114688,47.09268569946289,180.0,,,,,,,,,,,,,,,
115712,44.19449234008789,180.0,51.24167268872261,0.0003,-3.7093666158616543,-0.019157337269280105,0.0,31.337251663208008,560,0.2,0.20537109375,0.016979545,,,,,
116736,45.537845611572266,180.0,,,,,,,,,,,,,,,
117760,44.13532257080078,180.0,35.654322552680966,0.0003,-3.6761770009994508,-0.016816407436272128,-1.1920928955078125e-07,19.84951400756836,570,0.2,0.177783203125,0.01368824,,,,,
118784,43.14483642578125,180.0,,,,,,,,,,,,,,,
119808,47.18379211425781,180.0,41.81072837114334,0.0003,-3.6288982361555098,-0.017468124473816717,0.0,19.958364486694336,580,0.2,0.1921875,0.0152535625,,,,,
120832,44.485374450683594,180.0,,,,,,,,,,,,,,,
121856,48.82127380371094,180.0,45.07486902475357,0.0003,-3.6007128074765204,-0.016957930632634087,-1.1920928955078125e-07,27.736207962036133,590,0.2,0.180419921875,0.013802599,,,,,
122880,47.6048583984375,180.0,,,,,,,,,,,,,,,
122880,,,,,,,,,,,,,317,60,386,180.0,44.73110763999998
123904,47.144466400146484,180.0,42.12059248685837,0.0003,-3.6391961477696895,-0.015506768984050723,0.0,27.043228149414062,600,0.2,0.183056640625,0.015431739,,,,,
124928,47.8192138671875,180.0,,,,,,,,,,,,,,,
125952,51.212398529052734,180.0,49.801027697324756,0.0003,-3.661226051300764,-0.01814152986917179,5.960464477539063e-08,20.991296768188477,610,0.2,0.185498046875,0.015136074,,,,,
126976,50.19586944580078,180.0,,,,,,,,,,,,,,,
128000,51.22763442993164,180.0,51.79670434594154,0.0003,-3.5656665951013564,-0.0231623828120064,5.960464477539063e-08,36.701866149902344,620,0.2,0.240966796875,0.017764896,,,,,
129024,56.50895690917969,180.0,,,,,,,,,,,,,,,
130048,52.899322509765625,180.0,47.39397506117821,0.0003,-3.5641914561390875,-0.016880450033931994,-1.2159347534179688e-05,28.408214569091797,630,0.2,0.19736328125,0.012305278,,,,,
131072,56.87639236450195,180.0,,,,,,,,,,,,,,,
132096,57.0732421875,180.0,52.79775660634041,0.0003,-3.5090626545250414,-0.017843003720190608,0.0,16.22162628173828,640,0.2,0.198291015625,0.016373014,,,,,
133120,52.16028594970703,180.0,,,,,,,,,,,,,,,
134144,55.0379638671875,180.0,49.36169203519821,0.0003,-3.4355494432151317,-0.016657534026307985,0.0,19.9932861328125,650,0.2,0.195654296875,0.014217578,,,,,
135168,55.345741271972656,180.0,,,,,,,,,,,,,,,
136192,57.138694763183594,180.0,36.41880019307136,0.0003,-3.498461600393057,-0.018438891069672537,0.0,15.57474422454834,660,0.2,0.21572265625,0.015972339,,,,,
137216,56.196876525878906,180.0,,,,,,,,,,,,,,,
138240,56.149078369140625,180.0,46.087942892313,0.0003,-3.5348661333322524,-0.018565597740234807,0.0,22.762924194335938,670,0.2,0.2037109375,0.017528057,,,,,
139264,55.269134521484375,180.0,,,,,,,,,,,,,,,
140288,56.722694396972656,180.0,47.375137615203855,0.0003,-3.5944298639893533,-0.01848795284022344,0.0,25.61339569091797,680,0.2,0.23076171875,0.019668724,,,,,
141312,62.39495849609375,180.0,,,,,,,,,,,,,,,
142336,55.679710388183594,180.0,49.28163779973984,0.0003,-3.5524666748940943,-0.015103008640289772,0.0,25.821123123168945,690,0.2,0.169873046875,0.014129084,,,,,
143360,58.33726501464844,180.0,,,,,,,,,,,,,,,
143360,,,,,,,,,,,,,316,70,452,180.0,54.83846907
144384,59.284034729003906,180.0,46.52705385684967,0.0003,-3.558445157110691,-0.02107051001949003,0.0,13.747835159301758,700,0.2,0.222802734375,0.014666753,,,,,
145408,63.35403060913086,180.0,,,,,,,,,,,,,,,
146432,64.11402130126953,180.0,56.89355340003967,0.0003,-3.55685895010829,-0.01328968921880005,1.1920928955078125e-07,27.515342712402344,710,0.2,0.174951171875,0.013366088,,,,,
147456,61.119354248046875,180.0,,,,,,,,,,,,,,,
148480,64.19635772705078,180.0,49.72396115660668,0.0003,-3.5568086192011834,-0.01408764697262086,-7.152557373046875e-07,30.281536102294922,720,0.2,0.201904296875,0.018182263,,,,,
149504,60.20960235595703,180.0,,,,,,,,,,,,,,,
150528,64.17658233642578,180.0,53.252528357505795,0.0003,-3.499868166446686,-0.015185456909239291,0.0,42.619537353515625,730,0.2,0.17666015625,0.014055977,,,,,
151552,62.845542907714844,180.0,,,,,,,,,,,,,,,
152576,65.53269958496094,180.0,49.08720507919789,0.0003,-3.52579767331481,-0.01596547832887154,5.960464477539063e-08,28.202085494995117,740,0.2,0.193603515625,0.01527953,,,,,
153600,63.509037017822266,180.0,,,,,,,,,,,,,,,
154624,60.19419860839844,180.0,52.49029988050461,0.0003,-3.5159272760152818,-0.014619738477631473,0.0,11.47146224975586,750,0.2,0.187060546875,0.017993985,,,,,
155648,62.39764404296875,180.0,,,,,,,,,,,,,,,
156672,57.2474250793457,180.0,45.7036148250103,0.0003,-3.522710584104061,-0.01403804850851884,0.0,27.139863967895508,760,0.2,0.179345703125,0.015034322,,,,,
157696,56.759033203125,180.0,,,,,,,,,,,,,,,
158720,62.96240234375,180.0,44.6440071940422,0.0003,-3.507886466383934,-0.019043998279084918,0.0,29.41741180419922,770,0.2,0.21044921875,0.019105641,,,,,
159744,62.176536560058594,180.0,,,,,,,,,,,,,,,
160768,60.70148468017578,180.0,44.95422734022141,0.0003,-3.502353732287884,-0.01784044756059302,0.0,28.581689834594727,780,0.2,0.22568359375,0.018218093,,,,,
161792,58.38544464111328,180.0,,,,,,,,,,,,,,,
162816,56.683353424072266,180.0,45.85807544589043,0.0003,-3.5055962935090066,-0.013108840868517291,0.0,33.489959716796875,790,0.2,0.147998046875,0.014595149,,,,,
163840,60.76720428466797,180.0,,,,,,,,,,,,,,,
163840,,,,,,,,,,,,,316,80,517,180.0,61.03826178000001
164864,62.58102035522461,180.0,44.798643386363985,0.0003,-3.4914162412285803,-0.01961167235422181,0.0,20.81818389892578,800,0.2,0.21611328125,0.017007686,,,,,
165888,61.92132568359375,180.0,,,,,,,,,,,,,,,
166912,59.47281265258789,180.0,54.37752619981766,0.0003,-3.482799196243286,-0.015154102744418196,-8.344650268554688e-07,27.997703552246094,810,0.2,0.173583984375,0.0152811855,,,,,
167936,60.1944694519043,180.0,,,,,,,,,,,,,,,
168960,66.02055358886719,180.0,41.89138351678848,0.0003,-3.425097459554672,-0.015094612115353812,0.0,16.01532554626465,820,0.2,0.20595703125,0.015568063,,,,,
169984,65.90879821777344,180.0,,,,,,,,,,,,,,,
171008,62.62743377685547,180.0,54.151952517032626,0.0003,-3.398377661406994,-0.01589867621223675,0.0,28.924293518066406,830,0.2,0.19345703125,0.015659038,,,,,
172032,63.632347106933594,180.0,,,,,,,,,,,,,,,
173056,63.90338897705078,180.0,44.625494349002835,0.0003,-3.4544747546315193,-0.013372827303828671,0.0,34.134788513183594,840,0.2,0.166845703125,0.0151559785,,,,,
174080,63.475379943847656,180.0,,,,,,,,,,,,,,,
175104,63.423370361328125,180.0,43.162866067886355,0.0003,-3.4095743127167224,-0.01353494889626745,-1.1920928955078125e-07,26.61897087097168,850,0.2,0.166162109375,0.011605922,,,,,
176128,64.89166259765625,180.0,,,,,,,,,,,,,,,
177152,69.09837341308594,180.0,48.87518335580826,0.0003,-3.431995529681444,-0.016002489360107574,-1.1920928955078125e-07,21.43569564819336,860,0.2,0.19326171875,0.017654538,,,,,
178176,65.19517517089844,180.0,,,,,,,,,,,,,,,
179200,68.15971374511719,180.0,47.79844269156456,0.0003,-3.4760778710246085,-0.013417187989398371,0.0,40.283321380615234,870,0.2,0.17294921875,0.015757848,,,,,
180224,64.803955078125,180.0,,,,,,,,,,,,,,,
181248,64.61808013916016,180.0,54.92593203186989,0.0003,-3.520471217483282,-0.015530827188922559,0.0,21.074623107910156,880,0.2,0.197314453125,0.014243708,,,,,
182272,67.49475860595703,180.0,,,,,,,,,,,,,,,
183296,66.34183502197266,180.0,53.24050974845886,0.0003,-3.5376440778374674,-0.015249433829740155,0.0,32.90715789794922,890,0.2,0.20546875,0.015755925,,,,,
184320,62.35162353515625,180.0,,,,,,,,,,,,,,,
184320,,,,,,,,,,,,,316,90,582,180.0,64.91017003999998
185344,63.99623107910156,180.0,52.52385777831078,0.0003,-3.5154618874192236,-0.015272232598363189,0.0,24.37371063232422,900,0.2,0.20458984375,0.017035268,,,,,
186368,67.8709716796875,180.0,,,,,,,,,,,,,,,
187392,67.9761962890625,180.0,58.183358180522916,0.0003,-3.509123121201992,-0.012889374191581737,0.0,31.00765609741211,910,0.2,0.17275390625,0.014521055,,,,,
188416,66.3079833984375,180.0,,,,,,,,,,,,,,,
189440,67.5502700805664,180.0,49.69650527238846,0.0003,-3.480559101700783,-0.014367325650528073,0.0,20.90846824645996,920,0.2,0.20068359375,0.014798457,,,,,
190464,64.34992980957031,180.0,,,,,,,,,,,,,,,
191488,71.40763092041016,180.0,47.96638032197952,0.0003,-3.4517509400844575,-0.01421531811938621,0.0,21.771224975585938,930,0.2,0.16845703125,0.014348516,,,,,
192512,71.82452392578125,180.0,,,,,,,,,,,,,,,
193536,67.5820541381836,180.0,49.938437044620514,0.0003,-3.4655592888593674,-0.01103852552914759,-1.1920928955078125e-07,35.05110168457031,940,0.2,0.12236328125,0.013866352,,,,,
194560,73.20356750488281,180.0,,,,,,,,,,,,,,,
195584,71.57522583007812,180.0,53.76270614266396,0.0003,-3.4457961045205594,-0.014711576180707198,0.0,33.53841018676758,950,0.2,0.200732421875,0.015328173,,,,,
196608,70.97100830078125,180.0,,,,,,,,,,,,,,,
197632,73.09030151367188,180.0,54.44181139469147,0.0003,-3.4229570627212524,-0.015115818970662076,0.0,23.278656005859375,960,0.2,0.19384765625,0.017045423,,,,,
198656,73.28799438476562,180.0,,,,,,,,,,,,,,,
199680,71.33859252929688,180.0,50.14423068165779,0.0003,-3.4236984342336654,-0.012716667381755541,0.0,31.43085289001465,970,0.2,0.164599609375,0.013859136,,,,,
200704,68.458251953125,180.0,,,,,,,,,,,,,,,
201728,72.41665649414062,180.0,46.59545647501945,0.0003,-3.434505258500576,-0.015407491495716385,-1.1920928955078125e-07,19.48650550842285,980,0.2,0.2119140625,0.017195456,,,,,
202752,66.19232177734375,180.0,,,,,,,,,,,,,,,
203776,70.75093078613281,180.0,51.19235830903053,0.0003,-3.4717762008309365,-0.015326690061192494,0.0,19.42737579345703,990,0.2,0.2115234375,0.015913583,,,,,
204800,75.93667602539062,180.0,,,,,,,,,,,,,,,
204800,,,,,,,,,,,,,315,100,648,180.0,70.55734269999999
205824,73.81455993652344,180.0,56.28105478286743,0.0003,-3.476279177516699,-0.01669149697991088,0.0,50.75555419921875,1000,0.2,0.199560546875,0.016924053,,,,,
206848,73.41116333007812,180.0,,,,,,,,,,,,,,,
207872,77.76639556884766,180.0,62.1602863907814,0.0003,-3.4956470154225827,-0.016379669101297623,5.960464477539063e-08,33.93840408325195,1010,0.2,0.215673828125,0.017394371,,,,,
208896,73.28170776367188,180.0,,,,,,,,,,,,,,,
209920,73.36785888671875,180.0,60.78880233168602,0.0003,-3.4618022084236144,-0.01054907301440835,5.960464477539063e-08,24.931119918823242,1020,0.2,0.151513671875,0.013818391,,,,,
210944,77.78550720214844,180.0,,,,,,,,,,,,,,,
211968,77.01664733886719,180.0,55.98845441937446,0.0003,-3.4716084890067576,-0.009980901489325334,0.0,39.80739212036133,1030,0.2,0.17939453125,0.014924746,,,,,
212992,71.1626968383789,180.0,,,,,,,,,,,,,,,
214016,79.33853149414062,180.0,53.49265614151955,0.0003,-3.44890261515975,-0.014334206934290706,0.0,29.421539306640625,1040,0.2,0.197705078125,0.0174331,,,,,
215040,76.18992614746094,180.0,,,,,,,,,,,,,,,
216064,70.70348358154297,180.0,49.86610358953476,0.0003,-3.447922919690609,-0.013888612869777717,-1.1920928955078125e-07,20.980260848999023,1050,0.2,0.19765625,0.015247404,,,,,
217088,75.17620849609375,180.0,,,,,,,,,,,,,,,
218112,75.94081115722656,180.0,56.37232596278191,0.0003,-3.423385974764824,-0.019039817397424486,5.960464477539063e-08,15.510333061218262,1060,0.2,0.23203125,0.018293543,,,,,
219136,77.365966796875,180.0,,,,,,,,,,,,,,,
220160,77.87460327148438,180.0,54.86155759096145,0.0003,-3.4615422867238523,-0.013346366721088998,5.960464477539063e-08,35.19628143310547,1070,0.2,0.182275390625,0.010878436,,,,,
221184,76.06546783447266,180.0,,,,,,,,,,,,,,,
222208,75.47804260253906,180.0,54.34265263676643,0.0003,-3.451866793632507,-0.0160373090126086,0.0,34.906681060791016,1080,0.2,0.183349609375,0.015881024,,,,,
223232,76.02611541748047,180.0,,,,,,,,,,,,,,,
224256,77.40198516845703,180.0,55.39337445497513,0.0003,-3.4435298681259154,-0.011729553256736835,5.960464477539063e-08,18.341510772705078,1090,0.2,0.156201171875,0.014560774,,,,,
225280,77.20309448242188,180.0,,,,,,,,,,,,,,,
225280,,,,,,,,,,,,,313,110,718,180.0,76.30325437000002
226304,76.24113464355469,180.0,59.380784183740616,0.0003,-3.43493629693985,-0.011255342778167688,0.0,31.87576675415039,1100,0.2,0.176806640625,0.016439714,,,,,
227328,77.56756591796875,180.0,,,,,,,,,,,,,,,
228352,80.53752136230469,180.0,57.97524003982544,0.0003,-3.445115675032139,-0.015260979103913996,0.0,20.521860122680664,1110,0.2,0.233935546875,0.01952382,,,,,
229376,78.6731948852539,180.0,,,,,,,,,,,,,,,
230400,79.9735107421875,180.0,62.8103948533535,0.0003,-3.4451157860457897,-0.016131647329893896,0.0,40.81733703613281,1120,0.2,0.200390625,0.017393969,,,,,
231424,80.26361083984375,180.0,,,,,,,,,,,,,,,
232448,77.95455932617188,180.0,57.25358167886734,0.0003,-3.4473815940320494,-0.01138572408381151,0.0,32.49262237548828,1130,0.2,0.169580078125,0.014366629,,,,,
233472,79.80496215820312,180.0,,,,,,,,,,,,,,,
234496,82.91102600097656,180.0,53.59532207846642,0.0003,-3.448501942306757,-0.012619824954890646,5.960464477539063e-08,31.855405807495117,1140,0.2,0.18046875,0.015141531,,,,,
235520,76.12284851074219,180.0,,,,,,,,,,,,,,,
236544,79.90328979492188,180.0,59.36960865259171,0.0003,-3.4516224384307863,-0.01446625416574534,5.960464477539063e-08,20.00263214111328,1150,0.2,0.20107421875,0.013830216,,,,,
237568,75.99088287353516,180.0,,,,,,,,,,,,,,,
238592,77.34208679199219,180.0,59.49550025463104,0.0003,-3.4631316654384134,-0.011474515093505033,5.960464477539063e-08,33.33619689941406,1160,0.2,0.17001953125,0.01670149,,,,,
239616,79.2166976928711,180.0,,,,,,,,,,,,,,,
240640,79.44278717041016,180.0,60.875280159711835,0.0003,-3.47177414894104,-0.01274186766386265,-1.1920928955078125e-07,48.75731658935547,1170,0.2,0.173828125,0.0128026195,,,,,
241664,75.55007934570312,180.0,,,,,,,,,,,,,,,
242688,84.68588256835938,180.0,50.284285032749175,0.0003,-3.4755853943526747,-0.012246839603176341,0.0,26.099239349365234,1180,0.2,0.177490234375,0.013509576,,,,,
243712,80.18338012695312,180.0,,,,,,,,,,,,,,,
244736,82.24907684326172,180.0,54.53752126097679,0.0003,-3.477956700325012,-0.011824006678943988,0.0,22.447174072265625,1190,0.2,0.156396484375,0.014497912,,,,,
245760,75.32563781738281,180.0,,,,,,,,,,,,,,,
245760,,,,,,,,,,,,,313,120,783,180.0,78.22632513
246784,77.80609130859375,180.0,57.14204612970352,0.0003,-3.475287479907274,-0.01601200924196746,0.0,39.30146026611328,1200,0.2,0.19599609375,0.016626108,,,,,
247808,78.36152648925781,180.0,,,,,,,,,,,,,,,
248832,79.08750915527344,180.0,58.97627184391022,0.0003,-3.4842461749911307,-0.013599112129304558,-1.1920928955078125e-07,27.025175094604492,1210,0.2,0.163037109375,0.011479357,,,,,
249856,78.60749816894531,180.0,,,,,,,,,,,,,,,
250880,82.92793273925781,180.0,54.49692778587341,0.0003,-3.5115190289914606,-0.011532136549067217,-1.1920928955078125e-07,39.67268371582031,1220,0.2,0.135302734375,0.0135570215,,,,,
251904,78.97154235839844,180.0,,,,,,,,,,,,,,,
252928,80.59491729736328,180.0,62.715740275383,0.0003,-3.508569835871458,-0.012932690849993378,5.960464477539063e-08,36.88544845581055,1230,0.2,0.1654296875,0.013553157,,,,,
253952,84.81443786621094,180.0,,,,,,,,,,,,,,,
254976,82.1120376586914,180.0,58.66280054450035,0.0003,-3.5194523774087427,-0.012119406304555014,0.0,26.061767578125,1240,0.2,0.166162109375,0.017832264,,,,,
256000,80.020751953125,180.0,,,,,,,,,,,,,,,
257024,81.27632904052734,180.0,61.578447139263154,0.0003,-3.523134084045887,-0.007744139810529305,0.0,37.466129302978516,1250,0.2,0.1185546875,0.011709178,,,,,
258048,81.78028106689453,180.0,,,,,,,,,,,,,,,
259072,80.69800567626953,180.0,57.745790392160416,0.0003,-3.5138909205794335,-0.01309986403939547,5.960464477539063e-08,22.53006362915039,1260,0.2,0.18583984375,0.014169535,,,,,
260096,78.67255401611328,180.0,,,,,,,,,,,,,,,
261120,84.7140884399414,180.0,60.52196555137634,0.0003,-3.508838131278753,-0.012758211414620746,0.0,35.95839309692383,1270,0.2,0.159375,0.01333851,,,,,
262144,83.103515625,180.0,,,,,,,,,,,,,,,
263168,81.37797546386719,180.0,69.68196090459824,0.0003,-3.4982777521014214,-0.008622391488461289,0.0,55.98203659057617,1280,0.2,0.127099609375,0.013461173,,,,,
264192,80.27593994140625,180.0,,,,,,,,,,,,,,,
265216,79.92909240722656,180.0,57.73942247629166,0.0003,-3.5074722342193128,-0.00951799401664175,0.0,31.29476547241211,1290,0.2,0.13974609375,0.01430387,,,,,
266240,79.41551208496094,180.0,,,,,,,,,,,,,,,
266240,,,,,,,,,,,,,314,130,847,180.0,79.08966772
267264,76.51203918457031,180.0,58.17907119393349,0.0003,-3.5110775530338287,-0.013974516186863184,0.0,29.033960342407227,1300,0.2,0.195556640625,0.016022518,,,,,
268288,75.37274169921875,180.0,,,,,,,,,,,,,,,
269312,76.16529083251953,180.0,58.488648825883864,0.0003,-3.4930255599319935,-0.014629524141491856,0.0,40.28756332397461,1310,0.2,0.188720703125,0.016145702,,,,,
270336,74.22193908691406,180.0,,,,,,,,,,,,,,,
271360,76.83397674560547,180.0,54.81917133331299,0.0003,-3.482352817058563,-0.012195126232109032,0.0,27.62801742553711,1320,0.2,0.198291015625,0.014363849,,,,,
272384,78.3266372680664,180.0,,,,,,,,,,,,,,,
273408,79.55613708496094,180.0,57.80600901842117,0.0003,-3.4903256468474866,-0.01397804937150795,0.0,19.393613815307617,1330,0.2,0.21611328125,0.01566858,,,,,
274432,80.87600708007812,180.0,,,,,,,,,,,,,,,
275456,78.2401123046875,180.0,54.5375112593174,0.0003,-3.495323325693607,-0.015234093739127274,0.0,24.766666412353516,1340,0.2,0.18876953125,0.015890304,,,,,
276480,80.94115447998047,180.0,,,,,,,,,,,,,,,
277504,80.56517791748047,180.0,61.10862812399864,0.0003,-3.5033869311213492,-0.010898819877183996,0.0,48.459999084472656,1350,0.2,0.13427734375,0.015361014,,,,,
278528,77.28593444824219,180.0,,,,,,,,,,,,,,,
279552,78.4332275390625,180.0,52.68862436413765,0.0003,-3.53304236009717,-0.015635879867477342,0.0,31.567771911621094,1360,0.2,0.21220703125,0.016454475,,,,,
280576,77.03352355957031,180.0,,,,,,,,,,,,,,,
281600,80.22337341308594,180.0,57.57084051370621,0.0003,-3.5160947382450103,-0.00963458660262404,0.0,27.78766441345215,1370,0.2,0.124951171875,0.014518183,,,,,
282624,79.89175415039062,180.0,,,,,,,,,,,,,,,
283648,83.5521240234375,180.0,63.37189317941666,0.0003,-3.4892485424876214,-0.01188499962881906,0.0,31.03951644897461,1380,0.2,0.150830078125,0.014966842,,,,,
284672,79.13796997070312,180.0,,,,,,,,,,,,,,,
285696,79.87400817871094,180.0,58.39687541127205,0.0003,-3.487289544939995,-0.007127821956237313,0.0,25.530107498168945,1390,0.2,0.13525390625,0.012726416,,,,,
286720,80.0716552734375,180.0,,,,,,,,,,,,,,,
286720,,,,,,,,,,,,,315,140,909,180.0,79.54217039
287744,80.0714111328125,180.0,61.74928665161133,0.0003,-3.4557133696973326,-0.011348254101176281,5.960464477539063e-08,26.424850463867188,1400,0.2,0.156494140625,0.015225019,,,,,
288768,80.44173431396484,180.0,,,,,,,,,,,,,,,
289792,82.88050842285156,180.0,61.830883419513704,0.0003,-3.4567170590162277,-0.015376184909837321,5.960464477539063e-08,26.014881134033203,1410,0.2,0.202099609375,0.016165972,,,,,
290816,81.45366668701172,180.0,,,,,,,,,,,,,,,
291840,80.5252456665039,180.0,60.93344000577927,0.0003,-3.4499926023185252,-0.013683974722516723,0.0,31.330354690551758,1420,0.2,0.19326171875,0.016907481,,,,,
292864,78.13202667236328,180.0,,,,,,,,,,,,,,,
293888,79.79690551757812,180.0,56.73994925618172,0.0003,-3.449948088824749,-0.01183150041033514,0.0,26.209505081176758,1430,0.2,0.1736328125,0.015297458,,,,,
294912,78.87997436523438,180.0,,,,,,,,,,,,,,,
295936,80.11754608154297,180.0,67.23828989267349,0.0003,-3.42167112454772,-0.010538000038650353,0.0,21.359333038330078,1440,0.2,0.173583984375,0.016252698,,,,,
296960,78.99787902832031,180.0,,,,,,,,,,,,,,,
297984,80.33210754394531,180.0,52.901465487480166,0.0003,-3.4362526573240757,-0.01122868350794306,0.0,24.011165618896484,1450,0.2,0.14833984375,0.012696148,,,,,
299008,78.12730407714844,180.0,,,,,,,,,,,,,,,
300032,80.442626953125,180.0,63.89760732650757,0.0003,-3.432414107769728,-0.00939460271038115,0.0,42.9681510925293,1460,0.2,0.148193359375,0.01383305,,,,,
301056,84.62580108642578,180.0,,,,,,,,,,,,,,,
302080,83.63348388671875,180.0,56.61594752073288,0.0003,-3.39759511500597,-0.009103726597095374,0.0,32.37324523925781,1470,0.2,0.156396484375,0.014061316,,,,,
303104,81.21530151367188,180.0,,,,,,,,,,,,,,,
304128,81.38204193115234,180.0,65.78650535941124,0.0003,-3.385606575757265,-0.013177050590456929,0.0,19.341821670532227,1480,0.2,0.18740234375,0.015363395,,,,,
305152,81.55305480957031,180.0,,,,,,,,,,,,,,,
306176,82.76144409179688,180.0,54.156738102436066,0.0003,-3.360982845723629,-0.010530829493291094,0.0,23.79788589477539,1490,0.2,0.145703125,0.012841623,,,,,
307200,83.99549865722656,180.0,,,,,,,,,,,,,,,
307200,,,,,,,,,,,,,315,150,972,180.0,79.51944035
308224,81.19557189941406,180.0,55.56553375720978,0.0003,-3.3821038492023945,-0.013941146402794402,-1.1920928955078125e-07,25.426738739013672,1500,0.2,0.18701171875,0.017067399,,,,,
309248,82.01573181152344,180.0,,,,,,,,,,,,,,,
310272,82.17353820800781,180.0,54.579895144701005,0.0003,-3.393728455156088,-0.011829831131035463,-1.1920928955078125e-07,24.053573608398438,1510,0.2,0.15625,0.014209191,,,,,
311296,83.43124389648438,180.0,,,,,,,,,,,,,,,
312320,81.08976745605469,180.0,59.48210089206695,0.0003,-3.389708164334297,-0.012304381605645176,0.0,28.102062225341797,1520,0.2,0.18564453125,0.014940992,,,,,
313344,78.35369873046875,180.0,,,,,,,,,,,,,,,
314368,79.83929443359375,180.0,65.4275063753128,0.0003,-3.385202046483755,-0.013780617651354988,0.0,29.952957153320312,1530,0.2,0.191552734375,0.015529135,,,,,
315392,84.03799438476562,180.0,,,,,,,,,,,,,,,
316416,83.59346771240234,180.0,68.60762575864791,0.0003,-3.3800790272653103,-0.01120879640802741,0.0,36.64662551879883,1540,0.2,0.162255859375,0.01308363,,,,,
317440,82.93949127197266,180.0,,,,,,,,,,,,,,,
318464,86.04381561279297,180.0,52.86823405623436,0.0003,-3.3548172250390054,-0.007973748006043025,5.960464477539063e-08,38.154991149902344,1550,0.2,0.161669921875,0.013668256,,,,,
319488,84.4346923828125,180.0,,,,,,,,,,,,,,,
320512,83.30189514160156,180.0,46.05506738424301,0.0003,-3.334332662075758,-0.01051772358478047,-1.1920928955078125e-07,16.02438735961914,1560,0.2,0.18095703125,0.017947767,,,,,
321536,83.110595703125,180.0,,,,,,,,,,,,,,,
322560,83.0489501953125,180.0,58.65878325104713,0.0003,-3.3197019949555395,-0.009480150676972698,5.960464477539063e-08,34.04679870605469,1570,0.2,0.125244140625,0.012676183,,,,,
323584,80.56944274902344,180.0,,,,,,,,,,,,,,,
324608,80.92381286621094,180.0,54.26449788808823,0.0003,-3.327493916451931,-0.011901057744398712,5.960464477539063e-08,21.551496505737305,1580,0.2,0.161376953125,0.014899207,,,,,
325632,79.93843078613281,180.0,,,,,,,,,,,,,,,
326656,84.22499084472656,180.0,45.606776958703996,0.0003,-3.2991735093295573,-0.010507879439683166,0.0,24.373889923095703,1590,0.2,0.1421875,0.011779311,,,,,
327680,82.77867126464844,180.0,,,,,,,,,,,,,,,
327680,,,,,,,,,,,,,316,160,1035,180.0,82.20778087
328704,82.33119201660156,180.0,46.151571196317676,0.0003,-3.2694936588406565,-0.007987703449907712,0.0,25.566364288330078,1600,0.2,0.133544921875,0.011958228,,,,,
329728,83.65605163574219,180.0,,,,,,,,,,,,,,,
330752,83.07536315917969,180.0,48.446168625354765,0.0003,-3.229354479908943,-0.008205166482366622,0.0,28.93061637878418,1610,0.2,0.131396484375,0.01218785,,,,,
331776,84.26683044433594,180.0,,,,,,,,,,,,,,,
332800,85.57669830322266,180.0,46.34889353513718,0.0003,-3.2885928094387054,-0.017350310484471266,1.7881393432617188e-07,28.006689071655273,1620,0.2,0.249462890625,0.018603833,,,,,
333824,85.04566955566406,180.0,,,,,,,,,,,,,,,
334848,83.94438171386719,180.0,56.03536761403084,0.0003,-3.338656347244978,-0.01019344418309629,5.960464477539063e-08,30.135629653930664,1630,0.2,0.132421875,0.014709629,,,,,
335872,80.76994323730469,180.0,,,,,,,,,,,,,,,
336896,80.67642211914062,180.0,50.78478220701218,0.0003,-3.3937636449933053,-0.011783330845355522,-1.1920928955078125e-07,26.835508346557617,1640,0.2,0.15029296875,0.012205021,,,,,
337920,78.51654052734375,180.0,,,,,,,,,,,,,,,
338944,80.73672485351562,180.0,65.74151567816735,0.0003,-3.420285293459892,-0.009838846992352046,0.0,51.9918212890625,1650,0.2,0.126953125,0.0145531185,,,,,
339968,77.73831176757812,180.0,,,,,,,,,,,,,,,
340992,75.87122344970703,180.0,60.231751561164856,0.0003,-3.4635395228862764,-0.013517278601648286,-1.1920928955078125e-07,20.944917678833008,1660,0.2,0.207763671875,0.016740166,,,,,
342016,76.87319946289062,180.0,,,,,,,,,,,,,,,
343040,76.67141723632812,180.0,57.40213408470154,0.0003,-3.4750856056809427,-0.013266777896205895,0.0,31.209716796875,1670,0.2,0.185107421875,0.016128542,,,,,
344064,78.87278747558594,180.0,,,,,,,,,,,,,,,
345088,77.73802185058594,180.0,55.23414748907089,0.0003,-3.4526763312518596,-0.010464070088346489,0.0,18.87331771850586,1680,0.2,0.148193359375,0.013066998,,,,,
346112,76.78865051269531,180.0,,,,,,,,,,,,,,,
347136,75.52542114257812,180.0,60.28529539108276,0.0003,-3.4965581230819227,-0.012610357406083494,0.0,18.24050521850586,1690,0.2,0.168115234375,0.015036447,,,,,
348160,79.41679382324219,180.0,,,,,,,,,,,,,,,
348160,,,,,,,,,,,,,316,170,1099,180.0,79.70893004999999
349184,75.97479248046875,180.0,64.71990888714791,0.0003,-3.4993293203413485,-0.016036225048082997,-1.1920928955078125e-07,35.095062255859375,1700,0.2,0.206787109375,0.0167831,,,,,
350208,76.60449981689453,180.0,,,,,,,,,,,,,,,
351232,73.62063598632812,180.0,52.66323020458221,0.0003,-3.506072524189949,-0.011708257319696713,5.960464477539063e-08,32.298683166503906,1710,0.2,0.152490234375,0.015018109,,,,,
352256,75.62230682373047,180.0,,,,,,,,,,,,,,,
353280,77.43231201171875,180.0,61.64287666678429,0.0003,-3.472285832464695,-0.012160444417531835,0.0,37.382144927978516,1720,0.2,0.145458984375,0.012273972,,,,,
354304,77.7664566040039,180.0,,,,,,,,,,,,,,,
355328,79.28787231445312,180.0,64.82420253157616,0.0003,-3.466778340935707,-0.009681386627198663,0.0,38.56453323364258,1730,0.2,0.1513671875,0.012498935,,,,,
356352,75.92335510253906,180.0,,,,,,,,,,,,,,,
357376,79.25377655029297,180.0,61.435761749744415,0.0003,-3.466300471872091,-0.010719385569973382,0.0,30.032394409179688,1740,0.2,0.15439453125,0.015051924,,,,,
358400,78.97006225585938,180.0,,,,,,,,,,,,,,,
359424,77.42007446289062,180.0,56.99083977341652,0.0003,-3.4692977920174597,-0.014760522861615754,0.0,31.3543701171875,1750,0.2,0.167919921875,0.01418528,,,,,
360448,75.99191284179688,180.0,,,,,,,,,,,,,,,
361472,71.29885864257812,180.0,55.56636723279953,0.0003,-3.5128609031438827,-0.012734303410252324,5.960464477539063e-08,37.883750915527344,1760,0.2,0.1630859375,0.014394184,,,,,
362496,77.4290771484375,180.0,,,,,,,,,,,,,,,
363520,76.25680541992188,180.0,60.26699892878533,0.0003,-3.542237801849842,-0.015907076580333523,0.0,27.53960609436035,1770,0.2,0.213134765625,0.0154904295,,,,,
364544,73.2628173828125,180.0,,,,,,,,,,,,,,,
365568,72.56454467773438,180.0,63.105124986171724,0.0003,-3.5326018325984476,-0.014583095093257725,-1.1920928955078125e-07,37.68409729003906,1780,0.2,0.1763671875,0.01632172,,,,,
366592,70.20381164550781,180.0,,,,,,,,,,,,,,,
367616,73.06702423095703,180.0,54.93732340335846,0.0003,-3.5513272158801557,-0.012610320653766393,0.0,35.87468338012695,1790,0.2,0.16396484375,0.012707796,,,,,
368640,73.56700897216797,180.0,,,,,,,,,,,,,,,
368640,,,,,,,,,,,,,317,180,1162,180.0,75.30881447
369664,76.21917724609375,180.0,57.35194231271744,0.0003,-3.5333696782588957,-0.010549843590706588,-1.1920928955078125e-07,26.729106903076172,1800,0.2,0.14404296875,0.010696035,,,,,
370688,72.99893188476562,180.0,,,,,,,,,,,,,,,
371712,75.54098510742188,180.0,62.91012619137764,0.0003,-3.5195646449923514,-0.012875695202092174,0.0,25.980289459228516,1810,0.2,0.175390625,0.015958656,,,,,
372736,77.21055603027344,180.0,,,,,,,,,,,,,,,
373760,77.01451110839844,180.0,56.165657699108124,0.0003,-3.5227447390556335,-0.01545465364906704,0.0,33.73783493041992,1820,0.2,0.213134765625,0.016081672,,,,,
374784,74.86456298828125,180.0,,,,,,,,,,,,,,,
375808,75.62263488769531,180.0,57.47645860314369,0.0003,-3.4961248002946377,-0.011104380947654136,-1.1920928955078125e-07,21.736560821533203,1830,0.2,0.136962890625,0.012899648,,,,,
376832,75.17881774902344,180.0,,,,,,,,,,,,,,,
377856,75.81629180908203,180.0,53.33542835712433,0.0003,-3.5117390871047975,-0.01100723037889111,0.0,18.454713821411133,1840,0.2,0.13740234375,0.012573505,,,,,
378880,77.32113647460938,180.0,,,,,,,,,,,,,,,
379904,79.95942687988281,180.0,53.97089259624481,0.0003,-3.5513606376945974,-0.013437537262507248,-1.1920928955078125e-07,16.621328353881836,1850,0.2,0.17431640625,0.014764991,,,,,
380928,77.2705078125,180.0,,,,,,,,,,,,,,,
381952,76.29983520507812,180.0,65.47152574658394,0.0003,-3.520604261755943,-0.011418533798132558,0.0,37.651084899902344,1860,0.2,0.139501953125,0.014981899,,,,,
382976,75.44650268554688,180.0,,,,,,,,,,,,,,,
384000,75.35200500488281,180.0,61.620896285772325,0.0003,-3.4935276351869105,-0.01521233655512333,0.0,38.27494812011719,1870,0.2,0.19443359375,0.014878737,,,,,
385024,77.10507202148438,180.0,,,,,,,,,,,,,,,
386048,76.10224151611328,180.0,60.71812409758568,0.0003,-3.4845916919410227,-0.014581839739548741,0.0,24.80675506591797,1880,0.2,0.17548828125,0.016089818,,,,,
387072,80.20843505859375,180.0,,,,,,,,,,,,,,,
388096,81.68342590332031,180.0,60.02990976572037,0.0003,-3.516224943101406,-0.010024803962733132,-1.1920928955078125e-07,25.129968643188477,1890,0.2,0.15166015625,0.01380447,,,,,
389120,78.35841369628906,180.0,,,,,,,,,,,,,,,
389120,,,,,,,,,,,,,317,190,1225,180.0,78.53056620999999
390144,77.13690185546875,180.0,55.32504694461822,0.0003,-3.5187607422471046,-0.01620680974301649,-1.1920928955078125e-07,23.6469783782959,1900,0.2,0.200390625,0.016306315,,,,,
391168,77.92915344238281,180.0,,,,,,,,,,,,,,,
392192,78.11050415039062,180.0,63.58592790961266,0.0003,-3.505538046360016,-0.010861691529862582,0.0,40.439239501953125,1910,0.2,0.15615234375,0.013759547,,,,,
393216,81.4429931640625,180.0,,,,,,,,,,,,,,,
394240,81.85002899169922,180.0,58.260928606987,0.0003,-3.4760831005871298,-0.011786928500805515,-1.1920928955078125e-07,40.84716796875,1920,0.2,0.16630859375,0.013282318,,,,,
395264,81.73686981201172,180.0,,,,,,,,,,,,,,,
396288,79.04579162597656,180.0,58.49006914496422,0.0003,-3.5015362463891506,-0.011556462314911187,0.0,23.074132919311523,1930,0.2,0.140087890625,0.014436291,,,,,
397312,78.63909149169922,180.0,,,,,,,,,,,,,,,
398336,76.44610595703125,180.0,61.95878673195839,0.0003,-3.511938888579607,-0.016761978340218774,0.0,26.371381759643555,1940,0.2,0.20205078125,0.016091589,,,,,
399360,79.28094482421875,180.0,,,,,,,,,,,,,,,
400384,82.59245300292969,180.0,56.92928235530853,0.0003,-3.506151532381773,-0.012904419042752125,-1.1920928955078125e-07,20.621868133544922,1950,0.2,0.1744140625,0.014882231,,,,,
401408,83.70895385742188,180.0,,,,,,,,,,,,,,,
