time/total_timesteps,eval/mean_reward,eval/mean_ep_length,rollout/ep_len_mean,rollout/ep_rew_mean,time/time_elapsed,time/fps,time/iterations,train/explained_variance,train/entropy_loss,train/n_updates,train/clip_range,train/std,train/approx_kl,train/policy_gradient_loss,train/learning_rate,train/loss,train/value_loss,train/clip_fraction
807840,22784.060316,1200.0,,,,,,,,,,,,,,,,
808688,,,1200.0,10480.87779712,26,76,1,,,,,,,,,,,
809040,22849.068863,1200.0,,,,,,1.1920928955078125e-07,-246.8026963710785,3930,0.2,0.8600927591323853,0.036610264,-0.026594284630846232,0.0003,25.378314971923828,58.90357797145843,0.334228515625
810240,22868.521962,1200.0,,,,,,,,,,,,,,,,
810736,,,1200.0,10542.297736150002,62,65,2,,,,,,,,,,,
811440,21073.589879,1200.0,,,,,,0.0,-246.65140509605408,3940,0.2,0.8594004511833191,0.051368386,-0.025485729359206743,0.0003,19.80185317993164,48.14447330236435,0.345166015625
812640,21140.695065,1200.0,,,,,,,,,,,,,,,,
812784,,,1200.0,10602.48080271,99,61,3,,,,,,,,,,,
813840,21246.524278,1200.0,,,,,,0.0,-246.5859658241272,3950,0.2,0.8598976731300354,0.0388635,-0.025069593341322617,0.0003,15.413948059082031,56.005755400657655,0.3650390625
814832,,,1200.0,10634.031670960001,126,64,4,,,,,,,,,,,
815040,22761.083174,1200.0,,,,,,0.0,-246.51222910881043,3960,0.2,0.8590432405471802,0.056863353,-0.024527916364604607,0.0003,26.10416030883789,54.508166432380676,0.423828125
816240,22720.482686,1200.0,,,,,,,,,,,,,,,,
816880,,,1200.0,10694.72974932,162,63,5,,,,,,,,,,,
817440,22541.580845,1200.0,,,,,,0.0,-246.20462923049928,3970,0.2,0.8576747179031372,0.05920661,-0.025556088896701114,0.0003,19.953052520751953,56.40740506052971,0.3875
818640,22549.148902,1200.0,,,,,,,,,,,,,,,,
818928,,,1200.0,10754.81651929,196,62,6,,,,,,,,,,,
819840,23062.870553,1200.0,,,,,,-1.1920928955078125e-07,-245.8832742214203,3980,0.2,0.8567111492156982,0.0602293,-0.02264941844041459,0.0003,19.371397018432617,52.75952295064926,0.401220703125
820976,,,1200.0,10786.023383790001,225,63,7,,,,,,,,,,,
821040,21156.287444,1200.0,,,,,,0.0,-245.4910885810852,3990,0.2,0.8549854755401611,0.05988626,-0.020991521756513976,0.0003,23.313533782958984,52.3982631444931,0.4115234375
822240,21163.788622,1200.0,,,,,,,,,,,,,,,,
823024,,,1200.0,10844.85194815,262,62,8,,,,,,,,,,,
823440,21779.291285,1200.0,,,,,,0.0,-245.08516817092897,4000,0.2,0.8536765575408936,0.048752923,-0.023263931687688456,0.0003,25.10243797302246,49.74183836579323,0.378076171875
824640,21719.739274,1200.0,,,,,,,,,,,,,,,,
825072,,,1200.0,10909.556158690004,299,61,9,,,,,,,,,,,
825840,20163.36739,1200.0,,,,,,0.0,-244.70808100700378,4010,0.2,0.8525713682174683,0.06287763,-0.022970086339046247,0.0003,22.44562530517578,49.82530014514923,0.40244140625
827040,20203.000042,1200.0,,,,,,,,,,,,,,,,
827120,,,1200.0,10972.933297079999,333,61,10,,,,,,,,,,,
828240,20156.64752,1200.0,,,,,,0.0,-244.49003343582154,4020,0.2,0.8517152070999146,0.04536162,-0.026070414879359304,0.0003,17.020727157592773,56.88445214033127,0.37548828125
829168,,,1200.0,11005.61261725,361,62,11,,,,,,,,,,,
829440,20241.867665,1200.0,,,,,,1.1920928955078125e-07,-244.23408093452454,4030,0.2,0.8508236408233643,0.04844913,-0.02612387678673258,0.0003,17.910539627075195,51.35582003593445,0.358154296875
830640,20223.83665,1200.0,,,,,,,,,,,,,,,,
831216,,,1200.0,11070.795615949999,398,61,12,,,,,,,,,,,
831840,20099.646331,1200.0,,,,,,1.1920928955078125e-07,-244.0142114162445,4040,0.2,0.8506017923355103,0.031547505,-0.02673089273739606,0.0003,16.432226181030273,70.03263986706733,0.3068359375
833040,20130.316944,1200.0,,,,,,,,,,,,,,,,
833264,,,1200.0,11134.92003725,435,61,13,,,,,,,,,,,
834240,23088.915691,1200.0,,,,,,0.0,-243.85393328666686,4050,0.2,0.8496841192245483,0.052799933,-0.028990566125139595,0.0003,20.55051612854004,62.406641042232515,0.346240234375
835312,,,1200.0,11167.05213169,462,61,14,,,,,,,,,,,
835440,22977.893596,1200.0,,,,,,5.960464477539063e-08,-243.58189191818238,4060,0.2,0.8486640453338623,0.04301091,-0.028917133971117438,0.0003,22.96925163269043,62.66164319515228,0.351806640625
836640,22927.678208,1200.0,,,,,,,,,,,,,,,,
837360,,,1200.0,11232.04710556,499,61,15,,,,,,,,,,,
837840,25526.026201,1200.0,,,,,,0.0,-243.29909725189208,4070,0.2,0.847553551197052,0.06427647,-0.024272389386896975,0.0003,15.972846984863281,48.87983257174492,0.400390625
839040,25462.667222,1200.0,,,,,,,,,,,,,,,,
839408,,,1200.0,11296.001408220001,536,61,16,,,,,,,,,,,
840240,25482.486257,1200.0,,,,,,1.1920928955078125e-07,-243.00765748023986,4080,0.2,0.846626341342926,0.053455774,-0.02344555772433523,0.0003,15.705970764160156,51.30123263001442,0.400146484375
841440,25510.275621,1200.0,,,,,,,,,,,,,,,,
841456,,,1200.0,11361.364471710001,576,60,17,,,,,,,,,,,
842640,25707.695606,1200.0,,,,,,0.0,-242.6682394504547,4090,0.2,0.8450936079025269,0.046607044,-0.02599701907893177,0.0003,20.215560913085938,63.23592338562012,0.364404296875
843504,,,1200.0,11394.947074259999,606,60,18,,,,,,,,,,,
843840,25745.618174,1200.0,,,,,,0.0,-242.26717433929443,4100,0.2,0.8440377116203308,0.055934176,-0.02713880418159533,0.0003,21.77178192138672,56.13315771222115,0.389404296875
845040,25788.182931,1200.0,,,,,,,,,,,,,,,,
845552,,,1200.0,11464.20324439,643,60,19,,,,,,,,,,,
846240,25982.565121,1200.0,,,,,,0.0,-242.1105227470398,4110,0.2,0.8441046476364136,0.03435152,-0.024744668137282134,0.0003,20.69244384765625,62.87057912349701,0.356591796875
847440,26028.255224,1200.0,,,,,,,,,,,,,,,,
847600,,,1200.0,11531.092977510003,682,60,20,,,,,,,,,,,
848640,26106.855719,1200.0,,,,,,0.0,-241.9348940372467,4120,0.2,0.8429991602897644,0.07388374,-0.022100544703425838,0.0003,23.39188575744629,49.16356377601623,0.392138671875
849648,,,1200.0,11563.72631487,711,60,21,,,,,,,,,,,
849840,26075.222536,1200.0,,,,,,0.0,-241.63054366111754,4130,0.2,0.8422930836677551,0.07398994,-0.015025616408092902,0.0003,31.58135223388672,61.03252490758896,0.469189453125
851040,26044.585278,1200.0,,,,,,,,,,,,,,,,
851696,,,1200.0,11630.53116758,751,59,22,,,,,,,,,,,
852240,26094.038594,1200.0,,,,,,1.1920928955078125e-07,-241.33678750991822,4140,0.2,0.8406042456626892,0.08138571,-0.018329949388862586,0.0003,17.6991024017334,46.4274995803833,0.4498046875
853440,26069.667987,1200.0,,,,,,,,,,,,,,,,
853744,,,1200.0,11696.110014070002,792,59,23,,,,,,,,,,,
854640,26223.040036,1200.0,,,,,,1.1920928955078125e-07,-241.00913686752318,4150,0.2,0.8407475352287292,0.07186168,-0.017947384595754557,0.0003,23.625452041625977,49.28378340601921,0.4470703125
855792,,,1200.0,11731.115577510001,823,59,24,,,,,,,,,,,
855840,26310.177367,1200.0,,,,,,5.960464477539063e-08,-240.96661038398742,4160,0.2,0.8402590751647949,0.038574487,-0.02568663537676912,0.0003,25.890268325805664,65.10938867330552,0.34150390625
857040,26278.927387,1200.0,,,,,,,,,,,,,,,,
857840,,,1200.0,11799.868369259997,864,59,25,,,,,,,,,,,
858240,26326.632483,1200.0,,,,,,-1.1920928955078125e-07,-240.80273966789247,4170,0.2,0.8396857976913452,0.037367187,-0.02378340871364344,0.0003,16.840715408325195,58.77122400999069,0.33154296875
859440,26308.256798,1200.0,,,,,,,,,,,,,,,,
859888,,,1200.0,11871.96059562,905,58,26,,,,,,,,,,,
860640,26247.979269,1200.0,,,,,,0.0,-240.5845956325531,4180,0.2,0.8388496041297913,0.047014743,-0.026247226144187154,0.0003,20.5692138671875,59.7994669675827,0.36064453125
861840,26303.057001,1200.0,,,,,,,,,,,,,,,,
861936,,,1200.0,11942.553571310002,944,58,27,,,,,,,,,,,
863040,26202.518009,1200.0,,,,,,0.0,-240.40325841903686,4190,0.2,0.8384617567062378,0.08089848,-0.020971405401360242,0.0003,17.563589096069336,56.68715733885765,0.44501953125
863984,,,1200.0,11977.259693980002,971,59,28,,,,,,,,,,,
864240,26093.542121,1200.0,,,,,,1.1920928955078125e-07,-240.19844965934755,4200,0.2,0.8374121785163879,0.05553551,-0.02263303498912137,0.0003,19.909503936767578,52.86914111971855,0.389306640625
865440,26078.018799,1200.0,,,,,,,,,,,,,,,,
866032,,,1200.0,12048.399019630002,1006,58,29,,,,,,,,,,,
866640,26401.89356,1200.0,,,,,,0.0,-239.80696558952332,4210,0.2,0.8354745507240295,0.06261078,-0.015193006515619344,0.0003,20.752559661865234,49.90616285800934,0.418798828125
867840,26390.55195,1200.0,,,,,,,,,,,,,,,,
868080,,,1200.0,12119.999106809999,1041,58,30,,,,,,,,,,,
869040,26355.840303,1200.0,,,,,,-1.1920928955078125e-07,-239.3753315925598,4220,0.2,0.834409773349762,0.06178222,-0.015237652213545515,0.0003,22.464082717895508,54.97620376348495,0.4044921875
870128,,,1200.0,12155.869092199999,1068,59,31,,,,,,,,,,,
870240,26236.304433,1200.0,,,,,,0.0,-239.0608425140381,4230,0.2,0.8333806395530701,0.07210767,-0.015723326726583765,0.0003,19.55348777770996,48.14851984381676,0.448681640625
871440,26180.777662,1200.0,,,,,,,,,,,,,,,,
872176,,,1200.0,12229.606381210002,1103,59,32,,,,,,,,,,,
872640,26039.271037,1200.0,,,,,,0.0,-238.74084076881408,4240,0.2,0.831915557384491,0.06037485,-0.020644354744581504,0.0003,12.605660438537598,42.555183440446854,0.393212890625
873840,26051.329355,1200.0,,,,,,,,,,,,,,,,
874224,,,1200.0,12299.672751760003,1138,59,33,,,,,,,,,,,
875040,25897.89649,1200.0,,,,,,0.0,-238.38222260475158,4250,0.2,0.8307250738143921,0.062306225,-0.024570877314545214,0.0003,20.13469123840332,46.38811514973641,0.4353515625
876240,25980.058833,1200.0,,,,,,,,,,,,,,,,
876272,,,1200.0,12375.188789819998,1175,59,34,,,,,,,,,,,
877440,25892.161426,1200.0,,,,,,0.0,-238.0693947792053,4260,0.2,0.8294920921325684,0.033959832,-0.028847278706962243,0.0003,18.02812385559082,62.556078118085864,0.3404296875
878320,,,1200.0,12412.77851203,1203,59,35,,,,,,,,,,,
878640,26159.665416,1200.0,,,,,,5.960464477539063e-08,-237.7851631641388,4270,0.2,0.8287098407745361,0.05018606,-0.0258396993187489,0.0003,18.056772232055664,60.7123703122139,0.346044921875
879840,26127.366372,1200.0,,,,,,,,,,,,,,,,
880368,,,1200.0,12485.93279911,1241,59,36,,,,,,,,,,,
881040,25948.930267,1200.0,,,,,,0.0,-237.5721619129181,4280,0.2,0.8276000618934631,0.06715892,-0.021765075076837094,0.0003,14.420306205749512,47.3740140914917,0.386962890625
882240,25981.179991,1200.0,,,,,,,,,,,,,,,,
882416,,,1200.0,12563.38515685,1276,59,37,,,,,,,,,,,
883440,26381.804876,1200.0,,,,,,5.960464477539063e-08,-237.2397536754608,4290,0.2,0.8258781433105469,0.041127384,-0.026508980520884507,0.0003,15.980830192565918,61.07117522954941,0.351513671875
884464,,,1200.0,12602.156020630002,1303,59,38,,,,,,,,,,,
884640,26351.770847,1200.0,,,,,,0.0,-236.82327427864075,4300,0.2,0.8245232105255127,0.049944025,-0.026218997398973442,0.0003,20.28095054626465,53.3255740404129,0.387744140625
885840,26408.006822,1200.0,,,,,,,,,,,,,,,,
886512,,,1200.0,12679.71206073,1337,59,39,,,,,,,,,,,
887040,26347.858868,1200.0,,,,,,0.0,-236.5482756137848,4310,0.2,0.8237417340278625,0.06228422,-0.02503849447821267,0.0003,23.85726547241211,64.71306391954423,0.404345703125
888240,26323.809048,1200.0,,,,,,,,,,,,,,,,
888560,,,1200.0,12755.85840992,1372,59,40,,,,,,,,,,,
889440,26361.854308,1200.0,,,,,,-1.1920928955078125e-07,-236.29718527793884,4320,0.2,0.8226403594017029,0.07551205,-0.0248825715854764,0.0003,27.06303596496582,57.25587562918663,0.459228515625
890608,,,1200.0,12795.22664447,1399,59,41,,,,,,,,,,,
890640,26273.090839,1200.0,,,,,,-1.1920928955078125e-07,-235.95727367401122,4330,0.2,0.821367621421814,0.06070657,-0.023748251009965315,0.0003,19.5506649017334,54.13331891298294,0.43916015625
891840,26245.378209,1200.0,,,,,,,,,,,,,,,,
892656,,,1200.0,12872.787738540002,1434,59,42,,,,,,,,,,,
893040,26446.68314,1200.0,,,,,,0.0,-235.69043774604796,4340,0.2,0.8203399181365967,0.060572073,-0.02605139467777917,0.0003,19.83782196044922,48.30846162438392,0.4076171875
894240,26397.840413,1200.0,,,,,,,,,,,,,,,,
894704,,,1200.0,12954.15204357,1469,59,43,,,,,,,,,,,
895440,26486.510582,1200.0,,,,,,0.0,-235.4075819015503,4350,0.2,0.819396436214447,0.04614284,-0.022060416381282266,0.0003,21.081769943237305,57.170234096050265,0.387109375
896640,26533.833066,1200.0,,,,,,,,,,,,,,,,
896752,,,1200.0,13036.504469459998,1504,59,44,,,,,,,,,,,
897840,26390.876123,1200.0,,,,,,0.0,-235.09960265159606,4360,0.2,0.8181858658790588,0.046573095,-0.0219535501440987,0.0003,22.219482421875,64.74083709716797,0.377099609375
898800,,,1200.0,13078.66495209,1531,60,45,,,,,,,,,,,
899040,26207.979023,1200.0,,,,,,0.0,-234.833505487442,4370,0.2,0.817530632019043,0.07191756,-0.01996052446193062,0.0003,22.994855880737305,55.243227207660674,0.405859375
900240,26220.284222,1200.0,,,,,,,,,,,,,,,,
900848,,,1200.0,13158.742392049997,1566,60,46,,,,,,,,,,,
901440,26174.435402,1200.0,,,,,,0.0,-234.61915349960327,4380,0.2,0.8167202472686768,0.04954619,-0.025070646600215695,0.0003,18.208723068237305,62.07801661491394,0.3712890625
902640,26143.845826,1200.0,,,,,,,,,,,,,,,,
902896,,,1200.0,13241.969797689999,1602,60,47,,,,,,,,,,,
903840,26345.832415,1200.0,,,,,,0.0,-234.31950821876526,4390,0.2,0.8154009580612183,0.039466787,-0.024060310120694338,0.0003,22.202383041381836,64.25820677280426,0.380810546875
904944,,,1200.0,13284.988838290003,1631,60,48,,,,,,,,,,,
905040,26092.051611,1200.0,,,,,,0.0,-233.9779221057892,4400,0.2,0.8144963383674622,0.046251427,-0.02469408247852698,0.0003,19.14211082458496,62.4615721821785,0.343701171875
906240,26146.655147,1200.0,,,,,,,,,,,,,,,,
906992,,,1200.0,13367.543233110002,1669,60,49,,,,,,,,,,,
907440,26044.232106,1200.0,,,,,,0.0,-233.7343776702881,4410,0.2,0.8136709332466125,0.06429067,-0.023768520828161853,0.0003,24.124671936035156,53.45167956352234,0.41123046875
908640,26073.091751,1200.0,,,,,,,,,,,,,,,,
909040,,,1200.0,13452.702240330002,1706,59,50,,,,,,,,,,,
909840,26272.224525,1200.0,,,,,,-1.1920928955078125e-07,-233.50567240715026,4420,0.2,0.8131210207939148,0.039136987,-0.02825723142013885,0.0003,19.350399017333984,63.57643502950668,0.346435546875
911040,26283.359969,1200.0,,,,,,,,,,,,,,,,
911088,,,1200.0,13537.387119140001,1741,59,51,,,,,,,,,,,
912240,26359.407696,1200.0,,,,,,0.0,-233.2582112789154,4430,0.2,0.811838686466217,0.081164986,-0.021005186077672988,0.0003,22.5632381439209,52.831508034467696,0.389892578125
913136,,,1200.0,13580.415847889999,1769,60,52,,,,,,,,,,,
913440,26392.687582,1200.0,,,,,,0.0,-232.9888560295105,4440,0.2,0.8112471103668213,0.064504825,-0.02347105093067512,0.0003,22.095853805541992,63.40577040314675,0.459912109375
914640,26398.791584,1200.0,,,,,,,,,,,,,,,,
915184,,,1200.0,13665.911859719998,1807,60,53,,,,,,,,,,,
915840,26379.753523,1200.0,,,,,,0.0,-232.77702383995057,4450,0.2,0.8102645874023438,0.056188,-0.026826390874339266,0.0003,22.46690559387207,58.9653722345829,0.41298828125
917040,26425.066873,1200.0,,,,,,,,,,,,,,,,
917232,,,1200.0,13749.202143199998,1841,60,54,,,,,,,,,,,
918240,26444.080281,1200.0,,,,,,-1.1920928955078125e-07,-232.47698068618774,4460,0.2,0.8093270659446716,0.086548395,-0.0160528558481019,0.0003,15.173851013183594,50.307175225019456,0.415966796875
919280,,,1200.0,13790.03041303,1868,60,55,,,,,,,,,,,
919440,26131.307308,1200.0,,,,,,0.0,-232.23580651283265,4470,0.2,0.8087255954742432,0.06872219,-0.012600267125526443,0.0003,25.532255172729492,45.72089242935181,0.4548828125
920640,26098.906191,1200.0,,,,,,,,,,,,,,,,
921328,,,1200.0,13873.30162952,1904,60,56,,,,,,,,,,,
921840,23136.855163,1200.0,,,,,,0.0,-232.14358921051024,4480,0.2,0.8084785342216492,0.057191506,-0.02192697552382015,0.0003,15.609827041625977,46.574594986438754,0.41123046875
923040,23155.835513,1200.0,,,,,,,,,,,,,,,,
923376,,,1200.0,13958.36152248,1940,60,57,,,,,,,,,,,
924240,23043.785256,1200.0,,,,,,1.1920928955078125e-07,-232.00070095062256,4490,0.2,0.8081814646720886,0.056126572,-0.02493656233418733,0.0003,21.652385711669922,51.2762315928936,0.38564453125
925424,,,1200.0,13999.240003359997,1966,60,58,,,,,,,,,,,
925440,22926.563686,1200.0,,,,,,0.0,-231.76707887649536,4500,0.2,0.8066344261169434,0.07355939,-0.025956839369609953,0.0003,14.453166961669922,38.477816325426105,0.439013671875
926640,22967.03985,1200.0,,,,,,,,,,,,,,,,
927472,,,1200.0,14079.72372841,2000,60,59,,,,,,,,,,,
927840,22846.972591,1200.0,,,,,,0.0,-231.31608991622926,4510,0.2,0.8049616813659668,0.07116785,-0.01960503890149994,0.0003,15.800806999206543,40.14567543268204,0.444775390625
929040,22842.220103,1200.0,,,,,,,,,,,,,,,,
929520,,,1200.0,14162.40327606,2036,60,60,,,,,,,,,,,
930240,22689.823635,1200.0,,,,,,-1.1920928955078125e-07,-231.0042881011963,4520,0.2,0.8046609163284302,0.029598508,-0.02713340426707873,0.0003,20.299654006958008,67.92877107262612,0.320458984375
931440,22677.658753,1200.0,,,,,,,,,,,,,,,,
931568,,,1200.0,14244.08911416,2071,60,61,,,,,,,,,,,
932640,22984.738017,1200.0,,,,,,0.0,-230.81970949172972,4530,0.2,0.8030961155891418,0.06838299,-0.021053829044103623,0.0003,14.768954277038574,40.84388880133629,0.36083984375
933616,,,1200.0,14284.583176839998,2098,60,62,,,,,,,,,,,
933840,22446.916824,1200.0,,,,,,0.0,-230.51665148735046,4540,0.2,0.8031196594238281,0.06815893,-0.01773423576087225,0.0003,17.99774742126465,42.78446791172028,0.39736328125
935040,22372.360668,1200.0,,,,,,,,,,,,,,,,
935664,,,1200.0,14367.06404918,2134,60,63,,,,,,,,,,,
936240,19718.330653,1200.0,,,,,,0.0,-230.3496958255768,4550,0.2,0.8017913699150085,0.06623044,-0.017824061430292203,0.0003,22.77073097229004,50.39892691373825,0.414111328125
937440,19693.72794,1200.0,,,,,,,,,,,,,,,,
937712,,,1200.0,14447.852252760002,2168,60,64,,,,,,,,,,,
938640,19691.294213,1200.0,,,,,,1.1920928955078125e-07,-229.98642644882202,4560,0.2,0.8006799221038818,0.07236299,-0.02067233195703011,0.0003,18.34501838684082,47.09190937280655,0.409619140625
939760,,,1200.0,14489.078237780002,2195,60,65,,,,,,,,,,,
939840,19601.365724,1200.0,,,,,,0.0,-229.7210916996002,4570,0.2,0.7995102405548096,0.05717492,-0.020493892816011793,0.0003,18.815561294555664,45.883896958827975,0.404443359375
941040,19636.057969,1200.0,,,,,,,,,,,,,,,,
941808,,,1200.0,14571.598132090001,2230,60,66,,,,,,,,,,,
942240,19638.96092,1200.0,,,,,,0.0,-229.44632225036622,4580,0.2,0.7991408109664917,0.06857969,-0.017308665098971686,0.0003,18.441823959350586,41.64950185418129,0.443896484375
943440,19625.581247,1200.0,,,,,,,,,,,,,,,,
943856,,,1200.0,14650.97132369,2268,60,67,,,,,,,,,,,
944640,19595.4252,1200.0,,,,,,0.0,-229.27111034393312,4590,0.2,0.798469066619873,0.06259743,-0.01775735614792211,0.0003,16.63452911376953,35.95049747228622,0.458203125
945840,19612.009838,1200.0,,,,,,,,,,,,,,,,
945904,,,1200.0,14730.927545780003,2304,60,68,,,,,,,,,,,
947040,19331.823693,1200.0,,,,,,0.0,-229.0192271232605,4600,0.2,0.7973900437355042,0.059068304,-0.014845528965815901,0.0003,14.285414695739746,39.073850440979,0.409619140625
947952,,,1200.0,14770.3752557,2332,60,69,,,,,,,,,,,
948240,19421.488551,1200.0,,,,,,5.960464477539063e-08,-228.65695872306824,4610,0.2,0.795770525932312,0.054943625,-0.02412599899689667,0.0003,14.583211898803711,38.73863568305969,0.38828125
949440,19428.896551,1200.0,,,,,,,,,,,,,,,,
950000,,,1200.0,14847.49487886,2369,60,70,,,,,,,,,,,
950640,19201.86592,1200.0,,,,,,0.0,-228.18120923042298,4620,0.2,0.794378936290741,0.05531825,-0.019527215271955355,0.0003,17.115062713623047,33.20452569127083,0.42490234375
951840,19173.417555,1200.0,,,,,,,,,,,,,,,,
952048,,,1200.0,14923.15575631,2406,60,71,,,,,,,,,,,
953040,19572.581568,1200.0,,,,,,0.0,-227.84626984596252,4630,0.2,0.7937330603599548,0.057546534,-0.020850590954069048,0.0003,21.255643844604492,42.89877827167511,0.368212890625
954096,,,1200.0,14962.934339349998,2434,60,72,,,,,,,,,,,
954240,19727.037595,1200.0,,,,,,-1.1920928955078125e-07,-227.5976424217224,4640,0.2,0.7931303381919861,0.055257335,-0.017030029778834433,0.0003,19.49046516418457,43.128138303756714,0.3841796875
955440,19667.512506,1200.0,,,,,,,,,,,,,,,,
956144,,,1200.0,15039.53921386,2471,60,73,,,,,,,,,,,
956640,19754.412641,1200.0,,,,,,1.1920928955078125e-07,-227.29082283973693,4650,0.2,0.7917840480804443,0.05903633,-0.022859175503253937,0.0003,15.369270324707031,35.30607370734215,0.421337890625
957840,19700.595284,1200.0,,,,,,,,,,,,,,,,
958192,,,1200.0,15115.70104579,2507,60,74,,,,,,,,,,,
959040,19669.711863,1200.0,,,,,,-1.1920928955078125e-07,-226.86980209350585,4660,0.2,0.7903751730918884,0.054920334,-0.02417429813358467,0.0003,17.545211791992188,36.941458427906035,0.42001953125
960240,19761.606381,1200.0,,,,,,,,,,,,,,,,
960240,,,1200.0,15192.35794948,2544,60,75,,,,,,,,,,,
961440,19774.073768,1200.0,,,,,,0.0,-226.52691931724547,4670,0.2,0.789265513420105,0.046645656,-0.019720473457709886,0.0003,19.341894149780273,40.4828774869442,0.3408203125
962288,,,1200.0,15228.33155946,2570,60,76,,,,,,,,,,,
962640,19868.933136,1200.0,,,,,,0.0,-226.28826775550843,4680,0.2,0.7888036966323853,0.05471863,-0.019444379053311422,0.0003,14.922656059265137,35.21887204051018,0.43271484375
963840,19786.696184,1200.0,,,,,,,,,,,,,,,,
964336,,,1200.0,15300.215413780003,2604,60,77,,,,,,,,,,,
965040,19754.794872,1200.0,,,,,,5.960464477539063e-08,-226.14124574661255,4690,0.2,0.7881181240081787,0.04781142,-0.020764105321723035,0.0003,13.852571487426758,31.137313723564148,0.424755859375
966240,19763.219324,1200.0,,,,,,,,,,,,,,,,
966384,,,1200.0,15372.656482630002,2642,60,78,,,,,,,,,,,
967440,19778.673689,1200.0,,,,,,-1.1920928955078125e-07,-225.86477365493775,4700,0.2,0.7872604727745056,0.046924945,-0.023053728570812382,0.0003,20.884523391723633,41.89642851948738,0.394921875
968432,,,1200.0,15410.158150800002,2672,60,79,,,,,,,,,,,
968640,19811.836725,1200.0,,,,,,0.0,-225.58454813957215,4710,0.2,0.7863930463790894,0.052326523,-0.02587180670525413,0.0003,16.445112228393555,35.30325889587402,0.431201171875
969840,19830.237514,1200.0,,,,,,,,,,,,,,,,
970480,,,1200.0,15482.59657586,2709,60,80,,,,,,,,,,,
971040,19794.42218,1200.0,,,,,,1.1920928955078125e-07,-225.32202339172363,4720,0.2,0.7852501273155212,0.053290658,-0.02944114745769184,0.0003,15.977127075195312,37.97041735649109,0.406201171875
972240,19779.374904,1200.0,,,,,,,,,,,,,,,,
972528,,,1200.0,15555.49772689,2745,60,81,,,,,,,,,,,
973440,19778.276418,1200.0,,,,,,0.0,-224.95566754341127,4730,0.2,0.7838528752326965,0.051683187,-0.020653130588470958,0.0003,16.037628173828125,38.85656881928444,0.38359375
974576,,,1200.0,15592.6505902,2772,60,82,,,,,,,,,,,
974640,19802.476948,1200.0,,,,,,0.0,-224.6885241508484,4740,0.2,0.7836208939552307,0.053370006,-0.022799355344614015,0.0003,21.64083480834961,37.61625646948814,0.4171875
975840,19755.060848,1200.0,,,,,,,,,,,,,,,,
976624,,,1200.0,15661.311906300001,2807,60,83,,,,,,,,,,,
977040,19699.008449,1200.0,,,,,,5.960464477539063e-08,-224.38046865463258,4750,0.2,0.781749963760376,0.05709698,-0.02198850013082847,0.0003,17.084693908691406,30.14071055352688,0.435009765625
978240,19725.213117,1200.0,,,,,,,,,,,,,,,,
978672,,,1200.0,15728.944770080001,2843,60,84,,,,,,,,,,,
979440,19807.105155,1200.0,,,,,,0.0,-224.03593106269835,4760,0.2,0.7810162901878357,0.049338005,-0.025298203810234555,0.0003,14.170714378356934,29.77301318049431,0.4265625
980640,19781.91421,1200.0,,,,,,,,,,,,,,,,
980720,,,1200.0,15798.43653245,2879,60,85,,,,,,,,,,,
981840,19779.457254,1200.0,,,,,,0.0,-223.815322971344,4770,0.2,0.7800976634025574,0.048773553,-0.024923773788032122,0.0003,11.697271347045898,34.71123372912407,0.38369140625
982768,,,1200.0,15835.04145427,2908,60,86,,,,,,,,,,,
983040,19825.385139,1200.0,,,,,,-1.1920928955078125e-07,-223.59191823005676,4780,0.2,0.7791796922683716,0.049133323,-0.027533999903243966,0.0003,15.155289649963379,41.00112487077713,0.3849609375
984240,19806.014926,1200.0,,,,,,,,,,,,,,,,
984816,,,1200.0,15903.654187540002,2946,60,87,,,,,,,,,,,
985440,19849.662482,1200.0,,,,,,0.0,-223.32306509017945,4790,0.2,0.7778038382530212,0.048259236,-0.018799049241351895,0.0003,16.07524871826172,40.60199983119965,0.397607421875
986640,19867.786124,1200.0,,,,,,,,,,,,,,,,
986864,,,1200.0,15974.060948969998,2980,60,88,,,,,,,,,,,
987840,19855.984071,1200.0,,,,,,0.0,-222.93794493675233,4800,0.2,0.7758433222770691,0.046649575,-0.024974911572644486,0.0003,14.844165802001953,49.42738175392151,0.37666015625
988912,,,1200.0,16008.454987860001,3008,60,89,,,,,,,,,,,
989040,19907.159164,1200.0,,,,,,1.1920928955078125e-07,-222.48188323974608,4810,0.2,0.7745617032051086,0.054795243,-0.02559396112628747,0.0003,17.875524520874023,45.09226834177971,0.402734375
990240,19897.850047,1200.0,,,,,,,,,,,,,,,,
990960,,,1200.0,16078.975391470001,3045,60,90,,,,,,,,,,,
991440,19872.474742,1200.0,,,,,,-1.1920928955078125e-07,-222.11734018325805,4820,0.2,0.7735595703125,0.052463815,-0.023320689189131372,0.0003,11.907540321350098,34.994062626361846,0.402099609375
992640,19803.6007,1200.0,,,,,,,,,,,,,,,,
993008,,,1200.0,16149.08132705,3081,60,91,,,,,,,,,,,
993840,19907.533523,1200.0,,,,,,0.0,-221.86701183319093,4830,0.2,0.7731994986534119,0.054258823,-0.02182031678967178,0.0003,16.7200927734375,41.75425391793251,0.408349609375
995040,19910.964713,1200.0,,,,,,,,,,,,,,,,
995056,,,1200.0,16216.87001865,3120,60,92,,,,,,,,,,,
996240,19857.810963,1200.0,,,,,,0.0,-221.7143675804138,4840,0.2,0.7730507254600525,0.057335913,-0.02534341315331403,0.0003,15.095569610595703,36.37021741271019,0.440576171875
997104,,,1200.0,16247.79664961,3148,60,93,,,,,,,,,,,
997440,19959.575508,1200.0,,,,,,0.0,-221.525790643692,4850,0.2,0.7720043659210205,0.055051737,-0.02498292960517574,0.0003,14.037619590759277,38.520218282938,0.4732421875
998640,19954.478771,1200.0,,,,,,,,,,,,,,,,
999152,,,1200.0,16311.601185269998,3186,60,94,,,,,,,,,,,
999840,19965.424256,1200.0,,,,,,-1.1920928955078125e-07,-221.2842941761017,4860,0.2,0.7711611986160278,0.050843872,-0.022099005125346592,0.0003,19.147193908691406,35.09052386879921,0.42724609375
1001040,19974.518163,1200.0,,,,,,,,,,,,,,,,
1001200,,,1200.0,16376.26809371,3220,60,95,,,,,,,,,,,
1002240,19956.646308,1200.0,,,,,,0.0,-221.1139184951782,4870,0.2,0.7706025242805481,0.05013509,-0.02569814808375668,0.0003,24.815303802490234,38.16876456439495,0.42626953125
1003248,,,1200.0,16405.84269513,3249,60,96,,,,,,,,,,,
1003440,19972.065177,1200.0,,,,,,0.0,-220.95722970962524,4880,0.2,0.7702680826187134,0.05196827,-0.023473371761792806,0.0003,22.79189109802246,44.23536303043365,0.40390625
1004640,19918.492247,1200.0,,,,,,,,,,,,,,,,
1005296,,,1200.0,16469.549388789997,3286,60,97,,,,,,,,,,,
1005840,19889.073902,1200.0,,,,,,0.0,-220.8016610622406,4890,0.2,0.769795835018158,0.049154542,-0.020234365129726938,0.0003,23.349855422973633,48.45625183582306,0.427490234375
1007040,19959.454175,1200.0,,,,,,,,,,,,,,,,
1007344,,,1200.0,16532.17865983,3325,60,98,,,,,,,,,,,
1008240,19980.969368,1200.0,,,,,,0.0,-220.6243465900421,4900,0.2,0.7693189978599548,0.04431828,-0.020472784008597956,0.0003,25.00819969177246,44.263517862558366,0.38837890625
1009392,,,1200.0,16563.683473529996,3352,60,99,,,,,,,,,,,
1009440,20053.249949,1200.0,,,,,,1.1920928955078125e-07,-220.58364787101746,4910,0.2,0.7697538733482361,0.046849806,-0.023271640844177453,0.0003,17.73978042602539,38.60564962029457,0.3947265625
1010640,20006.372969,1200.0,,,,,,,,,,,,,,,,
1011440,,,1200.0,16627.49124119,3390,60,100,,,,,,,,,,,
1011840,20063.658434,1200.0,,,,,,0.0,-220.5028054714203,4920,0.2,0.7696660161018372,0.050607592,-0.02625432498170994,0.0003,19.176715850830078,43.95731714963913,0.4203125
1013040,20005.853562,1200.0,,,,,,,,,,,,,,,,
1013488,,,1200.0,16688.307593780002,3426,60,101,,,,,,,,,,,
1014240,19930.075116,1200.0,,,,,,0.0,-220.36299514770508,4930,0.2,0.7693130373954773,0.055558823,-0.02653056976851076,0.0003,19.210920333862305,37.39338618516922,0.390283203125
1015440,19978.830577,1200.0,,,,,,,,,,,,,,,,
1015536,,,1200.0,16746.51779061,3464,60,102,,,,,,,,,,,
1016640,19942.578325,1200.0,,,,,,0.0,-220.3038655757904,4940,0.2,0.7694314122200012,0.05126022,-0.022476184929837474,0.0003,14.501964569091797,38.078120863437654,0.437646484375
1017584,,,1200.0,16775.33643901,3491,60,103,,,,,,,,,,,
1017840,19917.243371,1200.0,,,,,,-1.1920928955078125e-07,-220.19084544181823,4950,0.2,0.7689084410667419,0.05004123,-0.022740140560199507,0.0003,21.84309196472168,43.02394848465919,0.414013671875
1019040,19939.225896,1200.0,,,,,,,,,,,,,,,,
1019632,,,1200.0,16834.57790114,3531,60,104,,,,,,,,,,,
1020240,19917.272235,1200.0,,,,,,0.0,-220.06094093322753,4960,0.2,0.7685582041740417,0.043606944,-0.024990957338013688,0.0003,25.373489379882812,46.22762452960014,0.395751953125
1021440,19889.811394,1200.0,,,,,,,,,,,,,,,,
1021680,,,1200.0,16892.049571710002,3569,60,105,,,,,,,,,,,
1022640,19891.7035,1200.0,,,,,,0.0,-219.87234563827514,4970,0.2,0.7675713896751404,0.049472444,-0.025692143707419745,0.0003,28.436737060546875,50.22169799208641,0.4181640625
1023728,,,1200.0,16917.40042821,3597,60,106,,,,,,,,,,,
1023840,19896.033382,1200.0,,,,,,0.0,-219.81041040420533,4980,0.2,0.7680054306983948,0.055359267,-0.02658629523066338,0.0003,17.642635345458984,38.65130515694618,0.462060546875
1025040,19899.489526,1200.0,,,,,,,,,,,,,,,,
1025776,,,1200.0,16971.01104389,3633,60,107,,,,,,,,,,,
1026240,19816.909246,1200.0,,,,,,0.0,-219.7675057888031,4990,0.2,0.7673652768135071,0.04274757,-0.021245750607340595,0.0003,27.974340438842773,48.48528047204017,0.42041015625
1027440,19863.880832,1200.0,,,,,,,,,,,,,,,,
1027824,,,1200.0,17026.93020836,3669,60,108,,,,,,,,,,,
1028640,19757.608551,1200.0,,,,,,0.0,-219.5909360408783,5000,0.2,0.7667269110679626,0.045654535,-0.026992698266985825,0.0003,13.7859525680542,39.82868470549583,0.380712890625
1029840,19774.382587,1200.0,,,,,,,,,,,,,,,,
1029872,,,1200.0,17080.26319941,3727,59,109,,,,,,,,,,,
1031040,19767.122258,1200.0,,,,,,0.0,-219.31096844673158,5010,0.2,0.7652294635772705,0.04368831,-0.02117724423878826,0.0003,21.431591033935547,52.74414277076721,0.377197265625
1031920,,,1200.0,17108.04913911,3755,59,110,,,,,,,,,,,
1032240,19695.18308,1200.0,,,,,,0.0,-218.9910562992096,5020,0.2,0.7645136713981628,0.056695774,-0.02695080411795061,0.0003,21.848485946655273,44.170145297050475,0.4341796875
1033440,19678.957524,1200.0,,,,,,,,,,,,,,,,
1033968,,,1200.0,17158.238421809998,3790,59,111,,,,,,,,,,,
1034640,19726.697761,1200.0,,,,,,0.0,-218.76591510772704,5030,0.2,0.7637776136398315,0.052313093,-0.02432373845076654,0.0003,25.195138931274414,44.920634877681735,0.43935546875
1035840,19729.136287,1200.0,,,,,,,,,,,,,,,,
1036016,,,1200.0,17210.12288282,3827,59,112,,,,,,,,,,,
1037040,19653.975624,1200.0,,,,,,0.0,-218.67473754882812,5040,0.2,0.763458251953125,0.05075095,-0.024081319067045116,0.0003,19.522777557373047,51.35565842390061,0.410400390625
1038064,,,1200.0,17237.04271591,3875,59,113,,,,,,,,,,,
1038240,19530.452527,1200.0,,,,,,5.960464477539063e-08,-218.56191143989562,5050,0.2,0.7629193067550659,0.048162825,-0.023393505890271626,0.0003,31.920650482177734,60.488746881484985,0.363525390625
1039440,19550.408285,1200.0,,,,,,,,,,,,,,,,
1040112,,,1200.0,17291.44379771,3912,59,114,,,,,,,,,,,
