eval/mean_reward,eval/mean_ep_length,time/total_timesteps,train/value_loss,train/clip_fraction,train/n_updates,train/explained_variance,train/learning_rate,train/loss,train/clip_range,train/entropy_loss,train/policy_gradient_loss,train/approx_kl,rollout/ep_rew_mean,time/time_elapsed,rollout/ep_len_mean,time/iterations,time/fps
16.271516799926758,50.0,500,,,,,,,,,,,,,,,
12.521552085876465,50.0,1000,,,,,,,,,,,,,,,
14.047992706298828,50.0,1500,,,,,,,,,,,,,,,
11.579059600830078,50.0,2000,,,,,,,,,,,,,,,
14.659418106079102,50.0,2500,17661.134002685547,0.3279296875,10,-0.00024569034576416016,0.0003,7729.9609375,0.2,-5.296605677902699,-0.0560483303735964,0.036201257,,,,,
13.72567367553711,50.0,3000,,,,,,,,,,,,,,,
13.19205093383789,50.0,3500,,,,,,,,,,,,,,,
12.936755180358887,50.0,4000,,,,,,,,,,,,,,,
15.6690092086792,50.0,4500,18578.950317382812,0.337890625,20,0.0,0.0003,9286.78125,0.2,-5.291585986316204,-0.056688908697105946,0.038916867,,,,,
15.954463958740234,50.0,5000,,,,,,,,,,,,,,,
15.279186248779297,50.0,5500,,,,,,,,,,,,,,,
10.452997207641602,50.0,6000,,,,,,,,,,,,,,,
8.97671127319336,50.0,6500,18683.19754638672,0.321826171875,30,0.0,0.0003,7977.05615234375,0.2,-5.286792010068893,-0.05691014240728691,0.03734656,,,,,
13.047126770019531,50.0,7000,,,,,,,,,,,,,,,
11.698760986328125,50.0,7500,,,,,,,,,,,,,,,
9.746221542358398,50.0,8000,,,,,,,,,,,,,,,
13.27598762512207,50.0,8500,18965.257083129884,0.35361328125,40,1.1920928955078125e-07,0.0003,8963.2626953125,0.2,-5.282074327766895,-0.053690864512464034,0.039615743,,,,,
17.738975524902344,50.0,9000,,,,,,,,,,,,,,,
12.879847526550293,50.0,9500,,,,,,,,,,,,,,,
15.749990463256836,50.0,10000,,,,,,,,,,,,,,,
9.504373550415039,50.0,10500,17304.66351928711,0.34775390625,50,0.0,0.0003,8499.552734375,0.2,-5.277512843906879,-0.051653304742649196,0.040796094,,,,,
10.670173645019531,50.0,11000,,,,,,,,,,,,,,,
9.286836624145508,50.0,11500,,,,,,,,,,,,,,,
11.666513442993164,50.0,12000,,,,,,,,,,,,,,,
15.631010055541992,50.0,12500,17391.29492492676,0.344580078125,60,-1.1920928955078125e-07,0.0003,9081.16015625,0.2,-5.272419725358486,-0.05062730793142691,0.037257653,,,,,
9.977115631103516,50.0,13000,,,,,,,,,,,,,,,
9.918342590332031,50.0,13500,,,,,,,,,,,,,,,
13.470152854919434,50.0,14000,,,,,,,,,,,,,,,
18.244544982910156,50.0,14500,16653.802996826173,0.367431640625,70,1.1920928955078125e-07,0.0003,8338.52734375,0.2,-5.264015680551529,-0.054146016511367634,0.042432614,,,,,
15.821334838867188,50.0,15000,,,,,,,,,,,,,,,
13.680015563964844,50.0,15500,,,,,,,,,,,,,,,
16.72860336303711,50.0,16000,,,,,,,,,,,,,,,
12.513792037963867,50.0,16500,17844.834826660157,0.3505859375,80,0.0,0.0003,9529.1162109375,0.2,-5.256047537922859,-0.05480575071414932,0.04299112,,,,,
7.472659587860107,50.0,17000,,,,,,,,,,,,,,,
14.366872787475586,50.0,17500,,,,,,,,,,,,,,,
8.812291145324707,50.0,18000,,,,,,,,,,,,,,,
14.169755935668945,50.0,18500,17156.269705200197,0.34072265625,90,0.0,0.0003,7706.7294921875,0.2,-5.25000167042017,-0.053617752384161575,0.039483614,,,,,
13.953238487243652,50.0,19000,,,,,,,,,,,,,,,
10.089448928833008,50.0,19500,,,,,,,,,,,,,,,
18.506216049194336,50.0,20000,,,,,,,,,,,,,,,
,,20480,,,,,,,,,,,506.66935350999995,21,50.0,10,972
15.567831039428711,50.0,20500,15987.250286865234,0.359912109375,100,0.0,0.0003,7257.0830078125,0.2,-5.245087766647339,-0.052632104995427656,0.04442957,,,,,
13.70730972290039,50.0,21000,,,,,,,,,,,,,,,
17.473026275634766,50.0,21500,,,,,,,,,,,,,,,
14.993446350097656,50.0,22000,,,,,,,,,,,,,,,
14.667465209960938,50.0,22500,,,,,,,,,,,,,,,
14.450204849243164,50.0,23000,16845.13288269043,0.36416015625,110,0.0,0.0003,8062.53564453125,0.2,-5.239915762841702,-0.052311915106838566,0.0408291,,,,,
16.918832778930664,50.0,23500,,,,,,,,,,,,,,,
14.100616455078125,50.0,24000,,,,,,,,,,,,,,,
14.860448837280273,50.0,24500,,,,,,,,,,,,,,,
14.080172538757324,50.0,25000,16618.306262207032,0.35009765625,120,1.1920928955078125e-07,0.0003,6991.591796875,0.2,-5.235277765989304,-0.05623923323582858,0.038786642,,,,,
10.339094161987305,50.0,25500,,,,,,,,,,,,,,,
8.699623107910156,50.0,26000,,,,,,,,,,,,,,,
11.443342208862305,50.0,26500,,,,,,,,,,,,,,,
6.719078063964844,50.0,27000,16163.092050170899,0.368603515625,130,1.1920928955078125e-07,0.0003,8865.4765625,0.2,-5.226858697831631,-0.04755640549701638,0.043574862,,,,,
12.351106643676758,50.0,27500,,,,,,,,,,,,,,,
13.609338760375977,50.0,28000,,,,,,,,,,,,,,,
16.91874885559082,50.0,28500,,,,,,,,,,,,,,,
9.718208312988281,50.0,29000,16095.964447021484,0.357080078125,140,0.0,0.0003,6629.21142578125,0.2,-5.217793866991997,-0.051722504844656216,0.041658565,,,,,
15.411157608032227,50.0,29500,,,,,,,,,,,,,,,
14.297723770141602,50.0,30000,,,,,,,,,,,,,,,
17.871965408325195,50.0,30500,,,,,,,,,,,,,,,
11.898551940917969,50.0,31000,16659.751123046874,0.368310546875,150,-1.1920928955078125e-07,0.0003,8937.955078125,0.2,-5.211450788378715,-0.05887527837185189,0.042175572,,,,,
13.371541976928711,50.0,31500,,,,,,,,,,,,,,,
18.775489807128906,50.0,32000,,,,,,,,,,,,,,,
16.209291458129883,50.0,32500,,,,,,,,,,,,,,,
12.883991241455078,50.0,33000,16195.000473022461,0.338671875,160,-2.384185791015625e-07,0.0003,7436.42236328125,0.2,-5.204796108603477,-0.0529556537308963,0.03626933,,,,,
19.644683837890625,50.0,33500,,,,,,,,,,,,,,,
10.48896598815918,50.0,34000,,,,,,,,,,,,,,,
13.219982147216797,50.0,34500,,,,,,,,,,,,,,,
16.717933654785156,50.0,35000,15815.00912475586,0.362109375,170,1.1920928955078125e-07,0.0003,7122.068359375,0.2,-5.192555268108845,-0.04978625139920041,0.04195685,,,,,
12.262077331542969,50.0,35500,,,,,,,,,,,,,,,
11.08653450012207,50.0,36000,,,,,,,,,,,,,,,
19.78451156616211,50.0,36500,,,,,,,,,,,,,,,
15.339499473571777,50.0,37000,15733.645129394532,0.340478515625,180,0.0,0.0003,8337.2373046875,0.2,-5.187523119151592,-0.054630903620272876,0.03810967,,,,,
11.167518615722656,50.0,37500,,,,,,,,,,,,,,,
12.339500427246094,50.0,38000,,,,,,,,,,,,,,,
10.738935470581055,50.0,38500,,,,,,,,,,,,,,,
12.924887657165527,50.0,39000,15271.162887573242,0.36748046875,190,1.1920928955078125e-07,0.0003,6579.90185546875,0.2,-5.181281396746636,-0.05318992316024378,0.043337118,,,,,
11.882524490356445,50.0,39500,,,,,,,,,,,,,,,
11.898468017578125,50.0,40000,,,,,,,,,,,,,,,
15.024009704589844,50.0,40500,,,,,,,,,,,,,,,
,,40960,,,,,,,,,,,512.888727,42,50.0,20,957
15.962156295776367,50.0,41000,15477.609439086915,0.36787109375,200,0.0,0.0003,6905.345703125,0.2,-5.167383372783661,-0.046173068147618325,0.039290976,,,,,
13.710859298706055,50.0,41500,,,,,,,,,,,,,,,
15.07342529296875,50.0,42000,,,,,,,,,,,,,,,
14.868242263793945,50.0,42500,,,,,,,,,,,,,,,
11.21484661102295,50.0,43000,,,,,,,,,,,,,,,
11.141094207763672,50.0,43500,14862.352368164062,0.334033203125,210,0.0,0.0003,7835.39306640625,0.2,-5.149589349329472,-0.04431655841181055,0.036690246,,,,,
15.123157501220703,50.0,44000,,,,,,,,,,,,,,,
15.164298057556152,50.0,44500,,,,,,,,,,,,,,,
13.652803421020508,50.0,45000,,,,,,,,,,,,,,,
12.200164794921875,50.0,45500,14985.607666015625,0.34560546875,220,0.0,0.0003,7964.1728515625,0.2,-5.143314954638481,-0.05460813156096265,0.037438996,,,,,
13.478546142578125,50.0,46000,,,,,,,,,,,,,,,
15.718843460083008,50.0,46500,,,,,,,,,,,,,,,
12.763083457946777,50.0,47000,,,,,,,,,,,,,,,
14.542379379272461,50.0,47500,14915.963623046875,0.350439453125,230,0.0,0.0003,7481.18798828125,0.2,-5.147644257545471,-0.053021840163273735,0.039393693,,,,,
15.123835563659668,50.0,48000,,,,,,,,,,,,,,,
4.586629867553711,50.0,48500,,,,,,,,,,,,,,,
14.364078521728516,50.0,49000,,,,,,,,,,,,,,,
15.746472358703613,50.0,49500,14237.055139160157,0.333544921875,240,0.0,0.0003,6067.81494140625,0.2,-5.150489749014378,-0.054902289959136395,0.034936376,,,,,
13.646903991699219,50.0,50000,,,,,,,,,,,,,,,
14.416319847106934,50.0,50500,,,,,,,,,,,,,,,
15.805830955505371,50.0,51000,,,,,,,,,,,,,,,
16.615001678466797,50.0,51500,14360.79241027832,0.3544921875,250,0.0,0.0003,6670.0859375,0.2,-5.150175876915455,-0.05497300526476465,0.041879907,,,,,
21.169330596923828,50.0,52000,,,,,,,,,,,,,,,
11.943206787109375,50.0,52500,,,,,,,,,,,,,,,
15.604808807373047,50.0,53000,,,,,,,,,,,,,,,
12.911827087402344,50.0,53500,14691.0325592041,0.367431640625,260,5.960464477539063e-08,0.0003,6873.77392578125,0.2,-5.142967614531517,-0.05017925325082615,0.042059936,,,,,
13.421159744262695,50.0,54000,,,,,,,,,,,,,,,
7.998827934265137,50.0,54500,,,,,,,,,,,,,,,
12.312097549438477,50.0,55000,,,,,,,,,,,,,,,
12.648563385009766,50.0,55500,14350.63224182129,0.331396484375,270,0.0,0.0003,6201.14306640625,0.2,-5.123034991323948,-0.05392943275510333,0.03729237,,,,,
17.61862564086914,50.0,56000,,,,,,,,,,,,,,,
5.195138454437256,50.0,56500,,,,,,,,,,,,,,,
11.248472213745117,50.0,57000,,,,,,,,,,,,,,,
16.579822540283203,50.0,57500,14078.280685424805,0.349755859375,280,0.0,0.0003,6615.93994140625,0.2,-5.115743467211724,-0.050486075575463474,0.035682447,,,,,
14.535301208496094,50.0,58000,,,,,,,,,,,,,,,
11.68974494934082,50.0,58500,,,,,,,,,,,,,,,
12.058168411254883,50.0,59000,,,,,,,,,,,,,,,
12.961296081542969,50.0,59500,13177.25513305664,0.339306640625,290,0.0,0.0003,5527.19677734375,0.2,-5.116673317551613,-0.04803436354268342,0.03670839,,,,,
9.053590774536133,50.0,60000,,,,,,,,,,,,,,,
11.940256118774414,50.0,60500,,,,,,,,,,,,,,,
14.904048919677734,50.0,61000,,,,,,,,,,,,,,,
,,61440,,,,,,,,,,,511.72920237,65,50.0,30,941
12.01927661895752,50.0,61500,13667.721054077148,0.3400390625,300,0.0,0.0003,6623.611328125,0.2,-5.110006742179394,-0.05231837548781186,0.036501557,,,,,
18.062541961669922,50.0,62000,,,,,,,,,,,,,,,
11.360177040100098,50.0,62500,,,,,,,,,,,,,,,
8.37382698059082,50.0,63000,,,,,,,,,,,,,,,
15.969310760498047,50.0,63500,13032.18562927246,0.3458984375,310,0.0,0.0003,6226.5302734375,0.2,-5.113198466598988,-0.051872595254099,0.038994357,,,,,
16.341655731201172,50.0,64000,,,,,,,,,,,,,,,
18.480985641479492,50.0,64500,,,,,,,,,,,,,,,
13.5191068649292,50.0,65000,,,,,,,,,,,,,,,
9.484380722045898,50.0,65500,,,,,,,,,,,,,,,
11.894271850585938,50.0,66000,13697.232785034179,0.364794921875,320,5.960464477539063e-08,0.0003,7068.72265625,0.2,-5.097017909586429,-0.04817307367338799,0.041463982,,,,,
19.872787475585938,50.0,66500,,,,,,,,,,,,,,,
12.269054412841797,50.0,67000,,,,,,,,,,,,,,,
14.715816497802734,50.0,67500,,,,,,,,,,,,,,,
16.6702880859375,50.0,68000,12297.278744506835,0.322998046875,330,0.0,0.0003,6175.71826171875,0.2,-5.078958441317082,-0.04865782737033442,0.03329231,,,,,
15.722404479980469,50.0,68500,,,,,,,,,,,,,,,
13.713006973266602,50.0,69000,,,,,,,,,,,,,,,
14.451359748840332,50.0,69500,,,,,,,,,,,,,,,
10.961146354675293,50.0,70000,12320.346505737305,0.340869140625,340,0.0,0.0003,5576.08740234375,0.2,-5.069273722171784,-0.04934224066091701,0.036117524,,,,,
18.102588653564453,50.0,70500,,,,,,,,,,,,,,,
15.138298988342285,50.0,71000,,,,,,,,,,,,,,,
14.634779930114746,50.0,71500,,,,,,,,,,,,,,,
10.417624473571777,50.0,72000,12253.233123779297,0.359619140625,350,-1.1920928955078125e-07,0.0003,6545.21875,0.2,-5.076412123441696,-0.051729068876011294,0.037740983,,,,,
18.02029800415039,50.0,72500,,,,,,,,,,,,,,,
13.521474838256836,50.0,73000,,,,,,,,,,,,,,,
17.273303985595703,50.0,73500,,,,,,,,,,,,,,,
10.81298542022705,50.0,74000,12972.786660766602,0.326171875,360,0.0,0.0003,6043.64404296875,0.2,-5.0707076951861385,-0.05203093529562466,0.03395727,,,,,
12.289892196655273,50.0,74500,,,,,,,,,,,,,,,
7.7961626052856445,50.0,75000,,,,,,,,,,,,,,,
16.251632690429688,50.0,75500,,,,,,,,,,,,,,,
15.07608699798584,50.0,76000,11821.38264465332,0.346875,370,0.0,0.0003,5629.6494140625,0.2,-5.051635929942131,-0.051069471356458965,0.035910673,,,,,
14.0133638381958,50.0,76500,,,,,,,,,,,,,,,
19.09136199951172,50.0,77000,,,,,,,,,,,,,,,
9.633527755737305,50.0,77500,,,,,,,,,,,,,,,
16.83339500427246,50.0,78000,12352.270977783202,0.315185546875,380,0.0,0.0003,6293.0029296875,0.2,-5.0377517431974415,-0.05350763945607469,0.032024086,,,,,
16.581165313720703,50.0,78500,,,,,,,,,,,,,,,
14.663393020629883,50.0,79000,,,,,,,,,,,,,,,
14.908819198608398,50.0,79500,,,,,,,,,,,,,,,
15.758353233337402,50.0,80000,11896.498385620118,0.32890625,390,0.0,0.0003,5631.00146484375,0.2,-5.024585570394993,-0.04932404271676205,0.033509444,,,,,
18.34459686279297,50.0,80500,,,,,,,,,,,,,,,
9.914599418640137,50.0,81000,,,,,,,,,,,,,,,
10.313207626342773,50.0,81500,,,,,,,,,,,,,,,
,,81920,,,,,,,,,,,514.37252872,87,50.0,40,935
12.686803817749023,50.0,82000,11487.552749633789,0.315966796875,400,0.0,0.0003,5595.9267578125,0.2,-5.011012864112854,-0.05204946015728638,0.02985001,,,,,
9.18408203125,50.0,82500,,,,,,,,,,,,,,,
11.647970199584961,50.0,83000,,,,,,,,,,,,,,,
15.052700996398926,50.0,83500,,,,,,,,,,,,,,,
13.57364559173584,50.0,84000,11418.262045288086,0.303759765625,410,0.0,0.0003,5111.6748046875,0.2,-4.992138093709945,-0.04839894538745284,0.028819803,,,,,
10.334114074707031,50.0,84500,,,,,,,,,,,,,,,
14.319572448730469,50.0,85000,,,,,,,,,,,,,,,
12.78237533569336,50.0,85500,,,,,,,,,,,,,,,
10.259873390197754,50.0,86000,,,,,,,,,,,,,,,
12.031118392944336,50.0,86500,11287.403335571289,0.332421875,420,0.0,0.0003,5323.775390625,0.2,-4.987616389989853,-0.043339880992425604,0.036332794,,,,,
17.048648834228516,50.0,87000,,,,,,,,,,,,,,,
14.276790618896484,50.0,87500,,,,,,,,,,,,,,,
11.567710876464844,50.0,88000,,,,,,,,,,,,,,,
15.619881629943848,50.0,88500,11869.346627807618,0.33603515625,430,0.0,0.0003,6508.9990234375,0.2,-4.982566413283348,-0.05555770748760551,0.035660513,,,,,
14.079224586486816,50.0,89000,,,,,,,,,,,,,,,
14.897970199584961,50.0,89500,,,,,,,,,,,,,,,
17.1025447845459,50.0,90000,,,,,,,,,,,,,,,
8.752217292785645,50.0,90500,10833.737426757812,0.29755859375,440,0.0,0.0003,5633.6220703125,0.2,-4.9750856295228,-0.05174818175728433,0.027546551,,,,,
14.561948776245117,50.0,91000,,,,,,,,,,,,,,,
15.337095260620117,50.0,91500,,,,,,,,,,,,,,,
16.057762145996094,50.0,92000,,,,,,,,,,,,,,,
6.639961242675781,50.0,92500,11016.840856933593,0.306494140625,450,0.0,0.0003,5368.81689453125,0.2,-4.985331356525421,-0.05039519723504782,0.027880494,,,,,
12.770910263061523,50.0,93000,,,,,,,,,,,,,,,
12.066641807556152,50.0,93500,,,,,,,,,,,,,,,
9.715068817138672,50.0,94000,,,,,,,,,,,,,,,
12.932483673095703,50.0,94500,11382.644665527343,0.34111328125,460,0.0,0.0003,5462.11083984375,0.2,-4.997018407285213,-0.04929732856689952,0.03634658,,,,,
11.016034126281738,50.0,95000,,,,,,,,,,,,,,,
13.963850975036621,50.0,95500,,,,,,,,,,,,,,,
11.403600692749023,50.0,96000,,,,,,,,,,,,,,,
16.814390182495117,50.0,96500,11096.839575195312,0.31435546875,470,0.0,0.0003,5010.55029296875,0.2,-4.99805124849081,-0.04866188464220613,0.031814978,,,,,
23.205936431884766,50.0,97000,,,,,,,,,,,,,,,
10.671440124511719,50.0,97500,,,,,,,,,,,,,,,
16.22147560119629,50.0,98000,,,,,,,,,,,,,,,
18.156084060668945,50.0,98500,11127.982125854493,0.33955078125,480,0.0,0.0003,5009.77099609375,0.2,-4.980279330909252,-0.05080186737468466,0.036762677,,,,,
12.493926048278809,50.0,99000,,,,,,,,,,,,,,,
14.801854133605957,50.0,99500,,,,,,,,,,,,,,,
13.559209823608398,50.0,100000,,,,,,,,,,,,,,,
14.786958694458008,50.0,100500,11217.856594848632,0.32578125,490,-1.1920928955078125e-07,0.0003,5129.181640625,0.2,-4.958368654549122,-0.05295792344259098,0.03255042,,,,,
11.14653205871582,50.0,101000,,,,,,,,,,,,,,,
13.075666427612305,50.0,101500,,,,,,,,,,,,,,,
14.749078750610352,50.0,102000,,,,,,,,,,,,,,,
,,102400,,,,,,,,,,,517.7926708399999,110,50.0,50,930
8.96399211883545,50.0,102500,10208.867971801757,0.33193359375,500,1.1920928955078125e-07,0.0003,4948.19189453125,0.2,-4.954890494048596,-0.05089979224721901,0.033498146,,,,,
18.428251266479492,50.0,103000,,,,,,,,,,,,,,,
11.664924621582031,50.0,103500,,,,,,,,,,,,,,,
10.605955123901367,50.0,104000,,,,,,,,,,,,,,,
15.728676795959473,50.0,104500,10301.21315460205,0.32802734375,510,1.1920928955078125e-07,0.0003,4951.32080078125,0.2,-4.9505610659718515,-0.04765672564972192,0.03551165,,,,,
11.78707504272461,50.0,105000,,,,,,,,,,,,,,,
11.272497177124023,50.0,105500,,,,,,,,,,,,,,,
17.376155853271484,50.0,106000,,,,,,,,,,,,,,,
16.610393524169922,50.0,106500,10016.013095092774,0.323486328125,520,0.0,0.0003,4739.32421875,0.2,-4.927204267680645,-0.051612310449127105,0.03272018,,,,,
13.195245742797852,50.0,107000,,,,,,,,,,,,,,,
16.898460388183594,50.0,107500,,,,,,,,,,,,,,,
12.165592193603516,50.0,108000,,,,,,,,,,,,,,,
13.989863395690918,50.0,108500,,,,,,,,,,,,,,,
14.975645065307617,50.0,109000,9625.752656555176,0.327783203125,530,-1.1920928955078125e-07,0.0003,4499.162109375,0.2,-4.910103856027126,-0.045712524914415555,0.03206182,,,,,
11.094654083251953,50.0,109500,,,,,,,,,,,,,,,
13.485926628112793,50.0,110000,,,,,,,,,,,,,,,
12.617799758911133,50.0,110500,,,,,,,,,,,,,,,
15.742385864257812,50.0,111000,10002.182670593262,0.321533203125,540,0.0,0.0003,4247.90576171875,0.2,-4.893743801116943,-0.04762641325360164,0.03141629,,,,,
11.936044692993164,50.0,111500,,,,,,,,,,,,,,,
15.64316177368164,50.0,112000,,,,,,,,,,,,,,,
16.702285766601562,50.0,112500,,,,,,,,,,,,,,,
9.188636779785156,50.0,113000,9614.484980773927,0.339990234375,550,0.0,0.0003,4543.6591796875,0.2,-4.884388683736324,-0.04693857876118272,0.03374447,,,,,
19.0023193359375,50.0,113500,,,,,,,,,,,,,,,
15.962886810302734,50.0,114000,,,,,,,,,,,,,,,
15.61123275756836,50.0,114500,,,,,,,,,,,,,,,
13.808070182800293,50.0,115000,9401.002577209472,0.3609375,560,0.0,0.0003,4212.89794921875,0.2,-4.8677106067538265,-0.04820346400956623,0.03845088,,,,,
16.792518615722656,50.0,115500,,,,,,,,,,,,,,,
11.94403076171875,50.0,116000,,,,,,,,,,,,,,,
11.661224365234375,50.0,116500,,,,,,,,,,,,,,,
12.286561965942383,50.0,117000,8820.157597351073,0.345263671875,570,0.0,0.0003,4296.05908203125,0.2,-4.8684188142418865,-0.04903412707499229,0.034474008,,,,,
13.032873153686523,50.0,117500,,,,,,,,,,,,,,,
13.732370376586914,50.0,118000,,,,,,,,,,,,,,,
11.859184265136719,50.0,118500,,,,,,,,,,,,,,,
16.89019775390625,50.0,119000,8360.036701965331,0.349658203125,580,0.0,0.0003,4298.056640625,0.2,-4.867961221933365,-0.04358934571500868,0.035710484,,,,,
14.578722953796387,50.0,119500,,,,,,,,,,,,,,,
14.480111122131348,50.0,120000,,,,,,,,,,,,,,,
15.652755737304688,50.0,120500,,,,,,,,,,,,,,,
3.9386954307556152,50.0,121000,9660.508862304687,0.33544921875,590,-1.1920928955078125e-07,0.0003,4137.81103515625,0.2,-4.881539037823677,-0.047389344341354445,0.034762494,,,,,
19.309955596923828,50.0,121500,,,,,,,,,,,,,,,
15.952191352844238,50.0,122000,,,,,,,,,,,,,,,
19.2640380859375,50.0,122500,,,,,,,,,,,,,,,
,,122880,,,,,,,,,,,519.43031625,132,50.0,60,928
13.724143028259277,50.0,123000,8877.444869995117,0.32744140625,600,0.0,0.0003,4059.843017578125,0.2,-4.887207831442356,-0.03846577318618074,0.031831793,,,,,
16.700664520263672,50.0,123500,,,,,,,,,,,,,,,
15.392364501953125,50.0,124000,,,,,,,,,,,,,,,
13.761495590209961,50.0,124500,,,,,,,,,,,,,,,
11.321451187133789,50.0,125000,8466.111642456055,0.358056640625,610,0.0,0.0003,4366.9892578125,0.2,-4.886167095601559,-0.038419783383142204,0.03658171,,,,,
12.1770601272583,50.0,125500,,,,,,,,,,,,,,,
11.842199325561523,50.0,126000,,,,,,,,,,,,,,,
7.103329658508301,50.0,126500,,,,,,,,,,,,,,,
18.347434997558594,50.0,127000,8101.7173873901365,0.33740234375,620,0.0,0.0003,4164.2724609375,0.2,-4.880249615013599,-0.04691387836937792,0.033679783,,,,,
18.810752868652344,50.0,127500,,,,,,,,,,,,,,,
14.868203163146973,50.0,128000,,,,,,,,,,,,,,,
12.794662475585938,50.0,128500,,,,,,,,,,,,,,,
20.564361572265625,50.0,129000,,,,,,,,,,,,,,,
11.059545516967773,50.0,129500,8525.41453857422,0.351318359375,630,0.0,0.0003,3565.224853515625,0.2,-4.877004134654999,-0.04544660912360996,0.036620658,,,,,
12.702948570251465,50.0,130000,,,,,,,,,,,,,,,
17.809032440185547,50.0,130500,,,,,,,,,,,,,,,
15.0263032913208,50.0,131000,,,,,,,,,,,,,,,
15.329931259155273,50.0,131500,7733.562893676758,0.327685546875,640,0.0,0.0003,4236.65478515625,0.2,-4.857522912323475,-0.04392226508643944,0.033010572,,,,,
10.04974365234375,50.0,132000,,,,,,,,,,,,,,,
15.643112182617188,50.0,132500,,,,,,,,,,,,,,,
9.811847686767578,50.0,133000,,,,,,,,,,,,,,,
13.136007308959961,50.0,133500,8803.275093078613,0.31435546875,650,0.0,0.0003,3366.973388671875,0.2,-4.868114265799522,-0.04583010478818324,0.029991344,,,,,
10.575165748596191,50.0,134000,,,,,,,,,,,,,,,
9.67544937133789,50.0,134500,,,,,,,,,,,,,,,
14.93730354309082,50.0,135000,,,,,,,,,,,,,,,
12.043069839477539,50.0,135500,7901.083085632325,0.325,660,0.0,0.0003,3937.52001953125,0.2,-4.874442875385284,-0.039134242909494785,0.03317309,,,,,
12.941848754882812,50.0,136000,,,,,,,,,,,,,,,
16.553234100341797,50.0,136500,,,,,,,,,,,,,,,
11.952827453613281,50.0,137000,,,,,,,,,,,,,,,
13.561120986938477,50.0,137500,7630.469366455078,0.343310546875,670,0.0,0.0003,3145.046142578125,0.2,-4.858320663869381,-0.034108458066475576,0.034941636,,,,,
15.598847389221191,50.0,138000,,,,,,,,,,,,,,,
8.20429515838623,50.0,138500,,,,,,,,,,,,,,,
10.494215965270996,50.0,139000,,,,,,,,,,,,,,,
10.61619758605957,50.0,139500,7504.356590270996,0.362353515625,680,0.0,0.0003,3593.723388671875,0.2,-4.86733230650425,-0.039912829732929825,0.037617546,,,,,
9.077762603759766,50.0,140000,,,,,,,,,,,,,,,
7.282912254333496,50.0,140500,,,,,,,,,,,,,,,
8.16616439819336,50.0,141000,,,,,,,,,,,,,,,
12.374656677246094,50.0,141500,8119.925338745117,0.364990234375,690,0.0,0.0003,3696.311767578125,0.2,-4.858695517480373,-0.040328962498460894,0.036295585,,,,,
12.355591773986816,50.0,142000,,,,,,,,,,,,,,,
15.157001495361328,50.0,142500,,,,,,,,,,,,,,,
15.173917770385742,50.0,143000,,,,,,,,,,,,,,,
,,143360,,,,,,,,,,,514.32790173,154,50.0,70,924
8.127866744995117,50.0,143500,7465.764999389648,0.392529296875,700,0.0,0.0003,3264.93310546875,0.2,-4.843165434896946,-0.0406615215644706,0.042053714,,,,,
13.417404174804688,50.0,144000,,,,,,,,,,,,,,,
17.23910903930664,50.0,144500,,,,,,,,,,,,,,,
15.79641342163086,50.0,145000,,,,,,,,,,,,,,,
9.887571334838867,50.0,145500,6929.593405151367,0.302978515625,710,-1.1920928955078125e-07,0.0003,3084.910400390625,0.2,-4.824878290295601,-0.044728549884166566,0.028939707,,,,,
15.123878479003906,50.0,146000,,,,,,,,,,,,,,,
8.680120468139648,50.0,146500,,,,,,,,,,,,,,,
15.96681022644043,50.0,147000,,,,,,,,,,,,,,,
10.573467254638672,50.0,147500,7314.459323120117,0.33447265625,720,-1.1920928955078125e-07,0.0003,3866.210205078125,0.2,-4.817653119564056,-0.043667392595671116,0.030302305,,,,,
13.496692657470703,50.0,148000,,,,,,,,,,,,,,,
11.51190185546875,50.0,148500,,,,,,,,,,,,,,,
9.508358001708984,50.0,149000,,,,,,,,,,,,,,,
12.375757217407227,50.0,149500,,,,,,,,,,,,,,,
16.468294143676758,50.0,150000,7581.163786315918,0.3099609375,730,0.0,0.0003,3643.2099609375,0.2,-4.817478331923485,-0.04488406025920995,0.030061245,,,,,
13.576553344726562,50.0,150500,,,,,,,,,,,,,,,
13.934438705444336,50.0,151000,,,,,,,,,,,,,,,
10.602714538574219,50.0,151500,,,,,,,,,,,,,,,
9.354500770568848,50.0,152000,7395.538194274903,0.35439453125,740,0.0,0.0003,4072.448486328125,0.2,-4.806361763179302,-0.03793904965714319,0.03516797,,,,,
2.4654204845428467,50.0,152500,,,,,,,,,,,,,,,
17.95204734802246,50.0,153000,,,,,,,,,,,,,,,
11.292547225952148,50.0,153500,,,,,,,,,,,,,,,
12.920316696166992,50.0,154000,7025.964862060547,0.3767578125,750,0.0,0.0003,3347.812255859375,0.2,-4.833477856218815,-0.04261095886758994,0.036314383,,,,,
8.478349685668945,50.0,154500,,,,,,,,,,,,,,,
15.102811813354492,50.0,155000,,,,,,,,,,,,,,,
20.543296813964844,50.0,155500,,,,,,,,,,,,,,,
9.127426147460938,50.0,156000,6189.82135925293,0.360986328125,760,0.0,0.0003,3383.058837890625,0.2,-4.844966278970242,-0.042449562871479427,0.034033306,,,,,
9.995097160339355,50.0,156500,,,,,,,,,,,,,,,
14.184074401855469,50.0,157000,,,,,,,,,,,,,,,
12.81960678100586,50.0,157500,,,,,,,,,,,,,,,
16.675363540649414,50.0,158000,6441.271026611328,0.377490234375,770,5.960464477539063e-08,0.0003,2918.5830078125,0.2,-4.826762574911117,-0.041997556888964026,0.03832034,,,,,
9.613080978393555,50.0,158500,,,,,,,,,,,,,,,
12.028809547424316,50.0,159000,,,,,,,,,,,,,,,
14.495716094970703,50.0,159500,,,,,,,,,,,,,,,
13.39095687866211,50.0,160000,6924.93977508545,0.347998046875,780,-1.1920928955078125e-07,0.0003,3182.714599609375,0.2,-4.815731687843799,-0.04458981531788595,0.034575626,,,,,
9.551268577575684,50.0,160500,,,,,,,,,,,,,,,
17.92548370361328,50.0,161000,,,,,,,,,,,,,,,
13.152327537536621,50.0,161500,,,,,,,,,,,,,,,
12.109370231628418,50.0,162000,6108.6380966186525,0.3587890625,790,0.0,0.0003,3219.40380859375,0.2,-4.795637837052345,-0.042887943441746755,0.036575772,,,,,
11.732330322265625,50.0,162500,,,,,,,,,,,,,,,
10.623064041137695,50.0,163000,,,,,,,,,,,,,,,
10.109713554382324,50.0,163500,,,,,,,,,,,,,,,
,,163840,,,,,,,,,,,510.7917446100001,177,50.0,80,921
12.838691711425781,50.0,164000,6078.248170471192,0.338330078125,800,0.0,0.0003,3025.443603515625,0.2,-4.780644077062607,-0.037848973473592194,0.031439763,,,,,
18.860897064208984,50.0,164500,,,,,,,,,,,,,,,
13.335746765136719,50.0,165000,,,,,,,,,,,,,,,
13.038862228393555,50.0,165500,,,,,,,,,,,,,,,
16.92942237854004,50.0,166000,6195.062722778321,0.34375,810,5.960464477539063e-08,0.0003,2844.59765625,0.2,-4.7630018010735515,-0.03286531534686219,0.032495216,,,,,
15.697842597961426,50.0,166500,,,,,,,,,,,,,,,
18.4167423248291,50.0,167000,,,,,,,,,,,,,,,
14.037148475646973,50.0,167500,,,,,,,,,,,,,,,
10.016557693481445,50.0,168000,5883.962982177734,0.34609375,820,0.0,0.0003,2398.39013671875,0.2,-4.755542419850826,-0.03778016772412229,0.03069607,,,,,
10.468881607055664,50.0,168500,,,,,,,,,,,,,,,
11.120124816894531,50.0,169000,,,,,,,,,,,,,,,
9.579931259155273,50.0,169500,,,,,,,,,,,,,,,
9.126668930053711,50.0,170000,5765.024168395996,0.34228515625,830,-1.1920928955078125e-07,0.0003,2293.040771484375,0.2,-4.734946870803833,-0.03833608432905748,0.02954293,,,,,
13.08779525756836,50.0,170500,,,,,,,,,,,,,,,
17.072303771972656,50.0,171000,,,,,,,,,,,,,,,
13.362054824829102,50.0,171500,,,,,,,,,,,,,,,
11.870340347290039,50.0,172000,,,,,,,,,,,,,,,
11.875931739807129,50.0,172500,5832.18712310791,0.317919921875,840,0.0,0.0003,2577.58935546875,0.2,-4.715743663907051,-0.03701977182063274,0.03087546,,,,,
15.82343578338623,50.0,173000,,,,,,,,,,,,,,,
10.675748825073242,50.0,173500,,,,,,,,,,,,,,,
14.182811737060547,50.0,174000,,,,,,,,,,,,,,,
9.772836685180664,50.0,174500,5786.434532928467,0.36484375,850,-1.1920928955078125e-07,0.0003,2646.199462890625,0.2,-4.699842101335525,-0.03462077293734182,0.033970222,,,,,
11.642574310302734,50.0,175000,,,,,,,,,,,,,,,
17.646615982055664,50.0,175500,,,,,,,,,,,,,,,
14.28079605102539,50.0,176000,,,,,,,,,,,,,,,
15.836138725280762,50.0,176500,5462.297203063965,0.35654296875,860,0.0,0.0003,2282.640380859375,0.2,-4.702676221728325,-0.03189534609264229,0.031431943,,,,,
11.950544357299805,50.0,177000,,,,,,,,,,,,,,,
19.719820022583008,50.0,177500,,,,,,,,,,,,,,,
18.335052490234375,50.0,178000,,,,,,,,,,,,,,,
14.159563064575195,50.0,178500,5826.254425048828,0.278271484375,870,0.0,0.0003,2972.026611328125,0.2,-4.703811538219452,-0.033558301055745685,0.026112745,,,,,
13.037117004394531,50.0,179000,,,,,,,,,,,,,,,
19.637454986572266,50.0,179500,,,,,,,,,,,,,,,
17.301301956176758,50.0,180000,,,,,,,,,,,,,,,
10.160820007324219,50.0,180500,5604.719342041016,0.31162109375,880,0.0,0.0003,2328.771484375,0.2,-4.701160500943661,-0.040649504042812624,0.02774204,,,,,
14.485713958740234,50.0,181000,,,,,,,,,,,,,,,
15.125574111938477,50.0,181500,,,,,,,,,,,,,,,
12.34619140625,50.0,182000,,,,,,,,,,,,,,,
13.79265022277832,50.0,182500,5028.651708221436,0.327392578125,890,5.960464477539063e-08,0.0003,2046.1746826171875,0.2,-4.703809288144112,-0.030742199125234036,0.030390002,,,,,
14.323562622070312,50.0,183000,,,,,,,,,,,,,,,
10.96739387512207,50.0,183500,,,,,,,,,,,,,,,
11.970314025878906,50.0,184000,,,,,,,,,,,,,,,
,,184320,,,,,,,,,,,510.8204508899999,199,50.0,90,921
10.457601547241211,50.0,184500,5383.450271606445,0.366943359375,900,0.0,0.0003,2129.053955078125,0.2,-4.711139099299908,-0.030242386185273064,0.033977553,,,,,
15.20496654510498,50.0,185000,,,,,,,,,,,,,,,
9.391047477722168,50.0,185500,,,,,,,,,,,,,,,
7.919864177703857,50.0,186000,,,,,,,,,,,,,,,
14.286275863647461,50.0,186500,4970.5185646057125,0.36923828125,910,0.0,0.0003,2288.38134765625,0.2,-4.701728163659572,-0.036829793303331824,0.034741927,,,,,
9.838855743408203,50.0,187000,,,,,,,,,,,,,,,
12.00516128540039,50.0,187500,,,,,,,,,,,,,,,
11.778904914855957,50.0,188000,,,,,,,,,,,,,,,
14.949043273925781,50.0,188500,5307.3593101501465,0.367431640625,920,0.0,0.0003,2500.864013671875,0.2,-4.697737371921539,-0.031153945566620676,0.03313124,,,,,
10.78367805480957,50.0,189000,,,,,,,,,,,,,,,
16.263050079345703,50.0,189500,,,,,,,,,,,,,,,
10.838592529296875,50.0,190000,,,,,,,,,,,,,,,
12.983894348144531,50.0,190500,4942.597398376465,0.361669921875,930,5.960464477539063e-08,0.0003,2244.813720703125,0.2,-4.714420308172703,-0.03223751698678825,0.033629656,,,,,
15.659927368164062,50.0,191000,,,,,,,,,,,,,,,
12.312179565429688,50.0,191500,,,,,,,,,,,,,,,
12.707435607910156,50.0,192000,,,,,,,,,,,,,,,
19.373306274414062,50.0,192500,,,,,,,,,,,,,,,
6.895170211791992,50.0,193000,4479.161282348633,0.36845703125,940,-1.1920928955078125e-07,0.0003,1973.37646484375,0.2,-4.720017683506012,-0.032665092969546096,0.035714004,,,,,
12.281730651855469,50.0,193500,,,,,,,,,,,,,,,
15.325525283813477,50.0,194000,,,,,,,,,,,,,,,
11.449762344360352,50.0,194500,,,,,,,,,,,,,,,
11.315534591674805,50.0,195000,4823.2651992797855,0.389599609375,950,0.0,0.0003,2437.911376953125,0.2,-4.687618398666382,-0.03447801050933776,0.0359751,,,,,
15.28628158569336,50.0,195500,,,,,,,,,,,,,,,
13.154305458068848,50.0,196000,,,,,,,,,,,,,,,
14.694522857666016,50.0,196500,,,,,,,,,,,,,,,
10.783857345581055,50.0,197000,4885.351476287842,0.347607421875,960,0.0,0.0003,2148.435791015625,0.2,-4.695839190483094,-0.035324758230126464,0.03188031,,,,,
16.929306030273438,50.0,197500,,,,,,,,,,,,,,,
19.32828140258789,50.0,198000,,,,,,,,,,,,,,,
13.141080856323242,50.0,198500,,,,,,,,,,,,,,,
11.239025115966797,50.0,199000,4543.77883682251,0.31767578125,970,5.960464477539063e-08,0.0003,2322.822021484375,0.2,-4.693252828717232,-0.034405074792448434,0.03209354,,,,,
18.005573272705078,50.0,199500,,,,,,,,,,,,,,,
18.786277770996094,50.0,200000,,,,,,,,,,,,,,,
12.229521751403809,50.0,200500,,,,,,,,,,,,,,,
18.016008377075195,50.0,201000,4528.596906280518,0.3279296875,980,0.0,0.0003,2325.2568359375,0.2,-4.6770672589540485,-0.030462786178395616,0.028976237,,,,,
15.294118881225586,50.0,201500,,,,,,,,,,,,,,,
12.70571517944336,50.0,202000,,,,,,,,,,,,,,,
12.943843841552734,50.0,202500,,,,,,,,,,,,,,,
14.326476097106934,50.0,203000,4216.376195526123,0.352197265625,990,-1.1920928955078125e-07,0.0003,1865.8385009765625,0.2,-4.663708287477493,-0.028854922761092895,0.036419414,,,,,
19.32151222229004,50.0,203500,,,,,,,,,,,,,,,
11.584238052368164,50.0,204000,,,,,,,,,,,,,,,
12.089595794677734,50.0,204500,,,,,,,,,,,,,,,
,,204800,,,,,,,,,,,513.77303919,221,50.0,100,924
13.680628776550293,50.0,205000,4332.353833770752,0.334619140625,1000,-1.1920928955078125e-07,0.0003,2010.43798828125,0.2,-4.676770852506161,-0.03144433249835856,0.030120112,,,,,
14.735193252563477,50.0,205500,,,,,,,,,,,,,,,
8.00421142578125,50.0,206000,,,,,,,,,,,,,,,
14.868827819824219,50.0,206500,,,,,,,,,,,,,,,
14.143951416015625,50.0,207000,4173.91321182251,0.314013671875,1010,0.0,0.0003,1855.3946533203125,0.2,-4.670320200920105,-0.029964021187333857,0.02981575,,,,,
6.68767786026001,50.0,207500,,,,,,,,,,,,,,,
9.29703140258789,50.0,208000,,,,,,,,,,,,,,,
13.472404479980469,50.0,208500,,,,,,,,,,,,,,,
13.60478401184082,50.0,209000,3953.684719848633,0.37861328125,1020,0.0,0.0003,1637.73876953125,0.2,-4.70097918510437,-0.030515857371210587,0.0328224,,,,,
10.645627975463867,50.0,209500,,,,,,,,,,,,,,,
9.6177396774292,50.0,210000,,,,,,,,,,,,,,,
13.623674392700195,50.0,210500,,,,,,,,,,,,,,,
11.880849838256836,50.0,211000,4269.635997009277,0.35341796875,1030,0.0,0.0003,2135.426025390625,0.2,-4.695062686502934,-0.029225212839082814,0.03246689,,,,,
11.542184829711914,50.0,211500,,,,,,,,,,,,,,,
12.360690116882324,50.0,212000,,,,,,,,,,,,,,,
14.746204376220703,50.0,212500,,,,,,,,,,,,,,,
13.703506469726562,50.0,213000,4171.890880584717,0.363623046875,1040,5.960464477539063e-08,0.0003,1910.3084716796875,0.2,-4.683263275027275,-0.029481981506978627,0.032334477,,,,,
10.570362091064453,50.0,213500,,,,,,,,,,,,,,,
11.948637962341309,50.0,214000,,,,,,,,,,,,,,,
14.030475616455078,50.0,214500,,,,,,,,,,,,,,,
16.021974563598633,50.0,215000,,,,,,,,,,,,,,,
11.75731086730957,50.0,215500,3768.523962402344,0.34111328125,1050,0.0,0.0003,1454.7310791015625,0.2,-4.697059088945389,-0.029205269599333405,0.032756977,,,,,
10.154991149902344,50.0,216000,,,,,,,,,,,,,,,
9.523283004760742,50.0,216500,,,,,,,,,,,,,,,
11.152132034301758,50.0,217000,,,,,,,,,,,,,,,
15.001023292541504,50.0,217500,3477.686392211914,0.3705078125,1060,-1.1920928955078125e-07,0.0003,1610.191650390625,0.2,-4.718145249783992,-0.018694554072862957,0.034711417,,,,,
11.788228988647461,50.0,218000,,,,,,,,,,,,,,,
15.190321922302246,50.0,218500,,,,,,,,,,,,,,,
8.229803085327148,50.0,219000,,,,,,,,,,,,,,,
15.730817794799805,50.0,219500,3709.509688568115,0.33671875,1070,-1.1920928955078125e-07,0.0003,1591.7822265625,0.2,-4.724844942986965,-0.02765617648110492,0.0322698,,,,,
11.11160659790039,50.0,220000,,,,,,,,,,,,,,,
9.857287406921387,50.0,220500,,,,,,,,,,,,,,,
17.245920181274414,50.0,221000,,,,,,,,,,,,,,,
15.001708984375,50.0,221500,3290.7946464538572,0.40732421875,1080,0.0,0.0003,1623.279296875,0.2,-4.75792418718338,-0.024246860267885494,0.04120636,,,,,
11.60954475402832,50.0,222000,,,,,,,,,,,,,,,
14.18745231628418,50.0,222500,,,,,,,,,,,,,,,
14.354747772216797,50.0,223000,,,,,,,,,,,,,,,
5.565274238586426,50.0,223500,3601.296536254883,0.369677734375,1090,5.960464477539063e-08,0.0003,1507.6541748046875,0.2,-4.756717224419117,-0.02372963392554084,0.03557186,,,,,
13.58730411529541,50.0,224000,,,,,,,,,,,,,,,
12.888725280761719,50.0,224500,,,,,,,,,,,,,,,
17.98680877685547,50.0,225000,,,,,,,,,,,,,,,
,,225280,,,,,,,,,,,506.40611211000004,243,50.0,110,924
11.2288818359375,50.0,225500,2725.136500167847,0.390673828125,1100,0.0,0.0003,1193.5887451171875,0.2,-4.765934228897095,-0.02231709751067683,0.034114696,,,,,
11.26694107055664,50.0,226000,,,,,,,,,,,,,,,
15.00204849243164,50.0,226500,,,,,,,,,,,,,,,
11.329158782958984,50.0,227000,,,,,,,,,,,,,,,
12.353816986083984,50.0,227500,3035.4969329833984,0.384521484375,1110,0.0,0.0003,1245.9478759765625,0.2,-4.758087204396725,-0.0271429438245832,0.03505388,,,,,
14.519935607910156,50.0,228000,,,,,,,,,,,,,,,
13.14382266998291,50.0,228500,,,,,,,,,,,,,,,
12.183855056762695,50.0,229000,,,,,,,,,,,,,,,
15.533605575561523,50.0,229500,3235.430860900879,0.396240234375,1120,0.0,0.0003,1762.43310546875,0.2,-4.730585253238678,-0.02328509272338124,0.03697481,,,,,
19.133255004882812,50.0,230000,,,,,,,,,,,,,,,
13.920909881591797,50.0,230500,,,,,,,,,,,,,,,
15.992239952087402,50.0,231000,,,,,,,,,,,,,,,
11.381368637084961,50.0,231500,3093.0286155700683,0.35341796875,1130,0.0,0.0003,1202.160888671875,0.2,-4.712013922631741,-0.021810496848775073,0.03179196,,,,,
15.284875869750977,50.0,232000,,,,,,,,,,,,,,,
8.635101318359375,50.0,232500,,,,,,,,,,,,,,,
12.038942337036133,50.0,233000,,,,,,,,,,,,,,,
8.644736289978027,50.0,233500,3070.1071434020996,0.390771484375,1140,0.0,0.0003,1561.6595458984375,0.2,-4.724380902945995,-0.022143923735711724,0.034245808,,,,,
15.082572937011719,50.0,234000,,,,,,,,,,,,,,,
13.459949493408203,50.0,234500,,,,,,,,,,,,,,,
13.538398742675781,50.0,235000,,,,,,,,,,,,,,,
12.087980270385742,50.0,235500,,,,,,,,,,,,,,,
16.42447853088379,50.0,236000,2893.445711517334,0.390087890625,1150,1.1920928955078125e-07,0.0003,1340.1435546875,0.2,-4.742488716542721,-0.02765183900773991,0.035529353,,,,,
9.32261848449707,50.0,236500,,,,,,,,,,,,,,,
14.942464828491211,50.0,237000,,,,,,,,,,,,,,,
16.90587615966797,50.0,237500,,,,,,,,,,,,,,,
11.25210189819336,50.0,238000,3004.682234954834,0.366552734375,1160,0.0,0.0003,1334.96240234375,0.2,-4.733935879170895,-0.022517806461837608,0.034281094,,,,,
16.70271873474121,50.0,238500,,,,,,,,,,,,,,,
12.654481887817383,50.0,239000,,,,,,,,,,,,,,,
10.028463363647461,50.0,239500,,,,,,,,,,,,,,,
15.288907051086426,50.0,240000,2614.274159240723,0.366943359375,1170,0.0,0.0003,1118.770263671875,0.2,-4.741439631581306,-0.01700235370954033,0.032575518,,,,,
12.60890007019043,50.0,240500,,,,,,,,,,,,,,,
9.33678150177002,50.0,241000,,,,,,,,,,,,,,,
15.987177848815918,50.0,241500,,,,,,,,,,,,,,,
15.362970352172852,50.0,242000,2615.905247497559,0.377001953125,1180,1.1920928955078125e-07,0.0003,1329.9837646484375,0.2,-4.7420354157686235,-0.019169637603044975,0.033767544,,,,,
15.750919342041016,50.0,242500,,,,,,,,,,,,,,,
15.859189987182617,50.0,243000,,,,,,,,,,,,,,,
15.05438232421875,50.0,243500,,,,,,,,,,,,,,,
12.468072891235352,50.0,244000,2613.7701091766357,0.35205078125,1190,0.0,0.0003,1114.389892578125,0.2,-4.740309220552445,-0.01948149794334313,0.031305462,,,,,
13.084943771362305,50.0,244500,,,,,,,,,,,,,,,
16.849536895751953,50.0,245000,,,,,,,,,,,,,,,
12.073251724243164,50.0,245500,,,,,,,,,,,,,,,
,,245760,,,,,,,,,,,514.48283864,265,50.0,120,925
10.332329750061035,50.0,246000,2550.1237007141112,0.37763671875,1200,0.0,0.0003,1408.9384765625,0.2,-4.721503140032292,-0.02771852389414562,0.03352131,,,,,
19.63504981994629,50.0,246500,,,,,,,,,,,,,,,
15.273316383361816,50.0,247000,,,,,,,,,,,,,,,
12.916309356689453,50.0,247500,,,,,,,,,,,,,,,
11.41323471069336,50.0,248000,2744.686737060547,0.358056640625,1210,0.0,0.0003,1249.3291015625,0.2,-4.735217252373696,-0.028105198174307587,0.029771492,,,,,
13.664193153381348,50.0,248500,,,,,,,,,,,,,,,
8.367691040039062,50.0,249000,,,,,,,,,,,,,,,
11.765276908874512,50.0,249500,,,,,,,,,,,,,,,
15.439702987670898,50.0,250000,2397.315923690796,0.353857421875,1220,0.0,0.0003,1415.9525146484375,0.2,-4.748604445159435,-0.017672354477690534,0.030351155,,,,,
13.260843276977539,50.0,250500,,,,,,,,,,,,,,,
13.420648574829102,50.0,251000,,,,,,,,,,,,,,,
11.535815238952637,50.0,251500,,,,,,,,,,,,,,,
