eval/mean_ep_length,time/total_timesteps,eval/mean_reward,train/clip_fraction,train/n_updates,train/approx_kl,train/clip_range,train/learning_rate,train/value_loss,train/entropy_loss,train/policy_gradient_loss,train/explained_variance,train/loss,time/time_elapsed,rollout/ep_rew_mean,time/fps,rollout/ep_len_mean,time/iterations
180.0,1024,13.837483406066895,,,,,,,,,,,,,,,
180.0,2048,13.63321304321289,,,,,,,,,,,,,,,
180.0,3072,13.207427978515625,0.289306640625,10,0.020839732,0.2,0.0003,42.02746911644935,-5.878125463426113,-0.07170545676344772,0.002652883529663086,13.027843475341797,,,,,
180.0,4096,12.654258728027344,,,,,,,,,,,,,,,
180.0,5120,12.689447402954102,0.272509765625,20,0.020706248,0.2,0.0003,45.06038768291474,-5.871025770902634,-0.06497813334135571,0.003433823585510254,13.93451976776123,,,,,
180.0,6144,12.81930923461914,,,,,,,,,,,,,,,
180.0,7168,13.503692626953125,0.298779296875,30,0.022109346,0.2,0.0003,45.58961378633976,-5.862729749083519,-0.0633738000120502,0.0032901763916015625,27.184162139892578,,,,,
180.0,8192,13.475785255432129,,,,,,,,,,,,,,,
180.0,9216,15.771770477294922,0.292919921875,40,0.019109089,0.2,0.0003,42.30622468590737,-5.854710061848164,-0.05863687381788622,-0.004094481468200684,8.004979133605957,,,,,
180.0,10240,15.065694808959961,,,,,,,,,,,,,,,
180.0,11264,14.66800594329834,0.32646484375,50,0.021928947,0.2,0.0003,37.30864500105381,-5.849033652245998,-0.06272541610524059,-0.00787210464477539,17.699796676635742,,,,,
180.0,12288,14.59792709350586,,,,,,,,,,,,,,,
180.0,13312,13.674846649169922,0.345263671875,60,0.02295627,0.2,0.0003,42.07779877483845,-5.839470584690571,-0.05261373172834283,0.004189670085906982,33.75187301635742,,,,,
180.0,14336,14.082807540893555,,,,,,,,,,,,,,,
180.0,15360,12.369524955749512,0.325634765625,70,0.02241807,0.2,0.0003,37.70728643834591,-5.823178960382938,-0.04670797252911143,0.007777810096740723,12.967011451721191,,,,,
180.0,16384,14.16729736328125,,,,,,,,,,,,,,,
180.0,17408,14.399169921875,0.32080078125,80,0.020619785,0.2,0.0003,40.96489027142525,-5.804691331088543,-0.043001711324905045,0.0031014084815979004,21.825759887695312,,,,,
180.0,18432,14.344481468200684,,,,,,,,,,,,,,,
180.0,19456,15.258600234985352,0.33115234375,90,0.021604847,0.2,0.0003,39.1502838999033,-5.78304583877325,-0.05093805781798437,0.0023602843284606934,21.772865295410156,,,,,
180.0,20480,13.868541717529297,,,,,,,,,,,,,,,
,20480,,,,,,,,,,,,59,14.16547098,343,180.0,10
180.0,21504,14.538909912109375,0.290625,100,0.0187349,0.2,0.0003,42.54229443967343,-5.771081539988518,-0.04844637543719728,-0.00024330615997314453,15.834269523620605,,,,,
180.0,22528,15.530208587646484,,,,,,,,,,,,,,,
180.0,23552,14.228724479675293,0.3427734375,110,0.021906672,0.2,0.0003,40.57169140279293,-5.746561400592327,-0.04641029448685004,0.004574000835418701,22.710054397583008,,,,,
180.0,24576,15.541757583618164,,,,,,,,,,,,,,,
180.0,25600,13.148517608642578,0.345361328125,120,0.021049771,0.2,0.0003,35.86918123364448,-5.7112305328249935,-0.04861444769485388,0.0036887526512145996,17.1888370513916,,,,,
180.0,26624,15.241437911987305,,,,,,,,,,,,,,,
180.0,27648,16.278108596801758,0.38310546875,130,0.031100158,0.2,0.0003,37.98780105412006,-5.708785025775432,-0.03341787526878761,0.0010482072830200195,24.217069625854492,,,,,
180.0,28672,14.967876434326172,,,,,,,,,,,,,,,
180.0,29696,14.784849166870117,0.3255859375,140,0.024160707,0.2,0.0003,37.74961270391941,-5.689350455999374,-0.040672516894846925,0.003680408000946045,18.70177459716797,,,,,
180.0,30720,15.043462753295898,,,,,,,,,,,,,,,
180.0,31744,13.719901084899902,0.293505859375,150,0.02293142,0.2,0.0003,34.25144197642803,-5.656945015490055,-0.034639176196651536,-0.004388213157653809,23.676206588745117,,,,,
180.0,32768,14.107412338256836,,,,,,,,,,,,,,,
180.0,33792,15.478212356567383,0.32353515625,160,0.02162903,0.2,0.0003,42.61314914226532,-5.639515233039856,-0.03686394109827233,0.002508819103240967,28.584590911865234,,,,,
180.0,34816,16.1444034576416,,,,,,,,,,,,,,,
180.0,35840,15.192014694213867,0.32724609375,170,0.020849466,0.2,0.0003,42.128575798869136,-5.619466568529606,-0.04183591777546099,-2.0265579223632812e-06,16.512460708618164,,,,,
180.0,36864,16.630985260009766,,,,,,,,,,,,,,,
180.0,37888,16.2946834564209,0.326220703125,180,0.021776998,0.2,0.0003,45.975255659222604,-5.594496695697307,-0.03807563769369153,0.00031441450119018555,16.92319107055664,,,,,
180.0,38912,17.174163818359375,,,,,,,,,,,,,,,
180.0,39936,15.188453674316406,0.296240234375,190,0.0213496,0.2,0.0003,47.44359582066536,-5.578015355765819,-0.039071779377991334,2.1338462829589844e-05,31.558273315429688,,,,,
180.0,40960,14.264771461486816,,,,,,,,,,,,,,,
,40960,,,,,,,,,,,,120,14.818267080000004,341,180.0,20
180.0,41984,14.481730461120605,0.33193359375,200,0.022623545,0.2,0.0003,40.818569326400755,-5.54503323584795,-0.03699466929974733,3.5762786865234375e-07,7.986542224884033,,,,,
180.0,43008,14.856754302978516,,,,,,,,,,,,,,,
180.0,44032,16.72538185119629,0.253857421875,210,0.017601963,0.2,0.0003,38.96529641449452,-5.535238364338875,-0.03792156976414844,0.003914952278137207,14.533317565917969,,,,,
180.0,45056,15.499417304992676,,,,,,,,,,,,,,,
180.0,46080,16.757408142089844,0.317138671875,220,0.021525681,0.2,0.0003,41.65789500772953,-5.501704241335392,-0.03707042266905773,0.0,23.322080612182617,,,,,
180.0,47104,17.34132957458496,,,,,,,,,,,,,,,
180.0,48128,16.03590965270996,0.323095703125,230,0.022019312,0.2,0.0003,44.148519915342334,-5.463493050634861,-0.037092898771516045,0.002290010452270508,23.79730987548828,,,,,
180.0,49152,15.92959213256836,,,,,,,,,,,,,,,
180.0,50176,16.079076766967773,0.31279296875,240,0.01931158,0.2,0.0003,36.4921439319849,-5.417868807911873,-0.035546043977956285,0.00040036439895629883,14.418578147888184,,,,,
180.0,51200,17.351238250732422,,,,,,,,,,,,,,,
180.0,52224,18.88918685913086,0.29736328125,250,0.020422474,0.2,0.0003,37.023542350530626,-5.377987705171108,-0.03212618033430772,0.0,7.748103141784668,,,,,
180.0,53248,17.833965301513672,,,,,,,,,,,,,,,
180.0,54272,19.56913185119629,0.34267578125,260,0.024588712,0.2,0.0003,39.84460270404816,-5.343276739120483,-0.029208748559176455,-0.00017821788787841797,21.58028221130371,,,,,
180.0,55296,15.922989845275879,,,,,,,,,,,,,,,
180.0,56320,18.539392471313477,0.32041015625,270,0.020082057,0.2,0.0003,37.19768312871456,-5.301728238165379,-0.036158886026532853,1.1920928955078125e-07,15.946701049804688,,,,,
180.0,57344,18.6037654876709,,,,,,,,,,,,,,,
180.0,58368,18.381690979003906,0.2876953125,280,0.020322833,0.2,0.0003,43.826804554462434,-5.299497793614864,-0.028528232312964974,0.0,29.95937728881836,,,,,
180.0,59392,18.11496353149414,,,,,,,,,,,,,,,
180.0,60416,19.20822525024414,0.30048828125,290,0.020078748,0.2,0.0003,39.501713427901265,-5.2264310896396635,-0.02952251333845197,-3.0159950256347656e-05,21.066680908203125,,,,,
180.0,61440,19.55846405029297,,,,,,,,,,,,,,,
,61440,,,,,,,,,,,,180,16.91576997,340,180.0,30
180.0,62464,18.712261199951172,0.296240234375,300,0.018557563,0.2,0.0003,44.7103014588356,-5.147411960363388,-0.029659903835272415,-1.1920928955078125e-07,33.590171813964844,,,,,
180.0,63488,21.127239227294922,,,,,,,,,,,,,,,
180.0,64512,19.31562042236328,0.30546875,310,0.019152991,0.2,0.0003,36.736748188734055,-5.150929671525955,-0.03787470036331797,0.0,18.86957550048828,,,,,
180.0,65536,18.909488677978516,,,,,,,,,,,,,,,
180.0,66560,18.496631622314453,0.28916015625,320,0.019166075,0.2,0.0003,50.4401892721653,-5.072239738702774,-0.030283084235270506,-1.1920928955078125e-07,23.930965423583984,,,,,
180.0,67584,20.058242797851562,,,,,,,,,,,,,,,
180.0,68608,22.81955337524414,0.27626953125,330,0.019303229,0.2,0.0003,39.35730115771294,-5.060550460219384,-0.030023986972810234,-9.1552734375e-05,28.646928787231445,,,,,
180.0,69632,19.818710327148438,,,,,,,,,,,,,,,
180.0,70656,19.665355682373047,0.319921875,340,0.020064976,0.2,0.0003,43.48575438559055,-5.0046688750386235,-0.031117232079122915,0.0,35.5029296875,,,,,
180.0,71680,21.0538330078125,,,,,,,,,,,,,,,
180.0,72704,23.175399780273438,0.29951171875,350,0.021911228,0.2,0.0003,41.21522953510284,-4.919025886058807,-0.029080126962071517,0.0,9.130176544189453,,,,,
180.0,73728,20.971229553222656,,,,,,,,,,,,,,,
180.0,74752,22.85263442993164,0.305615234375,360,0.021300543,0.2,0.0003,42.83057892024517,-4.850795193016529,-0.03374084302195115,4.887580871582031e-06,19.432886123657227,,,,,
180.0,75776,22.82192611694336,,,,,,,,,,,,,,,
180.0,76800,22.108783721923828,0.296044921875,370,0.018105753,0.2,0.0003,40.957061851024626,-4.73660887926817,-0.027656901945010758,0.0,9.41782283782959,,,,,
180.0,77824,23.129777908325195,,,,,,,,,,,,,,,
180.0,78848,24.024044036865234,0.265771484375,380,0.018239059,0.2,0.0003,47.824595683813094,-4.722631318867206,-0.0282759471796453,3.8683414459228516e-05,22.2379093170166,,,,,
180.0,79872,21.360092163085938,,,,,,,,,,,,,,,
180.0,80896,27.06406021118164,0.315771484375,390,0.020935927,0.2,0.0003,46.26911310553551,-4.657714433968067,-0.02927011978754308,0.00012028217315673828,15.169404983520508,,,,,
180.0,81920,24.919958114624023,,,,,,,,,,,,,,,
,81920,,,,,,,,,,,,240,21.52950684,340,180.0,40
180.0,82944,23.890071868896484,0.3236328125,400,0.021919642,0.2,0.0003,38.48009724020958,-4.694576027989387,-0.02983473310887348,0.0,15.421208381652832,,,,,
180.0,83968,23.49652862548828,,,,,,,,,,,,,,,
180.0,84992,24.97938346862793,0.272705078125,410,0.020011634,0.2,0.0003,44.0112773001194,-4.626268993318081,-0.02730170857939811,-0.0004265308380126953,16.192129135131836,,,,,
180.0,86016,25.088756561279297,,,,,,,,,,,,,,,
180.0,87040,25.57669448852539,0.290087890625,420,0.017842034,0.2,0.0003,45.144221258163455,-4.595861668884754,-0.028408066026167945,0.0003459453582763672,24.275068283081055,,,,,
180.0,88064,28.850200653076172,,,,,,,,,,,,,,,
180.0,89088,25.208086013793945,0.3111328125,430,0.019559244,0.2,0.0003,43.32841526865959,-4.481468994915486,-0.0317112715827534,-0.002138376235961914,9.379302978515625,,,,,
180.0,90112,27.425724029541016,,,,,,,,,,,,,,,
180.0,91136,31.401878356933594,0.2744140625,440,0.01848421,0.2,0.0003,40.89451312720776,-4.439221486449242,-0.027474698149308096,-0.0044629573822021484,14.44379711151123,,,,,
180.0,92160,25.810020446777344,,,,,,,,,,,,,,,
180.0,93184,28.570138931274414,0.292431640625,450,0.01990609,0.2,0.0003,47.83687347471714,-4.311954538524151,-0.029126288076804487,-5.3763389587402344e-05,35.49022674560547,,,,,
180.0,94208,27.183544158935547,,,,,,,,,,,,,,,
180.0,95232,25.54936981201172,0.27646484375,460,0.021952914,0.2,0.0003,43.67232292890549,-4.208526460826397,-0.02631831740727648,0.0,20.835689544677734,,,,,
180.0,96256,27.180377960205078,,,,,,,,,,,,,,,
180.0,97280,27.854629516601562,0.243701171875,470,0.01579296,0.2,0.0003,50.444645112752916,-4.254543653130531,-0.023919157942873425,8.350610733032227e-05,34.77397918701172,,,,,
180.0,98304,33.37290954589844,,,,,,,,,,,,,,,
180.0,99328,28.691282272338867,0.235009765625,480,0.015382442,0.2,0.0003,48.15585955381393,-4.228612151741982,-0.02219706791220233,0.0,15.07490348815918,,,,,
180.0,100352,29.187807083129883,,,,,,,,,,,,,,,
180.0,101376,32.94363784790039,0.250341796875,490,0.01825833,0.2,0.0003,46.09406020641327,-4.176948401331901,-0.025287248817039653,0.0009059906005859375,15.077857971191406,,,,,
180.0,102400,31.07883071899414,,,,,,,,,,,,,,,
,102400,,,,,,,,,,,,300,29.282436759999996,340,180.0,50
180.0,103424,34.13280487060547,0.232568359375,500,0.018781241,0.2,0.0003,52.239419335126875,-4.070823899656534,-0.022461628318706062,0.0,15.341585159301758,,,,,
180.0,104448,33.271766662597656,,,,,,,,,,,,,,,
180.0,105472,30.03702163696289,0.224951171875,510,0.018537953,0.2,0.0003,40.319342750310895,-4.041643203794957,-0.018900068022776394,1.1920928955078125e-07,34.491668701171875,,,,,
180.0,106496,33.76713562011719,,,,,,,,,,,,,,,
180.0,107520,35.71229934692383,0.2390625,520,0.015838861,0.2,0.0003,49.719835835695264,-3.9908154383301735,-0.021466050489107148,5.960464477539063e-08,20.8220157623291,,,,,
180.0,108544,35.181827545166016,,,,,,,,,,,,,,,
180.0,109568,38.21831512451172,0.218017578125,530,0.0181995,0.2,0.0003,42.36060567498207,-3.918325626850128,-0.018938690669892823,0.00032263994216918945,23.77583122253418,,,,,
180.0,110592,35.886756896972656,,,,,,,,,,,,,,,
180.0,111616,38.728790283203125,0.205810546875,540,0.013680333,0.2,0.0003,54.4279587328434,-3.815242178738117,-0.022124850051477553,0.00027680397033691406,24.00777816772461,,,,,
180.0,112640,42.006412506103516,,,,,,,,,,,,,,,
180.0,113664,37.676734924316406,0.216796875,550,0.01700078,0.2,0.0003,38.91939069032669,-3.764841191470623,-0.02191123788288678,-2.384185791015625e-07,28.26880645751953,,,,,
180.0,114688,35.566993713378906,,,,,,,,,,,,,,,
180.0,115712,46.524131774902344,0.208203125,560,0.014162938,0.2,0.0003,52.63417803049087,-3.685460205376148,-0.02005861788347829,-8.344650268554688e-07,19.21592903137207,,,,,
180.0,116736,34.9334602355957,,,,,,,,,,,,,,,
180.0,117760,43.134178161621094,0.26650390625,570,0.021212976,0.2,0.0003,49.867895036935806,-3.606114675849676,-0.021449280831438954,0.0,23.329814910888672,,,,,
180.0,118784,42.45911407470703,,,,,,,,,,,,,,,
180.0,119808,42.75422286987305,0.20283203125,580,0.01606232,0.2,0.0003,40.70267974734306,-3.5473577313125135,-0.019233815418556333,0.0,17.527376174926758,,,,,
180.0,120832,41.57120132446289,,,,,,,,,,,,,,,
180.0,121856,45.22221755981445,0.18994140625,590,0.013105082,0.2,0.0003,47.64770155549049,-3.4239515393972395,-0.015973936581576708,-1.1920928955078125e-07,25.4730281829834,,,,,
180.0,122880,45.23297882080078,,,,,,,,,,,,,,,
,122880,,,,,,,,,,,,360,39.71105011,340,180.0,60
180.0,123904,44.64689254760742,0.187255859375,600,0.0176122,0.2,0.0003,41.04926673769951,-3.5894744262099265,-0.019166015318478457,0.0,22.30620765686035,,,,,
180.0,124928,43.76158142089844,,,,,,,,,,,,,,,
180.0,125952,48.25390625,0.2595703125,610,0.016311992,0.2,0.0003,47.480322033166885,-3.695079432427883,-0.023819018845097163,0.0,34.866695404052734,,,,,
180.0,126976,42.399566650390625,,,,,,,,,,,,,,,
180.0,128000,49.77683639526367,0.1771484375,620,0.013615841,0.2,0.0003,52.55806818008423,-3.652388720959425,-0.017434808096732014,0.0,19.953704833984375,,,,,
180.0,129024,47.070716857910156,,,,,,,,,,,,,,,
180.0,130048,53.33491516113281,0.199658203125,630,0.01807051,0.2,0.0003,48.54880530834198,-3.4740484207868576,-0.017329117900226267,0.0,27.90102195739746,,,,,
180.0,131072,49.14276885986328,,,,,,,,,,,,,,,
180.0,132096,51.219825744628906,0.17451171875,640,0.012127787,0.2,0.0003,52.27773413658142,-3.358880350738764,-0.01745307753517409,-1.1920928955078125e-07,37.80093002319336,,,,,
180.0,133120,50.42287063598633,,,,,,,,,,,,,,,
180.0,134144,50.475379943847656,0.203662109375,650,0.016340025,0.2,0.0003,40.50372411608696,-3.3886934824287893,-0.015893342380877584,-1.1920928955078125e-07,10.672962188720703,,,,,
180.0,135168,51.64837646484375,,,,,,,,,,,,,,,
180.0,136192,51.32577133178711,0.21025390625,660,0.018353842,0.2,0.0003,46.21895792484283,-3.360895021259785,-0.017527021418936785,5.960464477539063e-08,17.26166343688965,,,,,
180.0,137216,51.6446533203125,,,,,,,,,,,,,,,
180.0,138240,54.78310775756836,0.1458984375,670,0.011950396,0.2,0.0003,49.9789463698864,-3.3278186306357385,-0.01723841545463074,-0.00016999244689941406,26.745107650756836,,,,,
180.0,139264,53.35981369018555,,,,,,,,,,,,,,,
180.0,140288,47.93471908569336,0.144873046875,680,0.015264334,0.2,0.0003,42.23690068125725,-3.404248584061861,-0.010836714824836235,-0.00206601619720459,16.797544479370117,,,,,
180.0,141312,50.027645111083984,,,,,,,,,,,,,,,
180.0,142336,50.886680603027344,0.205810546875,690,0.015592888,0.2,0.0003,47.9052877664566,-3.3356862291693687,-0.016913335569552147,0.0,38.02710723876953,,,,,
180.0,143360,53.00595474243164,,,,,,,,,,,,,,,
,143360,,,,,,,,,,,,421,50.31995988000001,340,180.0,70
180.0,144384,53.323020935058594,0.202099609375,700,0.016025044,0.2,0.0003,50.549826830625534,-3.3763875909149648,-0.016086146984889638,0.0,18.071447372436523,,,,,
180.0,145408,54.25254821777344,,,,,,,,,,,,,,,
180.0,146432,56.148468017578125,0.172607421875,710,0.009792775,0.2,0.0003,40.74270811676979,-3.3458179987967016,-0.013704998284811153,0.0,25.685911178588867,,,,,
180.0,147456,56.48070526123047,,,,,,,,,,,,,,,
180.0,148480,55.726287841796875,0.16572265625,720,0.011997979,0.2,0.0003,44.417418104410174,-3.316110711544752,-0.01592034657805925,0.0,16.310625076293945,,,,,
180.0,149504,55.23399353027344,,,,,,,,,,,,,,,
180.0,150528,57.26088333129883,0.147705078125,730,0.012763278,0.2,0.0003,45.045849406719206,-3.2110382959246637,-0.013102693556720623,0.0,24.409934997558594,,,,,
180.0,151552,59.355262756347656,,,,,,,,,,,,,,,
180.0,152576,56.047698974609375,0.171240234375,740,0.014409464,0.2,0.0003,38.60338045358658,-3.259534604847431,-0.014644533305545337,-7.510185241699219e-06,14.655966758728027,,,,,
180.0,153600,53.83013916015625,,,,,,,,,,,,,,,
180.0,154624,54.458778381347656,0.17529296875,750,0.01380506,0.2,0.0003,47.16005784869194,-3.340938849747181,-0.014248629559006076,8.028745651245117e-05,21.824750900268555,,,,,
180.0,155648,66.16468811035156,,,,,,,,,,,,,,,
180.0,156672,58.08230209350586,0.195068359375,760,0.016368162,0.2,0.0003,48.77486892938614,-3.3789395958185198,-0.015584397288330365,0.0,15.532716751098633,,,,,
180.0,157696,53.62409591674805,,,,,,,,,,,,,,,
180.0,158720,57.424278259277344,0.168359375,770,0.012231807,0.2,0.0003,51.08570505380631,-3.4203225642442705,-0.015349945743218995,0.0,27.379796981811523,,,,,
180.0,159744,53.90257263183594,,,,,,,,,,,,,,,
180.0,160768,59.65484619140625,0.18564453125,780,0.019150693,0.2,0.0003,46.2705837726593,-3.4803630746901035,-0.016589615799603052,0.0,17.571868896484375,,,,,
180.0,161792,56.496280670166016,,,,,,,,,,,,,,,
180.0,162816,60.97273635864258,0.2224609375,790,0.014260095,0.2,0.0003,49.59041492938995,-3.5554988503456117,-0.018913564963440876,-1.1920928955078125e-07,29.025352478027344,,,,,
180.0,163840,56.761043548583984,,,,,,,,,,,,,,,
,163840,,,,,,,,,,,,481,55.753872879999996,340,180.0,80
180.0,164864,59.1517448425293,0.15126953125,800,0.016392067,0.2,0.0003,57.33424133062363,-3.5516566298902035,-0.013656345343042631,-1.1920928955078125e-07,19.29710578918457,,,,,
180.0,165888,60.47782516479492,,,,,,,,,,,,,,,
180.0,166912,63.33113479614258,0.220556640625,810,0.01667772,0.2,0.0003,45.37216791510582,-3.420101411640644,-0.016486001494922676,-1.1920928955078125e-07,23.531055450439453,,,,,
180.0,167936,60.703041076660156,,,,,,,,,,,,,,,
180.0,168960,64.34514617919922,0.152783203125,820,0.012392592,0.2,0.0003,48.189932632446286,-3.340534046292305,-0.013158794790797401,5.960464477539063e-08,16.69949722290039,,,,,
180.0,169984,60.88990020751953,,,,,,,,,,,,,,,
180.0,171008,65.60196685791016,0.1853515625,830,0.012564551,0.2,0.0003,46.174910318851474,-3.2685645431280137,-0.017522264273429754,-1.1920928955078125e-07,20.892200469970703,,,,,
180.0,172032,64.75656127929688,,,,,,,,,,,,,,,
180.0,173056,66.20677185058594,0.19189453125,840,0.013970376,0.2,0.0003,49.47351365685463,-3.2487273678183555,-0.014587794536782894,0.0,18.910560607910156,,,,,
180.0,174080,62.93028259277344,,,,,,,,,,,,,,,
180.0,175104,61.006553649902344,0.152294921875,850,0.012677992,0.2,0.0003,39.84135428071022,-3.251426085829735,-0.012504651883500629,0.0,14.415080070495605,,,,,
180.0,176128,65.50502014160156,,,,,,,,,,,,,,,
180.0,177152,64.62158966064453,0.162451171875,860,0.01136313,0.2,0.0003,43.97730062603951,-3.1663325518369674,-0.015727280186547433,-1.1920928955078125e-07,23.00946044921875,,,,,
180.0,178176,62.16914749145508,,,,,,,,,,,,,,,
180.0,179200,61.3116340637207,0.200244140625,870,0.01674478,0.2,0.0003,41.22360047101974,-3.292981764674187,-0.0158605791584705,0.0,27.68937873840332,,,,,
180.0,180224,66.38433074951172,,,,,,,,,,,,,,,
180.0,181248,65.47537231445312,0.140576171875,880,0.0130627565,0.2,0.0003,57.65564485788345,-3.3098054863512516,-0.014669282021350228,1.3232231140136719e-05,26.102798461914062,,,,,
180.0,182272,66.46025085449219,,,,,,,,,,,,,,,
180.0,183296,64.89115905761719,0.192724609375,890,0.0179976,0.2,0.0003,45.817900460958484,-3.4019783690571783,-0.014911819697590544,0.0,21.702728271484375,,,,,
180.0,184320,67.71907043457031,,,,,,,,,,,,,,,
,184320,,,,,,,,,,,,541,62.79886799,340,180.0,90
180.0,185344,68.77659606933594,0.13876953125,900,0.01300507,0.2,0.0003,52.279482561349866,-3.3592033751308916,-0.010764290574297775,0.0,25.434371948242188,,,,,
180.0,186368,69.00213623046875,,,,,,,,,,,,,,,
180.0,187392,72.21239471435547,0.143701171875,910,0.010361725,0.2,0.0003,55.86145361661911,-3.3817874677479267,-0.009386342598008923,5.960464477539063e-08,22.288610458374023,,,,,
180.0,188416,67.80340576171875,,,,,,,,,,,,,,,
180.0,189440,67.66372680664062,0.191455078125,920,0.0169882,0.2,0.0003,44.995575511455534,-3.395727899670601,-0.011258387067937293,0.0,31.51325225830078,,,,,
180.0,190464,66.23617553710938,,,,,,,,,,,,,,,
180.0,191488,68.4146728515625,0.144091796875,930,0.012916109,0.2,0.0003,59.19240998625755,-3.3633622512221337,-0.0125537399413588,5.960464477539063e-08,16.69102668762207,,,,,
180.0,192512,70.593505859375,,,,,,,,,,,,,,,
180.0,193536,71.43782043457031,0.21474609375,940,0.014562183,0.2,0.0003,61.74281761646271,-3.3586449824273585,-0.015423664763511624,0.0,48.57086181640625,,,,,
180.0,194560,66.92033386230469,,,,,,,,,,,,,,,
180.0,195584,69.54956817626953,0.1587890625,950,0.013321047,0.2,0.0003,50.511851239204404,-3.348051067441702,-0.011085101193748415,-1.1920928955078125e-07,25.45660972595215,,,,,
180.0,196608,68.94561004638672,,,,,,,,,,,,,,,
180.0,197632,75.79576110839844,0.207080078125,960,0.015250735,0.2,0.0003,47.48061397075653,-3.379462621361017,-0.014756163669517264,0.0,31.484512329101562,,,,,
180.0,198656,68.99174499511719,,,,,,,,,,,,,,,
180.0,199680,73.4881362915039,0.227880859375,970,0.01682709,0.2,0.0003,54.528493815660475,-3.453570230305195,-0.017866382001375313,0.0,30.212459564208984,,,,,
180.0,200704,75.20977020263672,,,,,,,,,,,,,,,
180.0,201728,76.70509338378906,0.16962890625,980,0.013916731,0.2,0.0003,55.48845233917236,-3.393868663161993,-0.013104857630241894,-2.276897430419922e-05,34.079559326171875,,,,,
180.0,202752,74.7490234375,,,,,,,,,,,,,,,
180.0,203776,71.33370208740234,0.155908203125,990,0.014451334,0.2,0.0003,55.08263874053955,-3.4016580626368524,-0.013776935583155136,0.0,36.96968078613281,,,,,
180.0,204800,74.42150115966797,,,,,,,,,,,,,,,
,204800,,,,,,,,,,,,602,71.46043135,340,180.0,100
180.0,205824,73.6188735961914,0.143310546875,1000,0.013101016,0.2,0.0003,47.25304862260818,-3.4291915483772755,-0.010965363252034876,-1.1920928955078125e-07,20.126741409301758,,,,,
180.0,206848,77.22396087646484,,,,,,,,,,,,,,,
180.0,207872,73.54939270019531,0.22451171875,1010,0.015147697,0.2,0.0003,60.24756703972817,-3.453551760315895,-0.016635252765263432,-1.1920928955078125e-07,34.3662223815918,,,,,
180.0,208896,78.92886352539062,,,,,,,,,,,,,,,
180.0,209920,76.53984832763672,0.20439453125,1020,0.015950516,0.2,0.0003,58.190534526109694,-3.4802766256034374,-0.014516230333538261,5.960464477539063e-08,33.758995056152344,,,,,
180.0,210944,76.00472259521484,,,,,,,,,,,,,,,
180.0,211968,75.08885192871094,0.18359375,1030,0.01131054,0.2,0.0003,58.35103148818016,-3.4815808191895483,-0.01122167357825674,0.0,34.973567962646484,,,,,
180.0,212992,77.87532043457031,,,,,,,,,,,,,,,
180.0,214016,74.924560546875,0.2052734375,1040,0.016188372,0.2,0.0003,61.841077423095705,-3.4893307745456696,-0.012037662164948415,-1.1920928955078125e-07,35.45243453979492,,,,,
180.0,215040,75.42710876464844,,,,,,,,,,,,,,,
180.0,216064,77.38745880126953,0.20966796875,1050,0.015507017,0.2,0.0003,68.18107672929764,-3.4940460860729217,-0.015026189578929917,0.0,34.366249084472656,,,,,
180.0,217088,72.94760131835938,,,,,,,,,,,,,,,
180.0,218112,78.57981872558594,0.152001953125,1060,0.013296594,0.2,0.0003,56.14095493555069,-3.5063490636646746,-0.010245895611296874,0.0,24.690181732177734,,,,,
180.0,219136,75.45891571044922,,,,,,,,,,,,,,,
180.0,220160,74.69648742675781,0.154638671875,1070,0.011633679,0.2,0.0003,56.75722513198853,-3.500482290238142,-0.01415339053637581,-1.1920928955078125e-06,27.227998733520508,,,,,
180.0,221184,76.11245727539062,,,,,,,,,,,,,,,
180.0,222208,75.5625991821289,0.221337890625,1080,0.015599163,0.2,0.0003,62.736921715736386,-3.4738654248416423,-0.015883505734382197,-1.1920928955078125e-07,29.49146842956543,,,,,
180.0,223232,77.29751586914062,,,,,,,,,,,,,,,
180.0,224256,79.53585815429688,0.178564453125,1090,0.0132916365,0.2,0.0003,63.85478587150574,-3.460090672969818,-0.012079213764809537,0.0,21.010961532592773,,,,,
180.0,225280,76.94847106933594,,,,,,,,,,,,,,,
,225280,,,,,,,,,,,,662,75.68714638000002,340,180.0,110
180.0,226304,75.4920883178711,0.179931640625,1100,0.017081568,0.2,0.0003,57.14901243448257,-3.476516156643629,-0.010630838319775649,5.960464477539063e-08,28.839574813842773,,,,,
180.0,227328,76.5133285522461,,,,,,,,,,,,,,,
180.0,228352,77.32798767089844,0.150537109375,1110,0.012083245,0.2,0.0003,52.46647800803184,-3.469555859267712,-0.010999943342176266,5.960464477539063e-08,35.0648307800293,,,,,
180.0,229376,76.6558837890625,,,,,,,,,,,,,,,
180.0,230400,78.13259887695312,0.197705078125,1120,0.015336454,0.2,0.0003,63.27138867974281,-3.475922767072916,-0.012129712275054771,-1.1920928955078125e-07,47.5074348449707,,,,,
180.0,231424,80.00070190429688,,,,,,,,,,,,,,,
180.0,232448,79.02725982666016,0.1921875,1130,0.014089632,0.2,0.0003,59.03352562189102,-3.4910224504768848,-0.009379872598219662,5.960464477539063e-08,17.14287567138672,,,,,
180.0,233472,79.29920196533203,,,,,,,,,,,,,,,
180.0,234496,83.1392822265625,0.189013671875,1140,0.014854674,0.2,0.0003,56.42347717285156,-3.5020681865513326,-0.013796397614351008,0.0,31.5775203704834,,,,,
180.0,235520,79.53071594238281,,,,,,,,,,,,,,,
180.0,236544,79.50689697265625,0.16494140625,1150,0.013660183,0.2,0.0003,59.98647500872612,-3.4997884050011634,-0.011092018829367589,0.0,21.247455596923828,,,,,
180.0,237568,80.61308288574219,,,,,,,,,,,,,,,
180.0,238592,79.5353012084961,0.16513671875,1160,0.012400437,0.2,0.0003,57.18444536924362,-3.5167664624750614,-0.013423225565929897,0.0,25.697294235229492,,,,,
180.0,239616,77.01861572265625,,,,,,,,,,,,,,,
180.0,240640,81.40350341796875,0.202734375,1170,0.01552676,0.2,0.0003,58.752182805538176,-3.4982899211347105,-0.017040330427698792,0.0,24.29148292541504,,,,,
180.0,241664,77.64556121826172,,,,,,,,,,,,,,,
180.0,242688,80.23410034179688,0.197998046875,1180,0.015356572,0.2,0.0003,56.366045725345614,-3.4715437799692155,-0.01439119177957764,-1.1920928955078125e-07,37.35411071777344,,,,,
180.0,243712,79.49819946289062,,,,,,,,,,,,,,,
180.0,244736,79.377197265625,0.160693359375,1190,0.013860394,0.2,0.0003,56.15381803512573,-3.4720503836870193,-0.01116223626449937,0.0,48.57068634033203,,,,,
180.0,245760,79.36190795898438,,,,,,,,,,,,,,,
,245760,,,,,,,,,,,,722,79.77231886999999,339,180.0,120
180.0,246784,79.4123306274414,0.162939453125,1200,0.016112663,0.2,0.0003,64.59435676932335,-3.4673732474446295,-0.008792199855815853,0.0,29.913105010986328,,,,,
180.0,247808,80.66680908203125,,,,,,,,,,,,,,,
180.0,248832,83.86827850341797,0.142919921875,1210,0.014883613,0.2,0.0003,60.17265411019325,-3.4475975930690765,-0.010134626729995943,-1.1920928955078125e-07,32.776878356933594,,,,,
180.0,249856,79.80696105957031,,,,,,,,,,,,,,,
180.0,250880,84.89747619628906,0.21298828125,1220,0.016681071,0.2,0.0003,49.74803372621536,-3.4275688149034975,-0.015266842191340401,5.960464477539063e-08,17.469223022460938,,,,,
180.0,251904,80.71845245361328,,,,,,,,,,,,,,,
180.0,252928,81.00917053222656,0.18642578125,1230,0.015162085,0.2,0.0003,63.997203809022906,-3.44614322707057,-0.010139178446843288,0.0,42.64823532104492,,,,,
180.0,253952,84.82018280029297,,,,,,,,,,,,,,,
180.0,254976,81.03956604003906,0.135546875,1240,0.013685203,0.2,0.0003,54.403412663936614,-3.4457729242742063,-0.010162006302562077,0.0,20.86182403564453,,,,,
180.0,256000,81.75650024414062,,,,,,,,,,,,,,,
180.0,257024,81.92704772949219,0.168115234375,1250,0.011702351,0.2,0.0003,56.18393046855927,-3.398871391266584,-0.0118350355871371,0.0,34.70798873901367,,,,,
180.0,258048,82.50411987304688,,,,,,,,,,,,,,,
180.0,259072,81.73382568359375,0.1912109375,1260,0.0141332485,0.2,0.0003,43.56471199989319,-3.4059372022747993,-0.01006767729850253,0.0,15.364726066589355,,,,,
180.0,260096,78.21651458740234,,,,,,,,,,,,,,,
180.0,261120,81.78813171386719,0.14853515625,1270,0.0128989015,0.2,0.0003,53.35635991692543,-3.4129846692085266,-0.01564657444541808,0.0,25.06781768798828,,,,,
180.0,262144,85.16366577148438,,,,,,,,,,,,,,,
180.0,263168,86.02276611328125,0.160693359375,1280,0.014194738,0.2,0.0003,57.9390573143959,-3.410968481004238,-0.012068605911917985,5.960464477539063e-08,20.649051666259766,,,,,
180.0,264192,85.87570190429688,,,,,,,,,,,,,,,
180.0,265216,79.77693176269531,0.195654296875,1290,0.015914558,0.2,0.0003,59.58492900729179,-3.4168923936784266,-0.011969673483690713,5.960464477539063e-08,19.437490463256836,,,,,
180.0,266240,80.6747055053711,,,,,,,,,,,,,,,
,266240,,,,,,,,,,,,783,81.08336016999999,339,180.0,130
180.0,267264,85.83999633789062,0.17333984375,1300,0.015028352,0.2,0.0003,62.253741800785065,-3.4292996391654014,-0.013691629776440095,0.0,28.4238224029541,,,,,
180.0,268288,81.90341186523438,,,,,,,,,,,,,,,
180.0,269312,83.81045532226562,0.1861328125,1310,0.013813414,0.2,0.0003,53.97120510935783,-3.428927554190159,-0.01799101933283964,0.0,26.382125854492188,,,,,
180.0,270336,86.501953125,,,,,,,,,,,,,,,
180.0,271360,81.57243347167969,0.142333984375,1320,0.014384955,0.2,0.0003,52.636100471019745,-3.4478272162377834,-0.010861734207719565,0.0,31.7951717376709,,,,,
180.0,272384,82.00703430175781,,,,,,,,,,,,,,,
180.0,273408,85.28311920166016,0.18798828125,1330,0.016396293,0.2,0.0003,64.93483717441559,-3.462125975638628,-0.017249087103118656,0.0,37.02204132080078,,,,,
180.0,274432,84.81059265136719,,,,,,,,,,,,,,,
180.0,275456,82.05658721923828,0.1884765625,1340,0.014330184,0.2,0.0003,56.15543065071106,-3.466249416023493,-0.018578686384717002,5.960464477539063e-08,17.154788970947266,,,,,
180.0,276480,83.0339126586914,,,,,,,,,,,,,,,
180.0,277504,82.5526123046875,0.165869140625,1350,0.013846299,0.2,0.0003,61.88183275461197,-3.447757551074028,-0.012145765344030224,0.0,26.43508529663086,,,,,
180.0,278528,85.24482727050781,,,,,,,,,,,,,,,
180.0,279552,83.61558532714844,0.16865234375,1360,0.011553856,0.2,0.0003,61.677977085113525,-3.422310250997543,-0.00940937585401116,1.1920928955078125e-07,29.585205078125,,,,,
180.0,280576,86.07627868652344,,,,,,,,,,,,,,,
180.0,281600,84.73304748535156,0.1708984375,1370,0.01228155,0.2,0.0003,59.421599143743514,-3.4063550010323524,-0.014171013608574867,-1.1920928955078125e-07,34.70250701904297,,,,,
180.0,282624,79.86085510253906,,,,,,,,,,,,,,,
180.0,283648,83.42149353027344,0.134423828125,1380,0.012121542,0.2,0.0003,56.66846124529839,-3.3981738567352293,-0.013854236280894838,-2.384185791015625e-07,24.0048828125,,,,,
180.0,284672,84.98794555664062,,,,,,,,,,,,,,,
180.0,285696,82.88617706298828,0.20712890625,1390,0.015673593,0.2,0.0003,57.52278116941452,-3.390800202637911,-0.012724548453115858,0.0,19.80140495300293,,,,,
180.0,286720,87.9837646484375,,,,,,,,,,,,,,,
,286720,,,,,,,,,,,,843,84.25551201,340,180.0,140
180.0,287744,85.26262664794922,0.19140625,1400,0.015079065,0.2,0.0003,58.650208103656766,-3.3884565740823747,-0.011359206888300832,-1.1920928955078125e-07,27.97559928894043,,,,,
180.0,288768,81.90132141113281,,,,,,,,,,,,,,,
180.0,289792,86.04991912841797,0.206884765625,1410,0.017409593,0.2,0.0003,67.97365865111351,-3.375915848463774,-0.01600454905856168,0.0,32.154624938964844,,,,,
180.0,290816,84.09616088867188,,,,,,,,,,,,,,,
180.0,291840,86.2748794555664,0.18564453125,1420,0.0132616665,0.2,0.0003,55.68923816680908,-3.3665074311196803,-0.011771558917826042,0.0,29.21246337890625,,,,,
180.0,292864,86.36766052246094,,,,,,,,,,,,,,,
180.0,293888,85.61648559570312,0.180322265625,1430,0.013946799,0.2,0.0003,60.68270128965378,-3.3777444042265414,-0.016138519534433727,0.0,27.009620666503906,,,,,
180.0,294912,87.26200103759766,,,,,,,,,,,,,,,
180.0,295936,86.36665344238281,0.152294921875,1440,0.0133468155,0.2,0.0003,57.897732549905776,-3.400185911357403,-0.00848309568100376,-1.1920928955078125e-07,27.11319923400879,,,,,
180.0,296960,86.17890167236328,,,,,,,,,,,,,,,
180.0,297984,85.24700164794922,0.123046875,1450,0.010647595,0.2,0.0003,54.26410666704178,-3.39616823643446,-0.008990074277971872,0.0,18.65187644958496,,,,,
180.0,299008,84.08380126953125,,,,,,,,,,,,,,,
180.0,300032,89.22700500488281,0.17587890625,1460,0.014535969,0.2,0.0003,55.308244639635085,-3.3830488778650762,-0.011171272570209112,0.0,30.560840606689453,,,,,
180.0,301056,85.60116577148438,,,,,,,,,,,,,,,
180.0,302080,86.11225891113281,0.159521484375,1470,0.012693717,0.2,0.0003,59.866786134243014,-3.3992983154952525,-0.010947765530727339,0.0,49.17900848388672,,,,,
180.0,303104,84.89076232910156,,,,,,,,,,,,,,,
180.0,304128,86.17048645019531,0.151806640625,1480,0.013161393,0.2,0.0003,58.445272946357726,-3.3741419784724713,-0.01690352410514606,0.0,15.129671096801758,,,,,
180.0,305152,87.01876831054688,,,,,,,,,,,,,,,
180.0,306176,87.3814697265625,0.1931640625,1490,0.012311748,0.2,0.0003,62.23792499303818,-3.3469906039536,-0.024429443586268463,0.0,25.633569717407227,,,,,
180.0,307200,87.43281555175781,,,,,,,,,,,,,,,
,307200,,,,,,,,,,,,903,85.23903134,339,180.0,150
180.0,308224,87.89250183105469,0.1384765625,1500,0.012508843,0.2,0.0003,54.67379111647606,-3.325404403358698,-0.013902153114031535,-1.1920928955078125e-07,32.165748596191406,,,,,
180.0,309248,87.37202453613281,,,,,,,,,,,,,,,
180.0,310272,83.498291015625,0.148828125,1510,0.010398705,0.2,0.0003,50.708493494987486,-3.306237006187439,-0.015185161956469528,5.960464477539063e-08,17.72665023803711,,,,,
180.0,311296,84.93035888671875,,,,,,,,,,,,,,,
180.0,312320,86.12821197509766,0.1392578125,1520,0.011831155,0.2,0.0003,55.868011409044264,-3.3202187970280646,-0.004894262294692453,-1.1920928955078125e-07,25.92209815979004,,,,,
180.0,313344,88.56185913085938,,,,,,,,,,,,,,,
180.0,314368,84.80606079101562,0.2,1530,0.015969096,0.2,0.0003,51.37731769680977,-3.3484097860753534,-0.009450336782902014,5.960464477539063e-08,16.56528091430664,,,,,
180.0,315392,88.33274841308594,,,,,,,,,,,,,,,
180.0,316416,84.91875457763672,0.18388671875,1540,0.015090017,0.2,0.0003,51.62918959259987,-3.3405484430491925,-0.01321567824052181,0.0,25.261940002441406,,,,,
180.0,317440,85.7885513305664,,,,,,,,,,,,,,,
180.0,318464,83.71186828613281,0.216943359375,1550,0.015995651,0.2,0.0003,49.44382308721542,-3.347766253352165,-0.01286074595846003,0.0,23.932096481323242,,,,,
180.0,319488,88.70159912109375,,,,,,,,,,,,,,,
180.0,320512,81.5667724609375,0.18857421875,1560,0.016319167,0.2,0.0003,55.32003793120384,-3.360528993606567,-0.01093352937605232,5.960464477539063e-08,34.167388916015625,,,,,
180.0,321536,85.7489242553711,,,,,,,,,,,,,,,
180.0,322560,84.93110656738281,0.113720703125,1570,0.010459231,0.2,0.0003,56.91483937501907,-3.3508515894412993,-0.011115272458846448,1.1920928955078125e-07,27.22216796875,,,,,
180.0,323584,83.45033264160156,,,,,,,,,,,,,,,
180.0,324608,84.2289047241211,0.13818359375,1580,0.0109012155,0.2,0.0003,54.67577975988388,-3.3449671894311903,-0.009328310078126378,-1.1920928955078125e-07,25.057498931884766,,,,,
180.0,325632,85.79249572753906,,,,,,,,,,,,,,,
180.0,326656,89.03700256347656,0.11875,1590,0.011817371,0.2,0.0003,54.87211239337921,-3.3584222592413426,-0.009392241177556571,5.960464477539063e-08,31.450464248657227,,,,,
180.0,327680,87.1729965209961,,,,,,,,,,,,,,,
,327680,,,,,,,,,,,,964,86.16508478000002,339,180.0,160
180.0,328704,83.9849624633789,0.132275390625,1600,0.01143005,0.2,0.0003,55.98673839569092,-3.3681132279336454,-0.008482749672839417,-1.1920928955078125e-07,30.231426239013672,,,,,
180.0,329728,85.38912963867188,,,,,,,,,,,,,,,
180.0,330752,85.50944519042969,0.1826171875,1610,0.0151728345,0.2,0.0003,58.10545084476471,-3.35192344635725,-0.011507634569716175,0.0,32.0997428894043,,,,,
180.0,331776,85.42826080322266,,,,,,,,,,,,,,,
180.0,332800,87.72380065917969,0.218603515625,1620,0.01631856,0.2,0.0003,54.49040316939354,-3.3474985882639885,-0.022747161447477994,0.0,37.531166076660156,,,,,
180.0,333824,88.21647644042969,,,,,,,,,,,,,,,
180.0,334848,88.06167602539062,0.158349609375,1630,0.013578799,0.2,0.0003,53.37332654595375,-3.3145968541502953,-0.015170943237899337,0.0,16.7755126953125,,,,,
180.0,335872,85.5351333618164,,,,,,,,,,,,,,,
180.0,336896,84.94154357910156,0.185205078125,1640,0.013024088,0.2,0.0003,50.99365275502205,-3.3127561010420323,-0.012784381106030196,0.0,20.09136199951172,,,,,
180.0,337920,87.64016723632812,,,,,,,,,,,,,,,
180.0,338944,88.15249633789062,0.131689453125,1650,0.012215409,0.2,0.0003,57.98386453986168,-3.318360206484795,-0.010209229648171458,3.5762786865234375e-07,19.2320556640625,,,,,
180.0,339968,87.7920150756836,,,,,,,,,,,,,,,
180.0,340992,86.36711883544922,0.1626953125,1660,0.014093034,0.2,0.0003,57.71474061608315,-3.3032172940671445,-0.01295048211759422,0.0,29.210914611816406,,,,,
180.0,342016,88.22584533691406,,,,,,,,,,,,,,,
180.0,343040,86.38613891601562,0.1349609375,1670,0.013248342,0.2,0.0003,60.26508468389511,-3.3453499011695387,-0.0062052772787865255,0.0,33.63737487792969,,,,,
180.0,344064,88.77024841308594,,,,,,,,,,,,,,,
180.0,345088,88.02842712402344,0.167626953125,1680,0.014574334,0.2,0.0003,51.89315025806427,-3.3559027150273324,-0.022340086434269324,-1.1920928955078125e-07,22.428001403808594,,,,,
180.0,346112,86.85176849365234,,,,,,,,,,,,,,,
180.0,347136,90.77410888671875,0.17294921875,1690,0.013888476,0.2,0.0003,53.85079496502876,-3.3394103802740576,-0.013239389318187023,5.960464477539063e-08,26.742591857910156,,,,,
180.0,348160,92.95233154296875,,,,,,,,,,,,,,,
,348160,,,,,,,,,,,,1024,87.98784792000001,339,180.0,170
180.0,349184,86.2806396484375,0.19228515625,1700,0.014844786,0.2,0.0003,61.640719598531724,-3.362729323655367,-0.010823116845858748,0.0,22.148792266845703,,,,,
180.0,350208,86.88961791992188,,,,,,,,,,,,,,,
180.0,351232,88.18721008300781,0.1869140625,1710,0.016963672,0.2,0.0003,54.284478545188904,-3.4012262620031835,-0.011845341049775016,0.0,26.367555618286133,,,,,
180.0,352256,91.52232360839844,,,,,,,,,,,,,,,
180.0,353280,86.36639404296875,0.156494140625,1720,0.013154909,0.2,0.0003,59.4690144598484,-3.4130216017365456,-0.011451275044237264,0.0,26.139328002929688,,,,,
180.0,354304,87.7333755493164,,,,,,,,,,,,,,,
180.0,355328,84.82107543945312,0.2005859375,1730,0.015968086,0.2,0.0003,65.34384716153144,-3.3947789549827574,-0.016028500269749203,0.0,29.46858024597168,,,,,
180.0,356352,87.83190155029297,,,,,,,,,,,,,,,
180.0,357376,86.16480255126953,0.1759765625,1740,0.014229144,0.2,0.0003,57.840873301029205,-3.3777646347880363,-0.006277221828349866,-2.384185791015625e-07,25.555267333984375,,,,,
180.0,358400,89.07118225097656,,,,,,,,,,,,,,,
180.0,359424,89.28118896484375,0.184765625,1750,0.013775004,0.2,0.0003,63.183449286222455,-3.3906619891524317,-0.01720663309970405,-2.384185791015625e-07,43.946022033691406,,,,,
180.0,360448,83.61712646484375,,,,,,,,,,,,,,,
180.0,361472,86.88440704345703,0.181103515625,1760,0.012664152,0.2,0.0003,58.974080574512485,-3.39775056168437,-0.014906879600312095,-1.0728836059570312e-06,39.063167572021484,,,,,
180.0,362496,88.4346923828125,,,,,,,,,,,,,,,
180.0,363520,88.89522552490234,0.176123046875,1770,0.0137618445,0.2,0.0003,53.523656672239305,-3.3967636175453664,-0.018870901774789672,0.0,9.533617973327637,,,,,
180.0,364544,86.48157501220703,,,,,,,,,,,,,,,
180.0,365568,87.802734375,0.200244140625,1780,0.013440643,0.2,0.0003,62.85863199234009,-3.362345743179321,-0.01928205801959848,5.960464477539063e-08,21.399330139160156,,,,,
180.0,366592,87.18276977539062,,,,,,,,,,,,,,,
180.0,367616,87.58265686035156,0.189111328125,1790,0.013473017,0.2,0.0003,52.45256616473198,-3.3585181340575216,-0.009130312914203386,-1.1920928955078125e-07,31.2515926361084,,,,,
180.0,368640,87.31875610351562,,,,,,,,,,,,,,,
,368640,,,,,,,,,,,,1084,88.30884202000001,339,180.0,180
180.0,369664,89.34530639648438,0.16630859375,1800,0.009991012,0.2,0.0003,57.397167903184894,-3.3279600903391837,-0.013998054646071978,5.960464477539063e-08,37.38739776611328,,,,,
180.0,370688,88.05088806152344,,,,,,,,,,,,,,,
180.0,371712,88.12489318847656,0.143359375,1810,0.011593841,0.2,0.0003,60.36406786441803,-3.339368277788162,-0.01643275282694958,-1.1920928955078125e-07,18.434921264648438,,,,,
180.0,372736,91.04959106445312,,,,,,,,,,,,,,,
180.0,373760,91.07705688476562,0.177783203125,1820,0.0145516265,0.2,0.0003,51.65557792186737,-3.3073866188526155,-0.01371141324780183,0.0,19.461027145385742,,,,,
180.0,374784,90.18031311035156,,,,,,,,,,,,,,,
180.0,375808,88.279296875,0.178662109375,1830,0.01376568,0.2,0.0003,57.92101676464081,-3.328104431927204,-0.017139597608183975,0.0,20.67984390258789,,,,,
180.0,376832,89.5126724243164,,,,,,,,,,,,,,,
180.0,377856,89.20128631591797,0.2103515625,1840,0.016185664,0.2,0.0003,52.029748398065564,-3.327961318194866,-0.018527270840422716,0.0,32.220672607421875,,,,,
180.0,378880,87.33708190917969,,,,,,,,,,,,,,,
180.0,379904,91.64633178710938,0.198828125,1850,0.01621705,0.2,0.0003,57.723942482471465,-3.3562764383852484,-0.010999929204990622,5.960464477539063e-08,21.099409103393555,,,,,
180.0,380928,91.57923126220703,,,,,,,,,,,,,,,
180.0,381952,89.04167938232422,0.1546875,1860,0.012607489,0.2,0.0003,62.46013171076775,-3.3648659266531467,-0.010716868449526374,-1.1920928955078125e-07,23.878173828125,,,,,
180.0,382976,88.92666625976562,,,,,,,,,,,,,,,
180.0,384000,88.97215270996094,0.162890625,1870,0.013563652,0.2,0.0003,62.72492769360542,-3.3905698992311954,-0.009811494102177677,0.0,36.02467346191406,,,,,
180.0,385024,88.8253402709961,,,,,,,,,,,,,,,
180.0,386048,89.666259765625,0.169775390625,1880,0.013670843,0.2,0.0003,62.544562405347826,-3.3866787157952785,-0.018234865654085296,0.0,29.01718521118164,,,,,
180.0,387072,88.91618347167969,,,,,,,,,,,,,,,
180.0,388096,88.94026184082031,0.104736328125,1890,0.010619439,0.2,0.0003,60.417162322998045,-3.3760556422173975,-0.015344920834468211,0.0,42.915470123291016,,,,,
180.0,389120,89.88716125488281,,,,,,,,,,,,,,,
,389120,,,,,,,,,,,,1145,89.79367083999999,339,180.0,190
180.0,390144,90.85751342773438,0.178369140625,1900,0.012766182,0.2,0.0003,54.575236696004865,-3.343095298856497,-0.014586160588078202,0.0,30.094860076904297,,,,,
180.0,391168,93.32698059082031,,,,,,,,,,,,,,,
180.0,392192,89.14381408691406,0.1107421875,1910,0.011993796,0.2,0.0003,66.45502346158028,-3.3495917342603208,-0.007395616915891879,-1.1920928955078125e-07,49.1698112487793,,,,,
180.0,393216,89.56742858886719,,,,,,,,,,,,,,,
180.0,394240,91.11311340332031,0.13623046875,1920,0.010111369,0.2,0.0003,53.37936323881149,-3.362447012960911,-0.014772407455893699,0.0,18.388778686523438,,,,,
180.0,395264,88.40135192871094,,,,,,,,,,,,,,,
180.0,396288,89.49325561523438,0.185546875,1930,0.013160868,0.2,0.0003,60.38927745223045,-3.3632529094815253,-0.019061520652030595,-1.1920928955078125e-07,17.552284240722656,,,,,
180.0,397312,90.22531127929688,,,,,,,,,,,,,,,
180.0,398336,88.67172241210938,0.18046875,1940,0.012295519,0.2,0.0003,68.97631214857101,-3.350387058407068,-0.01813399335369468,0.0,48.80971908569336,,,,,
180.0,399360,88.83313751220703,,,,,,,,,,,,,,,
180.0,400384,90.9200439453125,0.21728515625,1950,0.014507335,0.2,0.0003,55.15548795461655,-3.3505934692919253,-0.015842474001692607,0.0,14.421236991882324,,,,,
180.0,401408,92.84295654296875,,,,,,,,,,,,,,,
