eval/mean_ep_length,eval/mean_reward,time/total_timesteps,train/clip_fraction,train/clip_range,train/learning_rate,train/approx_kl,train/policy_gradient_loss,train/value_loss,train/loss,train/n_updates,train/entropy_loss,train/explained_variance,rollout/ep_rew_mean,time/fps,rollout/ep_len_mean,time/iterations,time/time_elapsed
27.0,40.502899169921875,1024,,,,,,,,,,,,,,,
27.0,39.06964111328125,2048,,,,,,,,,,,,,,,
27.0,42.65650177001953,3072,0.51357421875,0.2,0.0003,0.095840186,-0.08070246264687739,83.17443467378617,37.213802337646484,10,-5.845620013773441,0.0009014606475830078,,,,,
27.0,45.84734344482422,4096,,,,,,,,,,,,,,,
27.0,40.294219970703125,5120,0.424853515625,0.2,0.0003,0.05357225,-0.061203191010281446,108.40260348320007,38.162628173828125,20,-5.810008309781551,0.0,,,,,
27.0,36.382537841796875,6144,,,,,,,,,,,,,,,
27.0,34.61449432373047,7168,0.427978515625,0.2,0.0003,0.057476617,-0.06313634386751801,100.88446416854859,36.29591369628906,30,-5.78757672905922,0.0,,,,,
27.0,37.557884216308594,8192,,,,,,,,,,,,,,,
27.0,41.50305938720703,9216,0.42236328125,0.2,0.0003,0.058754522,-0.06562200853368268,95.03085306882858,27.694950103759766,40,-5.75973739027977,0.0,,,,,
27.0,42.471134185791016,10240,,,,,,,,,,,,,,,
27.0,38.98377227783203,11264,0.456689453125,0.2,0.0003,0.07220568,-0.07114689669106156,91.46507785320281,43.04268264770508,50,-5.724337656795979,0.0,,,,,
27.0,36.84027099609375,12288,,,,,,,,,,,,,,,
27.0,36.733795166015625,13312,0.4521484375,0.2,0.0003,0.06845531,-0.07199305503745564,87.29262076616287,36.2624626159668,60,-5.693653890490532,0.0,,,,,
27.0,42.88227081298828,14336,,,,,,,,,,,,,,,
27.0,39.53448486328125,15360,0.452001953125,0.2,0.0003,0.06915893,-0.06845460631884634,76.79714218378066,41.26119613647461,70,-5.657345502078533,0.0,,,,,
27.0,37.626441955566406,16384,,,,,,,,,,,,,,,
27.0,38.940513610839844,17408,0.473681640625,0.2,0.0003,0.0752241,-0.06657912232913077,62.678079557418826,34.36915969848633,80,-5.5904369607567785,0.0,,,,,
27.0,40.38943862915039,18432,,,,,,,,,,,,,,,
27.0,42.589759826660156,19456,0.449755859375,0.2,0.0003,0.068390146,-0.06532336635282263,66.35897624492645,28.352672576904297,90,-5.550230558216572,0.0,,,,,
27.0,40.429412841796875,20480,,,,,,,,,,,,,,,
,,20480,,,,,,,,,,,40.41537901,524,27.0,10,39
27.0,37.79939270019531,21504,0.4443359375,0.2,0.0003,0.0675444,-0.0632946418481879,61.0038457274437,29.791128158569336,100,-5.516526629030705,0.0,,,,,
27.0,37.750816345214844,22528,,,,,,,,,,,,,,,
27.0,42.18624496459961,23552,0.507763671875,0.2,0.0003,0.08170302,-0.07310719841043464,60.57622573375702,25.39961051940918,110,-5.445231933891773,0.0,,,,,
27.0,39.22955322265625,24576,,,,,,,,,,,,,,,
27.0,39.04087829589844,25600,0.47666015625,0.2,0.0003,0.072015695,-0.06092086494900286,55.18711361289024,24.43754768371582,120,-5.425894908607006,0.0,,,,,
27.0,41.34032440185547,26624,,,,,,,,,,,,,,,
27.0,42.799224853515625,27648,0.437548828125,0.2,0.0003,0.06387362,-0.05383697674260475,56.12044705748558,29.823486328125,130,-5.395847028493881,0.0,,,,,
27.0,43.513065338134766,28672,,,,,,,,,,,,,,,
27.0,40.86309814453125,29696,0.472314453125,0.2,0.0003,0.068904,-0.062015044433064756,52.57738311290741,31.69071388244629,140,-5.347114534676075,0.0,,,,,
27.0,39.23194122314453,30720,,,,,,,,,,,,,,,
27.0,40.811988830566406,31744,0.4642578125,0.2,0.0003,0.069123335,-0.06210767777520232,51.73442034125328,26.348966598510742,150,-5.320309330523014,0.0,,,,,
27.0,39.32843780517578,32768,,,,,,,,,,,,,,,
27.0,42.126163482666016,33792,0.4669921875,0.2,0.0003,0.068111226,-0.0542527764569968,53.00003910660744,26.69770622253418,160,-5.297528034448623,0.0,,,,,
27.0,40.93605041503906,34816,,,,,,,,,,,,,,,
27.0,39.61701583862305,35840,0.472607421875,0.2,0.0003,0.07058817,-0.054525835515232754,52.184233736991885,24.809715270996094,170,-5.230379773676395,0.0,,,,,
27.0,36.69505310058594,36864,,,,,,,,,,,,,,,
27.0,37.50205993652344,37888,0.480615234375,0.2,0.0003,0.06576633,-0.06277130999369547,49.88342930078507,25.041099548339844,180,-5.21977174282074,-1.1920928955078125e-07,,,,,
27.0,41.753684997558594,38912,,,,,,,,,,,,,,,
27.0,39.97279739379883,39936,0.497998046875,0.2,0.0003,0.06880926,-0.05730944401584566,42.79382057189942,21.802330017089844,190,-5.174696239829063,1.1920928955078125e-07,,,,,
27.0,40.01100158691406,40960,,,,,,,,,,,,,,,
,,40960,,,,,,,,,,,39.76169008,519,27.0,20,78
27.0,42.10004806518555,41984,0.46015625,0.2,0.0003,0.0685152,-0.05419534498360008,42.7679404437542,18.88512420654297,200,-5.1209130987524984,0.0,,,,,
27.0,41.35165786743164,43008,,,,,,,,,,,,,,,
27.0,39.98719787597656,44032,0.458203125,0.2,0.0003,0.065708324,-0.0570484735595528,43.646300262212755,17.081085205078125,210,-5.068539224565029,0.0,,,,,
27.0,45.41630172729492,45056,,,,,,,,,,,,,,,
27.0,42.70360565185547,46080,0.449951171875,0.2,0.0003,0.065717064,-0.060133142909035084,41.704837346076964,16.852144241333008,220,-5.045812618732453,0.0,,,,,
27.0,40.14616012573242,47104,,,,,,,,,,,,,,,
27.0,41.488006591796875,48128,0.457666015625,0.2,0.0003,0.059748672,-0.053309420373989266,42.91384016871452,22.74681854248047,230,-5.001602455973625,0.0,,,,,
27.0,41.583045959472656,49152,,,,,,,,,,,,,,,
27.0,34.45489501953125,50176,0.47783203125,0.2,0.0003,0.060722567,-0.06492703686235472,42.60404580831528,19.225011825561523,240,-4.965728129446506,0.0,,,,,
27.0,37.144386291503906,51200,,,,,,,,,,,,,,,
27.0,36.59200668334961,52224,0.44716796875,0.2,0.0003,0.058614656,-0.052859121016808785,45.33472229838371,26.907724380493164,250,-4.911713947355747,0.0,,,,,
27.0,45.362178802490234,53248,,,,,,,,,,,,,,,
27.0,42.352657318115234,54272,0.447900390625,0.2,0.0003,0.058236778,-0.05086476221622434,39.30376837253571,20.51049041748047,260,-4.854794375598431,0.0,,,,,
27.0,42.729248046875,55296,,,,,,,,,,,,,,,
27.0,47.79350280761719,56320,0.470068359375,0.2,0.0003,0.06536479,-0.0493500541546382,42.17139593958855,19.609779357910156,270,-4.798712515830994,0.0,,,,,
27.0,42.67972946166992,57344,,,,,,,,,,,,,,,
27.0,41.89099884033203,58368,0.48583984375,0.2,0.0003,0.062786184,-0.047784357020282185,34.47638798952103,17.677560806274414,280,-4.756502883136273,0.0,,,,,
27.0,37.638153076171875,59392,,,,,,,,,,,,,,,
27.0,45.57645034790039,60416,0.466162109375,0.2,0.0003,0.06509091,-0.04944814657792449,37.21001645326614,21.322219848632812,290,-4.67945430278778,0.0,,,,,
27.0,44.711387634277344,61440,,,,,,,,,,,,,,,
,,61440,,,,,,,,,,,44.27770048,515,27.0,30,119
27.0,46.079933166503906,62464,0.46806640625,0.2,0.0003,0.07045299,-0.05467115084757097,43.11505677103996,21.40381622314453,300,-4.62152682095766,0.0,,,,,
27.0,46.159446716308594,63488,,,,,,,,,,,,,,,
27.0,47.43516540527344,64512,0.500537109375,0.2,0.0003,0.079605535,-0.058754914806922895,42.38138075470924,25.99688720703125,310,-4.564854566752911,0.0,,,,,
27.0,39.71636199951172,65536,,,,,,,,,,,,,,,
27.0,44.36500930786133,66560,0.47431640625,0.2,0.0003,0.067077026,-0.04571137248422019,40.45173522233963,17.415386199951172,320,-4.519359104335308,-2.384185791015625e-07,,,,,
27.0,44.873233795166016,67584,,,,,,,,,,,,,,,
27.0,48.46603012084961,68608,0.454248046875,0.2,0.0003,0.06451923,-0.05534765615593642,39.19871791005134,21.404542922973633,330,-4.471481025218964,0.0,,,,,
27.0,51.67224884033203,69632,,,,,,,,,,,,,,,
27.0,47.486751556396484,70656,0.465380859375,0.2,0.0003,0.07268983,-0.05947398436255753,42.66522631049156,22.47627830505371,340,-4.4103268653154375,0.0,,,,,
27.0,42.545570373535156,71680,,,,,,,,,,,,,,,
27.0,45.86915969848633,72704,0.474658203125,0.2,0.0003,0.07397828,-0.04899165477399947,36.17781354784965,17.047828674316406,350,-4.349689397215843,0.0,,,,,
27.0,45.34782409667969,73728,,,,,,,,,,,,,,,
27.0,46.47740173339844,74752,0.464306640625,0.2,0.0003,0.062151283,-0.05454954718006775,39.19556117653847,18.05113983154297,360,-4.274475507438183,1.1920928955078125e-07,,,,,
27.0,46.41648864746094,75776,,,,,,,,,,,,,,,
27.0,50.195037841796875,76800,0.428564453125,0.2,0.0003,0.05218886,-0.05239116511365864,34.225642162561414,15.411004066467285,370,-4.183316724002362,0.0,,,,,
27.0,43.22728729248047,77824,,,,,,,,,,,,,,,
27.0,49.02667236328125,78848,0.45185546875,0.2,0.0003,0.071112245,-0.05586612256593071,35.656544059515,10.061712265014648,380,-4.103355522453785,0.0,,,,,
27.0,47.242576599121094,79872,,,,,,,,,,,,,,,
27.0,48.54754638671875,80896,0.45341796875,0.2,0.0003,0.073297486,-0.05052057100401726,31.719461530447006,13.674667358398438,390,-4.022412953525782,1.1920928955078125e-07,,,,,
27.0,51.316104888916016,81920,,,,,,,,,,,,,,,
,,81920,,,,,,,,,,,50.057793659999994,514,27.0,40,159
27.0,51.18403625488281,82944,0.496630859375,0.2,0.0003,0.08148393,-0.055941706628073004,32.63650963306427,12.29983139038086,400,-3.9820834055542944,5.960464477539063e-08,,,,,
27.0,49.223690032958984,83968,,,,,,,,,,,,,,,
27.0,47.494110107421875,84992,0.49150390625,0.2,0.0003,0.08352202,-0.05380859085707925,33.44208835363388,15.73521900177002,410,-3.913770816475153,0.0,,,,,
27.0,52.59743881225586,86016,,,,,,,,,,,,,,,
27.0,50.0487174987793,87040,0.46513671875,0.2,0.0003,0.07667829,-0.048088978859595954,37.596101170778276,21.564538955688477,420,-3.850068452954292,0.0,,,,,
27.0,50.98966979980469,88064,,,,,,,,,,,,,,,
27.0,47.70059585571289,89088,0.4654296875,0.2,0.0003,0.06714787,-0.05273846272611991,33.626078349351886,17.940916061401367,430,-3.799601700156927,0.0,,,,,
27.0,49.021141052246094,90112,,,,,,,,,,,,,,,
27.0,50.53595733642578,91136,0.466748046875,0.2,0.0003,0.07705499,-0.051201796013629064,31.83780935406685,16.994333267211914,440,-3.782613480836153,0.0,,,,,
27.0,51.44902801513672,92160,,,,,,,,,,,,,,,
27.0,53.97142791748047,93184,0.48125,0.2,0.0003,0.07463883,-0.04538014912977815,29.374736928939818,14.308341026306152,450,-3.7468088552355767,5.960464477539063e-08,,,,,
27.0,50.88301467895508,94208,,,,,,,,,,,,,,,
27.0,53.020538330078125,95232,0.513818359375,0.2,0.0003,0.07584846,-0.05428507247706875,30.898542940616608,11.161733627319336,460,-3.726693030446768,5.960464477539063e-08,,,,,
27.0,47.26614761352539,96256,,,,,,,,,,,,,,,
27.0,53.08277893066406,97280,0.488671875,0.2,0.0003,0.07861082,-0.045356796673149805,26.94423977136612,12.425910949707031,470,-3.706803950667381,0.0,,,,,
27.0,50.44363784790039,98304,,,,,,,,,,,,,,,
27.0,53.56241989135742,99328,0.4693359375,0.2,0.0003,0.08676146,-0.03751622516429052,31.607027965784074,14.734018325805664,480,-3.7080672688782217,0.0,,,,,
27.0,48.506980895996094,100352,,,,,,,,,,,,,,,
27.0,52.06245422363281,101376,0.451025390625,0.2,0.0003,0.07762494,-0.04641543814796023,28.768163031339647,13.074567794799805,490,-3.7034494198858736,0.0,,,,,
27.0,52.392433166503906,102400,,,,,,,,,,,,,,,
,,102400,,,,,,,,,,,53.86480418000001,515,27.0,50,198
27.0,49.128334045410156,103424,0.506689453125,0.2,0.0003,0.09721801,-0.04676025784210651,27.659842965006828,15.293767929077148,500,-3.6610144175589086,0.0,,,,,
27.0,51.0948600769043,104448,,,,,,,,,,,,,,,
27.0,51.92418670654297,105472,0.493408203125,0.2,0.0003,0.10002137,-0.04425368153606542,28.733837616443633,14.96825122833252,510,-3.639352302253246,0.0,,,,,
27.0,50.549739837646484,106496,,,,,,,,,,,,,,,
27.0,53.324073791503906,107520,0.4888671875,0.2,0.0003,0.09756702,-0.04619927787425695,28.019068866968155,12.429790496826172,520,-3.616887318342924,0.0,,,,,
27.0,49.76976013183594,108544,,,,,,,,,,,,,,,
27.0,54.055511474609375,109568,0.474072265625,0.2,0.0003,0.07850786,-0.04233453444903716,28.55053300857544,16.48273468017578,530,-3.585452853888273,0.0,,,,,
27.0,52.94410705566406,110592,,,,,,,,,,,,,,,
27.0,49.99916076660156,111616,0.440673828125,0.2,0.0003,0.07138356,-0.041979214883758685,23.984924724698068,12.211405754089355,540,-3.5678207211196424,0.0,,,,,
27.0,50.13043212890625,112640,,,,,,,,,,,,,,,
27.0,50.289451599121094,113664,0.475634765625,0.2,0.0003,0.092758305,-0.04852274704608135,26.33323590159416,8.520673751831055,550,-3.5298131093382836,0.0,,,,,
27.0,50.814544677734375,114688,,,,,,,,,,,,,,,
27.0,53.46026611328125,115712,0.470703125,0.2,0.0003,0.085595414,-0.04044993369025178,24.587726703286172,14.275446891784668,560,-3.502298527956009,0.0,,,,,
27.0,51.11466979980469,116736,,,,,,,,,,,,,,,
27.0,55.68982696533203,117760,0.458740234375,0.2,0.0003,0.07751787,-0.04777576980122831,23.591830083727835,10.693944931030273,570,-3.4828331343829633,0.0,,,,,
27.0,52.821224212646484,118784,,,,,,,,,,,,,,,
27.0,55.4448356628418,119808,0.511572265625,0.2,0.0003,0.08493514,-0.04272816325537861,26.0184171885252,8.545276641845703,580,-3.491296773403883,0.0,,,,,
27.0,55.75890350341797,120832,,,,,,,,,,,,,,,
27.0,53.91419982910156,121856,0.453955078125,0.2,0.0003,0.08313088,-0.04750342998304404,26.139649277925493,14.81100845336914,590,-3.4799038894474505,-1.1920928955078125e-07,,,,,
27.0,50.844093322753906,122880,,,,,,,,,,,,,,,
,,122880,,,,,,,,,,,56.27290788000002,517,27.0,60,237
27.0,52.95789337158203,123904,0.480419921875,0.2,0.0003,0.08309509,-0.04183481934887823,23.23394495844841,7.786096096038818,600,-3.4478666447103024,0.0,,,,,
27.0,52.393062591552734,124928,,,,,,,,,,,,,,,
27.0,55.22416305541992,125952,0.50419921875,0.2,0.0003,0.10363738,-0.05288681098027155,24.957283186912537,12.33271598815918,610,-3.457891998440027,0.0,,,,,
27.0,54.644073486328125,126976,,,,,,,,,,,,,,,
27.0,56.42328643798828,128000,0.469189453125,0.2,0.0003,0.09533964,-0.04410121311666444,20.004799428582192,12.16259479522705,620,-3.4568708993494512,0.0,,,,,
27.0,50.66969680786133,129024,,,,,,,,,,,,,,,
27.0,49.56227111816406,130048,0.490087890625,0.2,0.0003,0.107705384,-0.04434174088673899,24.74880006313324,11.287586212158203,630,-3.446742384135723,0.0,,,,,
27.0,51.816837310791016,131072,,,,,,,,,,,,,,,
27.0,51.59175109863281,132096,0.460888671875,0.2,0.0003,0.110075206,-0.030793379158421886,23.36655582487583,9.125480651855469,640,-3.4456517197191716,0.0,,,,,
27.0,54.98481750488281,133120,,,,,,,,,,,,,,,
27.0,54.958580017089844,134144,0.49296875,0.2,0.0003,0.12707907,-0.038036069949157536,23.658106285333634,12.623290061950684,650,-3.4216542817652225,-1.1920928955078125e-07,,,,,
27.0,53.78578186035156,135168,,,,,,,,,,,,,,,
27.0,53.65265655517578,136192,0.50869140625,0.2,0.0003,0.12473221,-0.03622897550958441,20.235860434174537,6.751949310302734,660,-3.4105344377458096,0.0,,,,,
27.0,52.20316696166992,137216,,,,,,,,,,,,,,,
27.0,52.545528411865234,138240,0.546435546875,0.2,0.0003,0.15283537,-0.0402775267168181,22.091423684358595,9.444561958312988,670,-3.4114151895046234,0.0,,,,,
27.0,57.96106719970703,139264,,,,,,,,,,,,,,,
27.0,53.87938690185547,140288,0.522705078125,0.2,0.0003,0.14404757,-0.02387362771114567,22.364835491776468,11.188749313354492,680,-3.3867988288402557,0.0,,,,,
27.0,55.144126892089844,141312,,,,,,,,,,,,,,,
27.0,55.93117904663086,142336,0.542822265625,0.2,0.0003,0.14431795,-0.035151511221192776,20.60047284066677,7.008046627044678,690,-3.3662059038877485,0.0,,,,,
27.0,56.34632110595703,143360,,,,,,,,,,,,,,,
,,143360,,,,,,,,,,,59.02520188,517,27.0,70,277
27.0,50.28871536254883,144384,0.58583984375,0.2,0.0003,0.1763471,-0.028788962971884758,21.234161749482155,7.102959632873535,700,-3.344391018152237,0.0,,,,,
27.0,50.045921325683594,145408,,,,,,,,,,,,,,,
27.0,57.407379150390625,146432,0.498779296875,0.2,0.0003,0.13639882,-0.021177578475908378,20.672478088736533,10.216358184814453,710,-3.361031701415777,-1.1920928955078125e-07,,,,,
27.0,53.95887756347656,147456,,,,,,,,,,,,,,,
27.0,52.29179763793945,148480,0.546728515625,0.2,0.0003,0.15753138,-0.02603578757116338,20.75935986638069,9.318394660949707,720,-3.3685382276773455,0.0,,,,,
27.0,51.302589416503906,149504,,,,,,,,,,,,,,,
27.0,53.568058013916016,150528,0.544091796875,0.2,0.0003,0.1552153,-0.035744099419389386,21.850678199529646,10.99634838104248,730,-3.372297514230013,5.960464477539063e-08,,,,,
27.0,53.835243225097656,151552,,,,,,,,,,,,,,,
27.0,54.675537109375,152576,0.5791015625,0.2,0.0003,0.14216262,-0.0366288186312886,18.737789970636367,9.961310386657715,740,-3.37048547193408,0.0,,,,,
27.0,55.21817398071289,153600,,,,,,,,,,,,,,,
27.0,56.87904739379883,154624,0.488232421875,0.2,0.0003,0.11147748,-0.025800817723211366,19.807270660996437,11.280228614807129,750,-3.3693502068519594,1.1920928955078125e-07,,,,,
27.0,55.16658020019531,155648,,,,,,,,,,,,,,,
27.0,53.61573028564453,156672,0.49716796875,0.2,0.0003,0.10675958,-0.038938718680583406,16.88933093547821,8.383584976196289,760,-3.3778012588620188,1.1920928955078125e-07,,,,,
27.0,54.88090515136719,157696,,,,,,,,,,,,,,,
27.0,53.61078643798828,158720,0.48544921875,0.2,0.0003,0.11972474,-0.02314786440547323,23.295383974909782,11.386228561401367,770,-3.3642208233475683,0.0,,,,,
27.0,57.134761810302734,159744,,,,,,,,,,,,,,,
27.0,53.17307662963867,160768,0.49443359375,0.2,0.0003,0.1232864,-0.03443413842760492,20.194031220674514,7.138774871826172,780,-3.3636482417583466,0.0,,,,,
27.0,53.020633697509766,161792,,,,,,,,,,,,,,,
27.0,56.116607666015625,162816,0.464111328125,0.2,0.0003,0.11217919,-0.022887546004494653,20.113266798853875,8.926689147949219,790,-3.363897641003132,0.0,,,,,
27.0,53.52914047241211,163840,,,,,,,,,,,,,,,
,,163840,,,,,,,,,,,59.63622329,517,27.0,80,316
27.0,57.212284088134766,164864,0.497607421875,0.2,0.0003,0.10021667,-0.021987765397352633,18.55170902311802,11.977409362792969,800,-3.37017323076725,0.0,,,,,
27.0,53.411376953125,165888,,,,,,,,,,,,,,,
27.0,56.202449798583984,166912,0.484814453125,0.2,0.0003,0.1075294,-0.02147703141745296,20.24074922800064,10.020166397094727,810,-3.3659439466893675,0.0,,,,,
27.0,59.327117919921875,167936,,,,,,,,,,,,,,,
27.0,54.26310729980469,168960,0.48564453125,0.2,0.0003,0.10071861,-0.029763116598041962,18.699330553412437,8.090248107910156,820,-3.357285653799772,0.0,,,,,
27.0,53.970767974853516,169984,,,,,,,,,,,,,,,
27.0,52.469505310058594,171008,0.47119140625,0.2,0.0003,0.09547588,-0.028137502627578213,15.807434365153313,9.651907920837402,830,-3.361377292871475,5.960464477539063e-08,,,,,
27.0,58.760406494140625,172032,,,,,,,,,,,,,,,
27.0,56.35297393798828,173056,0.487353515625,0.2,0.0003,0.11279686,-0.0321417592043872,17.11633013188839,6.475549221038818,840,-3.3564116321504116,0.0,,,,,
27.0,54.839935302734375,174080,,,,,,,,,,,,,,,
27.0,56.1767692565918,175104,0.52548828125,0.2,0.0003,0.13152197,-0.02487773857137654,18.37750513255596,8.932350158691406,850,-3.354906325042248,0.0,,,,,
27.0,53.959190368652344,176128,,,,,,,,,,,,,,,
27.0,53.4877815246582,177152,0.52392578125,0.2,0.0003,0.12816037,-0.02880256186326733,16.94069285392761,5.682931900024414,860,-3.35093819051981,0.0,,,,,
27.0,56.63505554199219,178176,,,,,,,,,,,,,,,
27.0,58.0694465637207,179200,0.485205078125,0.2,0.0003,0.112480864,-0.013403928655316122,19.13334272801876,12.414739608764648,870,-3.35768326073885,0.0,,,,,
27.0,56.12302780151367,180224,,,,,,,,,,,,,,,
27.0,54.055328369140625,181248,0.4701171875,0.2,0.0003,0.10574519,-0.0124075423416798,20.018340784311295,10.415816307067871,880,-3.368443589657545,0.0,,,,,
27.0,56.38569259643555,182272,,,,,,,,,,,,,,,
27.0,56.98421859741211,183296,0.489111328125,0.2,0.0003,0.1234514,-0.0319393246434629,17.266494724154473,6.155282497406006,890,-3.363154907524586,0.0,,,,,
27.0,55.48368453979492,184320,,,,,,,,,,,,,,,
,,184320,,,,,,,,,,,61.01134034999999,518,27.0,90,355
27.0,54.692848205566406,185344,0.451025390625,0.2,0.0003,0.0981976,-0.022938239402719773,19.7409425675869,10.055188179016113,900,-3.367140615731478,0.0,,,,,
27.0,56.27287292480469,186368,,,,,,,,,,,,,,,
27.0,56.16557693481445,187392,0.4607421875,0.2,0.0003,0.08037651,-0.01725723666459089,18.296259331703187,8.904431343078613,910,-3.378476480394602,0.0,,,,,
27.0,56.15550231933594,188416,,,,,,,,,,,,,,,
27.0,56.945884704589844,189440,0.47880859375,0.2,0.0003,0.091939256,-0.025077135673200246,17.366267448663713,8.983985900878906,920,-3.3847629241645336,0.0,,,,,
27.0,59.319984436035156,190464,,,,,,,,,,,,,,,
27.0,57.19489669799805,191488,0.47783203125,0.2,0.0003,0.117235705,-0.02092668939149007,18.867669141292573,7.5348076820373535,930,-3.3891282215714456,0.0,,,,,
27.0,58.85369873046875,192512,,,,,,,,,,,,,,,
27.0,58.699039459228516,193536,0.492041015625,0.2,0.0003,0.10095076,-0.028593970103247556,18.878091204166413,9.108942985534668,940,-3.37917195931077,0.0,,,,,
27.0,57.17362594604492,194560,,,,,,,,,,,,,,,
27.0,54.32829666137695,195584,0.484423828125,0.2,0.0003,0.088025145,-0.03623986533784773,19.069194740056993,6.9900736808776855,950,-3.374530425667763,-1.1920928955078125e-07,,,,,
27.0,53.81102752685547,196608,,,,,,,,,,,,,,,
27.0,59.08434295654297,197632,0.46533203125,0.2,0.0003,0.09927145,-0.02224289797595702,20.219618439674377,10.841888427734375,960,-3.3732218705117702,0.0,,,,,
27.0,55.9127082824707,198656,,,,,,,,,,,,,,,
27.0,58.8099365234375,199680,0.454052734375,0.2,0.0003,0.08647476,-0.021570254096150165,15.7351574331522,7.630748748779297,970,-3.3707180678844453,0.0,,,,,
27.0,61.423858642578125,200704,,,,,,,,,,,,,,,
27.0,54.24854278564453,201728,0.479638671875,0.2,0.0003,0.09712148,-0.019643725274363533,16.781811559200285,8.02651596069336,980,-3.379038143903017,-1.1920928955078125e-07,,,,,
27.0,52.984657287597656,202752,,,,,,,,,,,,,,,
27.0,56.86164855957031,203776,0.468505859375,0.2,0.0003,0.075580865,-0.02919504850287922,16.91270603835583,10.161203384399414,990,-3.3824908666312696,0.0,,,,,
27.0,57.55535888671875,204800,,,,,,,,,,,,,,,
,,204800,,,,,,,,,,,61.685329900000006,518,27.0,100,395
27.0,58.97361755371094,205824,0.480615234375,0.2,0.0003,0.10640673,-0.029641401405388023,19.26846766769886,12.806466102600098,1000,-3.377040859311819,0.0,,,,,
27.0,55.6655387878418,206848,,,,,,,,,,,,,,,
27.0,55.954715728759766,207872,0.431494140625,0.2,0.0003,0.08478157,-0.02298662531102309,15.796591511368751,9.297479629516602,1010,-3.372741337865591,0.0,,,,,
27.0,56.590152740478516,208896,,,,,,,,,,,,,,,
27.0,56.637542724609375,209920,0.446728515625,0.2,0.0003,0.085905425,-0.02420525777124567,14.929116106033325,6.143084526062012,1020,-3.3696574732661246,0.0,,,,,
27.0,53.72757339477539,210944,,,,,,,,,,,,,,,
27.0,57.83379364013672,211968,0.452587890625,0.2,0.0003,0.094805256,-0.03233087156258989,15.710472309589386,6.847393035888672,1030,-3.3644102431833742,1.1920928955078125e-07,,,,,
27.0,56.53297805786133,212992,,,,,,,,,,,,,,,
27.0,55.94289779663086,214016,0.45703125,0.2,0.0003,0.08821362,-0.02516205851570703,19.192104995250702,11.168553352355957,1040,-3.3616059094667436,0.0,,,,,
27.0,53.57833480834961,215040,,,,,,,,,,,,,,,
27.0,53.838111877441406,216064,0.4697265625,0.2,0.0003,0.08535522,-0.02260614852566505,17.42489295899868,6.877531051635742,1050,-3.365952105820179,0.0,,,,,
27.0,57.23561096191406,217088,,,,,,,,,,,,,,,
27.0,57.314762115478516,218112,0.47783203125,0.2,0.0003,0.092635185,-0.014770527328801108,18.955602341890334,8.678096771240234,1060,-3.3731214135885237,0.0,,,,,
27.0,60.02092742919922,219136,,,,,,,,,,,,,,,
27.0,58.333839416503906,220160,0.450537109375,0.2,0.0003,0.08056405,-0.0216729885127279,17.36958826482296,9.26834774017334,1070,-3.37809115126729,0.0,,,,,
27.0,57.33772277832031,221184,,,,,,,,,,,,,,,
27.0,60.34984588623047,222208,0.46357421875,0.2,0.0003,0.08286638,-0.018774744926486165,18.12196117043495,8.339137077331543,1080,-3.371968897432089,0.0,,,,,
27.0,59.434818267822266,223232,,,,,,,,,,,,,,,
27.0,55.92432403564453,224256,0.47548828125,0.2,0.0003,0.08573268,-0.027688791358377783,16.260635951161383,7.815174102783203,1090,-3.3788392797112463,0.0,,,,,
27.0,57.36983108520508,225280,,,,,,,,,,,,,,,
,,225280,,,,,,,,,,,62.06422437000001,517,27.0,110,435
27.0,58.70899200439453,226304,0.45634765625,0.2,0.0003,0.08700423,-0.02045815894525731,16.897638049721717,8.7406644821167,1100,-3.379813324660063,0.0,,,,,
27.0,59.62229537963867,227328,,,,,,,,,,,,,,,
27.0,58.58447265625,228352,0.47890625,0.2,0.0003,0.083536714,-0.020001651522761676,15.564085280895233,7.806772232055664,1110,-3.3753841266036035,5.960464477539063e-08,,,,,
27.0,57.93153762817383,229376,,,,,,,,,,,,,,,
27.0,57.91431427001953,230400,0.447705078125,0.2,0.0003,0.079720326,-0.019399061308649834,14.859743830561637,6.415829658508301,1120,-3.377733675390482,0.0,,,,,
27.0,53.31768798828125,231424,,,,,,,,,,,,,,,
27.0,56.45430374145508,232448,0.439453125,0.2,0.0003,0.08273658,-0.01670644764235476,16.271307024359704,9.948310852050781,1130,-3.375401832908392,1.1920928955078125e-07,,,,,
27.0,55.19256591796875,233472,,,,,,,,,,,,,,,
27.0,55.896629333496094,234496,0.46767578125,0.2,0.0003,0.087322176,-0.015719145238108467,16.896507728099824,6.9402947425842285,1140,-3.373512703925371,1.1920928955078125e-07,,,,,
27.0,57.350440979003906,235520,,,,,,,,,,,,,,,
27.0,53.749176025390625,236544,0.479638671875,0.2,0.0003,0.08960867,-0.02199516355758533,17.713999924063682,7.517431735992432,1150,-3.3703244492411613,1.1920928955078125e-07,,,,,
27.0,56.106956481933594,237568,,,,,,,,,,,,,,,
27.0,55.50286865234375,238592,0.469384765625,0.2,0.0003,0.08352124,-0.024227489666373003,17.04138806462288,5.655057907104492,1160,-3.381060837209225,0.0,,,,,
27.0,61.233184814453125,239616,,,,,,,,,,,,,,,
27.0,57.03276443481445,240640,0.45556640625,0.2,0.0003,0.0980227,-0.018864839654997922,17.545804300904273,10.024304389953613,1170,-3.3808134071528912,0.0,,,,,
27.0,57.30387878417969,241664,,,,,,,,,,,,,,,
27.0,60.992454528808594,242688,0.4125,0.2,0.0003,0.08035489,-0.02481949128850829,15.624014887213708,7.361352443695068,1180,-3.38877929225564,0.0,,,,,
27.0,60.079315185546875,243712,,,,,,,,,,,,,,,
27.0,58.22217559814453,244736,0.414208984375,0.2,0.0003,0.06890915,-0.013696344822528772,17.289114341139793,10.339954376220703,1190,-3.3927700497210025,0.0,,,,,
27.0,60.32823181152344,245760,,,,,,,,,,,,,,,
,,245760,,,,,,,,,,,60.16583885000002,518,27.0,120,474
27.0,57.598716735839844,246784,0.41533203125,0.2,0.0003,0.08073151,-0.018494409062259364,17.257412621378897,8.711996078491211,1200,-3.3890714429318907,0.0,,,,,
27.0,59.49011993408203,247808,,,,,,,,,,,,,,,
27.0,58.66699981689453,248832,0.452783203125,0.2,0.0003,0.078203216,-0.02902236153749982,17.01181583404541,9.83309268951416,1210,-3.382616662234068,1.1920928955078125e-07,,,,,
27.0,59.34021759033203,249856,,,,,,,,,,,,,,,
27.0,56.968841552734375,250880,0.456103515625,0.2,0.0003,0.092146516,-0.03047216889244737,17.398493152856826,7.313800811767578,1220,-3.3758581638336183,-1.1920928955078125e-07,,,,,
27.0,58.772010803222656,251904,,,,,,,,,,,,,,,
27.0,59.544891357421875,252928,0.43837890625,0.2,0.0003,0.07847067,-0.0273548423385364,15.270621874928475,5.473980903625488,1230,-3.370926298201084,0.0,,,,,
27.0,58.22592544555664,253952,,,,,,,,,,,,,,,
27.0,57.66324996948242,254976,0.45458984375,0.2,0.0003,0.08251526,-0.02773770417115884,16.78823294043541,9.947413444519043,1240,-3.374645272642374,-2.384185791015625e-07,,,,,
27.0,55.62617111206055,256000,,,,,,,,,,,,,,,
27.0,54.54820251464844,257024,0.462451171875,0.2,0.0003,0.08748836,-0.029517968406435103,16.865605571866034,7.207989692687988,1250,-3.3673666454851627,-1.1920928955078125e-07,,,,,
27.0,56.05620574951172,258048,,,,,,,,,,,,,,,
27.0,56.20283508300781,259072,0.439208984375,0.2,0.0003,0.08201456,-0.022243277292727726,14.74947869181633,5.794830322265625,1260,-3.3588612847030164,0.0,,,,,
27.0,60.24540710449219,260096,,,,,,,,,,,,,,,
27.0,58.110809326171875,261120,0.4662109375,0.2,0.0003,0.10202514,-0.015932568354764955,19.271383276581766,7.868375301361084,1270,-3.3549487754702567,-1.1920928955078125e-07,,,,,
27.0,52.920989990234375,262144,,,,,,,,,,,,,,,
27.0,54.89137649536133,263168,0.439990234375,0.2,0.0003,0.08957988,-0.019198878534371033,18.4669532507658,8.205997467041016,1280,-3.356308611482382,0.0,,,,,
27.0,55.581844329833984,264192,,,,,,,,,,,,,,,
27.0,55.248043060302734,265216,0.452783203125,0.2,0.0003,0.078380406,-0.009651441089226864,16.215421783924103,8.648990631103516,1290,-3.3583528228104114,0.0,,,,,
27.0,59.16979217529297,266240,,,,,,,,,,,,,,,
,,266240,,,,,,,,,,,61.12228021000001,518,27.0,130,513
27.0,61.48305130004883,267264,0.453369140625,0.2,0.0003,0.08669217,-0.02531824211764615,16.383729106187822,9.235982894897461,1300,-3.3599851824343205,0.0,,,,,
27.0,55.58659362792969,268288,,,,,,,,,,,,,,,
27.0,58.87624740600586,269312,0.473095703125,0.2,0.0003,0.094464704,-0.026890918565914034,15.794242471456528,8.400758743286133,1310,-3.357857970893383,0.0,,,,,
27.0,55.303985595703125,270336,,,,,,,,,,,,,,,
27.0,55.83732604980469,271360,0.47822265625,0.2,0.0003,0.099420786,-0.02366094916505972,18.544917926192284,9.134760856628418,1320,-3.350466586649418,0.0,,,,,
27.0,53.43406677246094,272384,,,,,,,,,,,,,,,
27.0,59.06097412109375,273408,0.45048828125,0.2,0.0003,0.079796724,-0.0219635904111783,16.816472858190536,5.726424694061279,1330,-3.3643513433635235,0.0,,,,,
27.0,54.34457015991211,274432,,,,,,,,,,,,,,,
27.0,58.142539978027344,275456,0.453466796875,0.2,0.0003,0.09767883,-0.02077474121542764,17.409214022755624,8.509682655334473,1340,-3.3682300128042697,1.1920928955078125e-07,,,,,
27.0,59.162811279296875,276480,,,,,,,,,,,,,,,
27.0,55.405731201171875,277504,0.448583984375,0.2,0.0003,0.091886476,-0.01978240151802311,14.910289841890336,5.1982808113098145,1350,-3.3638468474149703,0.0,,,,,
27.0,56.03638458251953,278528,,,,,,,,,,,,,,,
27.0,56.918701171875,279552,0.444189453125,0.2,0.0003,0.08286631,-0.02853899967885809,14.752119678258897,7.594082355499268,1360,-3.3588211297988892,-1.1920928955078125e-07,,,,,
27.0,53.668006896972656,280576,,,,,,,,,,,,,,,
27.0,57.443443298339844,281600,0.45029296875,0.2,0.0003,0.09587613,-0.014163824713614303,14.961375162005424,7.131356239318848,1370,-3.3635051235556603,0.0,,,,,
27.0,55.35285568237305,282624,,,,,,,,,,,,,,,
27.0,57.516597747802734,283648,0.442626953125,0.2,0.0003,0.07971424,-0.012377547361393227,18.24219691157341,9.396510124206543,1380,-3.37653241828084,1.1920928955078125e-07,,,,,
27.0,59.265350341796875,284672,,,,,,,,,,,,,,,
27.0,54.413978576660156,285696,0.46044921875,0.2,0.0003,0.090991214,-0.021814526605885474,16.042250776290892,6.913853168487549,1390,-3.3768685393035414,0.0,,,,,
27.0,55.57213592529297,286720,,,,,,,,,,,,,,,
,,286720,,,,,,,,,,,61.76515404,518,27.0,140,552
27.0,57.732669830322266,287744,0.4662109375,0.2,0.0003,0.0926045,-0.022848031180910767,16.767944380640984,8.203118324279785,1400,-3.380260220170021,1.1920928955078125e-07,,,,,
27.0,59.841556549072266,288768,,,,,,,,,,,,,,,
27.0,60.20038986206055,289792,0.440576171875,0.2,0.0003,0.073700264,-0.020705614803591742,16.27911588549614,9.649391174316406,1410,-3.3740372844040394,1.1920928955078125e-07,,,,,
27.0,58.70885467529297,290816,,,,,,,,,,,,,,,
27.0,60.71435546875,291840,0.464013671875,0.2,0.0003,0.115686744,-0.022531726435408926,19.86144964993,10.436958312988281,1420,-3.3700135178864,1.1920928955078125e-07,,,,,
27.0,57.980812072753906,292864,,,,,,,,,,,,,,,
27.0,54.3922119140625,293888,0.465087890625,0.2,0.0003,0.09600523,-0.02643255340808537,16.365465074777603,6.7151312828063965,1430,-3.378085244446993,0.0,,,,,
27.0,58.26016616821289,294912,,,,,,,,,,,,,,,
27.0,54.67609405517578,295936,0.437060546875,0.2,0.0003,0.08491926,-0.018998970714164898,18.848744109272957,14.03790283203125,1440,-3.3808411061763763,1.1920928955078125e-07,,,,,
27.0,56.157135009765625,296960,,,,,,,,,,,,,,,
27.0,57.171966552734375,297984,0.435107421875,0.2,0.0003,0.08296287,-0.015938262479903643,17.282234805822373,9.032185554504395,1450,-3.3740693107247353,-1.1920928955078125e-07,,,,,
27.0,59.67509460449219,299008,,,,,,,,,,,,,,,
27.0,58.328521728515625,300032,0.45947265625,0.2,0.0003,0.09112243,-0.02534205995616503,16.21756402850151,10.05954360961914,1460,-3.371968028694391,0.0,,,,,
27.0,57.7343864440918,301056,,,,,,,,,,,,,,,
27.0,56.79762649536133,302080,0.49736328125,0.2,0.0003,0.12380439,-0.028209252702072262,18.445577695965767,8.799269676208496,1470,-3.3735568299889565,0.0,,,,,
27.0,58.15821838378906,303104,,,,,,,,,,,,,,,
27.0,60.859840393066406,304128,0.45537109375,0.2,0.0003,0.0938556,-0.013573920310591348,18.389805698394774,11.283422470092773,1480,-3.369956626743078,0.0,,,,,
27.0,57.39337921142578,305152,,,,,,,,,,,,,,,
27.0,56.913612365722656,306176,0.4470703125,0.2,0.0003,0.10651293,-0.020310553863237147,14.771544516086578,7.38299560546875,1490,-3.368970762193203,0.0,,,,,
27.0,59.41759490966797,307200,,,,,,,,,,,,,,,
,,307200,,,,,,,,,,,61.96476694,518,27.0,150,592
27.0,53.73804473876953,308224,0.462548828125,0.2,0.0003,0.10690147,-0.007345846940006595,18.48696374297142,9.87669849395752,1500,-3.369934079051018,-1.1920928955078125e-07,,,,,
27.0,55.957855224609375,309248,,,,,,,,,,,,,,,
27.0,55.25598907470703,310272,0.4751953125,0.2,0.0003,0.103077285,-0.024463226216903423,14.160222461819648,8.870532035827637,1510,-3.3629112392663956,0.0,,,,,
27.0,55.255985260009766,311296,,,,,,,,,,,,,,,
27.0,53.334571838378906,312320,0.4689453125,0.2,0.0003,0.118815504,-0.02519759438728215,16.163267964124678,10.912763595581055,1520,-3.3646026104688644,0.0,,,,,
27.0,56.738162994384766,313344,,,,,,,,,,,,,,,
27.0,53.556678771972656,314368,0.469677734375,0.2,0.0003,0.111365214,-0.012717984041955788,17.31400055885315,9.453856468200684,1530,-3.3595598593354223,0.0,,,,,
27.0,60.153907775878906,315392,,,,,,,,,,,,,,,
27.0,57.75407409667969,316416,0.47705078125,0.2,0.0003,0.11729753,-0.020780511263001244,15.832331052422523,7.664257049560547,1540,-3.3496868245303633,0.0,,,,,
27.0,55.42591094970703,317440,,,,,,,,,,,,,,,
27.0,60.004150390625,318464,0.47646484375,0.2,0.0003,0.10431968,-0.012937194090045522,16.071420465409755,7.299714088439941,1550,-3.355880376696587,0.0,,,,,
27.0,60.48850631713867,319488,,,,,,,,,,,,,,,
27.0,55.05577850341797,320512,0.46162109375,0.2,0.0003,0.103771314,-0.028098340140422805,16.963300311565398,8.100214958190918,1560,-3.3563842833042146,0.0,,,,,
27.0,56.65058898925781,321536,,,,,,,,,,,,,,,
27.0,55.999996185302734,322560,0.497607421875,0.2,0.0003,0.103941366,-0.025650961279461627,16.330949974060058,7.504509449005127,1570,-3.3602135300636293,0.0,,,,,
27.0,59.293678283691406,323584,,,,,,,,,,,,,,,
27.0,57.80617904663086,324608,0.432421875,0.2,0.0003,0.10326736,-0.010633605779730715,16.5098486661911,7.513011455535889,1580,-3.3529171608388424,-1.1920928955078125e-07,,,,,
27.0,54.849220275878906,325632,,,,,,,,,,,,,,,
27.0,54.50978088378906,326656,0.483642578125,0.2,0.0003,0.11842834,-0.01833412257474265,18.769286260008812,7.724184036254883,1590,-3.3541292190551757,0.0,,,,,
27.0,56.60314178466797,327680,,,,,,,,,,,,,,,
,,327680,,,,,,,,,,,62.572416220000015,518,27.0,160,632
27.0,59.034793853759766,328704,0.473291015625,0.2,0.0003,0.121346354,-0.014728307160839903,17.4918444365263,7.882631301879883,1600,-3.3462904796004294,0.0,,,,,
27.0,55.82807922363281,329728,,,,,,,,,,,,,,,
27.0,58.87427520751953,330752,0.4951171875,0.2,0.0003,0.13198942,-0.021557890882831998,14.702937152981757,7.069539546966553,1610,-3.3599036186933517,0.0,,,,,
27.0,55.85618591308594,331776,,,,,,,,,,,,,,,
27.0,55.85573196411133,332800,0.438818359375,0.2,0.0003,0.10090508,-0.008073464018525555,14.895930030941964,10.039521217346191,1620,-3.357800104469061,0.0,,,,,
27.0,54.849613189697266,333824,,,,,,,,,,,,,,,
27.0,57.094608306884766,334848,0.478955078125,0.2,0.0003,0.101250365,-0.01784225942392368,16.30246623158455,10.93589973449707,1630,-3.3614445947110654,0.0,,,,,
27.0,58.71122741699219,335872,,,,,,,,,,,,,,,
27.0,57.478111267089844,336896,0.41494140625,0.2,0.0003,0.09162759,-0.007994688654434867,16.607135432958604,9.026105880737305,1640,-3.36671894043684,-1.1920928955078125e-07,,,,,
27.0,55.83270263671875,337920,,,,,,,,,,,,,,,
27.0,55.58951950073242,338944,0.44326171875,0.2,0.0003,0.10822968,-0.023471097243600525,17.07637755572796,10.168936729431152,1650,-3.3509102165699005,0.0,,,,,
27.0,55.538970947265625,339968,,,,,,,,,,,,,,,
27.0,56.78343963623047,340992,0.448193359375,0.2,0.0003,0.10183407,-0.021469480532687157,16.994521477818488,7.939438343048096,1660,-3.349564604461193,0.0,,,,,
27.0,59.63829803466797,342016,,,,,,,,,,,,,,,
27.0,55.084197998046875,343040,0.46533203125,0.2,0.0003,0.12371661,-0.008866636862512678,16.382360023260116,9.018189430236816,1670,-3.3476795628666878,0.0,,,,,
27.0,54.58021545410156,344064,,,,,,,,,,,,,,,
27.0,56.65550994873047,345088,0.48740234375,0.2,0.0003,0.13451451,-0.016267293627606705,16.567369040846824,7.954513072967529,1680,-3.339969142526388,1.1920928955078125e-07,,,,,
27.0,61.77041244506836,346112,,,,,,,,,,,,,,,
27.0,56.86180114746094,347136,0.431689453125,0.2,0.0003,0.0839808,-0.012591721805802081,14.7016836643219,8.084197044372559,1690,-3.353709887713194,5.960464477539063e-08,,,,,
27.0,58.24654006958008,348160,,,,,,,,,,,,,,,
,,348160,,,,,,,,,,,62.159955339999996,517,27.0,170,672
27.0,55.90560531616211,349184,0.485888671875,0.2,0.0003,0.11449979,-0.03538492509105708,14.985792720317841,6.253037452697754,1700,-3.358387476205826,0.0,,,,,
27.0,59.65156555175781,350208,,,,,,,,,,,,,,,
27.0,56.195533752441406,351232,0.439501953125,0.2,0.0003,0.087476656,-0.020354543870780617,16.147114562988282,5.812870025634766,1710,-3.360605646669865,0.0,,,,,
27.0,61.456565856933594,352256,,,,,,,,,,,,,,,
27.0,57.3543701171875,353280,0.452880859375,0.2,0.0003,0.08689387,-0.017130826729408,16.67029500901699,5.4452643394470215,1720,-3.3820455886423586,0.0,,,,,
27.0,58.62419128417969,354304,,,,,,,,,,,,,,,
27.0,56.48736572265625,355328,0.43974609375,0.2,0.0003,0.0963777,-0.026257815663120708,16.027569180727006,6.589321136474609,1730,-3.379455956816673,0.0,,,,,
27.0,62.33158874511719,356352,,,,,,,,,,,,,,,
27.0,55.681488037109375,357376,0.4283203125,0.2,0.0003,0.08570205,-0.022427679892280138,14.280852788686753,7.81375789642334,1740,-3.391038558632135,-1.1920928955078125e-07,,,,,
27.0,59.277095794677734,358400,,,,,,,,,,,,,,,
27.0,56.58186340332031,359424,0.4544921875,0.2,0.0003,0.10185526,-0.029574874280660877,15.280115899443626,6.127032279968262,1750,-3.373100841790438,-1.1920928955078125e-07,,,,,
27.0,55.23188018798828,360448,,,,,,,,,,,,,,,
27.0,54.46495056152344,361472,0.45986328125,0.2,0.0003,0.113778666,-0.0155502531764796,17.007128596305847,7.292813777923584,1760,-3.3713496208190916,0.0,,,,,
27.0,56.53094482421875,362496,,,,,,,,,,,,,,,
27.0,54.1512565612793,363520,0.47373046875,0.2,0.0003,0.09671296,-0.015872417044010944,17.861526226997377,11.406063079833984,1770,-3.371988808363676,0.0,,,,,
27.0,56.50266647338867,364544,,,,,,,,,,,,,,,
27.0,53.422401428222656,365568,0.465771484375,0.2,0.0003,0.102898456,-0.026741634742938912,18.15252189040184,9.49857234954834,1780,-3.3723125383257866,0.0,,,,,
27.0,58.430877685546875,366592,,,,,,,,,,,,,,,
27.0,56.188392639160156,367616,0.47822265625,0.2,0.0003,0.09728677,-0.02050734791700961,17.304068851470948,8.81680965423584,1790,-3.3741125531494616,0.0,,,,,
27.0,56.687599182128906,368640,,,,,,,,,,,,,,,
,,368640,,,,,,,,,,,61.13012657,517,27.0,180,712
27.0,61.220367431640625,369664,0.427099609375,0.2,0.0003,0.07958914,-0.009069975107559003,16.848361247777937,8.72718334197998,1800,-3.3804474152624606,-1.1920928955078125e-07,,,,,
27.0,57.61613464355469,370688,,,,,,,,,,,,,,,
27.0,60.726409912109375,371712,0.4462890625,0.2,0.0003,0.08998166,-0.02202148072246928,16.621110320091248,7.604315757751465,1810,-3.3930628418922426,0.0,,,,,
27.0,58.65277862548828,372736,,,,,,,,,,,,,,,
27.0,59.32038116455078,373760,0.44375,0.2,0.0003,0.093850195,-0.027804329976788722,16.291203287243842,7.263582229614258,1820,-3.3878142863512037,0.0,,,,,
27.0,56.431968688964844,374784,,,,,,,,,,,,,,,
27.0,60.584686279296875,375808,0.44091796875,0.2,0.0003,0.08888597,-0.018352368555497378,17.43826274573803,8.766374588012695,1830,-3.3779517240822314,0.0,,,,,
27.0,57.620296478271484,376832,,,,,,,,,,,,,,,
27.0,57.7564811706543,377856,0.467724609375,0.2,0.0003,0.09450341,-0.030904039381130132,14.426527592539788,6.482946872711182,1840,-3.370874431729317,0.0,,,,,
27.0,56.36944580078125,378880,,,,,,,,,,,,,,,
27.0,56.63023376464844,379904,0.458154296875,0.2,0.0003,0.085955404,-0.026494625638588332,16.426092353463172,8.91677188873291,1850,-3.3654576636850835,0.0,,,,,
27.0,61.00090026855469,380928,,,,,,,,,,,,,,,
27.0,60.329071044921875,381952,0.431787109375,0.2,0.0003,0.09775047,-0.02035306945326738,16.48261031806469,8.623530387878418,1860,-3.3708791248500347,0.0,,,,,
27.0,56.075225830078125,382976,,,,,,,,,,,,,,,
27.0,56.3826904296875,384000,0.43486328125,0.2,0.0003,0.095768616,-0.023837574786739424,15.743302416801452,6.695638656616211,1870,-3.3614419020712374,5.960464477539063e-08,,,,,
27.0,58.49616622924805,385024,,,,,,,,,,,,,,,
27.0,54.40749740600586,386048,0.462158203125,0.2,0.0003,0.11133154,-0.023609636673063504,18.323034450411797,9.453211784362793,1880,-3.368148469179869,1.1920928955078125e-07,,,,,
27.0,57.0363883972168,387072,,,,,,,,,,,,,,,
27.0,59.137779235839844,388096,0.4431640625,0.2,0.0003,0.07325825,-0.019564342267403844,18.172389140725137,6.967920780181885,1890,-3.363409973680973,0.0,,,,,
27.0,56.993202209472656,389120,,,,,,,,,,,,,,,
,,389120,,,,,,,,,,,61.09514380999999,516,27.0,190,752
27.0,56.994937896728516,390144,0.40146484375,0.2,0.0003,0.078012235,-0.01371502314141253,16.439104357361792,7.2489705085754395,1900,-3.359252793341875,1.1920928955078125e-07,,,,,
27.0,57.91798782348633,391168,,,,,,,,,,,,,,,
27.0,57.55271911621094,392192,0.41953125,0.2,0.0003,0.080447376,-0.015212534659076482,15.409208074212074,7.182647705078125,1910,-3.3558908469974993,0.0,,,,,
27.0,57.02121353149414,393216,,,,,,,,,,,,,,,
27.0,55.580718994140625,394240,0.40693359375,0.2,0.0003,0.08038664,-0.016242836267338134,16.859444364905357,8.671140670776367,1920,-3.3659454591572286,0.0,,,,,
27.0,57.1585693359375,395264,,,,,,,,,,,,,,,
27.0,56.08403015136719,396288,0.437841796875,0.2,0.0003,0.08864895,-0.015104064397746697,15.878089398145676,8.005142211914062,1930,-3.356984064728022,0.0,,,,,
27.0,61.56068420410156,397312,,,,,,,,,,,,,,,
27.0,58.699588775634766,398336,0.436474609375,0.2,0.0003,0.08847223,-0.0019782595831202344,18.89326354563236,8.66713809967041,1940,-3.3582386821508408,1.1920928955078125e-07,,,,,
27.0,56.710411071777344,399360,,,,,,,,,,,,,,,
27.0,53.826080322265625,400384,0.46513671875,0.2,0.0003,0.104096465,-0.023290144400380085,15.716852805018425,7.408130168914795,1950,-3.366255281865597,0.0,,,,,
27.0,59.41169357299805,401408,,,,,,,,,,,,,,,
27.0,56.97658157348633,402432,0.435888671875,0.2,0.0003,0.09857158,-0.026034389092819764,18.361867520213128,8.633134841918945,1960,-3.3865715846419335,-1.1920928955078125e-07,,,,,
27.0,56.49357604980469,403456,,,,,,,,,,,,,,,
27.0,61.844661712646484,404480,0.43544921875,0.2,0.0003,0.10185306,-0.01504272781603504,17.47059631049633,9.973493576049805,1970,-3.3818189315497875,-1.1920928955078125e-07,,,,,
27.0,55.75168228149414,405504,,,,,,,,,,,,,,,
27.0,55.85753631591797,406528,0.438916015625,0.2,0.0003,0.08090551,-0.014488275902112945,17.328818410634995,7.67923641204834,1980,-3.364262770116329,0.0,,,,,
27.0,56.29183578491211,407552,,,,,,,,,,,,,,,
27.0,54.740020751953125,408576,0.44736328125,0.2,0.0003,0.098183505,-0.022075681868591344,17.262533712387086,6.953638553619385,1990,-3.369321437180042,0.0,,,,,
27.0,56.57572937011719,409600,,,,,,,,,,,,,,,
,,409600,,,,,,,,,,,62.18586969000001,516,27.0,200,792
27.0,53.99036407470703,410624,0.483984375,0.2,0.0003,0.10099691,-0.020757047102961224,14.752446009218692,7.486922264099121,2000,-3.370823683589697,5.960464477539063e-08,,,,,
27.0,55.625797271728516,411648,,,,,,,,,,,,,,,
27.0,55.154232025146484,412672,0.440283203125,0.2,0.0003,0.091289245,-0.017647796361416113,17.409261375665665,8.609853744506836,2010,-3.370116172730923,0.0,,,,,
27.0,54.14994812011719,413696,,,,,,,,,,,,,,,
27.0,57.54602813720703,414720,0.4390625,0.2,0.0003,0.10158794,-0.023764456712524407,14.688813176751136,6.013199329376221,2020,-3.373438099771738,0.0,,,,,
27.0,58.54204559326172,415744,,,,,,,,,,,,,,,
27.0,55.08103942871094,416768,0.49384765625,0.2,0.0003,0.10578788,-0.02153460861736676,16.317098048329353,7.946623802185059,2030,-3.3749886251986028,0.0,,,,,
27.0,52.806922912597656,417792,,,,,,,,,,,,,,,
27.0,52.872459411621094,418816,0.438671875,0.2,0.0003,0.092278585,-0.022143274088739416,17.522187051177024,10.053886413574219,2040,-3.366800083220005,0.0,,,,,
27.0,59.975257873535156,419840,,,,,,,,,,,,,,,
27.0,55.94257354736328,420864,0.44755859375,0.2,0.0003,0.09263073,-0.021918683260446416,16.815351927280425,10.255709648132324,2050,-3.370245584845543,0.0,,,,,
27.0,53.768531799316406,421888,,,,,,,,,,,,,,,
27.0,59.760189056396484,422912,0.498193359375,0.2,0.0003,0.124508694,-0.01546619572909549,15.698173159360886,7.4559197425842285,2060,-3.358979611843824,-1.1920928955078125e-07,,,,,
27.0,57.322105407714844,423936,,,,,,,,,,,,,,,
27.0,55.98663330078125,424960,0.47265625,0.2,0.0003,0.1306577,-0.03194323983916547,15.950106340646744,8.789139747619629,2070,-3.3558383978903294,5.960464477539063e-08,,,,,
27.0,57.826683044433594,425984,,,,,,,,,,,,,,,
27.0,57.367881774902344,427008,0.427978515625,0.2,0.0003,0.08717254,-0.006077249019290321,13.475033262372017,7.3526105880737305,2080,-3.3559367887675764,5.960464477539063e-08,,,,,
27.0,57.66734313964844,428032,,,,,,,,,,,,,,,
27.0,55.077701568603516,429056,0.452294921875,0.2,0.0003,0.118462905,-0.024523077488993295,15.87008494436741,9.151434898376465,2090,-3.350524964928627,5.960464477539063e-08,,,,,
27.0,53.84754943847656,430080,,,,,,,,,,,,,,,
,,430080,,,,,,,,,,,61.54434027,516,27.0,210,832
27.0,55.13566207885742,431104,0.481640625,0.2,0.0003,0.11672762,-0.023380183870904146,19.468044009804725,8.98369026184082,2100,-3.3439164243638517,0.0,,,,,
27.0,54.38982391357422,432128,,,,,,,,,,,,,,,
27.0,58.81191635131836,433152,0.4865234375,0.2,0.0003,0.1190353,-0.020335357495059724,17.177199131250383,8.304941177368164,2110,-3.348295199871063,1.1920928955078125e-07,,,,,
27.0,57.108551025390625,434176,,,,,,,,,,,,,,,
27.0,54.355751037597656,435200,0.470263671875,0.2,0.0003,0.108504325,-0.021902835844957735,18.08347379863262,6.521900653839111,2120,-3.354480900615454,0.0,,,,,
27.0,55.01516342163086,436224,,,,,,,,,,,,,,,
27.0,59.24671173095703,437248,0.48037109375,0.2,0.0003,0.1032363,-0.016965591908956412,13.92333651483059,7.254184246063232,2130,-3.3525253884494304,0.0,,,,,
27.0,58.21656799316406,438272,,,,,,,,,,,,,,,
27.0,55.15991973876953,439296,0.430224609375,0.2,0.0003,0.098381095,-0.0035061064452747816,17.623095011711122,8.799590110778809,2140,-3.3616583317518236,1.1920928955078125e-07,,,,,
27.0,54.67552185058594,440320,,,,,,,,,,,,,,,
27.0,56.618927001953125,441344,0.468994140625,0.2,0.0003,0.115145266,-0.0170635320180736,16.20195600092411,7.8502092361450195,2150,-3.351410254091024,0.0,,,,,
27.0,57.137088775634766,442368,,,,,,,,,,,,,,,
27.0,55.79519271850586,443392,0.468994140625,0.2,0.0003,0.122582376,-0.014639699387771543,16.61440416276455,8.86448860168457,2160,-3.360526581853628,1.1920928955078125e-07,,,,,
27.0,55.0986213684082,444416,,,,,,,,,,,,,,,
27.0,54.470088958740234,445440,0.45791015625,0.2,0.0003,0.10167779,-0.02466222525690682,13.493728865683078,6.82202672958374,2170,-3.3639219336211683,0.0,,,,,
27.0,59.17262268066406,446464,,,,,,,,,,,,,,,
27.0,57.806610107421875,447488,0.42978515625,0.2,0.0003,0.093616605,-0.01966802840324817,17.014655202627182,7.966522216796875,2180,-3.370791481435299,0.0,,,,,
27.0,56.936683654785156,448512,,,,,,,,,,,,,,,
27.0,54.28636932373047,449536,0.435498046875,0.2,0.0003,0.102304846,-0.015184248112200293,17.892418372631074,10.188359260559082,2190,-3.37545942813158,0.0,,,,,
27.0,54.406150817871094,450560,,,,,,,,,,,,,,,
,,450560,,,,,,,,,,,62.67450363999999,515,27.0,220,873
27.0,55.92920684814453,451584,0.432373046875,0.2,0.0003,0.10207912,-0.013495357062492986,14.764273697137833,7.887579917907715,2200,-3.3664105862379072,0.0,,,,,
27.0,58.432586669921875,452608,,,,,,,,,,,,,,,
27.0,57.61982727050781,453632,0.459716796875,0.2,0.0003,0.110182315,-0.02687506409274647,15.590465205907822,8.6920166015625,2210,-3.3584910817444324,0.0,,,,,
27.0,58.90515899658203,454656,,,,,,,,,,,,,,,
27.0,54.09455108642578,455680,0.42958984375,0.2,0.0003,0.08936639,-0.02065515227295691,15.480858361721038,7.303027153015137,2220,-3.3565653137862683,5.960464477539063e-08,,,,,
27.0,56.724098205566406,456704,,,,,,,,,,,,,,,
27.0,54.267032623291016,457728,0.434423828125,0.2,0.0003,0.080494836,-0.013263363947044127,13.822579085826874,6.168907642364502,2230,-3.3550814293324946,5.960464477539063e-08,,,,,
27.0,52.42046356201172,458752,,,,,,,,,,,,,,,
27.0,58.50419235229492,459776,0.44443359375,0.2,0.0003,0.10452673,-0.02308460447820835,15.293236720561982,7.535268306732178,2240,-3.341155908256769,0.0,,,,,
27.0,55.517391204833984,460800,,,,,,,,,,,,,,,
27.0,54.26594161987305,461824,0.437744140625,0.2,0.0003,0.082145065,-0.02226356685569044,15.874400737881661,9.439857482910156,2250,-3.349497517198324,5.960464477539063e-08,,,,,
27.0,55.2705192565918,462848,,,,,,,,,,,,,,,
27.0,57.75208282470703,463872,0.42763671875,0.2,0.0003,0.101162225,-0.02160494398267474,16.518185448646545,6.745143890380859,2260,-3.363686952739954,-1.1920928955078125e-07,,,,,
27.0,57.63768768310547,464896,,,,,,,,,,,,,,,
27.0,56.46946334838867,465920,0.4552734375,0.2,0.0003,0.10386723,-0.0186064193607308,14.898329156637192,5.886819362640381,2270,-3.364427729696035,-1.1920928955078125e-07,,,,,
27.0,56.76817321777344,466944,,,,,,,,,,,,,,,
27.0,54.115482330322266,467968,0.419775390625,0.2,0.0003,0.095682465,-0.02576084936445113,16.075429198145866,6.7089409828186035,2280,-3.3832817152142525,-1.1920928955078125e-07,,,,,
27.0,59.71720886230469,468992,,,,,,,,,,,,,,,
27.0,54.921424865722656,470016,0.43623046875,0.2,0.0003,0.104506314,-0.018578048971539828,15.474049273133279,8.844945907592773,2290,-3.37521543353796,0.0,,,,,
27.0,54.68860626220703,471040,,,,,,,,,,,,,,,
,,471040,,,,,,,,,,,61.57910281,515,27.0,230,914
27.0,56.854557037353516,472064,0.447900390625,0.2,0.0003,0.084849074,-0.020264267341553933,18.060198205709458,10.701876640319824,2300,-3.386671023070812,1.1920928955078125e-07,,,,,
27.0,55.23746109008789,473088,,,,,,,,,,,,,,,
27.0,57.27097702026367,474112,0.4263671875,0.2,0.0003,0.08550758,-0.019952890629065224,18.49557468891144,9.086252212524414,2310,-3.390451072901487,0.0,,,,,
27.0,57.38252258300781,475136,,,,,,,,,,,,,,,
27.0,53.631103515625,476160,0.42109375,0.2,0.0003,0.092937395,-0.01866489472304238,16.65381247997284,7.173713684082031,2320,-3.3877668619155883,0.0,,,,,
27.0,53.96111297607422,477184,,,,,,,,,,,,,,,
27.0,55.84459686279297,478208,0.435546875,0.2,0.0003,0.09589042,-0.021981838245119435,18.41753530204296,6.586120128631592,2330,-3.3787045694887636,0.0,,,,,
27.0,58.935035705566406,479232,,,,,,,,,,,,,,,
27.0,54.74015808105469,480256,0.4123046875,0.2,0.0003,0.08255242,-0.011947663154569455,15.044156375527383,8.051473617553711,2340,-3.3756922230124475,-1.1920928955078125e-07,,,,,
27.0,56.246788024902344,481280,,,,,,,,,,,,,,,
27.0,56.771812438964844,482304,0.447998046875,0.2,0.0003,0.10458954,-0.006939737181528472,15.665018498897552,5.5646562576293945,2350,-3.368764753639698,-1.1920928955078125e-07,,,,,
27.0,57.305999755859375,483328,,,,,,,,,,,,,,,
27.0,58.416160583496094,484352,0.47236328125,0.2,0.0003,0.11308846,-0.020937421428970992,16.614856347441673,10.979823112487793,2360,-3.3636168748140336,-1.1920928955078125e-07,,,,,
27.0,55.61446762084961,485376,,,,,,,,,,,,,,,
27.0,56.79822540283203,486400,0.474951171875,0.2,0.0003,0.096046336,-0.01747384258924285,15.307831478118896,11.196879386901855,2370,-3.3621788285672665,0.0,,,,,
27.0,58.069244384765625,487424,,,,,,,,,,,,,,,
27.0,59.06595230102539,488448,0.47802734375,0.2,0.0003,0.11553184,-0.018183839257108047,17.596025094389915,9.869513511657715,2380,-3.3564126305282116,0.0,,,,,
27.0,54.453941345214844,489472,,,,,,,,,,,,,,,
27.0,56.97674560546875,490496,0.470751953125,0.2,0.0003,0.118023425,-0.027250791997357738,15.858082687854766,8.982217788696289,2390,-3.371179585158825,0.0,,,,,
27.0,59.27911376953125,491520,,,,,,,,,,,,,,,
,,491520,,,,,,,,,,,62.431961619999996,515,27.0,240,954
27.0,58.88780212402344,492544,0.459521484375,0.2,0.0003,0.11597581,-0.01782132417865796,16.803806534409524,9.182289123535156,2400,-3.3704765260219576,0.0,,,,,
27.0,55.41436004638672,493568,,,,,,,,,,,,,,,
27.0,57.905029296875,494592,0.4552734375,0.2,0.0003,0.10048133,-0.021313035089406185,15.46358822286129,7.867425918579102,2410,-3.372891220450401,0.0,,,,,
27.0,57.08680725097656,495616,,,,,,,,,,,,,,,
27.0,58.27219009399414,496640,0.445654296875,0.2,0.0003,0.113800794,-0.012655904283747077,16.864584732055665,8.696165084838867,2420,-3.3786854073405266,0.0,,,,,
27.0,54.720458984375,497664,,,,,,,,,,,,,,,
27.0,57.407814025878906,498688,0.467724609375,0.2,0.0003,0.094523855,-0.025537738567800262,14.731827425956727,8.931294441223145,2430,-3.3807405710220335,0.0,,,,,
27.0,59.16578674316406,499712,,,,,,,,,,,,,,,
27.0,54.43766784667969,500736,0.437890625,0.2,0.0003,0.09927878,-0.029021639993879945,17.342743456363678,5.552402019500732,2440,-3.3686841733753683,-1.1920928955078125e-07,,,,,
27.0,53.833763122558594,501760,,,,,,,,,,,,,,,
27.0,55.905616760253906,502784,0.45634765625,0.2,0.0003,0.10850595,-0.019960793264908717,19.139480945467948,9.609450340270996,2450,-3.359303689002991,0.0,,,,,
27.0,56.48389434814453,503808,,,,,,,,,,,,,,,
27.0,61.44779968261719,504832,0.461328125,0.2,0.0003,0.10412252,-0.023711769992951305,15.216756540536881,9.666703224182129,2460,-3.367697950452566,0.0,,,,,
27.0,57.329769134521484,505856,,,,,,,,,,,,,,,
27.0,57.621795654296875,506880,0.437158203125,0.2,0.0003,0.08660858,-0.023066217254381627,16.06663562655449,7.6472578048706055,2470,-3.3781204506754876,0.0,,,,,
27.0,57.590904235839844,507904,,,,,,,,,,,,,,,
27.0,59.69956970214844,508928,0.419482421875,0.2,0.0003,0.08019297,-0.021474498294992372,17.434464564919473,9.64864730834961,2480,-3.378189901262522,0.0,,,,,
27.0,55.10789489746094,509952,,,,,,,,,,,,,,,
27.0,55.55021667480469,510976,0.456884765625,0.2,0.0003,0.09367417,-0.019379759460571223,16.759893929958345,8.929485321044922,2490,-3.3794161774218083,-1.1920928955078125e-07,,,,,
27.0,57.616722106933594,512000,,,,,,,,,,,,,,,
,,512000,,,,,,,,,,,61.00507564999999,515,27.0,250,993
27.0,57.74562072753906,513024,0.43349609375,0.2,0.0003,0.084477365,-0.016900959522172344,14.625924214720726,7.5274128913879395,2500,-3.3792486771941186,0.0,,,,,
27.0,54.813194274902344,514048,,,,,,,,,,,,,,,
27.0,56.87158203125,515072,0.45615234375,0.2,0.0003,0.09308153,-0.03000838410225697,17.473952275514602,5.124477386474609,2510,-3.3753835462033748,0.0,,,,,
27.0,56.71570587158203,516096,,,,,,,,,,,,,,,
27.0,57.3625373840332,517120,0.40751953125,0.2,0.0003,0.079596534,-0.01733350117574446,17.535977232456208,9.343770980834961,2520,-3.3795789018273354,0.0,,,,,
27.0,57.139564514160156,518144,,,,,,,,,,,,,,,
27.0,59.975399017333984,519168,0.426318359375,0.2,0.0003,0.08409399,-0.02308674814994447,16.015466356277464,9.94627571105957,2530,-3.387121943384409,0.0,,,,,
27.0,56.36268615722656,520192,,,,,,,,,,,,,,,
27.0,61.689964294433594,521216,0.410986328125,0.2,0.0003,0.069869354,-0.012579386909055756,15.777272349596023,7.798863410949707,2540,-3.3807851374149323,1.1920928955078125e-07,,,,,
27.0,53.53533935546875,522240,,,,,,,,,,,,,,,
27.0,59.78047180175781,523264,0.39453125,0.2,0.0003,0.07871318,-0.016944735676224808,15.904747816920281,5.788740634918213,2550,-3.378791058063507,5.960464477539063e-08,,,,,
27.0,55.60270309448242,524288,,,,,,,,,,,,,,,
27.0,57.08293533325195,525312,0.39140625,0.2,0.0003,0.07910348,-0.02086244168749545,17.470278617739677,8.111944198608398,2560,-3.3815372183918955,0.0,,,,,
27.0,56.776100158691406,526336,,,,,,,,,,,,,,,
27.0,53.711158752441406,527360,0.418359375,0.2,0.0003,0.07495435,-0.015233316121157258,15.150578972697257,7.584625720977783,2570,-3.3875326722860337,0.0,,,,,
27.0,56.99126434326172,528384,,,,,,,,,,,,,,,
27.0,58.956050872802734,529408,0.4470703125,0.2,0.0003,0.097234495,-0.017053182690870018,17.029675942659377,6.068117141723633,2580,-3.383312836289406,0.0,,,,,
27.0,55.44170379638672,530432,,,,,,,,,,,,,,,
27.0,56.56263732910156,531456,0.437939453125,0.2,0.0003,0.0990276,-0.02656014828826301,18.778259682655335,9.391194343566895,2590,-3.3790872029960157,0.0,,,,,
27.0,57.0975341796875,532480,,,,,,,,,,,,,,,
,,532480,,,,,,,,,,,61.913199430000006,515,27.0,260,1033
27.0,58.56940460205078,533504,0.452294921875,0.2,0.0003,0.08808798,-0.017462680362223183,14.63335791528225,6.412110328674316,2600,-3.379349668323994,-1.1920928955078125e-07,,,,,
27.0,59.62529754638672,534528,,,,,,,,,,,,,,,
27.0,56.71197509765625,535552,0.441796875,0.2,0.0003,0.09902869,-0.021334191021742298,17.044118955731392,6.6530327796936035,2610,-3.3809521228075026,0.0,,,,,
27.0,55.639381408691406,536576,,,,,,,,,,,,,,,
27.0,61.75358581542969,537600,0.44658203125,0.2,0.0003,0.09468837,-0.0236557935262681,17.935806715488432,7.045289516448975,2620,-3.3720805503427984,0.0,,,,,
27.0,56.244163513183594,538624,,,,,,,,,,,,,,,
27.0,59.19914245605469,539648,0.46025390625,0.2,0.0003,0.10424809,-0.02001943038048921,17.317798912525177,11.737712860107422,2630,-3.37365952283144,0.0,,,,,
27.0,56.998992919921875,540672,,,,,,,,,,,,,,,
27.0,54.526397705078125,541696,0.4515625,0.2,0.0003,0.089294896,-0.01761738325985789,16.26764334142208,9.930020332336426,2640,-3.377336702495813,0.0,,,,,
27.0,55.16583251953125,542720,,,,,,,,,,,,,,,
27.0,54.65949249267578,543744,0.416064453125,0.2,0.0003,0.08214459,-0.012162987848569173,17.604249662160875,7.309633255004883,2650,-3.3623620972037314,0.0,,,,,
27.0,59.667808532714844,544768,,,,,,,,,,,,,,,
27.0,58.86985778808594,545792,0.441845703125,0.2,0.0003,0.095863,-0.01814782772853505,16.5400669246912,6.412841796875,2660,-3.3705549046397207,0.0,,,,,
27.0,56.780826568603516,546816,,,,,,,,,,,,,,,
27.0,54.72690963745117,547840,0.43154296875,0.2,0.0003,0.08872217,-0.027330768427054862,17.893150436878205,9.146780967712402,2670,-3.375319453328848,0.0,,,,,
27.0,56.15345764160156,548864,,,,,,,,,,,,,,,
27.0,57.842803955078125,549888,0.444921875,0.2,0.0003,0.11213786,-0.023868266570207197,19.96338464319706,10.368078231811523,2680,-3.370883825421333,0.0,,,,,
27.0,55.51575469970703,550912,,,,,,,,,,,,,,,
27.0,59.69983673095703,551936,0.48056640625,0.2,0.0003,0.112782285,-0.026959826196252833,17.44486975967884,9.420701026916504,2690,-3.3569902159273624,0.0,,,,,
27.0,56.59063720703125,552960,,,,,,,,,,,,,,,
,,552960,,,,,,,,,,,61.45708982000001,515,27.0,270,1072
27.0,55.3719482421875,553984,0.48466796875,0.2,0.0003,0.103502095,-0.017517807320109567,17.911576437950135,8.603163719177246,2700,-3.3580489434301852,0.0,,,,,
27.0,55.821533203125,555008,,,,,,,,,,,,,,,
27.0,53.15876770019531,556032,0.459228515625,0.2,0.0003,0.09435075,-0.021517432111431846,15.793757325410843,7.798642635345459,2710,-3.3673223823308946,0.0,,,,,
27.0,56.38118362426758,557056,,,,,,,,,,,,,,,
27.0,54.09780502319336,558080,0.42607421875,0.2,0.0003,0.08095237,-0.012805929942987859,17.624168410897255,8.996901512145996,2720,-3.3520153895020486,0.0,,,,,
27.0,57.324981689453125,559104,,,,,,,,,,,,,,,
27.0,58.61650466918945,560128,0.4271484375,0.2,0.0003,0.077779315,-0.020793313361355103,16.562349820137023,8.694151878356934,2730,-3.3763538144528864,0.0,,,,,
27.0,53.719322204589844,561152,,,,,,,,,,,,,,,
27.0,56.96144485473633,562176,0.42197265625,0.2,0.0003,0.08629529,-0.019533037797373254,19.8947955429554,9.274296760559082,2740,-3.3808741055428984,-1.1920928955078125e-07,,,,,
27.0,53.27904510498047,563200,,,,,,,,,,,,,,,
27.0,58.07575988769531,564224,0.40771484375,0.2,0.0003,0.06820813,-0.02407766822143458,14.106819328665733,7.805352687835693,2750,-3.382652235031128,0.0,,,,,
27.0,59.562744140625,565248,,,,,,,,,,,,,,,
27.0,59.24237060546875,566272,0.420068359375,0.2,0.0003,0.07709643,-0.026056208151567263,15.382720836997033,6.5569305419921875,2760,-3.3794121466577054,0.0,,,,,
27.0,56.66287612915039,567296,,,,,,,,,,,,,,,
27.0,58.44416046142578,568320,0.41689453125,0.2,0.0003,0.084144145,-0.021216189039114396,17.222108855843544,14.175201416015625,2770,-3.380895046889782,0.0,,,,,
27.0,56.80024719238281,569344,,,,,,,,,,,,,,,
27.0,56.43703842163086,570368,0.43173828125,0.2,0.0003,0.10620816,-0.013904203902347945,19.77853612601757,10.175704002380371,2780,-3.37971318885684,0.0,,,,,
27.0,58.89481735229492,571392,,,,,,,,,,,,,,,
27.0,53.678585052490234,572416,0.44443359375,0.2,0.0003,0.08655967,-0.025582960672909393,15.132062858343124,8.376108169555664,2790,-3.375399971753359,-1.1920928955078125e-07,,,,,
27.0,55.969337463378906,573440,,,,,,,,,,,,,,,
,,573440,,,,,,,,,,,62.15384167,515,27.0,280,1112
27.0,54.97727966308594,574464,0.44111328125,0.2,0.0003,0.09010865,-0.016304826752457303,16.40942779481411,7.682376861572266,2800,-3.3791672118008136,0.0,,,,,
27.0,59.412559509277344,575488,,,,,,,,,,,,,,,
27.0,56.65447998046875,576512,0.41708984375,0.2,0.0003,0.080309555,-0.01898103598796297,15.488507065176965,8.875906944274902,2810,-3.3864691399037836,0.0,,,,,
27.0,59.011688232421875,577536,,,,,,,,,,,,,,,
27.0,59.74570083618164,578560,0.42509765625,0.2,0.0003,0.08645313,-0.018937198026105762,16.814678567647935,6.454946041107178,2820,-3.3894758827984335,1.1920928955078125e-07,,,,,
27.0,59.058589935302734,579584,,,,,,,,,,,,,,,
27.0,57.21057891845703,580608,0.447412109375,0.2,0.0003,0.09107545,-0.026087925463798456,17.097675126791,10.11273193359375,2830,-3.3936613120138643,0.0,,,,,
27.0,56.32843017578125,581632,,,,,,,,,,,,,,,
27.0,55.382080078125,582656,0.41875,0.2,0.0003,0.078065164,-0.025554454153461848,15.60347136259079,6.26071834564209,2840,-3.3916381023824216,0.0,,,,,
27.0,52.85440444946289,583680,,,,,,,,,,,,,,,
27.0,59.471656799316406,584704,0.398095703125,0.2,0.0003,0.0722141,-0.016760478215292095,15.742513233423233,7.045855522155762,2850,-3.3905072681605817,0.0,,,,,
27.0,58.94123458862305,585728,,,,,,,,,,,,,,,
27.0,55.4439697265625,586752,0.42001953125,0.2,0.0003,0.083992004,-0.01791947195888497,18.47464937865734,8.183005332946777,2860,-3.383608864247799,-1.1920928955078125e-07,,,,,
27.0,60.04548645019531,587776,,,,,,,,,,,,,,,
27.0,57.83582305908203,588800,0.4021484375,0.2,0.0003,0.07559167,-0.027468432509340345,15.433192026615142,7.229991436004639,2870,-3.3860111966729165,0.0,,,,,
27.0,58.7265510559082,589824,,,,,,,,,,,,,,,
27.0,56.946754455566406,590848,0.43037109375,0.2,0.0003,0.083010025,-0.02625729315477656,17.02043985724449,8.359748840332031,2880,-3.387118396162987,0.0,,,,,
27.0,58.19470977783203,591872,,,,,,,,,,,,,,,
27.0,59.60667419433594,592896,0.41865234375,0.2,0.0003,0.0773672,-0.0339229773497209,15.7957193672657,11.465682029724121,2890,-3.3800206065177916,5.960464477539063e-08,,,,,
27.0,63.178619384765625,593920,,,,,,,,,,,,,,,
,,593920,,,,,,,,,,,61.57349741,515,27.0,290,1151
27.0,58.78809356689453,594944,0.4517578125,0.2,0.0003,0.089030325,-0.019832020203466527,16.94484588801861,9.230612754821777,2900,-3.3834659099578857,1.1920928955078125e-07,,,,,
27.0,57.040931701660156,595968,,,,,,,,,,,,,,,
27.0,55.55805206298828,596992,0.381298828125,0.2,0.0003,0.06438858,-0.01802123341476545,14.229765282571316,7.308751583099365,2910,-3.38643968552351,0.0,,,,,
27.0,56.16519546508789,598016,,,,,,,,,,,,,,,
27.0,56.2530517578125,599040,0.374365234375,0.2,0.0003,0.06882669,-0.015454653940105345,15.942942333221435,8.149391174316406,2920,-3.3836650498211385,0.0,,,,,
27.0,56.998958587646484,600064,,,,,,,,,,,,,,,
27.0,58.57756805419922,601088,0.402978515625,0.2,0.0003,0.084033415,-0.023187970895378385,15.626106604933739,8.266884803771973,2930,-3.3794475749135016,0.0,,,,,
27.0,55.064697265625,602112,,,,,,,,,,,,,,,
27.0,60.62291717529297,603136,0.408935546875,0.2,0.0003,0.07707875,-0.011388193852326367,16.37573372721672,7.801202774047852,2940,-3.3891106814146044,0.0,,,,,
27.0,56.48447036743164,604160,,,,,,,,,,,,,,,
27.0,57.797637939453125,605184,0.422412109375,0.2,0.0003,0.08204547,-0.022770632679748815,17.414710611104965,9.498475074768066,2950,-3.39686229750514,0.0,,,,,
27.0,61.52960968017578,606208,,,,,,,,,,,,,,,
27.0,57.31083297729492,607232,0.4078125,0.2,0.0003,0.09199476,-0.032729812680918256,17.82980070412159,9.190764427185059,2960,-3.382617476582527,0.0,,,,,
27.0,58.16796112060547,608256,,,,,,,,,,,,,,,
27.0,61.779930114746094,609280,0.39716796875,0.2,0.0003,0.08325234,-0.027402472132234835,14.915153154730797,5.880507946014404,2970,-3.381535842269659,0.0,,,,,
27.0,57.34298324584961,610304,,,,,,,,,,,,,,,
27.0,54.49885940551758,611328,0.42021484375,0.2,0.0003,0.075967126,-0.03228267606318695,15.799072331190109,6.549978256225586,2980,-3.3824146151542664,0.0,,,,,
27.0,57.5552978515625,612352,,,,,,,,,,,,,,,
27.0,62.879676818847656,613376,0.404248046875,0.2,0.0003,0.07530641,-0.018019568483578042,15.309051382541657,5.718223571777344,2990,-3.3778901390731333,-1.1920928955078125e-07,,,,,
27.0,56.551673889160156,614400,,,,,,,,,,,,,,,
,,614400,,,,,,,,,,,63.00643966,515,27.0,300,1192
27.0,56.967308044433594,615424,0.43916015625,0.2,0.0003,0.10009734,-0.030809797407709994,16.51321884393692,6.139023780822754,3000,-3.379020056128502,0.0,,,,,
27.0,57.8057861328125,616448,,,,,,,,,,,,,,,
27.0,56.03610610961914,617472,0.431884765625,0.2,0.0003,0.08695379,-0.02268203692146926,17.70021373927593,7.5992841720581055,3010,-3.3782261490821837,-1.1920928955078125e-07,,,,,
27.0,57.08055877685547,618496,,,,,,,,,,,,,,,
27.0,58.57612609863281,619520,0.40859375,0.2,0.0003,0.079573624,-0.02296161847334588,16.830511239171027,7.868453025817871,3020,-3.3831168971955776,1.1920928955078125e-07,,,,,
27.0,55.39976501464844,620544,,,,,,,,,,,,,,,
27.0,57.97071838378906,621568,0.40107421875,0.2,0.0003,0.07198167,-0.01959871907602064,14.685960528254508,5.445988178253174,3030,-3.375627326965332,-1.1920928955078125e-07,,,,,
27.0,55.71739196777344,622592,,,,,,,,,,,,,,,
27.0,54.26245880126953,623616,0.426953125,0.2,0.0003,0.09028919,-0.02749898072106589,15.381127533316612,6.702089309692383,3040,-3.3882081635296344,5.960464477539063e-08,,,,,
27.0,54.733154296875,624640,,,,,,,,,,,,,,,
27.0,55.43341064453125,625664,0.387890625,0.2,0.0003,0.078266785,-0.013221085428085644,16.462483525276184,7.934911251068115,3050,-3.3882683709263803,0.0,,,,,
27.0,59.72346115112305,626688,,,,,,,,,,,,,,,
27.0,57.89247131347656,627712,0.436962890625,0.2,0.0003,0.08120238,-0.02089514150211471,16.162962540984154,5.368124961853027,3060,-3.3766238659620287,-1.1920928955078125e-07,,,,,
27.0,59.6026496887207,628736,,,,,,,,,,,,,,,
27.0,56.63154602050781,629760,0.3994140625,0.2,0.0003,0.08146112,-0.021370445932552683,17.09713881313801,9.152308464050293,3070,-3.381684225052595,0.0,,,,,
27.0,55.92089080810547,630784,,,,,,,,,,,,,,,
27.0,59.92484664916992,631808,0.41474609375,0.2,0.0003,0.09397797,-0.014690050935314503,18.835048416256903,9.921618461608887,3080,-3.3802891105413435,0.0,,,,,
27.0,57.61305236816406,632832,,,,,,,,,,,,,,,
27.0,54.3250846862793,633856,0.4263671875,0.2,0.0003,0.081989616,-0.027590303246688562,14.624306350946426,6.831539630889893,3090,-3.386856606602669,5.960464477539063e-08,,,,,
27.0,58.102783203125,634880,,,,,,,,,,,,,,,
,,634880,,,,,,,,,,,62.989320449999994,514,27.0,310,1233
27.0,56.89228439331055,635904,0.45400390625,0.2,0.0003,0.09830395,-0.02387725334992865,15.4737578779459,7.462662220001221,3100,-3.396484822034836,0.0,,,,,
27.0,57.01898956298828,636928,,,,,,,,,,,,,,,
27.0,57.946868896484375,637952,0.389404296875,0.2,0.0003,0.07980128,-0.024986419521155767,16.89219822585583,9.456940650939941,3110,-3.3838034488260744,1.1920928955078125e-07,,,,,
27.0,58.40188217163086,638976,,,,,,,,,,,,,,,
27.0,62.20514678955078,640000,0.428955078125,0.2,0.0003,0.10218951,-0.02196879837429151,16.153883826732635,7.6285719871521,3120,-3.364760259538889,0.0,,,,,
27.0,58.1262321472168,641024,,,,,,,,,,,,,,,
27.0,57.883949279785156,642048,0.462744140625,0.2,0.0003,0.09058681,-0.033125570890842934,16.60779762864113,9.348625183105469,3130,-3.3663802281022073,-1.1920928955078125e-07,,,,,
27.0,58.812442779541016,643072,,,,,,,,,,,,,,,
27.0,58.976722717285156,644096,0.433056640625,0.2,0.0003,0.08218071,-0.022594713134458287,15.265085017681121,7.088168621063232,3140,-3.3789416141808033,0.0,,,,,
27.0,54.11683654785156,645120,,,,,,,,,,,,,,,
27.0,57.06803894042969,646144,0.42177734375,0.2,0.0003,0.087149866,-0.02028818615581258,16.441752645373345,11.6048583984375,3150,-3.3730309650301935,0.0,,,,,
27.0,54.12223434448242,647168,,,,,,,,,,,,,,,
27.0,54.49985122680664,648192,0.442431640625,0.2,0.0003,0.07839634,-0.027669997845077888,17.189085525274276,8.425677299499512,3160,-3.3750298991799355,0.0,,,,,
27.0,56.32404708862305,649216,,,,,,,,,,,,,,,
27.0,58.378684997558594,650240,0.409326171875,0.2,0.0003,0.08234033,-0.027477248091599904,16.590533778071404,10.131823539733887,3170,-3.3816982679069043,0.0,,,,,
27.0,61.08654022216797,651264,,,,,,,,,,,,,,,
27.0,57.50047302246094,652288,0.44130859375,0.2,0.0003,0.096941516,-0.028588832440436817,15.48485217988491,10.782156944274902,3180,-3.380780293047428,0.0,,,,,
27.0,59.296913146972656,653312,,,,,,,,,,,,,,,
27.0,59.5220947265625,654336,0.396142578125,0.2,0.0003,0.07505984,-0.014424436324770796,16.78742807805538,6.725720405578613,3190,-3.3936233766376973,0.0,,,,,
27.0,55.70497131347656,655360,,,,,,,,,,,,,,,
,,655360,,,,,,,,,,,61.22322315,514,27.0,320,1273
27.0,58.471588134765625,656384,0.42353515625,0.2,0.0003,0.079290375,-0.021205566251592246,15.745744624733925,8.087532997131348,3200,-3.3876116290688514,0.0,,,,,
27.0,55.72185516357422,657408,,,,,,,,,,,,,,,
27.0,58.434879302978516,658432,0.426708984375,0.2,0.0003,0.10007647,-0.032634592684917155,17.377246752381325,7.959420204162598,3210,-3.373811059445143,0.0,,,,,
27.0,56.71166229248047,659456,,,,,,,,,,,,,,,
27.0,54.67544174194336,660480,0.402880859375,0.2,0.0003,0.06843057,-0.025431581793236548,15.165718328952789,9.255881309509277,3220,-3.3737179964780806,-1.1920928955078125e-07,,,,,
27.0,60.169429779052734,661504,,,,,,,,,,,,,,,
27.0,57.39065170288086,662528,0.430029296875,0.2,0.0003,0.08607975,-0.01810132633181638,14.25483674556017,6.884101867675781,3230,-3.376827570050955,-1.1920928955078125e-07,,,,,
27.0,56.63242721557617,663552,,,,,,,,,,,,,,,
27.0,53.37444305419922,664576,0.445947265625,0.2,0.0003,0.09081744,-0.018695753661449998,16.54086003303528,9.317120552062988,3240,-3.3758139804005625,0.0,,,,,
27.0,56.414344787597656,665600,,,,,,,,,,,,,,,
27.0,57.41086196899414,666624,0.484130859375,0.2,0.0003,0.1107809,-0.034046662045875566,16.29304623901844,6.82187557220459,3250,-3.3805732376873494,0.0,,,,,
27.0,59.22430419921875,667648,,,,,,,,,,,,,,,
27.0,57.6639404296875,668672,0.3970703125,0.2,0.0003,0.08562145,-0.008979487709439127,16.408799555897712,12.166954040527344,3260,-3.3702250801026823,-1.1920928955078125e-07,,,,,
27.0,59.55189514160156,669696,,,,,,,,,,,,,,,
27.0,57.34296417236328,670720,0.438330078125,0.2,0.0003,0.07997966,-0.017254033926292323,17.69795058965683,8.248581886291504,3270,-3.366973365843296,0.0,,,,,
27.0,55.64503479003906,671744,,,,,,,,,,,,,,,
27.0,53.57170104980469,672768,0.4302734375,0.2,0.0003,0.08752745,-0.02338093536091037,16.126965108513833,7.063241004943848,3280,-3.379177476465702,1.1920928955078125e-07,,,,,
27.0,57.5459098815918,673792,,,,,,,,,,,,,,,
27.0,56.898529052734375,674816,0.449951171875,0.2,0.0003,0.111279994,-0.010249955378822052,17.188337075710297,9.853196144104004,3290,-3.3711316853761675,0.0,,,,,
27.0,57.602020263671875,675840,,,,,,,,,,,,,,,
,,675840,,,,,,,,,,,62.14842024000001,514,27.0,330,1313
27.0,57.001129150390625,676864,0.461669921875,0.2,0.0003,0.112543456,-0.02026957028574543,17.549190825223924,10.214225769042969,3300,-3.367315298318863,-1.1920928955078125e-07,,,,,
27.0,56.21398162841797,677888,,,,,,,,,,,,,,,
27.0,59.113800048828125,678912,0.427978515625,0.2,0.0003,0.09592747,-0.01107152481272351,14.109133699536324,6.689216136932373,3310,-3.3660770460963247,0.0,,,,,
27.0,61.34290313720703,679936,,,,,,,,,,,,,,,
27.0,56.190765380859375,680960,0.4697265625,0.2,0.0003,0.09852127,-0.017968862139969132,15.447396031022071,6.503384590148926,3320,-3.3647028028965,0.0,,,,,
27.0,55.523780822753906,681984,,,,,,,,,,,,,,,
27.0,57.286720275878906,683008,0.418408203125,0.2,0.0003,0.10015856,-0.016052834279253147,15.43107380270958,6.706717014312744,3330,-3.363508901000023,0.0,,,,,
27.0,56.4229736328125,684032,,,,,,,,,,,,,,,
27.0,58.69743347167969,685056,0.436865234375,0.2,0.0003,0.09326206,-0.01579539831436705,16.08933953046799,7.772219657897949,3340,-3.3838388487696647,0.0,,,,,
27.0,57.443946838378906,686080,,,,,,,,,,,,,,,
27.0,56.529388427734375,687104,0.426171875,0.2,0.0003,0.09265572,-0.026324712581117637,14.856013831496238,6.172524452209473,3350,-3.376089037954807,0.0,,,,,
27.0,56.52839660644531,688128,,,,,,,,,,,,,,,
27.0,55.993003845214844,689152,0.414794921875,0.2,0.0003,0.088888735,-0.02259171485347906,16.252209079265594,8.156429290771484,3360,-3.3692159585654737,0.0,,,,,
27.0,58.367919921875,690176,,,,,,,,,,,,,,,
27.0,57.42510986328125,691200,0.441845703125,0.2,0.0003,0.09514131,-0.028008797329675872,15.08311070203781,6.4893975257873535,3370,-3.37148010507226,0.0,,,,,
27.0,58.8403434753418,692224,,,,,,,,,,,,,,,
27.0,56.545047760009766,693248,0.435595703125,0.2,0.0003,0.104650326,-0.029469055043591652,17.605024248361588,10.596758842468262,3380,-3.3650231294333937,-1.1920928955078125e-07,,,,,
27.0,55.46623229980469,694272,,,,,,,,,,,,,,,
27.0,55.651275634765625,695296,0.442529296875,0.2,0.0003,0.104938164,-0.011155360438715433,18.847220835089683,8.587279319763184,3390,-3.37072978541255,0.0,,,,,
27.0,58.87483596801758,696320,,,,,,,,,,,,,,,
,,696320,,,,,,,,,,,61.81455303,514,27.0,340,1354
27.0,57.9791259765625,697344,0.47158203125,0.2,0.0003,0.09743211,-0.01880631084786728,15.972620601952077,8.765809059143066,3400,-3.3714920431375504,0.0,,,,,
27.0,54.655696868896484,698368,,,,,,,,,,,,,,,
27.0,55.067466735839844,699392,0.419677734375,0.2,0.0003,0.10359021,-0.017823001235956325,15.733891278505325,6.4266462326049805,3410,-3.3770378470420837,5.960464477539063e-08,,,,,
27.0,58.41117858886719,700416,,,,,,,,,,,,,,,
27.0,54.090301513671875,701440,0.481298828125,0.2,0.0003,0.12449062,-0.026959089199954177,16.559624081850053,9.125725746154785,3420,-3.366068585216999,0.0,,,,,
27.0,57.72620391845703,702464,,,,,,,,,,,,,,,
27.0,56.782962799072266,703488,0.46962890625,0.2,0.0003,0.10310288,-0.015767197830427904,14.63687310665846,5.495678424835205,3430,-3.371550763398409,5.960464477539063e-08,,,,,
27.0,57.6646614074707,704512,,,,,,,,,,,,,,,
27.0,59.965240478515625,705536,0.50048828125,0.2,0.0003,0.11718326,-0.030494287416513544,16.42752591073513,9.134860038757324,3440,-3.370268663764,0.0,,,,,
27.0,60.31937789916992,706560,,,,,,,,,,,,,,,
27.0,57.86859130859375,707584,0.440478515625,0.2,0.0003,0.10042193,-0.015286007976101246,16.643026971817015,9.926130294799805,3450,-3.3674304001033306,1.1920928955078125e-07,,,,,
27.0,58.536766052246094,708608,,,,,,,,,,,,,,,
27.0,57.66732406616211,709632,0.434228515625,0.2,0.0003,0.094659634,-0.014544755640963558,16.674417337775232,8.588212013244629,3460,-3.363289062678814,1.1920928955078125e-07,,,,,
27.0,53.33916473388672,710656,,,,,,,,,,,,,,,
27.0,54.668479919433594,711680,0.451171875,0.2,0.0003,0.09629251,-0.014518237684387713,16.845818373560906,8.20409870147705,3470,-3.3587151572108267,1.1920928955078125e-07,,,,,
27.0,57.320655822753906,712704,,,,,,,,,,,,,,,
27.0,56.221153259277344,713728,0.485888671875,0.2,0.0003,0.12682569,-0.01816846878064098,17.810102465748788,8.600984573364258,3480,-3.3587782859802244,0.0,,,,,
27.0,58.025733947753906,714752,,,,,,,,,,,,,,,
27.0,55.95857238769531,715776,0.430322265625,0.2,0.0003,0.12119783,-0.003994855734345037,16.69289073944092,8.67208480834961,3490,-3.3445131845772265,0.0,,,,,
27.0,55.932777404785156,716800,,,,,,,,,,,,,,,
,,716800,,,,,,,,,,,61.025784640000005,514,27.0,350,1393
27.0,55.762359619140625,717824,0.466455078125,0.2,0.0003,0.10604055,-0.006835295163909905,16.482522118091584,10.220626831054688,3500,-3.3397551447153093,0.0,,,,,
27.0,58.30614471435547,718848,,,,,,,,,,,,,,,
27.0,54.61906814575195,719872,0.46142578125,0.2,0.0003,0.10608888,-0.02536089615896344,13.740072992444038,9.81946849822998,3510,-3.3528179809451104,0.0,,,,,
27.0,55.460201263427734,720896,,,,,,,,,,,,,,,
27.0,54.681419372558594,721920,0.4439453125,0.2,0.0003,0.12044664,-0.018733226685435513,14.670860220491885,11.004167556762695,3520,-3.3496925115585325,0.0,,,,,
27.0,58.04114532470703,722944,,,,,,,,,,,,,,,
27.0,57.66352844238281,723968,0.458984375,0.2,0.0003,0.12576935,-0.0159027011373837,17.22919080853462,10.112956047058105,3530,-3.3508938550949097,-1.1920928955078125e-07,,,,,
27.0,60.911712646484375,724992,,,,,,,,,,,,,,,
27.0,57.27818298339844,726016,0.47021484375,0.2,0.0003,0.13056503,-0.008779247562779346,16.237951731681825,8.23697280883789,3540,-3.3535856537520887,0.0,,,,,
27.0,55.568626403808594,727040,,,,,,,,,,,,,,,
27.0,56.932952880859375,728064,0.485009765625,0.2,0.0003,0.13181995,-0.02552228658896638,16.84660201072693,8.371526718139648,3550,-3.350707833468914,1.1920928955078125e-07,,,,,
27.0,49.18412780761719,729088,,,,,,,,,,,,,,,
27.0,58.900665283203125,730112,0.490380859375,0.2,0.0003,0.12899548,-0.013093277087318712,17.809742373228072,9.850116729736328,3560,-3.3595639303326608,0.0,,,,,
27.0,55.55797576904297,731136,,,,,,,,,,,,,,,
27.0,55.18372344970703,732160,0.465185546875,0.2,0.0003,0.117852256,-0.013724288906087168,17.1148050904274,8.379034042358398,3570,-3.3662013366818426,0.0,,,,,
27.0,59.5711669921875,733184,,,,,,,,,,,,,,,
27.0,55.81291198730469,734208,0.4765625,0.2,0.0003,0.13879853,-0.02111613382876385,16.470629641413687,8.154547691345215,3580,-3.3669629640877248,0.0,,,,,
27.0,55.982574462890625,735232,,,,,,,,,,,,,,,
27.0,58.99391174316406,736256,0.436328125,0.2,0.0003,0.10799171,-0.006356563257577363,16.153059427440166,10.744240760803223,3590,-3.3679129004478456,0.0,,,,,
27.0,56.43022155761719,737280,,,,,,,,,,,,,,,
,,737280,,,,,,,,,,,62.106492380000006,513,27.0,360,1434
27.0,54.48126983642578,738304,0.442041015625,0.2,0.0003,0.11168134,-0.01419392192765372,16.430078521370888,7.946816921234131,3600,-3.358800108730793,0.0,,,,,
27.0,59.35742950439453,739328,,,,,,,,,,,,,,,
27.0,58.910186767578125,740352,0.45732421875,0.2,0.0003,0.10590102,-0.025885019203997217,16.751361924409867,9.593539237976074,3610,-3.356702657043934,0.0,,,,,
27.0,61.074859619140625,741376,,,,,,,,,,,,,,,
27.0,57.51483917236328,742400,0.467333984375,0.2,0.0003,0.14292707,-0.011776062546414324,17.132117494940758,6.290833473205566,3620,-3.3643145941197874,0.0,,,,,
27.0,56.517818450927734,743424,,,,,,,,,,,,,,,
27.0,57.691505432128906,744448,0.49765625,0.2,0.0003,0.12198706,-0.020697648759232835,14.387552028894424,8.549010276794434,3630,-3.361617433279753,0.0,,,,,
27.0,53.694313049316406,745472,,,,,,,,,,,,,,,
27.0,56.50346755981445,746496,0.447265625,0.2,0.0003,0.111310095,-0.026085142712690867,15.356863436102866,7.389303684234619,3640,-3.370390795916319,5.960464477539063e-08,,,,,
27.0,61.16363525390625,747520,,,,,,,,,,,,,,,
27.0,59.194969177246094,748544,0.448291015625,0.2,0.0003,0.10080148,-0.019531220948556437,17.69661564528942,9.838595390319824,3650,-3.368725983798504,-1.1920928955078125e-07,,,,,
27.0,54.46278381347656,749568,,,,,,,,,,,,,,,
27.0,57.39494323730469,750592,0.453662109375,0.2,0.0003,0.09433713,-0.008045380742987617,15.70945638716221,7.586262226104736,3660,-3.3628430865705012,0.0,,,,,
27.0,58.43701934814453,751616,,,,,,,,,,,,,,,
27.0,54.42908477783203,752640,0.4736328125,0.2,0.0003,0.11641701,-0.010361466015456244,19.10962565243244,12.819626808166504,3670,-3.3603396892547606,0.0,,,,,
27.0,53.4712028503418,753664,,,,,,,,,,,,,,,
27.0,55.961429595947266,754688,0.460546875,0.2,0.0003,0.108249806,-0.013730372780992183,17.368047761917115,7.872613430023193,3680,-3.3649538941681385,1.1920928955078125e-07,,,,,
27.0,56.794654846191406,755712,,,,,,,,,,,,,,,
27.0,57.18020248413086,756736,0.462109375,0.2,0.0003,0.113154195,-0.02242550659721019,14.655983221530914,7.683122158050537,3690,-3.3457696750760078,0.0,,,,,
27.0,59.15596389770508,757760,,,,,,,,,,,,,,,
,,757760,,,,,,,,,,,62.052300609999996,513,27.0,370,1475
27.0,55.87150573730469,758784,0.456884765625,0.2,0.0003,0.10273914,-0.012153577279968885,16.78054667711258,7.605672359466553,3700,-3.354434035718441,-1.1920928955078125e-07,,,,,
27.0,54.91737365722656,759808,,,,,,,,,,,,,,,
27.0,58.67375183105469,760832,0.436279296875,0.2,0.0003,0.097173184,-0.005230990925338119,16.296576088666917,8.038419723510742,3710,-3.3589573383331297,0.0,,,,,
27.0,57.638633728027344,761856,,,,,,,,,,,,,,,
27.0,57.73065948486328,762880,0.451513671875,0.2,0.0003,0.09920168,-0.01975639121083077,15.08394542336464,8.487049102783203,3720,-3.3626328855752945,0.0,,,,,
27.0,58.98307800292969,763904,,,,,,,,,,,,,,,
27.0,63.25743103027344,764928,0.450146484375,0.2,0.0003,0.10546055,-0.013758930546464399,15.717288663983345,9.942122459411621,3730,-3.3733401119709017,0.0,,,,,
27.0,56.21751403808594,765952,,,,,,,,,,,,,,,
27.0,56.29969024658203,766976,0.415185546875,0.2,0.0003,0.08605078,-0.021280184599163476,13.974290291965008,6.711130142211914,3740,-3.3704806968569754,0.0,,,,,
27.0,58.77208709716797,768000,,,,,,,,,,,,,,,
27.0,56.90102005004883,769024,0.443359375,0.2,0.0003,0.09576903,-0.014517222916765604,16.19222495555878,7.2053046226501465,3750,-3.363546159863472,0.0,,,,,
27.0,58.34507751464844,770048,,,,,,,,,,,,,,,
27.0,54.65629577636719,771072,0.404345703125,0.2,0.0003,0.06718078,-0.007693548743554856,18.340177738666533,11.68340015411377,3760,-3.370206642895937,0.0,,,,,
27.0,57.70967483520508,772096,,,,,,,,,,,,,,,
27.0,57.4874382019043,773120,0.436865234375,0.2,0.0003,0.082671046,-0.022020144024281763,15.961873427033424,9.648639678955078,3770,-3.3827245198190212,0.0,,,,,
27.0,61.67155075073242,774144,,,,,,,,,,,,,,,
27.0,57.33439636230469,775168,0.43828125,0.2,0.0003,0.097093776,-0.029954925255151466,15.941764125227929,9.754106521606445,3780,-3.3686506032943724,0.0,,,,,
27.0,57.787078857421875,776192,,,,,,,,,,,,,,,
27.0,58.03050231933594,777216,0.444873046875,0.2,0.0003,0.097397745,-0.017945144497207365,15.474601596593857,8.254575729370117,3790,-3.3689777098596094,0.0,,,,,
27.0,53.89700698852539,778240,,,,,,,,,,,,,,,
,,778240,,,,,,,,,,,62.62168162,513,27.0,380,1516
27.0,56.19446563720703,779264,0.456396484375,0.2,0.0003,0.102245614,-0.02177732466661837,16.1672716319561,8.072306632995605,3800,-3.3684259347617624,-1.1920928955078125e-07,,,,,
27.0,56.331459045410156,780288,,,,,,,,,,,,,,,
27.0,56.592159271240234,781312,0.454931640625,0.2,0.0003,0.1101785,-0.015028329818596831,16.859875467419624,6.864691257476807,3810,-3.3627197496592998,0.0,,,,,
27.0,56.29741287231445,782336,,,,,,,,,,,,,,,
27.0,56.70087432861328,783360,0.484033203125,0.2,0.0003,0.11719068,-0.02777324129274348,18.1727383852005,8.294371604919434,3820,-3.358938018232584,-1.1920928955078125e-07,,,,,
27.0,57.90101623535156,784384,,,,,,,,,,,,,,,
27.0,55.365020751953125,785408,0.454296875,0.2,0.0003,0.09693256,-0.023127654928248375,17.69310966730118,10.807290077209473,3830,-3.3561778858304026,0.0,,,,,
27.0,52.866432189941406,786432,,,,,,,,,,,,,,,
27.0,56.60921096801758,787456,0.43427734375,0.2,0.0003,0.09826183,-0.016862362758547533,16.203234896063805,9.417963027954102,3840,-3.349981778860092,0.0,,,,,
27.0,53.75236892700195,788480,,,,,,,,,,,,,,,
27.0,58.203338623046875,789504,0.4451171875,0.2,0.0003,0.10262722,-0.013347621039429214,17.86435103714466,6.56405782699585,3850,-3.37665493786335,0.0,,,,,
27.0,55.98703384399414,790528,,,,,,,,,,,,,,,
27.0,58.6751708984375,791552,0.420458984375,0.2,0.0003,0.08215132,-0.014153963747958187,17.172173428535462,9.010354995727539,3860,-3.376639398187399,0.0,,,,,
27.0,52.345130920410156,792576,,,,,,,,,,,,,,,
27.0,55.862632751464844,793600,0.410107421875,0.2,0.0003,0.09762885,-0.008544260602502619,18.63317842185497,11.851691246032715,3870,-3.37028037533164,0.0,,,,,
27.0,58.74810028076172,794624,,,,,,,,,,,,,,,
27.0,58.535919189453125,795648,0.43896484375,0.2,0.0003,0.103485145,-0.02411868710332783,15.626871986687183,7.545401573181152,3880,-3.361208985000849,0.0,,,,,
27.0,57.956424713134766,796672,,,,,,,,,,,,,,,
27.0,54.89265441894531,797696,0.406640625,0.2,0.0003,0.09426935,-0.017047421565803234,18.68476885855198,8.34341812133789,3890,-3.3735951364040373,0.0,,,,,
27.0,58.575653076171875,798720,,,,,,,,,,,,,,,
,,798720,,,,,,,,,,,61.77176246,513,27.0,390,1556
27.0,60.82527542114258,799744,0.43671875,0.2,0.0003,0.095283166,-0.016579298219585325,17.909600847959517,6.619297504425049,3900,-3.369476766884327,0.0,,,,,
27.0,54.235469818115234,800768,,,,,,,,,,,,,,,
