eval/mean_reward,time/total_timesteps,eval/mean_ep_length,train/clip_range,train/loss,train/entropy_loss,train/explained_variance,train/value_loss,train/clip_fraction,train/n_updates,train/approx_kl,train/learning_rate,train/policy_gradient_loss,rollout/ep_len_mean,time/fps,time/time_elapsed,time/iterations,rollout/ep_rew_mean
29.014408111572266,1024,80.0,,,,,,,,,,,,,,,
29.099605560302734,2048,80.0,,,,,,,,,,,,,,,
31.996450424194336,3072,80.0,0.2,20.329910278320312,-5.884267592430115,0.0007725954055786133,32.503594043850896,0.007373046875,10,0.006643248,3e-05,-0.016369479329296156,,,,,
25.683876037597656,4096,80.0,,,,,,,,,,,,,,,
31.366920471191406,5120,80.0,0.2,23.566057205200195,-5.877517165243626,-5.125999450683594e-06,30.24551344960928,0.0,20,0.001572302,3e-05,-0.010269689412234584,,,,,
30.665096282958984,6144,80.0,,,,,,,,,,,,,,,
30.320148468017578,7168,80.0,0.2,24.81973648071289,-5.875178713351488,-6.389617919921875e-05,32.65801797658205,0.00078125,30,0.0020250215,3e-05,-0.011042059244937263,,,,,
32.63123321533203,8192,80.0,,,,,,,,,,,,,,,
27.722545623779297,9216,80.0,0.2,36.05570983886719,-5.871393394470215,0.0009838342666625977,30.879327197372913,0.021923828125,40,0.0061507365,3e-05,-0.016641156512559974,,,,,
30.815025329589844,10240,80.0,,,,,,,,,,,,,,,
24.31305503845215,11264,80.0,0.2,25.275110244750977,-5.862596642225981,-7.581710815429688e-05,35.55616934299469,0.032470703125,50,0.007600951,3e-05,-0.02258749214161071,,,,,
30.518835067749023,12288,80.0,,,,,,,,,,,,,,,
27.173362731933594,13312,80.0,0.2,21.454042434692383,-5.8542560786008835,0.0,35.56244234740734,0.028466796875,60,0.0063665393,3e-05,-0.020747515344555722,,,,,
30.53036880493164,14336,80.0,,,,,,,,,,,,,,,
31.359909057617188,15360,80.0,0.2,21.249866485595703,-5.84892105460167,1.1920928955078125e-07,37.11563264727592,0.02275390625,70,0.0059122154,3e-05,-0.02053446711797733,,,,,
28.53663444519043,16384,80.0,,,,,,,,,,,,,,,
28.90991973876953,17408,80.0,0.2,24.16621208190918,-5.8444152027368546,0.0,31.971373215317726,0.0279296875,80,0.0056634867,3e-05,-0.02135457492622663,,,,,
27.01639747619629,18432,80.0,,,,,,,,,,,,,,,
29.069988250732422,19456,80.0,0.2,41.770084381103516,-5.837655621021986,0.0,33.765559557080266,0.02177734375,90,0.0055388836,3e-05,-0.019965633653555415,,,,,
29.71959686279297,20480,80.0,,,,,,,,,,,,,,,
,20480,,,,,,,,,,,,80.0,412,49,10,30.001084409999994
27.812007904052734,21504,80.0,0.2,22.46131134033203,-5.83263438642025,-1.1920928955078125e-07,31.168035954236984,0.0166015625,100,0.0058710184,3e-05,-0.018544727971675456,,,,,
32.94171905517578,22528,80.0,,,,,,,,,,,,,,,
29.30430793762207,23552,80.0,0.2,37.982852935791016,-5.8276559196412565,0.0,35.6506299957633,0.01806640625,110,0.0055706,3e-05,-0.020293701216724004,,,,,
28.377918243408203,24576,80.0,,,,,,,,,,,,,,,
32.143104553222656,25600,80.0,0.2,16.128625869750977,-5.820602791011334,0.0,34.48511187136173,0.01650390625,120,0.005310835,3e-05,-0.01775687184599519,,,,,
32.52745819091797,26624,80.0,,,,,,,,,,,,,,,
31.18547821044922,27648,80.0,0.2,16.94920539855957,-5.812791479378939,0.0,31.673250582814216,0.01513671875,130,0.0059235394,3e-05,-0.01927355577790877,,,,,
29.48599624633789,28672,80.0,,,,,,,,,,,,,,,
26.918048858642578,29696,80.0,0.2,25.626224517822266,-5.803186644613743,0.0,29.592655915021897,0.028857421875,140,0.0057129534,3e-05,-0.020295011350390267,,,,,
30.191837310791016,30720,80.0,,,,,,,,,,,,,,,
27.797712326049805,31744,80.0,0.2,28.99012565612793,-5.796195513755083,0.0,30.94924287945032,0.013818359375,150,0.0052067866,3e-05,-0.017514412134914892,,,,,
29.015560150146484,32768,80.0,,,,,,,,,,,,,,,
30.632362365722656,33792,80.0,0.2,16.06254768371582,-5.789805416017771,0.0,29.912418888509272,0.014404296875,160,0.0055021737,3e-05,-0.01917366995694465,,,,,
31.22947120666504,34816,80.0,,,,,,,,,,,,,,,
31.019344329833984,35840,80.0,0.2,12.567550659179688,-5.784759939461947,0.0,34.14781101942062,0.01611328125,170,0.0055334754,3e-05,-0.018072755746834444,,,,,
29.885568618774414,36864,80.0,,,,,,,,,,,,,,,
30.28556251525879,37888,80.0,0.2,19.788389205932617,-5.779016733914614,0.0,31.730659429728984,0.023583984375,180,0.0057608997,3e-05,-0.020034635748743312,,,,,
31.02090072631836,38912,80.0,,,,,,,,,,,,,,,
28.878684997558594,39936,80.0,0.2,15.567951202392578,-5.773908868432045,0.0,33.662599606812,0.016943359375,190,0.005811683,3e-05,-0.018818382846802706,,,,,
32.01626968383789,40960,80.0,,,,,,,,,,,,,,,
,40960,,,,,,,,,,,,80.0,400,102,20,30.317056249999997
33.36842346191406,41984,80.0,0.2,32.352508544921875,-5.769440173357725,0.0,33.72315689921379,0.01220703125,200,0.0048332578,3e-05,-0.016440631334262434,,,,,
29.17715835571289,43008,80.0,,,,,,,,,,,,,,,
29.566329956054688,44032,80.0,0.2,15.920597076416016,-5.763442533463239,-1.1920928955078125e-07,30.768421755731104,0.021826171875,210,0.006367692,3e-05,-0.01976262846910686,,,,,
27.036590576171875,45056,80.0,,,,,,,,,,,,,,,
31.219560623168945,46080,80.0,0.2,30.205114364624023,-5.751509138196707,2.384185791015625e-07,36.01451340615749,0.01103515625,220,0.0048398823,3e-05,-0.016218204929100467,,,,,
30.64598274230957,47104,80.0,,,,,,,,,,,,,,,
32.3891487121582,48128,80.0,0.2,22.887170791625977,-5.744025491178036,1.1920928955078125e-07,34.44823278933764,0.0091796875,230,0.0046916828,3e-05,-0.016189532817952566,,,,,
29.558120727539062,49152,80.0,,,,,,,,,,,,,,,
33.962799072265625,50176,80.0,0.2,27.00399398803711,-5.738495736569166,0.0,31.594476836919785,0.020166015625,240,0.0056032906,3e-05,-0.018938528752914862,,,,,
28.761619567871094,51200,80.0,,,,,,,,,,,,,,,
28.90410614013672,52224,80.0,0.2,17.440460205078125,-5.735554051399231,0.0,33.3719165764749,0.018310546875,250,0.005775848,3e-05,-0.017829098070797043,,,,,
29.33651351928711,53248,80.0,,,,,,,,,,,,,,,
32.7294921875,54272,80.0,0.2,29.114395141601562,-5.731474816799164,0.0,36.20426144003868,0.016357421875,260,0.00508803,3e-05,-0.018557028640498175,,,,,
31.949003219604492,55296,80.0,,,,,,,,,,,,,,,
25.99746322631836,56320,80.0,0.2,16.442834854125977,-5.7236226260662075,1.1920928955078125e-07,37.12978528141976,0.017138671875,270,0.006273509,3e-05,-0.020475257328507725,,,,,
28.860095977783203,57344,80.0,,,,,,,,,,,,,,,
30.850112915039062,58368,80.0,0.2,26.149810791015625,-5.7149486593902115,0.0,33.09521954506636,0.018115234375,280,0.00563634,3e-05,-0.018446269003470663,,,,,
26.828601837158203,59392,80.0,,,,,,,,,,,,,,,
28.29363250732422,60416,80.0,0.2,21.045331954956055,-5.710447027534246,1.1920928955078125e-07,31.375830253958704,0.0185546875,290,0.0054935897,3e-05,-0.017436361653381027,,,,,
31.45175552368164,61440,80.0,,,,,,,,,,,,,,,
,61440,,,,,,,,,,,,80.0,393,155,30,29.742072529999994
31.82847785949707,62464,80.0,0.2,29.633560180664062,-5.704573154449463,0.0,36.17754801660776,0.01455078125,300,0.0051123393,3e-05,-0.017772444885849836,,,,,
32.82740783691406,63488,80.0,,,,,,,,,,,,,,,
30.14584732055664,64512,80.0,0.2,18.279130935668945,-5.694074103236199,-1.1920928955078125e-07,31.220106118917464,0.021923828125,310,0.006310988,3e-05,-0.019969249918722197,,,,,
30.99110221862793,65536,80.0,,,,,,,,,,,,,,,
29.950664520263672,66560,80.0,0.2,27.26729393005371,-5.678080951422453,2.980232238769531e-07,29.941615183651447,0.01962890625,320,0.0060414565,3e-05,-0.020054020315728848,,,,,
28.110265731811523,67584,80.0,,,,,,,,,,,,,,,
31.1656436920166,68608,80.0,0.2,28.342988967895508,-5.66507845595479,1.1920928955078125e-07,31.734777042269705,0.010302734375,330,0.005308903,3e-05,-0.01812679819049663,,,,,
30.527320861816406,69632,80.0,,,,,,,,,,,,,,,
31.10988426208496,70656,80.0,0.2,28.60467529296875,-5.655773217976093,1.1920928955078125e-07,32.709651382267474,0.01474609375,340,0.0057595586,3e-05,-0.017110295264137675,,,,,
31.592042922973633,71680,80.0,,,,,,,,,,,,,,,
29.709779739379883,72704,80.0,0.2,26.785499572753906,-5.6384121254086494,0.0,33.81455366462469,0.01923828125,350,0.006119092,3e-05,-0.019871248098934303,,,,,
31.05839729309082,73728,80.0,,,,,,,,,,,,,,,
31.304534912109375,74752,80.0,0.2,28.59162139892578,-5.625928834080696,0.0,33.06485653966665,0.008447265625,360,0.0051138867,3e-05,-0.015220857493113726,,,,,
31.026813507080078,75776,80.0,,,,,,,,,,,,,,,
28.379066467285156,76800,80.0,0.2,19.89522361755371,-5.621051793545485,0.0,37.16592971235514,0.010498046875,370,0.0053221174,3e-05,-0.017136027850210667,,,,,
31.011587142944336,77824,80.0,,,,,,,,,,,,,,,
32.38901138305664,78848,80.0,0.2,23.852245330810547,-5.601626823842525,-1.1920928955078125e-07,32.67626272290945,0.026416015625,380,0.0072682085,3e-05,-0.0227200782734144,,,,,
29.851638793945312,79872,80.0,,,,,,,,,,,,,,,
29.310699462890625,80896,80.0,0.2,28.55403709411621,-5.583614414185286,0.0,38.206366962194444,0.016845703125,390,0.006086941,3e-05,-0.020094299158154173,,,,,
35.29084777832031,81920,80.0,,,,,,,,,,,,,,,
,81920,,,,,,,,,,,,80.0,387,211,40,31.95740795
32.132869720458984,82944,80.0,0.2,24.831039428710938,-5.5739720776677135,0.0,32.22255013585091,0.016796875,400,0.0063151782,3e-05,-0.019723772148790886,,,,,
28.65170669555664,83968,80.0,,,,,,,,,,,,,,,
33.41883850097656,84992,80.0,0.2,28.946735382080078,-5.558213093131781,1.1920928955078125e-07,32.532273568212986,0.018603515625,410,0.0059180106,3e-05,-0.019126184271954116,,,,,
31.308528900146484,86016,80.0,,,,,,,,,,,,,,,
36.367820739746094,87040,80.0,0.2,18.832870483398438,-5.542954531311989,-1.1920928955078125e-07,31.883697314560415,0.016064453125,420,0.0055575,3e-05,-0.016373316371027614,,,,,
29.08513641357422,88064,80.0,,,,,,,,,,,,,,,
31.62782096862793,89088,80.0,0.2,21.885475158691406,-5.528774381428957,0.0,33.72415848225355,0.0205078125,430,0.0058432985,3e-05,-0.018077808164525776,,,,,
29.928516387939453,90112,80.0,,,,,,,,,,,,,,,
30.08016014099121,91136,80.0,0.2,22.808332443237305,-5.514298671483994,0.0,34.22072783112526,0.01201171875,440,0.0049355645,3e-05,-0.014060049915133276,,,,,
32.6279296875,92160,80.0,,,,,,,,,,,,,,,
30.623859405517578,93184,80.0,0.2,25.434534072875977,-5.498301303386688,0.0,32.991547444462775,0.015625,450,0.0056038145,3e-05,-0.01718565661140019,,,,,
34.26526641845703,94208,80.0,,,,,,,,,,,,,,,
31.994401931762695,95232,80.0,0.2,20.007810592651367,-5.486867722123861,1.1920928955078125e-07,35.94873252660036,0.008984375,460,0.004878356,3e-05,-0.015982229985093,,,,,
35.80198669433594,96256,80.0,,,,,,,,,,,,,,,
32.378963470458984,97280,80.0,0.2,23.626985549926758,-5.472815792262554,0.0,35.011962428689,0.013134765625,470,0.005039418,3e-05,-0.015172405874363904,,,,,
32.3565673828125,98304,80.0,,,,,,,,,,,,,,,
35.25666046142578,99328,80.0,0.2,24.422298431396484,-5.45311767756939,0.0,33.31312062144279,0.01123046875,480,0.0054888166,3e-05,-0.016172603974700904,,,,,
28.954498291015625,100352,80.0,,,,,,,,,,,,,,,
33.41114044189453,101376,80.0,0.2,15.129678726196289,-5.432309407740831,0.0,34.767030003666875,0.00986328125,490,0.005792074,3e-05,-0.016164862368896138,,,,,
38.378944396972656,102400,80.0,,,,,,,,,,,,,,,
,102400,,,,,,,,,,,,80.0,384,265,50,33.26969885
36.127445220947266,103424,80.0,0.2,37.73234558105469,-5.404674573242664,0.0,37.552048680186275,0.00849609375,500,0.005312799,3e-05,-0.016497768388217083,,,,,
35.414119720458984,104448,80.0,,,,,,,,,,,,,,,
35.20628356933594,105472,80.0,0.2,25.773176193237305,-5.380397755652666,-1.1920928955078125e-07,37.496423684060574,0.013134765625,510,0.0048588733,3e-05,-0.015654231924418126,,,,,
37.494606018066406,106496,80.0,,,,,,,,,,,,,,,
37.46790313720703,107520,80.0,0.2,15.734358787536621,-5.352755150943994,0.0,35.603213775157926,0.0201171875,520,0.006001791,3e-05,-0.018079894203765434,,,,,
36.03648376464844,108544,80.0,,,,,,,,,,,,,,,
34.232704162597656,109568,80.0,0.2,9.08343505859375,-5.3326793849468235,0.0,33.932207660377024,0.0130859375,530,0.005638798,3e-05,-0.01677930012374418,,,,,
31.666667938232422,110592,80.0,,,,,,,,,,,,,,,
35.496177673339844,111616,80.0,0.2,20.0682315826416,-5.321132058650255,7.152557373046875e-07,32.319260196387766,0.020654296875,540,0.006841578,3e-05,-0.018826228665784584,,,,,
36.811614990234375,112640,80.0,,,,,,,,,,,,,,,
36.85358810424805,113664,80.0,0.2,39.688926696777344,-5.2977799393236635,0.0,33.68634481430054,0.017431640625,550,0.0054247137,3e-05,-0.018241909693097115,,,,,
35.436134338378906,114688,80.0,,,,,,,,,,,,,,,
33.920066833496094,115712,80.0,0.2,13.207469940185547,-5.2624620124697685,0.0,33.09112558215857,0.01669921875,560,0.005694364,3e-05,-0.015600582191473223,,,,,
37.05408477783203,116736,80.0,,,,,,,,,,,,,,,
36.205684661865234,117760,80.0,0.2,40.292015075683594,-5.248428539186716,-1.1920928955078125e-07,31.63143762499094,0.016064453125,570,0.0063928817,3e-05,-0.016642590014089364,,,,,
33.921478271484375,118784,80.0,,,,,,,,,,,,,,,
38.35567855834961,119808,80.0,0.2,18.49574089050293,-5.241634560376406,0.0,30.31190668195486,0.0162109375,580,0.0056245355,3e-05,-0.015678969213513482,,,,,
33.6829948425293,120832,80.0,,,,,,,,,,,,,,,
38.792335510253906,121856,80.0,0.2,26.773670196533203,-5.223913136869669,0.0,28.907462629675866,0.02958984375,590,0.0071640573,3e-05,-0.019579490852629534,,,,,
35.69457244873047,122880,80.0,,,,,,,,,,,,,,,
,122880,,,,,,,,,,,,80.0,383,320,60,36.513325939999994
36.956642150878906,123904,80.0,0.2,19.18182945251465,-5.2118292927742,0.0,37.00323002785444,0.0138671875,600,0.005097978,3e-05,-0.014628826520856819,,,,,
34.78075408935547,124928,80.0,,,,,,,,,,,,,,,
35.713645935058594,125952,80.0,0.2,19.145368576049805,-5.189715861529112,5.960464477539063e-08,30.73875842988491,0.012451171875,610,0.00607048,3e-05,-0.017304790709386,,,,,
36.72369384765625,126976,80.0,,,,,,,,,,,,,,,
36.344261169433594,128000,80.0,0.2,15.188989639282227,-5.174207013845444,0.0,34.587110756337644,0.01044921875,620,0.004933972,3e-05,-0.014698702897658223,,,,,
36.29917526245117,129024,80.0,,,,,,,,,,,,,,,
38.77056121826172,130048,80.0,0.2,21.08995819091797,-5.157672441005706,0.0,32.60870434343815,0.015283203125,630,0.0050055026,3e-05,-0.015050437549507478,,,,,
41.680137634277344,131072,80.0,,,,,,,,,,,,,,,
35.85969543457031,132096,80.0,0.2,18.70807456970215,-5.144698748737573,0.0,37.64970251917839,0.008203125,640,0.004610489,3e-05,-0.01533367909160006,,,,,
39.06040954589844,133120,80.0,,,,,,,,,,,,,,,
36.23350524902344,134144,80.0,0.2,27.884361267089844,-5.119313474744558,0.0,32.21613842844963,0.01015625,650,0.0055953767,3e-05,-0.015208401010022498,,,,,
38.10771179199219,135168,80.0,,,,,,,,,,,,,,,
39.55524444580078,136192,80.0,0.2,25.214595794677734,-5.073516768962145,0.0,31.735175232589246,0.01904296875,660,0.006497095,3e-05,-0.01677268040984927,,,,,
39.16816711425781,137216,80.0,,,,,,,,,,,,,,,
41.70069885253906,138240,80.0,0.2,22.497222900390625,-5.037125964462757,0.0,31.287155216932298,0.023876953125,670,0.007834867,3e-05,-0.02025240117800422,,,,,
38.55744171142578,139264,80.0,,,,,,,,,,,,,,,
35.45455551147461,140288,80.0,0.2,21.082855224609375,-5.027855037152767,0.0,32.631994158029556,0.0146484375,680,0.004680575,3e-05,-0.016010161556187084,,,,,
40.15081024169922,141312,80.0,,,,,,,,,,,,,,,
43.44318389892578,142336,80.0,0.2,32.22561264038086,-5.003275393694639,0.0,37.8752838909626,0.01240234375,690,0.005687805,3e-05,-0.01637340131419478,,,,,
39.96067810058594,143360,80.0,,,,,,,,,,,,,,,
,143360,,,,,,,,,,,,80.0,382,374,70,40.20677043999999
43.148311614990234,144384,80.0,0.2,19.85604476928711,-4.9744917273521425,0.0,30.431725311279298,0.020166015625,700,0.0066742683,3e-05,-0.01740342482316919,,,,,
40.084835052490234,145408,80.0,,,,,,,,,,,,,,,
39.34775924682617,146432,80.0,0.2,20.27039337158203,-4.981043038517237,0.0,35.0175399646163,0.012744140625,710,0.004679473,3e-05,-0.01472044585061667,,,,,
41.047950744628906,147456,80.0,,,,,,,,,,,,,,,
42.2982063293457,148480,80.0,0.2,17.598812103271484,-4.966247417777777,0.0,32.4559175118804,0.007958984375,720,0.00613766,3e-05,-0.014985174147295766,,,,,
46.932823181152344,149504,80.0,,,,,,,,,,,,,,,
41.18320846557617,150528,80.0,0.2,25.2368221282959,-4.942718437314033,0.0,36.358013689517975,0.00751953125,730,0.005138736,3e-05,-0.013683663775373134,,,,,
44.925716400146484,151552,80.0,,,,,,,,,,,,,,,
43.402923583984375,152576,80.0,0.2,27.717876434326172,-4.920815186947584,0.0,28.84881984293461,0.021923828125,740,0.0059993067,3e-05,-0.01642804483853979,,,,,
44.208824157714844,153600,80.0,,,,,,,,,,,,,,,
43.304481506347656,154624,80.0,0.2,28.988969802856445,-4.9076458312571045,-1.1920928955078125e-07,30.061721912771464,0.013623046875,750,0.004765207,3e-05,-0.013778032832487953,,,,,
39.61058807373047,155648,80.0,,,,,,,,,,,,,,,
43.970741271972656,156672,80.0,0.2,21.641746520996094,-4.883459400385618,0.0,32.73153750747442,0.008056640625,760,0.0053322786,3e-05,-0.014123450617626076,,,,,
45.532352447509766,157696,80.0,,,,,,,,,,,,,,,
39.762168884277344,158720,80.0,0.2,22.209617614746094,-4.854023221135139,0.0,33.947234730422494,0.0140625,770,0.0054740664,3e-05,-0.015844781436680933,,,,,
43.78484344482422,159744,80.0,,,,,,,,,,,,,,,
47.69960021972656,160768,80.0,0.2,21.781402587890625,-4.840897958725691,0.0,31.870391415059565,0.015283203125,780,0.00533543,3e-05,-0.015066708629456116,,,,,
39.62666320800781,161792,80.0,,,,,,,,,,,,,,,
44.35337829589844,162816,80.0,0.2,19.455902099609375,-4.820527805387973,0.0,32.53530978709459,0.01689453125,790,0.0064962306,3e-05,-0.017113196143327514,,,,,
44.920623779296875,163840,80.0,,,,,,,,,,,,,,,
,163840,,,,,,,,,,,,80.0,381,429,80,42.693454
45.13212585449219,164864,80.0,0.2,16.790992736816406,-4.794616723805666,0.0,30.774330703914167,0.02099609375,800,0.008228496,3e-05,-0.018135034963779616,,,,,
44.75927734375,165888,80.0,,,,,,,,,,,,,,,
46.10462951660156,166912,80.0,0.2,14.453140258789062,-4.777236677706242,-1.1920928955078125e-07,32.01670526117086,0.020068359375,810,0.007181247,3e-05,-0.016442021136390393,,,,,
45.7081184387207,167936,80.0,,,,,,,,,,,,,,,
51.22588348388672,168960,80.0,0.2,18.44198989868164,-4.730827943980694,0.0,33.679434570670125,0.01884765625,820,0.006775616,3e-05,-0.016175527012092062,,,,,
44.08115005493164,169984,80.0,,,,,,,,,,,,,,,
48.072608947753906,171008,80.0,0.2,13.724902153015137,-4.687193421274424,5.960464477539063e-08,28.953470240533353,0.00380859375,830,0.003984078,3e-05,-0.01163884736915861,,,,,
48.216697692871094,172032,80.0,,,,,,,,,,,,,,,
48.107383728027344,173056,80.0,0.2,14.058588027954102,-4.657396933436393,1.1920928955078125e-07,35.09616622179747,0.011962890625,840,0.006264587,3e-05,-0.01544782432501961,,,,,
47.8087158203125,174080,80.0,,,,,,,,,,,,,,,
49.03990936279297,175104,80.0,0.2,24.62516975402832,-4.625856577605009,-1.1920928955078125e-07,33.00566143989563,0.00810546875,850,0.00487239,3e-05,-0.013236360124301428,,,,,
48.975868225097656,176128,80.0,,,,,,,,,,,,,,,
52.398895263671875,177152,80.0,0.2,22.358003616333008,-4.604910508543253,5.960464477539063e-08,31.756955227255823,0.010302734375,860,0.006198323,3e-05,-0.013925885703793028,,,,,
51.187767028808594,178176,80.0,,,,,,,,,,,,,,,
53.24260711669922,179200,80.0,0.2,28.13290023803711,-4.597679802030325,0.0,29.085370832681654,0.01279296875,870,0.0070060003,3e-05,-0.01535962838170235,,,,,
48.492210388183594,180224,80.0,,,,,,,,,,,,,,,
51.83382034301758,181248,80.0,0.2,17.149261474609375,-4.581126707047224,0.0,29.242359498143195,0.00966796875,880,0.004860299,3e-05,-0.0129528705838311,,,,,
49.905216217041016,182272,80.0,,,,,,,,,,,,,,,
51.71371841430664,183296,80.0,0.2,19.3482666015625,-4.554308319836855,0.0,28.877522432804106,0.009765625,890,0.0053935573,3e-05,-0.013782588734466117,,,,,
50.14646911621094,184320,80.0,,,,,,,,,,,,,,,
,184320,,,,,,,,,,,,80.0,380,484,90,49.65408573
48.81035232543945,185344,80.0,0.2,33.91349792480469,-4.539918426424265,0.0,32.77955383062363,0.01298828125,900,0.004544748,3e-05,-0.012907032445218647,,,,,
53.62939453125,186368,80.0,,,,,,,,,,,,,,,
51.707340240478516,187392,80.0,0.2,23.23276710510254,-4.540179514139891,0.0,33.29775011688471,0.02080078125,910,0.007167978,3e-05,-0.015172910752880853,,,,,
52.40776062011719,188416,80.0,,,,,,,,,,,,,,,
50.943267822265625,189440,80.0,0.2,20.87517547607422,-4.54341070652008,-1.1920928955078125e-07,30.743540734052658,0.0123046875,920,0.0053117666,3e-05,-0.013807779730996117,,,,,
50.799137115478516,190464,80.0,,,,,,,,,,,,,,,
52.75965118408203,191488,80.0,0.2,22.110872268676758,-4.50939686819911,0.0,33.108871422708035,0.00869140625,930,0.005778365,3e-05,-0.014323320281255292,,,,,
48.181983947753906,192512,80.0,,,,,,,,,,,,,,,
51.6324462890625,193536,80.0,0.2,26.062055587768555,-4.486612051725388,1.1920928955078125e-07,33.96498886942864,0.02900390625,940,0.0077025034,3e-05,-0.015785751915609582,,,,,
51.16594696044922,194560,80.0,,,,,,,,,,,,,,,
51.72896957397461,195584,80.0,0.2,20.293575286865234,-4.4708112388849255,0.0,27.58270652592182,0.02060546875,950,0.0063926713,3e-05,-0.01536278301064158,,,,,
54.34308624267578,196608,80.0,,,,,,,,,,,,,,,
57.31995391845703,197632,80.0,0.2,19.795488357543945,-4.480343909561634,5.960464477539063e-08,31.854260782897473,0.02138671875,960,0.0062047457,3e-05,-0.01586652120386134,,,,,
50.30355453491211,198656,80.0,,,,,,,,,,,,,,,
53.239112854003906,199680,80.0,0.2,21.035442352294922,-4.4712657980620865,-1.1920928955078125e-07,30.338097475469112,0.01025390625,970,0.0042543905,3e-05,-0.012859247877349845,,,,,
57.54052734375,200704,80.0,,,,,,,,,,,,,,,
48.243804931640625,201728,80.0,0.2,13.806427955627441,-4.461626414209604,0.0,35.13299854248762,0.011767578125,980,0.0070389984,3e-05,-0.015138196918269387,,,,,
51.314945220947266,202752,80.0,,,,,,,,,,,,,,,
54.276729583740234,203776,80.0,0.2,20.279850006103516,-4.445133164525032,0.0,33.26301406025887,0.02421875,990,0.006319863,3e-05,-0.01709550203595427,,,,,
52.37666702270508,204800,80.0,,,,,,,,,,,,,,,
,204800,,,,,,,,,,,,80.0,380,538,100,52.398950860000014
53.135040283203125,205824,80.0,0.2,25.680551528930664,-4.403353154659271,1.1920928955078125e-07,32.29878163933754,0.0234375,1000,0.0054460526,3e-05,-0.014391443374188384,,,,,
57.538002014160156,206848,80.0,,,,,,,,,,,,,,,
52.504493713378906,207872,80.0,0.2,9.182027816772461,-4.379345981776714,0.0,30.130847258865835,0.0134765625,1010,0.0053059785,3e-05,-0.01287527739664256,,,,,
53.90917205810547,208896,80.0,,,,,,,,,,,,,,,
57.703495025634766,209920,80.0,0.2,28.108680725097656,-4.361363913118839,0.0,33.0351263448596,0.010791015625,1020,0.0048458036,3e-05,-0.011918452753525344,,,,,
53.77222442626953,210944,80.0,,,,,,,,,,,,,,,
53.481285095214844,211968,80.0,0.2,14.234060287475586,-4.329765515774488,0.0,25.65032965540886,0.00791015625,1030,0.005393653,3e-05,-0.011755057933623903,,,,,
57.89665222167969,212992,80.0,,,,,,,,,,,,,,,
58.57837677001953,214016,80.0,0.2,12.839330673217773,-4.300548266619444,0.0,27.77419780790806,0.020703125,1040,0.008181515,3e-05,-0.01607304630015278,,,,,
60.560752868652344,215040,80.0,,,,,,,,,,,,,,,
59.08563995361328,216064,80.0,0.2,34.46623992919922,-4.274681333452463,0.0,29.794952139258385,0.002978515625,1050,0.0041854745,3e-05,-0.00971723826150992,,,,,
56.22576904296875,217088,80.0,,,,,,,,,,,,,,,
56.700660705566406,218112,80.0,0.2,31.94669532775879,-4.256081192195415,0.0,32.799400655925275,0.010107421875,1060,0.005069508,3e-05,-0.011431880746386014,,,,,
59.30899429321289,219136,80.0,,,,,,,,,,,,,,,
57.27838897705078,220160,80.0,0.2,16.535594940185547,-4.24718512520194,0.0,32.43587310016155,0.0123046875,1070,0.006914232,3e-05,-0.012849557576555527,,,,,
59.18769836425781,221184,80.0,,,,,,,,,,,,,,,
60.89881134033203,222208,80.0,0.2,24.984342575073242,-4.233954468369484,5.960464477539063e-08,30.306097802519798,0.0080078125,1080,0.0058379387,3e-05,-0.011964215321131632,,,,,
57.3933219909668,223232,80.0,,,,,,,,,,,,,,,
62.04140853881836,224256,80.0,0.2,13.897239685058594,-4.228264454007149,0.0,32.21943952292204,0.007275390625,1090,0.005139646,3e-05,-0.01135136461998627,,,,,
53.82524871826172,225280,80.0,,,,,,,,,,,,,,,
,225280,,,,,,,,,,,,80.0,379,593,110,57.152045769999994
58.142295837402344,226304,80.0,0.2,25.012779235839844,-4.213824305683374,0.0,33.39431771486998,0.012255859375,1100,0.0042821793,3e-05,-0.011776253333300702,,,,,
54.79420852661133,227328,80.0,,,,,,,,,,,,,,,
58.46471405029297,228352,80.0,0.2,14.248542785644531,-4.198986019194126,-1.1920928955078125e-07,30.30598523467779,0.0154296875,1110,0.005329127,3e-05,-0.01191763031820301,,,,,
60.2205810546875,229376,80.0,,,,,,,,,,,,,,,
57.7111701965332,230400,80.0,0.2,22.021085739135742,-4.203543976694346,0.0,29.122135902941228,0.024755859375,1120,0.0074797613,3e-05,-0.015824161918862954,,,,,
59.489349365234375,231424,80.0,,,,,,,,,,,,,,,
56.49979782104492,232448,80.0,0.2,18.564363479614258,-4.192129974067211,-1.1920928955078125e-07,36.22880031168461,0.0064453125,1130,0.007055876,3e-05,-0.013790108936154866,,,,,
57.905696868896484,233472,80.0,,,,,,,,,,,,,,,
61.483787536621094,234496,80.0,0.2,16.17304801940918,-4.160816908627749,5.960464477539063e-08,31.338332886993886,0.0076171875,1140,0.007611076,3e-05,-0.015360432173474691,,,,,
63.52638244628906,235520,80.0,,,,,,,,,,,,,,,
58.93997573852539,236544,80.0,0.2,10.585604667663574,-4.144836997240782,-1.1920928955078125e-07,28.064331190288065,0.015625,1150,0.0045083053,3e-05,-0.011983776632405352,,,,,
62.69465255737305,237568,80.0,,,,,,,,,,,,,,,
58.869022369384766,238592,80.0,0.2,19.511051177978516,-4.133857943862677,0.0,33.33511822223663,0.013037109375,1160,0.0040622577,3e-05,-0.011160318344263943,,,,,
70.81023406982422,239616,80.0,,,,,,,,,,,,,,,
60.63737869262695,240640,80.0,0.2,16.93623924255371,-4.114601586014032,-1.1920928955078125e-07,30.828723384439947,0.00673828125,1170,0.0057915836,3e-05,-0.012346992682432755,,,,,
59.993431091308594,241664,80.0,,,,,,,,,,,,,,,
60.580078125,242688,80.0,0.2,25.106042861938477,-4.100567533075809,1.1920928955078125e-07,29.520383355021476,0.015283203125,1180,0.005560837,3e-05,-0.012084069210686721,,,,,
65.72100067138672,243712,80.0,,,,,,,,,,,,,,,
66.41197967529297,244736,80.0,0.2,11.030721664428711,-4.092009668797255,0.0,31.483945156633855,0.0068359375,1190,0.0042958707,3e-05,-0.010421684014727362,,,,,
63.711708068847656,245760,80.0,,,,,,,,,,,,,,,
,245760,,,,,,,,,,,,80.0,377,650,120,61.749427839999996
66.34910583496094,246784,80.0,0.2,16.561479568481445,-4.074824400246143,5.960464477539063e-08,28.863537791371346,0.016943359375,1200,0.005412775,3e-05,-0.01204513874836266,,,,,
65.8167724609375,247808,80.0,,,,,,,,,,,,,,,
62.89884567260742,248832,80.0,0.2,15.97836685180664,-4.0513251885771755,0.0,29.436539174616335,0.015869140625,1210,0.0063792323,3e-05,-0.012870228970132302,,,,,
65.50550079345703,249856,80.0,,,,,,,,,,,,,,,
63.18330764770508,250880,80.0,0.2,15.082716941833496,-4.037925104796886,0.0,28.733838672935963,0.011669921875,1220,0.006731947,3e-05,-0.011798953893594444,,,,,
63.21098327636719,251904,80.0,,,,,,,,,,,,,,,
66.20574188232422,252928,80.0,0.2,17.297473907470703,-4.017161229252816,-1.1920928955078125e-07,30.069077901542187,0.027001953125,1230,0.0062149186,3e-05,-0.014052407931740164,,,,,
64.64706420898438,253952,80.0,,,,,,,,,,,,,,,
62.14384841918945,254976,80.0,0.2,27.520349502563477,-4.0082657031714914,1.1920928955078125e-07,32.441796357929704,0.012548828125,1240,0.005959031,3e-05,-0.01145189543676679,,,,,
67.14564514160156,256000,80.0,,,,,,,,,,,,,,,
64.04170227050781,257024,80.0,0.2,19.81107521057129,-4.0026330154389145,1.1920928955078125e-07,30.434073047339915,0.016650390625,1250,0.005758323,3e-05,-0.0116965872439323,,,,,
64.79512023925781,258048,80.0,,,,,,,,,,,,,,,
60.91123962402344,259072,80.0,0.2,19.41509246826172,-3.9941947627812624,0.0,30.01704514324665,0.0150390625,1260,0.005544624,3e-05,-0.010646476668625837,,,,,
67.41481018066406,260096,80.0,,,,,,,,,,,,,,,
68.664794921875,261120,80.0,0.2,28.54617691040039,-3.9960818722844125,0.0,30.610165490210058,0.013623046875,1270,0.005535387,3e-05,-0.010271521282629693,,,,,
66.83777618408203,262144,80.0,,,,,,,,,,,,,,,
68.42597961425781,263168,80.0,0.2,13.96434211730957,-3.9937853895127775,0.0,30.34611463099718,0.006689453125,1280,0.004654097,3e-05,-0.00943750654332689,,,,,
63.287357330322266,264192,80.0,,,,,,,,,,,,,,,
66.8258056640625,265216,80.0,0.2,20.523611068725586,-3.989896624535322,0.0,32.0650662496686,0.011181640625,1290,0.0044105663,3e-05,-0.01063091826144955,,,,,
65.01924896240234,266240,80.0,,,,,,,,,,,,,,,
,266240,,,,,,,,,,,,80.0,376,706,130,64.61685071
66.22395324707031,267264,80.0,0.2,13.005159378051758,-3.9940661404281856,0.0,27.815619829297066,0.003857421875,1300,0.005035669,3e-05,-0.009942278904782142,,,,,
61.900569915771484,268288,80.0,,,,,,,,,,,,,,,
60.682586669921875,269312,80.0,0.2,31.08583641052246,-3.9952257797122,0.0,28.706410817801952,0.02900390625,1310,0.005124407,3e-05,-0.012101608592638513,,,,,
72.47954559326172,270336,80.0,,,,,,,,,,,,,,,
66.36463165283203,271360,80.0,0.2,18.69817543029785,-3.9927487444132566,0.0,31.27285948395729,0.01455078125,1320,0.005102821,3e-05,-0.010718872697179905,,,,,
67.61106872558594,272384,80.0,,,,,,,,,,,,,,,
66.4407958984375,273408,80.0,0.2,31.714929580688477,-3.9858421754091977,0.0,30.19765989780426,0.006396484375,1330,0.0032980433,3e-05,-0.007205483213328989,,,,,
63.47077178955078,274432,80.0,,,,,,,,,,,,,,,
71.75335693359375,275456,80.0,0.2,34.2048225402832,-3.9736554615199564,0.0,31.68746837079525,0.00703125,1340,0.005236554,3e-05,-0.010274785435831291,,,,,
66.93140411376953,276480,80.0,,,,,,,,,,,,,,,
66.16264343261719,277504,80.0,0.2,15.843873023986816,-3.9621772039681673,0.0,30.56141969561577,0.00361328125,1350,0.004645764,3e-05,-0.009372479626836138,,,,,
62.96728515625,278528,80.0,,,,,,,,,,,,,,,
67.32469177246094,279552,80.0,0.2,13.714140892028809,-3.9541701775044205,0.0,28.894990177452563,0.006640625,1360,0.005065578,3e-05,-0.009497381729306652,,,,,
62.97389602661133,280576,80.0,,,,,,,,,,,,,,,
69.47124481201172,281600,80.0,0.2,19.56206703186035,-3.947557282447815,0.0,28.84514924287796,0.011083984375,1370,0.0041905744,3e-05,-0.009131405716470909,,,,,
64.75550842285156,282624,80.0,,,,,,,,,,,,,,,
68.51448059082031,283648,80.0,0.2,23.057729721069336,-3.948064503446221,-1.1920928955078125e-07,28.013856348395347,0.012744140625,1380,0.0060282433,3e-05,-0.01162852206871321,,,,,
69.13191223144531,284672,80.0,,,,,,,,,,,,,,,
65.90361022949219,285696,80.0,0.2,28.83262825012207,-3.9384330712258815,-1.1920928955078125e-07,30.91845158934593,0.009130859375,1390,0.004692678,3e-05,-0.010555792407467379,,,,,
66.24415588378906,286720,80.0,,,,,,,,,,,,,,,
,286720,,,,,,,,,,,,80.0,376,761,140,66.58002842
69.7057876586914,287744,80.0,0.2,34.35152816772461,-3.9200309801846744,0.0,31.28192471861839,0.003857421875,1400,0.0049055708,3e-05,-0.009568267561553512,,,,,
70.91915893554688,288768,80.0,,,,,,,,,,,,,,,
69.00271606445312,289792,80.0,0.2,14.470345497131348,-3.906981564313173,1.1920928955078125e-07,29.508517049252987,0.0146484375,1410,0.004711629,3e-05,-0.009407952022957033,,,,,
71.02764892578125,290816,80.0,,,,,,,,,,,,,,,
66.7039566040039,291840,80.0,0.2,13.570350646972656,-3.890443902462721,0.0,28.412764854729176,0.008740234375,1420,0.0049103387,3e-05,-0.009058346247911686,,,,,
71.3259506225586,292864,80.0,,,,,,,,,,,,,,,
68.37998962402344,293888,80.0,0.2,21.010488510131836,-3.8778678618371485,0.0,30.492648088932036,0.015625,1430,0.006520156,3e-05,-0.010598736477186321,,,,,
71.29927825927734,294912,80.0,,,,,,,,,,,,,,,
70.00257110595703,295936,80.0,0.2,17.294649124145508,-3.8711483158171176,-1.1920928955078125e-07,31.28705129921436,0.0103515625,1440,0.0052236663,3e-05,-0.010185953238396906,,,,,
71.44380950927734,296960,80.0,,,,,,,,,,,,,,,
68.89073181152344,297984,80.0,0.2,18.328960418701172,-3.8543595518916844,0.0,30.76328899413347,0.00556640625,1450,0.0049798405,3e-05,-0.008808898749339277,,,,,
71.45538330078125,299008,80.0,,,,,,,,,,,,,,,
68.67493438720703,300032,80.0,0.2,19.92241859436035,-3.8414702650159596,5.960464477539063e-08,26.983788679540158,0.012548828125,1460,0.009226472,3e-05,-0.013971260678226826,,,,,
71.50492095947266,301056,80.0,,,,,,,,,,,,,,,
74.84908294677734,302080,80.0,0.2,16.861995697021484,-3.8278643403202297,-1.1920928955078125e-07,26.14934824556112,0.014013671875,1470,0.0064233374,3e-05,-0.009142184422125865,,,,,
73.16921997070312,303104,80.0,,,,,,,,,,,,,,,
72.96061706542969,304128,80.0,0.2,19.754554748535156,-3.82101806551218,0.0,26.136354646086694,0.007568359375,1480,0.0046660807,3e-05,-0.008773563763679704,,,,,
71.67463684082031,305152,80.0,,,,,,,,,,,,,,,
72.32835388183594,306176,80.0,0.2,20.12628936767578,-3.8238524362444877,0.0,29.58970518410206,0.013037109375,1490,0.0053756884,3e-05,-0.009766974856393062,,,,,
71.36064910888672,307200,80.0,,,,,,,,,,,,,,,
,307200,,,,,,,,,,,,80.0,377,814,150,70.71022110999999
75.2823486328125,308224,80.0,0.2,16.832794189453125,-3.8203857861459256,5.960464477539063e-08,26.9603751540184,0.009130859375,1500,0.005413957,3e-05,-0.009358560810505878,,,,,
70.64207458496094,309248,80.0,,,,,,,,,,,,,,,
73.90568542480469,310272,80.0,0.2,16.885540008544922,-3.8128803830593823,0.0,29.440979146957396,0.001416015625,1510,0.003840011,3e-05,-0.007686942458531121,,,,,
70.96719360351562,311296,80.0,,,,,,,,,,,,,,,
70.3173828125,312320,80.0,0.2,19.847684860229492,-3.8093431275337934,0.0,30.719105696678163,0.007080078125,1520,0.0061375997,3e-05,-0.009566889540292323,,,,,
68.38819885253906,313344,80.0,,,,,,,,,,,,,,,
70.00216674804688,314368,80.0,0.2,9.63315486907959,-3.812093350291252,0.0,26.756806489825248,0.004345703125,1530,0.005629489,3e-05,-0.008624558899464318,,,,,
73.18269348144531,315392,80.0,,,,,,,,,,,,,,,
71.56230163574219,316416,80.0,0.2,18.79622459411621,-3.8070272095501423,5.960464477539063e-08,28.79608473032713,0.01396484375,1540,0.006978861,3e-05,-0.010224804461904569,,,,,
69.55308532714844,317440,80.0,,,,,,,,,,,,,,,
74.59117126464844,318464,80.0,0.2,20.207408905029297,-3.8017999798059465,0.0,30.001533526182175,0.016552734375,1550,0.0052338727,3e-05,-0.011410791851812974,,,,,
75.09625244140625,319488,80.0,,,,,,,,,,,,,,,
74.16316986083984,320512,80.0,0.2,15.627287864685059,-3.794457734003663,0.0,27.973347809910774,0.004296875,1560,0.0043546474,3e-05,-0.006818074642797001,,,,,
74.39028930664062,321536,80.0,,,,,,,,,,,,,,,
74.35969543457031,322560,80.0,0.2,13.289633750915527,-3.783535172790289,0.0,30.553641749918462,0.003515625,1570,0.0035489723,3e-05,-0.00674605164458626,,,,,
74.87447357177734,323584,80.0,,,,,,,,,,,,,,,
72.21455383300781,324608,80.0,0.2,26.68311309814453,-3.779832497984171,0.0,26.288402228057386,0.017431640625,1580,0.0050260983,3e-05,-0.009602833544340683,,,,,
73.89532470703125,325632,80.0,,,,,,,,,,,,,,,
75.02324676513672,326656,80.0,0.2,23.42862892150879,-3.779914886504412,0.0,29.82243094742298,0.010498046875,1590,0.0076356074,3e-05,-0.011915523059360566,,,,,
74.6824951171875,327680,80.0,,,,,,,,,,,,,,,
,327680,,,,,,,,,,,,80.0,378,866,160,71.88583467000001
77.17591857910156,328704,80.0,0.2,23.845062255859375,-3.7722401369363068,0.0,28.417345388233663,0.004931640625,1600,0.0047590844,3e-05,-0.007960062538040802,,,,,
71.25695037841797,329728,80.0,,,,,,,,,,,,,,,
79.30587005615234,330752,80.0,0.2,22.386871337890625,-3.7723273638635875,0.0,29.322211273014545,0.01015625,1610,0.006361088,3e-05,-0.009814887265383732,,,,,
74.63680267333984,331776,80.0,,,,,,,,,,,,,,,
73.12298583984375,332800,80.0,0.2,17.90184783935547,-3.763843622431159,0.0,28.58876032680273,0.00546875,1620,0.005433727,3e-05,-0.00892072471906431,,,,,
73.90097045898438,333824,80.0,,,,,,,,,,,,,,,
75.02812957763672,334848,80.0,0.2,12.38084602355957,-3.749756561219692,0.0,25.564677257835864,0.012744140625,1630,0.0066617606,3e-05,-0.010112803733136388,,,,,
76.73188781738281,335872,80.0,,,,,,,,,,,,,,,
72.49102783203125,336896,80.0,0.2,16.595558166503906,-3.736671580001712,0.0,31.54658176153898,0.009814453125,1640,0.006746568,3e-05,-0.009986764235873125,,,,,
71.81353759765625,337920,80.0,,,,,,,,,,,,,,,
70.8705062866211,338944,80.0,0.2,25.20698356628418,-3.725876447558403,5.960464477539063e-08,29.08588163256645,0.01630859375,1650,0.005483253,3e-05,-0.009715478843281744,,,,,
73.65811157226562,339968,80.0,,,,,,,,,,,,,,,
73.72273254394531,340992,80.0,0.2,22.03718376159668,-3.7211126919835804,0.0,26.65445291697979,0.004443359375,1660,0.005543736,3e-05,-0.008150234968161385,,,,,
70.88284301757812,342016,80.0,,,,,,,,,,,,,,,
71.10135650634766,343040,80.0,0.2,15.734582901000977,-3.7121455941349266,0.0,28.852528585493566,0.0130859375,1670,0.006481097,3e-05,-0.010396884416695684,,,,,
73.9891586303711,344064,80.0,,,,,,,,,,,,,,,
75.47657775878906,345088,80.0,0.2,17.685274124145508,-3.704588673263788,0.0,26.313320437073706,0.015087890625,1680,0.0064422227,3e-05,-0.010937975846536574,,,,,
77.08882141113281,346112,80.0,,,,,,,,,,,,,,,
75.17115783691406,347136,80.0,0.2,14.435590744018555,-3.7031780276447535,-1.1920928955078125e-07,27.675154155492784,0.003271484375,1690,0.004704321,3e-05,-0.006461239358395687,,,,,
77.84611511230469,348160,80.0,,,,,,,,,,,,,,,
,348160,,,,,,,,,,,,80.0,378,920,170,76.68425052
76.29557037353516,349184,80.0,0.2,13.465538024902344,-3.6966890420764686,0.0,27.43671403825283,0.006787109375,1700,0.004483955,3e-05,-0.00738935329773085,,,,,
77.09176635742188,350208,80.0,,,,,,,,,,,,,,,
73.68672180175781,351232,80.0,0.2,16.502727508544922,-3.6897430058568714,0.0,28.369733433425427,0.01630859375,1710,0.005692146,3e-05,-0.010061040036089253,,,,,
74.58354187011719,352256,80.0,,,,,,,,,,,,,,,
78.4295654296875,353280,80.0,0.2,17.276233673095703,-3.6905038498342035,0.0,28.377223831415176,0.011865234375,1720,0.006834998,3e-05,-0.011264837684575469,,,,,
76.88732147216797,354304,80.0,,,,,,,,,,,,,,,
76.6029281616211,355328,80.0,0.2,13.540650367736816,-3.6919807098805904,0.0,27.40044547021389,0.01298828125,1730,0.0062205177,3e-05,-0.009689075616915944,,,,,
72.90438079833984,356352,80.0,,,,,,,,,,,,,,,
71.54252624511719,357376,80.0,0.2,13.250154495239258,-3.6828718423843383,1.1920928955078125e-07,27.737944585084914,0.003173828125,1740,0.0041625216,3e-05,-0.006670951733394759,,,,,
79.25908660888672,358400,80.0,,,,,,,,,,,,,,,
77.75335693359375,359424,80.0,0.2,18.755664825439453,-3.6741265796124933,-1.1920928955078125e-07,27.524785663187505,0.007080078125,1750,0.00423,3e-05,-0.007108839384454768,,,,,
75.9019546508789,360448,80.0,,,,,,,,,,,,,,,
78.55152893066406,361472,80.0,0.2,11.821988105773926,-3.6710857897996902,0.0,23.81002408415079,0.0072265625,1760,0.005301088,3e-05,-0.007852856787212658,,,,,
76.31867980957031,362496,80.0,,,,,,,,,,,,,,,
76.49898529052734,363520,80.0,0.2,15.92083740234375,-3.67026823759079,0.0,26.739407706260682,0.027783203125,1770,0.008109208,3e-05,-0.011501349930858851,,,,,
72.81961059570312,364544,80.0,,,,,,,,,,,,,,,
78.54006958007812,365568,80.0,0.2,19.839786529541016,-3.6626069843769073,0.0,25.889071248471737,0.0169921875,1780,0.006293524,3e-05,-0.010623804038914386,,,,,
78.09999084472656,366592,80.0,,,,,,,,,,,,,,,
79.48280334472656,367616,80.0,0.2,21.06098747253418,-3.6494192432612182,0.0,26.56816237717867,0.00595703125,1790,0.005560337,3e-05,-0.007283074024962843,,,,,
78.34770202636719,368640,80.0,,,,,,,,,,,,,,,
,368640,,,,,,,,,,,,80.0,375,980,180,76.76531745999999
75.12689971923828,369664,80.0,0.2,24.057071685791016,-3.648433909937739,0.0,28.147068361938,0.006591796875,1800,0.0048223305,3e-05,-0.007451358116304619,,,,,
75.83987426757812,370688,80.0,,,,,,,,,,,,,,,
79.52732849121094,371712,80.0,0.2,20.578149795532227,-3.6521539948880672,0.0,27.094898092746735,0.014892578125,1810,0.006632532,3e-05,-0.010730179580787081,,,,,
80.74978637695312,372736,80.0,,,,,,,,,,,,,,,
80.94132232666016,373760,80.0,0.2,18.11533546447754,-3.6528097711503507,0.0,29.143239521980284,0.006982421875,1820,0.003774141,3e-05,-0.006360016775579425,,,,,
81.54490661621094,374784,80.0,,,,,,,,,,,,,,,
84.03387451171875,375808,80.0,0.2,14.30388355255127,-3.648380547016859,0.0,24.217305536568166,0.01162109375,1830,0.004825312,3e-05,-0.007510533770255279,,,,,
78.16255187988281,376832,80.0,,,,,,,,,,,,,,,
77.71714782714844,377856,80.0,0.2,28.464675903320312,-3.6460703503340484,0.0,30.569201688468457,0.001611328125,1840,0.004253352,3e-05,-0.006515447274432517,,,,,
78.37458038330078,378880,80.0,,,,,,,,,,,,,,,
78.9022216796875,379904,80.0,0.2,20.529733657836914,-3.6433895252645017,0.0,26.321969769895077,0.01796875,1850,0.006847065,3e-05,-0.00889486640371615,,,,,
81.2260513305664,380928,80.0,,,,,,,,,,,,,,,
80.21515655517578,381952,80.0,0.2,26.711233139038086,-3.6406265374273064,0.0,26.676729848980905,0.0103515625,1860,0.0046813316,3e-05,-0.00851115342156845,,,,,
76.58035278320312,382976,80.0,,,,,,,,,,,,,,,
79.5457992553711,384000,80.0,0.2,17.626426696777344,-3.637858407944441,0.0,26.799266391992568,0.00439453125,1870,0.0061351303,3e-05,-0.008752062242274405,,,,,
76.86737060546875,385024,80.0,,,,,,,,,,,,,,,
77.15805053710938,386048,80.0,0.2,28.464494705200195,-3.6300826091319323,0.0,26.34873607456684,0.005224609375,1880,0.0055873836,3e-05,-0.007892642976366914,,,,,
77.93488311767578,387072,80.0,,,,,,,,,,,,,,,
77.86276245117188,388096,80.0,0.2,16.14440155029297,-3.627610430121422,-1.1920928955078125e-07,29.744851748645306,0.011669921875,1890,0.004660831,3e-05,-0.008250095992843853,,,,,
82.54216003417969,389120,80.0,,,,,,,,,,,,,,,
,389120,,,,,,,,,,,,80.0,374,1038,190,79.55256636
80.63459777832031,390144,80.0,0.2,13.847753524780273,-3.630240198597312,-1.1920928955078125e-07,26.222078339755534,0.00517578125,1900,0.005480323,3e-05,-0.0075722872239566644,,,,,
79.96118927001953,391168,80.0,,,,,,,,,,,,,,,
80.90046691894531,392192,80.0,0.2,12.330586433410645,-3.631566892191768,-1.1920928955078125e-07,25.96559457629919,0.0119140625,1910,0.0053786365,3e-05,-0.008582197246141732,,,,,
77.41209411621094,393216,80.0,,,,,,,,,,,,,,,
74.0252685546875,394240,80.0,0.2,26.576745986938477,-3.6290606040507556,-1.1920928955078125e-07,28.85799762904644,0.008154296875,1920,0.003935878,3e-05,-0.007068771279955399,,,,,
83.79934692382812,395264,80.0,,,,,,,,,,,,,,,
79.47821044921875,396288,80.0,0.2,15.320640563964844,-3.6227437272667884,0.0,27.50433746278286,0.01064453125,1930,0.006133822,3e-05,-0.008764878864894854,,,,,
82.95801544189453,397312,80.0,,,,,,,,,,,,,,,
80.33709716796875,398336,80.0,0.2,23.85999870300293,-3.6225152030587195,0.0,28.545034320652483,0.010595703125,1940,0.0048201317,3e-05,-0.007364725240768167,,,,,
81.25357818603516,399360,80.0,,,,,,,,,,,,,,,
82.36288452148438,400384,80.0,0.2,15.236098289489746,-3.61983741261065,0.0,28.304278074204923,0.01259765625,1950,0.005365151,3e-05,-0.007718974321323913,,,,,
80.78609466552734,401408,80.0,,,,,,,,,,,,,,,
77.77250671386719,402432,80.0,0.2,18.26801300048828,-3.615045029297471,0.0,25.777367290854453,0.015234375,1960,0.0063441386,3e-05,-0.009681444315356202,,,,,
80.32440185546875,403456,80.0,,,,,,,,,,,,,,,
79.23839569091797,404480,80.0,0.2,25.285030364990234,-3.612287425994873,0.0,26.201763769984247,0.0119140625,1970,0.0035443974,3e-05,-0.007364070440235082,,,,,
81.5511245727539,405504,80.0,,,,,,,,,,,,,,,
83.14429473876953,406528,80.0,0.2,18.52629280090332,-3.61506131850183,0.0,25.062802059948446,0.007763671875,1980,0.006586332,3e-05,-0.007748417722905287,,,,,
82.63713836669922,407552,80.0,,,,,,,,,,,,,,,
81.72370147705078,408576,80.0,0.2,19.70397186279297,-3.608670848235488,5.960464477539063e-08,31.13143934607506,0.004296875,1990,0.0060904897,3e-05,-0.008116292286649696,,,,,
78.48773956298828,409600,80.0,,,,,,,,,,,,,,,
,409600,,,,,,,,,,,,80.0,374,1092,200,80.23615553000002
76.90174865722656,410624,80.0,0.2,15.638879776000977,-3.5995728891342877,0.0,24.79849846214056,0.00302734375,2000,0.0043430803,3e-05,-0.006919819573158748,,,,,
78.72152709960938,411648,80.0,,,,,,,,,,,,,,,
79.47110748291016,412672,80.0,0.2,14.810853958129883,-3.600479142740369,5.960464477539063e-08,23.167793010175227,0.0171875,2010,0.004864347,3e-05,-0.007797265936642361,,,,,
82.4527587890625,413696,80.0,,,,,,,,,,,,,,,
83.78684997558594,414720,80.0,0.2,23.980382919311523,-3.6051339019089936,0.0,27.809335060417652,0.002880859375,2020,0.004801282,3e-05,-0.005508840908441925,,,,,
79.44430541992188,415744,80.0,,,,,,,,,,,,,,,
75.80731964111328,416768,80.0,0.2,18.792049407958984,-3.6054139431566,0.0,27.39604624658823,0.008203125,2030,0.0046221837,3e-05,-0.0071511340011056745,,,,,
81.88127136230469,417792,80.0,,,,,,,,,,,,,,,
80.92472839355469,418816,80.0,0.2,9.93334674835205,-3.605327258631587,0.0,24.719595496356487,0.007080078125,2040,0.004995004,3e-05,-0.007246991655119927,,,,,
80.75448608398438,419840,80.0,,,,,,,,,,,,,,,
79.28571319580078,420864,80.0,0.2,17.138092041015625,-3.606095473095775,0.0,25.734398803114892,0.009033203125,2050,0.0055126506,3e-05,-0.008840954497645725,,,,,
80.31443786621094,421888,80.0,,,,,,,,,,,,,,,
82.42964172363281,422912,80.0,0.2,19.018482208251953,-3.5982124280184506,5.960464477539063e-08,28.834718383848667,0.0138671875,2060,0.004556148,3e-05,-0.006323763320688158,,,,,
82.73228454589844,423936,80.0,,,,,,,,,,,,,,,
80.52459716796875,424960,80.0,0.2,22.350093841552734,-3.5936452835798263,0.0,29.579024279117583,0.0029296875,2070,0.0041560372,3e-05,-0.006175220702425576,,,,,
81.32353210449219,425984,80.0,,,,,,,,,,,,,,,
83.86985778808594,427008,80.0,0.2,12.75668716430664,-3.5902887143194677,0.0,24.44249687641859,0.02021484375,2080,0.0068016425,3e-05,-0.008506419571494917,,,,,
80.82891845703125,428032,80.0,,,,,,,,,,,,,,,
81.71916198730469,429056,80.0,0.2,13.36036205291748,-3.5877856951206923,0.0,26.931207680702208,0.002001953125,2090,0.0037286216,3e-05,-0.004784916545941087,,,,,
83.70503234863281,430080,80.0,,,,,,,,,,,,,,,
,430080,,,,,,,,,,,,80.0,373,1150,210,81.59153491000001
82.90926361083984,431104,80.0,0.2,26.314321517944336,-3.5875519599765537,0.0,30.200125582516193,0.003662109375,2100,0.0038872152,3e-05,-0.00540893853722082,,,,,
81.58444213867188,432128,80.0,,,,,,,,,,,,,,,
83.681640625,433152,80.0,0.2,24.4963321685791,-3.5837363734841348,0.0,26.825959756970406,0.00419921875,2110,0.0031049666,3e-05,-0.004825337487272918,,,,,
83.29937744140625,434176,80.0,,,,,,,,,,,,,,,
85.05802917480469,435200,80.0,0.2,19.950727462768555,-3.582213905453682,0.0,24.949218755960466,0.014111328125,2120,0.0058329804,3e-05,-0.008919187050923937,,,,,
80.41450500488281,436224,80.0,,,,,,,,,,,,,,,
79.58451843261719,437248,80.0,0.2,18.429527282714844,-3.5743411771953104,0.0,25.063241058588027,0.011328125,2130,0.0047894297,3e-05,-0.006776761168657686,,,,,
84.55393981933594,438272,80.0,,,,,,,,,,,,,,,
82.7615966796875,439296,80.0,0.2,12.401354789733887,-3.5662231020629407,0.0,25.08243360966444,0.005712890625,2140,0.0059930747,3e-05,-0.008058734296355397,,,,,
80.73950958251953,440320,80.0,,,,,,,,,,,,,,,
80.1531982421875,441344,80.0,0.2,17.18336296081543,-3.559645190834999,0.0,24.451968769729138,0.004296875,2150,0.003529871,3e-05,-0.005949850756587693,,,,,
83.83160400390625,442368,80.0,,,,,,,,,,,,,,,
79.96771240234375,443392,80.0,0.2,14.644078254699707,-3.558647011592984,5.960464477539063e-08,26.717534314095975,0.007666015625,2160,0.0044125244,3e-05,-0.006622354722276213,,,,,
79.39490509033203,444416,80.0,,,,,,,,,,,,,,,
84.09420776367188,445440,80.0,0.2,15.29649543762207,-3.556514798849821,0.0,26.761136069893837,0.015673828125,2170,0.0054586283,3e-05,-0.008793378864356782,,,,,
84.68081665039062,446464,80.0,,,,,,,,,,,,,,,
82.43473052978516,447488,80.0,0.2,19.22566795349121,-3.5581426206976174,0.0,25.85195211172104,0.006787109375,2180,0.0044515464,3e-05,-0.006096443309434108,,,,,
80.84236145019531,448512,80.0,,,,,,,,,,,,,,,
79.55375671386719,449536,80.0,0.2,14.96992015838623,-3.556318273767829,-1.1920928955078125e-07,24.489938525855543,0.0162109375,2190,0.005538078,3e-05,-0.008054911207727855,,,,,
84.15986633300781,450560,80.0,,,,,,,,,,,,,,,
,450560,,,,,,,,,,,,80.0,372,1210,220,82.69910235000002
86.0961685180664,451584,80.0,0.2,16.807771682739258,-3.553912837430835,0.0,26.930085636675358,0.0052734375,2200,0.005436776,3e-05,-0.006592647262004902,,,,,
83.55772399902344,452608,80.0,,,,,,,,,,,,,,,
77.97880554199219,453632,80.0,0.2,18.639110565185547,-3.5604027550667525,0.0,26.626622352004052,0.011474609375,2210,0.0067618815,3e-05,-0.00959563298310968,,,,,
85.79383850097656,454656,80.0,,,,,,,,,,,,,,,
83.92559051513672,455680,80.0,0.2,23.573549270629883,-3.5673592049628495,0.0,27.244877184927464,0.00615234375,2220,0.003815134,3e-05,-0.00568553393950424,,,,,
83.65316009521484,456704,80.0,,,,,,,,,,,,,,,
83.0784912109375,457728,80.0,0.2,12.36288833618164,-3.567502261325717,0.0,29.294951769709588,0.013427734375,2230,0.004773843,3e-05,-0.006320001392668928,,,,,
84.25480651855469,458752,80.0,,,,,,,,,,,,,,,
80.81575012207031,459776,80.0,0.2,13.536340713500977,-3.563348038122058,5.960464477539063e-08,25.45692874789238,0.010595703125,2240,0.0060095955,3e-05,-0.008450437922874698,,,,,
81.86471557617188,460800,80.0,,,,,,,,,,,,,,,
85.32061004638672,461824,80.0,0.2,18.04420280456543,-3.56066924855113,0.0,25.47944344431162,0.008935546875,2250,0.0040827114,3e-05,-0.005065092408040072,,,,,
81.15280151367188,462848,80.0,,,,,,,,,,,,,,,
82.04920959472656,463872,80.0,0.2,17.512359619140625,-3.565492448955774,-1.1920928955078125e-07,27.140104420483112,0.00302734375,2260,0.0047586905,3e-05,-0.005865705864562187,,,,,
83.10466003417969,464896,80.0,,,,,,,,,,,,,,,
83.78839874267578,465920,80.0,0.2,13.269693374633789,-3.5698001105338335,0.0,24.10548343062401,0.002880859375,2270,0.0032822473,3e-05,-0.004367832627758616,,,,,
83.78616333007812,466944,80.0,,,,,,,,,,,,,,,
88.10613250732422,467968,80.0,0.2,19.819299697875977,-3.5684218507260086,0.0,27.05825398117304,0.006396484375,2280,0.004715079,3e-05,-0.006324927348032361,,,,,
87.83975219726562,468992,80.0,,,,,,,,,,,,,,,
82.76313018798828,470016,80.0,0.2,15.332987785339355,-3.563357589021325,0.0,25.765338602662087,0.0064453125,2290,0.0048814337,3e-05,-0.005567185856489232,,,,,
86.37694549560547,471040,80.0,,,,,,,,,,,,,,,
,471040,,,,,,,,,,,,80.0,372,1264,230,83.48939034000001
85.31190490722656,472064,80.0,0.2,29.017353057861328,-3.556360650062561,0.0,27.611448659002782,0.003125,2300,0.0038550997,3e-05,-0.006422934310103301,,,,,
80.52064514160156,473088,80.0,,,,,,,,,,,,,,,
84.92724609375,474112,80.0,0.2,13.496923446655273,-3.549415710568428,0.0,24.335717472434045,0.002490234375,2310,0.0044966238,3e-05,-0.005100318113545654,,,,,
81.09854125976562,475136,80.0,,,,,,,,,,,,,,,
81.58150482177734,476160,80.0,0.2,18.703449249267578,-3.547884172573686,0.0,28.524892608821393,0.003369140625,2320,0.0045144046,3e-05,-0.005109356489265337,,,,,
83.40432739257812,477184,80.0,,,,,,,,,,,,,,,
79.67423248291016,478208,80.0,0.2,16.142602920532227,-3.550688112527132,-1.1920928955078125e-07,25.41803557574749,0.0138671875,2330,0.0043350896,3e-05,-0.007108839263673871,,,,,
81.47900390625,479232,80.0,,,,,,,,,,,,,,,
83.22122192382812,480256,80.0,0.2,19.914995193481445,-3.546701958030462,0.0,26.01136953011155,0.00361328125,2340,0.0037461508,3e-05,-0.006044124424442998,,,,,
82.10456848144531,481280,80.0,,,,,,,,,,,,,,,
82.18081665039062,482304,80.0,0.2,9.469306945800781,-3.5491844326257707,0.0,24.642433051764964,0.0091796875,2350,0.00452764,3e-05,-0.006631964959524339,,,,,
85.98912811279297,483328,80.0,,,,,,,,,,,,,,,
86.46272277832031,484352,80.0,0.2,24.94704818725586,-3.5478592652827503,-1.1920928955078125e-07,28.662784476578235,0.00986328125,2360,0.006281415,3e-05,-0.008686461579054594,,,,,
82.03102111816406,485376,80.0,,,,,,,,,,,,,,,
82.453369140625,486400,80.0,0.2,13.235746383666992,-3.541187845915556,0.0,26.81216216981411,0.00908203125,2370,0.0056065638,3e-05,-0.00722667137379176,,,,,
84.32771301269531,487424,80.0,,,,,,,,,,,,,,,
83.482421875,488448,80.0,0.2,20.299123764038086,-3.537617376819253,0.0,28.017262367904188,0.001611328125,2380,0.003253138,3e-05,-0.004707827637321316,,,,,
83.5389404296875,489472,80.0,,,,,,,,,,,,,,,
85.25396728515625,490496,80.0,0.2,19.4466495513916,-3.53631194755435,0.0,23.580303266644478,0.01201171875,2390,0.006760023,3e-05,-0.009315375700680306,,,,,
82.18202209472656,491520,80.0,,,,,,,,,,,,,,,
,491520,,,,,,,,,,,,80.0,371,1322,240,82.71788427
81.25302124023438,492544,80.0,0.2,20.68443489074707,-3.5341831739991902,0.0,24.733357962965965,0.010693359375,2400,0.004621691,3e-05,-0.0070970455959468385,,,,,
81.87049102783203,493568,80.0,,,,,,,,,,,,,,,
84.59917449951172,494592,80.0,0.2,15.401542663574219,-3.533343319222331,0.0,28.89651887267828,0.00595703125,2410,0.0049210265,3e-05,-0.007006088847992942,,,,,
85.2047119140625,495616,80.0,,,,,,,,,,,,,,,
81.4113998413086,496640,80.0,0.2,15.235101699829102,-3.5305252261459827,0.0,24.446283729374407,0.008935546875,2420,0.0052682003,3e-05,-0.005957354717611452,,,,,
87.31218719482422,497664,80.0,,,,,,,,,,,,,,,
83.97379302978516,498688,80.0,0.2,18.26312255859375,-3.5260944928973914,1.1920928955078125e-07,26.539532561600208,0.007177734375,2430,0.0039031196,3e-05,-0.004850438205539831,,,,,
82.93245697021484,499712,80.0,,,,,,,,,,,,,,,
85.33811950683594,500736,80.0,0.2,18.17561149597168,-3.5263856194913386,0.0,26.722606685757636,0.01162109375,2440,0.005215671,3e-05,-0.007268214361101854,,,,,
85.26829528808594,501760,80.0,,,,,,,,,,,,,,,
84.97221374511719,502784,80.0,0.2,31.493362426757812,-3.529553586244583,0.0,26.446530836820603,0.00712890625,2450,0.0049130265,3e-05,-0.006036910526745487,,,,,
84.6570053100586,503808,80.0,,,,,,,,,,,,,,,
83.62965393066406,504832,80.0,0.2,16.59689712524414,-3.530601143091917,0.0,26.452070680260658,0.00498046875,2460,0.0043281033,3e-05,-0.00486737461615121,,,,,
83.12288665771484,505856,80.0,,,,,,,,,,,,,,,
87.40043640136719,506880,80.0,0.2,21.225162506103516,-3.5304355427622793,0.0,24.794433376193048,0.010302734375,2470,0.005148728,3e-05,-0.006069015076354845,,,,,
87.92790985107422,507904,80.0,,,,,,,,,,,,,,,
86.33380126953125,508928,80.0,0.2,18.573909759521484,-3.526252219453454,0.0,26.109812147915363,0.01376953125,2480,0.004626385,3e-05,-0.006589467357480316,,,,,
84.52176666259766,509952,80.0,,,,,,,,,,,,,,,
82.82870483398438,510976,80.0,0.2,19.40319061279297,-3.522373954951763,0.0,25.9798450037837,0.005908203125,2490,0.0050947163,3e-05,-0.0062635595713800285,,,,,
87.32766723632812,512000,80.0,,,,,,,,,,,,,,,
,512000,,,,,,,,,,,,80.0,372,1375,250,84.98740587
84.58616638183594,513024,80.0,0.2,20.8024959564209,-3.5213247779756784,0.0,26.806697049736975,0.00498046875,2500,0.0050578825,3e-05,-0.006355668793366931,,,,,
84.01451110839844,514048,80.0,,,,,,,,,,,,,,,
83.12342071533203,515072,80.0,0.2,22.824657440185547,-3.522480594366789,0.0,27.500298541784286,0.010107421875,2510,0.004454798,3e-05,-0.006271135451970622,,,,,
80.50872802734375,516096,80.0,,,,,,,,,,,,,,,
86.79618072509766,517120,80.0,0.2,16.863706588745117,-3.518514273688197,5.960464477539063e-08,25.86267936974764,0.00830078125,2520,0.0062373104,3e-05,-0.007137340335248155,,,,,
85.18167114257812,518144,80.0,,,,,,,,,,,,,,,
82.8364028930664,519168,80.0,0.2,14.686965942382812,-3.513024081662297,0.0,25.738730531930923,0.013720703125,2530,0.005052852,3e-05,-0.008200460060834303,,,,,
85.04875183105469,520192,80.0,,,,,,,,,,,,,,,
85.73091888427734,521216,80.0,0.2,16.436857223510742,-3.510879235714674,0.0,24.40700561851263,0.00966796875,2540,0.0045450274,3e-05,-0.005781301588285714,,,,,
85.02102661132812,522240,80.0,,,,,,,,,,,,,,,
85.0921630859375,523264,80.0,0.2,13.82629680633545,-3.5096695866435765,0.0,27.113947741687298,0.004052734375,2550,0.0043171486,3e-05,-0.006325285824277671,,,,,
84.09323120117188,524288,80.0,,,,,,,,,,,,,,,
84.80093383789062,525312,80.0,0.2,17.86882781982422,-3.5061896346509456,0.0,24.72431947439909,0.005810546875,2560,0.005722522,3e-05,-0.007710529001633404,,,,,
81.76493072509766,526336,80.0,,,,,,,,,,,,,,,
86.64446258544922,527360,80.0,0.2,17.85279655456543,-3.5068750835955145,0.0,26.229147167503832,0.00673828125,2570,0.0049642753,3e-05,-0.005563834624626907,,,,,
83.77503967285156,528384,80.0,,,,,,,,,,,,,,,
83.26374816894531,529408,80.0,0.2,26.901281356811523,-3.5115025632083414,0.0,25.85333424806595,0.005615234375,2580,0.004402776,3e-05,-0.005039796888377168,,,,,
85.33546447753906,530432,80.0,,,,,,,,,,,,,,,
83.17850494384766,531456,80.0,0.2,15.21764850616455,-3.511361223459244,0.0,25.457584485411644,0.004541015625,2590,0.0043914234,3e-05,-0.00529737303404545,,,,,
80.54035949707031,532480,80.0,,,,,,,,,,,,,,,
,532480,,,,,,,,,,,,80.0,372,1429,260,85.41675341000001
83.44770812988281,533504,80.0,0.2,22.69898223876953,-3.5077382661402225,0.0,28.778908078372478,0.0025390625,2600,0.004050828,3e-05,-0.005418120101967361,,,,,
86.05406188964844,534528,80.0,,,,,,,,,,,,,,,
82.3142318725586,535552,80.0,0.2,11.923188209533691,-3.5030942797660827,5.960464477539063e-08,23.717342248559,0.009130859375,2610,0.0046676034,3e-05,-0.007649876942014089,,,,,
85.51657104492188,536576,80.0,,,,,,,,,,,,,,,
84.38655853271484,537600,80.0,0.2,16.428186416625977,-3.5006228405982256,0.0,25.7731388643384,0.003857421875,2620,0.0036431837,3e-05,-0.004576450845706859,,,,,
82.42424011230469,538624,80.0,,,,,,,,,,,,,,,
87.18986511230469,539648,80.0,0.2,11.716424942016602,-3.4959851570427416,0.0,24.766126798093318,0.00693359375,2630,0.004196224,3e-05,-0.005216742752054415,,,,,
82.99852752685547,540672,80.0,,,,,,,,,,,,,,,
84.43568420410156,541696,80.0,0.2,15.494853973388672,-3.4916577275842426,0.0,25.968744407594205,0.002978515625,2640,0.0051296637,3e-05,-0.006579938692448195,,,,,
87.53282165527344,542720,80.0,,,,,,,,,,,,,,,
85.54954528808594,543744,80.0,0.2,16.71323013305664,-3.4991424825042485,0.0,23.942168660461903,0.009814453125,2650,0.006641455,3e-05,-0.00864163210935658,,,,,
86.201416015625,544768,80.0,,,,,,,,,,,,,,,
88.21281433105469,545792,80.0,0.2,18.867923736572266,-3.5030106127262117,0.0,29.397389143705368,0.008251953125,2660,0.0052630063,3e-05,-0.006607660968438722,,,,,
86.4365234375,546816,80.0,,,,,,,,,,,,,,,
86.30923461914062,547840,80.0,0.2,18.032047271728516,-3.4969921756535767,0.0,24.40205633342266,0.00107421875,2670,0.004784995,3e-05,-0.005048090748459799,,,,,
86.02853393554688,548864,80.0,,,,,,,,,,,,,,,
85.73411560058594,549888,80.0,0.2,16.702367782592773,-3.495418780297041,0.0,25.808270768821238,0.006298828125,2680,0.005242755,3e-05,-0.006373010817333125,,,,,
83.84672546386719,550912,80.0,,,,,,,,,,,,,,,
87.51956176757812,551936,80.0,0.2,15.67086124420166,-3.4977996695786713,0.0,27.231731997430323,0.004296875,2690,0.0044786897,3e-05,-0.005174496305335197,,,,,
86.50689697265625,552960,80.0,,,,,,,,,,,,,,,
,552960,,,,,,,,,,,,80.0,372,1484,270,84.93417429000002
87.08305358886719,553984,80.0,0.2,15.783202171325684,-3.5004218947142363,0.0,27.592073361575604,0.005859375,2700,0.005050401,3e-05,-0.006206369565916248,,,,,
80.04289245605469,555008,80.0,,,,,,,,,,,,,,,
88.97421264648438,556032,80.0,0.2,10.536808967590332,-3.499820579960942,0.0,27.256048887968063,0.008642578125,2710,0.00490869,3e-05,-0.0057494610864523565,,,,,
85.01091003417969,557056,80.0,,,,,,,,,,,,,,,
85.53691101074219,558080,80.0,0.2,10.683206558227539,-3.4986206255853176,0.0,24.51970119178295,0.001025390625,2720,0.0035829833,3e-05,-0.0032794841401482698,,,,,
88.91119384765625,559104,80.0,,,,,,,,,,,,,,,
86.51628112792969,560128,80.0,0.2,14.745237350463867,-3.4987557385116816,0.0,24.289340047538282,0.016357421875,2730,0.005986699,3e-05,-0.007570325099368347,,,,,
85.35722351074219,561152,80.0,,,,,,,,,,,,,,,
85.74783325195312,562176,80.0,0.2,17.185562133789062,-3.4976140767335893,0.0,26.082475723326205,0.00576171875,2740,0.0053963442,3e-05,-0.005572358276913292,,,,,
82.8644027709961,563200,80.0,,,,,,,,,,,,,,,
84.58235168457031,564224,80.0,0.2,13.079663276672363,-3.497994488477707,0.0,25.282109847664834,0.004931640625,2750,0.004232938,3e-05,-0.00520082486073079,,,,,
87.71363830566406,565248,80.0,,,,,,,,,,,,,,,
80.74652862548828,566272,80.0,0.2,13.076789855957031,-3.4976533219218253,0.0,25.86793593913317,0.005224609375,2760,0.004610559,3e-05,-0.005272713231533999,,,,,
85.16177368164062,567296,80.0,,,,,,,,,,,,,,,
90.74372863769531,568320,80.0,0.2,19.899587631225586,-3.495016370341182,0.0,25.430169540643693,0.00703125,2770,0.0055222805,3e-05,-0.005694951500481693,,,,,
88.37388610839844,569344,80.0,,,,,,,,,,,,,,,
83.34142303466797,570368,80.0,0.2,13.274626731872559,-3.492974504083395,-1.1920928955078125e-07,26.039841330051424,0.0048828125,2780,0.004075309,3e-05,-0.004825665245516575,,,,,
88.5053482055664,571392,80.0,,,,,,,,,,,,,,,
84.32542419433594,572416,80.0,0.2,12.923912048339844,-3.492873838916421,0.0,24.18366221934557,0.001025390625,2790,0.0028106207,3e-05,-0.002918616938040941,,,,,
86.58019256591797,573440,80.0,,,,,,,,,,,,,,,
,573440,,,,,,,,,,,,80.0,372,1539,280,86.02787444000002
85.53064727783203,574464,80.0,0.2,21.038105010986328,-3.4930107414722444,0.0,25.095933505892752,0.002392578125,2800,0.0042859823,3e-05,-0.005767260319407797,,,,,
86.07977294921875,575488,80.0,,,,,,,,,,,,,,,
82.92767333984375,576512,80.0,0.2,21.076936721801758,-3.4888517905026672,0.0,28.219568702578545,0.005126953125,2810,0.0036872511,3e-05,-0.0047855606520897705,,,,,
85.85433959960938,577536,80.0,,,,,,,,,,,,,,,
86.74989318847656,578560,80.0,0.2,18.48702621459961,-3.4833872031420468,-1.1920928955078125e-07,28.102068856358528,0.00771484375,2820,0.0059297634,3e-05,-0.007211159014696022,,,,,
83.62564849853516,579584,80.0,,,,,,,,,,,,,,,
88.62876892089844,580608,80.0,0.2,16.987960815429688,-3.484178275614977,0.0,25.673802402615546,0.014306640625,2830,0.007900218,3e-05,-0.010200154024278162,,,,,
87.02572631835938,581632,80.0,,,,,,,,,,,,,,,
86.04814910888672,582656,80.0,0.2,20.10176658630371,-3.486927269399166,0.0,27.647403044998647,0.014892578125,2840,0.005637816,3e-05,-0.007091645394393708,,,,,
87.5185775756836,583680,80.0,,,,,,,,,,,,,,,
88.38921356201172,584704,80.0,0.2,15.249913215637207,-3.488363192230463,0.0,24.684583309292794,0.015234375,2850,0.0038554226,3e-05,-0.005868691303476226,,,,,
85.73350524902344,585728,80.0,,,,,,,,,,,,,,,
83.60984802246094,586752,80.0,0.2,16.97330093383789,-3.4892654202878477,0.0,26.121203793585302,0.006640625,2860,0.005375305,3e-05,-0.006926639757875819,,,,,
87.057861328125,587776,80.0,,,,,,,,,,,,,,,
89.4248046875,588800,80.0,0.2,14.921692848205566,-3.4850012324750423,0.0,24.09394766539335,0.009130859375,2870,0.007080969,3e-05,-0.00701483235534397,,,,,
83.87101745605469,589824,80.0,,,,,,,,,,,,,,,
87.10807037353516,590848,80.0,0.2,14.748026847839355,-3.4792900323867797,0.0,25.382912440598012,0.007568359375,2880,0.0055178534,3e-05,-0.005982684974514996,,,,,
87.06822204589844,591872,80.0,,,,,,,,,,,,,,,
88.11717224121094,592896,80.0,0.2,17.80959129333496,-3.4753984943032266,-1.1920928955078125e-07,24.397887130081653,0.001025390625,2890,0.00323324,3e-05,-0.0035998948485939765,,,,,
85.99125671386719,593920,80.0,,,,,,,,,,,,,,,
,593920,,,,,,,,,,,,80.0,372,1594,290,86.65951015000002
86.49066162109375,594944,80.0,0.2,23.42647361755371,-3.475241431593895,0.0,27.22673982679844,0.008837890625,2900,0.0046413136,3e-05,-0.006194818826224946,,,,,
83.50699615478516,595968,80.0,,,,,,,,,,,,,,,
87.35761260986328,596992,80.0,0.2,17.372730255126953,-3.4765746273100375,-1.1920928955078125e-07,26.62428482323885,0.008349609375,2910,0.0051997104,3e-05,-0.006882158678490668,,,,,
88.31968688964844,598016,80.0,,,,,,,,,,,,,,,
87.98594665527344,599040,80.0,0.2,21.0764102935791,-3.476795258373022,1.1920928955078125e-07,26.561121633648874,0.0056640625,2920,0.007606538,3e-05,-0.007185726178067853,,,,,
90.86451721191406,600064,80.0,,,,,,,,,,,,,,,
88.42167663574219,601088,80.0,0.2,20.285093307495117,-3.4718028619885444,-1.1920928955078125e-07,26.225046990811826,0.01025390625,2930,0.005447559,3e-05,-0.006531388325311127,,,,,
82.65174865722656,602112,80.0,,,,,,,,,,,,,,,
88.07413482666016,603136,80.0,0.2,13.511850357055664,-3.472046148404479,0.0,24.729342402517794,0.006298828125,2940,0.0045850715,3e-05,-0.005836103615729371,,,,,
86.392578125,604160,80.0,,,,,,,,,,,,,,,
85.00798797607422,605184,80.0,0.2,11.183300018310547,-3.471986472979188,0.0,25.329460479319096,0.000830078125,2950,0.0030343544,3e-05,-0.003410423977220489,,,,,
91.23136901855469,606208,80.0,,,,,,,,,,,,,,,
86.67791748046875,607232,80.0,0.2,20.53559112548828,-3.4705015674233435,0.0,27.249270407855512,0.001025390625,2960,0.0036469582,3e-05,-0.0034127632665331476,,,,,
88.11048889160156,608256,80.0,,,,,,,,,,,,,,,
86.21979522705078,609280,80.0,0.2,23.165605545043945,-3.4716739527881146,0.0,25.08011366724968,0.008642578125,2970,0.005638117,3e-05,-0.006009473719313973,,,,,
85.31011962890625,610304,80.0,,,,,,,,,,,,,,,
86.02908325195312,611328,80.0,0.2,18.073211669921875,-3.470902381837368,5.960464477539063e-08,24.619865588843822,0.00625,2980,0.003640704,3e-05,-0.0037492689341888765,,,,,
86.92769622802734,612352,80.0,,,,,,,,,,,,,,,
85.0052490234375,613376,80.0,0.2,15.766698837280273,-3.468643208965659,0.0,25.894372625648977,0.00458984375,2990,0.0034599754,3e-05,-0.003769877852755599,,,,,
85.77973175048828,614400,80.0,,,,,,,,,,,,,,,
,614400,,,,,,,,,,,,80.0,372,1651,300,87.61838262000003
83.86592102050781,615424,80.0,0.2,8.911897659301758,-3.469494128599763,0.0,24.389124780893326,0.00576171875,3000,0.005014819,3e-05,-0.00586943046291708,,,,,
88.07546997070312,616448,80.0,,,,,,,,,,,,,,,
87.71511840820312,617472,80.0,0.2,15.91117000579834,-3.4708469420671464,0.0,25.164860974252225,0.00361328125,3010,0.00529393,3e-05,-0.00583867774294049,,,,,
88.24818420410156,618496,80.0,,,,,,,,,,,,,,,
87.51080322265625,619520,80.0,0.2,16.70785140991211,-3.4683441244065762,0.0,24.705873118340968,0.0046875,3020,0.0045964844,3e-05,-0.00404668530827621,,,,,
88.08168029785156,620544,80.0,,,,,,,,,,,,,,,
86.8570556640625,621568,80.0,0.2,20.43614387512207,-3.4643793094903232,0.0,25.949400667846202,0.001123046875,3030,0.004474691,3e-05,-0.004181666880322154,,,,,
88.30148315429688,622592,80.0,,,,,,,,,,,,,,,
87.23138427734375,623616,80.0,0.2,15.9581298828125,-3.459700560197234,-1.1920928955078125e-07,24.111292926967145,0.005322265625,3040,0.005651655,3e-05,-0.00688944801913749,,,,,
84.94786071777344,624640,80.0,,,,,,,,,,,,,,,
86.70109558105469,625664,80.0,0.2,7.604002952575684,-3.4581176180392506,0.0,25.072644263505936,0.010400390625,3050,0.0041338094,3e-05,-0.005151653258144507,,,,,
88.02194213867188,626688,80.0,,,,,,,,,,,,,,,
87.82064819335938,627712,80.0,0.2,25.708406448364258,-3.460173325613141,0.0,25.317299716174603,0.01708984375,3060,0.006164841,3e-05,-0.007849156646989286,,,,,
86.39615631103516,628736,80.0,,,,,,,,,,,,,,,
87.36780548095703,629760,80.0,0.2,27.38988494873047,-3.45795418061316,5.960464477539063e-08,23.987700575590132,0.0041015625,3070,0.0054576993,3e-05,-0.005165223610310932,,,,,
86.81753540039062,630784,80.0,,,,,,,,,,,,,,,
88.21601104736328,631808,80.0,0.2,13.584182739257812,-3.4611169625073672,0.0,25.261563374102117,0.006396484375,3080,0.00584774,3e-05,-0.00717405271861935,,,,,
87.94764709472656,632832,80.0,,,,,,,,,,,,,,,
86.38031005859375,633856,80.0,0.2,18.932680130004883,-3.463454259559512,0.0,25.66647109389305,0.016552734375,3090,0.0068597742,3e-05,-0.009039223608851898,,,,,
88.49700927734375,634880,80.0,,,,,,,,,,,,,,,
,634880,,,,,,,,,,,,80.0,372,1704,310,87.08963291
85.05117797851562,635904,80.0,0.2,21.534948348999023,-3.4616594173014166,-1.1920928955078125e-07,26.755900752544402,0.0009765625,3100,0.0038522705,3e-05,-0.004802015616587596,,,,,
85.3773422241211,636928,80.0,,,,,,,,,,,,,,,
90.11526489257812,637952,80.0,0.2,21.9912166595459,-3.463766285777092,0.0,24.266906256973744,0.020556640625,3110,0.006229748,3e-05,-0.0075619103095959875,,,,,
85.44532012939453,638976,80.0,,,,,,,,,,,,,,,
88.38775634765625,640000,80.0,0.2,23.34573745727539,-3.462583992257714,0.0,25.299974340200425,0.00234375,3120,0.006352007,3e-05,-0.006767419120296836,,,,,
86.26600646972656,641024,80.0,,,,,,,,,,,,,,,
86.95565032958984,642048,80.0,0.2,11.355640411376953,-3.4589271936565638,0.0,25.660866916179657,0.002294921875,3130,0.0038266783,3e-05,-0.004273028244642774,,,,,
86.37078857421875,643072,80.0,,,,,,,,,,,,,,,
85.34158325195312,644096,80.0,0.2,13.115758895874023,-3.458544985949993,0.0,22.89015720486641,0.00908203125,3140,0.0048734145,3e-05,-0.005191989383638429,,,,,
88.7142105102539,645120,80.0,,,,,,,,,,,,,,,
88.26702880859375,646144,80.0,0.2,21.370723724365234,-3.457971138879657,0.0,24.8681035682559,0.009130859375,3150,0.004549543,3e-05,-0.0058087428755243305,,,,,
86.26838684082031,647168,80.0,,,,,,,,,,,,,,,
88.44560241699219,648192,80.0,0.2,19.867305755615234,-3.455668517202139,0.0,24.798066498339175,0.00634765625,3160,0.0042415783,3e-05,-0.005087528823423781,,,,,
86.33032989501953,649216,80.0,,,,,,,,,,,,,,,
87.27505493164062,650240,80.0,0.2,22.419260025024414,-3.4536240734159946,-1.1920928955078125e-07,23.998649236559867,0.00263671875,3170,0.0038817106,3e-05,-0.0044329892234600266,,,,,
88.28179931640625,651264,80.0,,,,,,,,,,,,,,,
86.85467529296875,652288,80.0,0.2,11.531450271606445,-3.4540450744330884,-1.1920928955078125e-07,23.438992056250573,0.009130859375,3180,0.0035638227,3e-05,-0.004008305316892802,,,,,
89.44302368164062,653312,80.0,,,,,,,,,,,,,,,
88.38726806640625,654336,80.0,0.2,15.083723068237305,-3.4557350520044565,0.0,24.622287583351135,0.010791015625,3190,0.0054232865,3e-05,-0.006582331481695292,,,,,
87.40498352050781,655360,80.0,,,,,,,,,,,,,,,
,655360,,,,,,,,,,,,80.0,372,1760,320,87.02390322
84.31983947753906,656384,80.0,0.2,24.363496780395508,-3.456572774797678,0.0,28.14524939209223,0.00771484375,3200,0.0028935992,3e-05,-0.0038079282607213828,,,,,
87.6664810180664,657408,80.0,,,,,,,,,,,,,,,
87.43084716796875,658432,80.0,0.2,18.197643280029297,-3.4568995866924523,-1.1920928955078125e-07,24.24691883325577,0.0076171875,3210,0.0051742354,3e-05,-0.005896916191704804,,,,,
89.13459777832031,659456,80.0,,,,,,,,,,,,,,,
92.85826110839844,660480,80.0,0.2,11.688581466674805,-3.4583931606262923,0.0,24.684220494329928,0.014111328125,3220,0.004841011,3e-05,-0.0058073243701073805,,,,,
87.50860595703125,661504,80.0,,,,,,,,,,,,,,,
88.61791229248047,662528,80.0,0.2,18.182640075683594,-3.456858775019646,-1.1920928955078125e-07,22.283873023837806,0.012060546875,3230,0.0042352546,3e-05,-0.0043965253680653404,,,,,
85.92217254638672,663552,80.0,,,,,,,,,,,,,,,
85.60467529296875,664576,80.0,0.2,13.730292320251465,-3.4550456043332813,0.0,26.481973396241663,0.0025390625,3240,0.0029424196,3e-05,-0.0023469817613658963,,,,,
89.67094421386719,665600,80.0,,,,,,,,,,,,,,,
88.98977661132812,666624,80.0,0.2,17.27998161315918,-3.455636740103364,0.0,26.350054071843623,0.0044921875,3250,0.00505115,3e-05,-0.005370006660086801,,,,,
88.67333984375,667648,80.0,,,,,,,,,,,,,,,
88.47337341308594,668672,80.0,0.2,16.763301849365234,-3.457038926705718,0.0,26.8983265042305,0.003857421875,3260,0.0053324187,3e-05,-0.006315001848270186,,,,,
88.14531707763672,669696,80.0,,,,,,,,,,,,,,,
87.60758209228516,670720,80.0,0.2,19.166458129882812,-3.456923622637987,0.0,25.67873007506132,0.0068359375,3270,0.0052235806,3e-05,-0.005569902141724014,,,,,
89.91484069824219,671744,80.0,,,,,,,,,,,,,,,
89.72618865966797,672768,80.0,0.2,15.312222480773926,-3.4515253279358147,0.0,23.285676933825016,0.00908203125,3280,0.007842058,3e-05,-0.00876168125832919,,,,,
85.68507385253906,673792,80.0,,,,,,,,,,,,,,,
88.3526611328125,674816,80.0,0.2,16.16569709777832,-3.445238561928272,0.0,23.597462943196298,0.00859375,3290,0.0061223013,3e-05,-0.007200044703495223,,,,,
90.3239974975586,675840,80.0,,,,,,,,,,,,,,,
,675840,,,,,,,,,,,,80.0,372,1813,330,87.36462997000001
85.55203247070312,676864,80.0,0.2,7.984091758728027,-3.442954910546541,0.0,23.258636844158172,0.012353515625,3300,0.0039322274,3e-05,-0.004993803231263883,,,,,
86.99049377441406,677888,80.0,,,,,,,,,,,,,,,
83.7451400756836,678912,80.0,0.2,13.762334823608398,-3.443849126249552,0.0,27.22611786723137,0.0169921875,3310,0.007879278,3e-05,-0.009941448019526433,,,,,
88.94223022460938,679936,80.0,,,,,,,,,,,,,,,
88.14008331298828,680960,80.0,0.2,11.172650337219238,-3.4410281900316475,0.0,24.168662916123868,0.009228515625,3320,0.006011586,3e-05,-0.006619518694424187,,,,,
85.7809066772461,681984,80.0,,,,,,,,,,,,,,,
86.94371032714844,683008,80.0,0.2,16.529891967773438,-3.4398439567536117,0.0,24.959093667566776,0.003369140625,3330,0.0036346,3e-05,-0.004058849463399383,,,,,
86.26799774169922,684032,80.0,,,,,,,,,,,,,,,
86.98426818847656,685056,80.0,0.2,9.257408142089844,-3.439360738918185,0.0,23.732818834483624,0.012255859375,3340,0.004456832,3e-05,-0.004950015239592176,,,,,
86.09776306152344,686080,80.0,,,,,,,,,,,,,,,
87.54965209960938,687104,80.0,0.2,17.429786682128906,-3.4421349745243788,0.0,25.31628444492817,0.01064453125,3350,0.0050959666,3e-05,-0.005805549802971655,,,,,
85.48490142822266,688128,80.0,,,,,,,,,,,,,,,
91.22784423828125,689152,80.0,0.2,22.256460189819336,-3.443897645175457,0.0,23.16162981837988,0.005810546875,3360,0.006025341,3e-05,-0.006208572975447168,,,,,
87.63388061523438,690176,80.0,,,,,,,,,,,,,,,
87.83287048339844,691200,80.0,0.2,17.17252540588379,-3.4447021164000033,0.0,25.787082210183144,0.0107421875,3370,0.0043080933,3e-05,-0.005802030259656021,,,,,
87.47581481933594,692224,80.0,,,,,,,,,,,,,,,
85.52149963378906,693248,80.0,0.2,18.390010833740234,-3.4447839200496673,-1.1920928955078125e-07,20.97634647488594,0.002392578125,3380,0.0054359706,3e-05,-0.00567780335113639,,,,,
86.97366333007812,694272,80.0,,,,,,,,,,,,,,,
87.05360412597656,695296,80.0,0.2,21.070791244506836,-3.445901580899954,0.0,25.886685693264006,0.022265625,3390,0.0063402513,3e-05,-0.008334511857901817,,,,,
88.01416015625,696320,80.0,,,,,,,,,,,,,,,
,696320,,,,,,,,,,,,80.0,373,1866,340,86.79873093
88.16769409179688,697344,80.0,0.2,18.665115356445312,-3.4464181467890738,-1.1920928955078125e-07,24.721122218668462,0.006689453125,3400,0.004968626,3e-05,-0.005158318999019684,,,,,
88.36412048339844,698368,80.0,,,,,,,,,,,,,,,
89.26048278808594,699392,80.0,0.2,16.99359130859375,-3.4479365263134243,0.0,25.087664456665514,0.026318359375,3410,0.0050313785,3e-05,-0.0074726604922034316,,,,,
87.44598388671875,700416,80.0,,,,,,,,,,,,,,,
88.82649230957031,701440,80.0,0.2,18.31427764892578,-3.449681359902024,0.0,26.434926529228687,0.002197265625,3420,0.004185523,3e-05,-0.004118304880830692,,,,,
90.24759674072266,702464,80.0,,,,,,,,,,,,,,,
87.61688232421875,703488,80.0,0.2,19.85264778137207,-3.4473276887089015,5.960464477539063e-08,25.56781215518713,0.002978515625,3430,0.0038007484,3e-05,-0.004139348271564813,,,,,
87.46763610839844,704512,80.0,,,,,,,,,,,,,,,
85.63765716552734,705536,80.0,0.2,9.98801326751709,-3.443521499633789,-1.1920928955078125e-07,24.06943300515413,0.000439453125,3440,0.0038310653,3e-05,-0.0034482417308026926,,,,,
85.13306427001953,706560,80.0,,,,,,,,,,,,,,,
91.13383483886719,707584,80.0,0.2,7.68460750579834,-3.443074217066169,0.0,22.263354434072973,0.00908203125,3450,0.005510385,3e-05,-0.006602146704972256,,,,,
87.65708923339844,708608,80.0,,,,,,,,,,,,,,,
89.3102035522461,709632,80.0,0.2,19.236520767211914,-3.440263980999589,0.0,21.608419501781462,0.024658203125,3460,0.006897491,3e-05,-0.009169408494199161,,,,,
88.34886169433594,710656,80.0,,,,,,,,,,,,,,,
87.90596008300781,711680,80.0,0.2,12.096782684326172,-3.4373121339827777,0.0,24.17926566153765,0.01005859375,3470,0.004582311,3e-05,-0.005972963675594656,,,,,
89.09259033203125,712704,80.0,,,,,,,,,,,,,,,
88.06195068359375,713728,80.0,0.2,17.588329315185547,-3.4382585022598504,0.0,26.08473945260048,0.008984375,3480,0.005317664,3e-05,-0.0063660129286290616,,,,,
87.5743408203125,714752,80.0,,,,,,,,,,,,,,,
88.54539489746094,715776,80.0,0.2,20.20273780822754,-3.440708235651255,5.960464477539063e-08,24.05765360146761,0.00146484375,3490,0.0054844636,3e-05,-0.006055782624025596,,,,,
88.70262145996094,716800,80.0,,,,,,,,,,,,,,,
,716800,,,,,,,,,,,,80.0,372,1925,350,87.15649450999999
86.6449203491211,717824,80.0,0.2,15.074256896972656,-3.4386246874928474,0.0,24.959977035224437,0.007861328125,3500,0.0055791014,3e-05,-0.00680717705108691,,,,,
85.44839477539062,718848,80.0,,,,,,,,,,,,,,,
89.66529083251953,719872,80.0,0.2,15.476461410522461,-3.4379361126571895,0.0,23.546213035285472,0.011669921875,3510,0.006343386,3e-05,-0.006846154229970125,,,,,
90.81927490234375,720896,80.0,,,,,,,,,,,,,,,
85.86200714111328,721920,80.0,0.2,17.654132843017578,-3.4369019877165554,-1.1920928955078125e-07,26.28859322220087,0.0041015625,3520,0.004530361,3e-05,-0.005570403384626843,,,,,
87.50532531738281,722944,80.0,,,,,,,,,,,,,,,
88.29254150390625,723968,80.0,0.2,15.924129486083984,-3.4365375321358442,5.960464477539063e-08,24.47377277612686,0.009814453125,3530,0.0048548016,3e-05,-0.0056261378565977795,,,,,
86.61994934082031,724992,80.0,,,,,,,,,,,,,,,
87.37083435058594,726016,80.0,0.2,25.171506881713867,-3.438908491283655,-1.1920928955078125e-07,24.459820190072058,0.003369140625,3540,0.0047612516,3e-05,-0.0051402288867393505,,,,,
85.03831481933594,727040,80.0,,,,,,,,,,,,,,,
88.91737365722656,728064,80.0,0.2,14.76966381072998,-3.4443668361753224,0.0,26.027583169937134,0.0037109375,3550,0.0029449372,3e-05,-0.004038391488938942,,,,,
87.34072875976562,729088,80.0,,,,,,,,,,,,,,,
87.2562255859375,730112,80.0,0.2,17.411367416381836,-3.4472276460379363,0.0,25.78461828827858,0.003076171875,3560,0.005125477,3e-05,-0.005484995109873126,,,,,
86.10618591308594,731136,80.0,,,,,,,,,,,,,,,
89.82518005371094,732160,80.0,0.2,11.696420669555664,-3.4452824622392653,0.0,25.779313817620277,0.00703125,3570,0.0048602605,3e-05,-0.004427595684683183,,,,,
90.80372619628906,733184,80.0,,,,,,,,,,,,,,,
88.44927215576172,734208,80.0,0.2,22.162452697753906,-3.4451409418135883,0.0,25.854491244256497,0.00517578125,3580,0.005359621,3e-05,-0.006619331998444977,,,,,
86.05403900146484,735232,80.0,,,,,,,,,,,,,,,
88.13602447509766,736256,80.0,0.2,9.832669258117676,-3.4443747494369745,0.0,26.68643264323473,0.007177734375,3590,0.0036298027,3e-05,-0.00448495566706697,,,,,
91.13023376464844,737280,80.0,,,,,,,,,,,,,,,
,737280,,,,,,,,,,,,80.0,370,1987,360,87.40710562999999
84.98606872558594,738304,80.0,0.2,13.172723770141602,-3.4418843489140274,0.0,22.392295603454112,0.011083984375,3600,0.005454933,3e-05,-0.005765282442007446,,,,,
89.27236938476562,739328,80.0,,,,,,,,,,,,,,,
88.72607421875,740352,80.0,0.2,15.015067100524902,-3.439525821432471,5.960464477539063e-08,24.062708461284636,0.007958984375,3610,0.0044048857,3e-05,-0.005226984059845563,,,,,
88.35028076171875,741376,80.0,,,,,,,,,,,,,,,
86.64399719238281,742400,80.0,0.2,23.43812370300293,-3.4376829236745836,0.0,24.42766615897417,0.003125,3620,0.0043216376,3e-05,-0.0040355908189667385,,,,,
88.7419204711914,743424,80.0,,,,,,,,,,,,,,,
84.824462890625,744448,80.0,0.2,22.79379653930664,-3.436308452486992,0.0,25.74874490201473,0.0052734375,3630,0.003497822,3e-05,-0.004572167229707702,,,,,
88.28585815429688,745472,80.0,,,,,,,,,,,,,,,
88.916015625,746496,80.0,0.2,16.594282150268555,-3.435959490761161,0.0,26.546645241975785,0.001220703125,3640,0.0031321389,3e-05,-0.002875273970857961,,,,,
91.43862915039062,747520,80.0,,,,,,,,,,,,,,,
86.4203872680664,748544,80.0,0.2,16.944091796875,-3.43559147529304,0.0,23.648526118695735,0.00869140625,3650,0.006964464,3e-05,-0.007583903660633951,,,,,
85.68843078613281,749568,80.0,,,,,,,,,,,,,,,
85.80797576904297,750592,80.0,0.2,21.27256202697754,-3.434215276688337,0.0,23.479660564661025,0.000341796875,3660,0.0033467936,3e-05,-0.002758017644373467,,,,,
87.50452423095703,751616,80.0,,,,,,,,,,,,,,,
86.48274993896484,752640,80.0,0.2,18.415851593017578,-3.4375880040228366,-1.1920928955078125e-07,25.25623524785042,0.013037109375,3670,0.0055142017,3e-05,-0.006121978944429429,,,,,
86.46894073486328,753664,80.0,,,,,,,,,,,,,,,
85.79305267333984,754688,80.0,0.2,11.463850021362305,-3.437683781608939,0.0,26.251438884437086,0.008447265625,3680,0.0035871374,3e-05,-0.004867671282408992,,,,,
88.89678955078125,755712,80.0,,,,,,,,,,,,,,,
88.05474853515625,756736,80.0,0.2,16.694379806518555,-3.437238251417875,0.0,23.990401186048985,0.01376953125,3690,0.0059429444,3e-05,-0.0070034131851571145,,,,,
88.85004425048828,757760,80.0,,,,,,,,,,,,,,,
,757760,,,,,,,,,,,,80.0,368,2056,370,88.49214176000001
85.5586929321289,758784,80.0,0.2,10.535944938659668,-3.4354363810271025,5.960464477539063e-08,23.78930959254503,0.00283203125,3700,0.0040518064,3e-05,-0.004410530727182049,,,,,
88.87718963623047,759808,80.0,,,,,,,,,,,,,,,
90.30245971679688,760832,80.0,0.2,13.599996566772461,-3.43032614402473,-1.1920928955078125e-07,25.967498061060905,0.017333984375,3710,0.0056944513,3e-05,-0.006541828956687823,,,,,
86.53105163574219,761856,80.0,,,,,,,,,,,,,,,
85.62136840820312,762880,80.0,0.2,16.96567726135254,-3.4284930914640426,0.0,24.779094068706037,0.01640625,3720,0.005491905,3e-05,-0.006692344327893807,,,,,
88.92150115966797,763904,80.0,,,,,,,,,,,,,,,
87.48388671875,764928,80.0,0.2,19.56613540649414,-3.4327990602701903,0.0,22.20600908100605,0.01279296875,3730,0.0058259,3e-05,-0.006321427453076467,,,,,
86.93403625488281,765952,80.0,,,,,,,,,,,,,,,
89.36031341552734,766976,80.0,0.2,21.951536178588867,-3.436068758368492,-1.1920928955078125e-07,25.369364234805108,0.001220703125,3740,0.0034381864,3e-05,-0.004083542135413154,,,,,
88.9710693359375,768000,80.0,,,,,,,,,,,,,,,
91.28102111816406,769024,80.0,0.2,23.958969116210938,-3.440844837576151,0.0,27.662631478905677,0.02236328125,3750,0.0038678478,3e-05,-0.004902621617657132,,,,,
89.26898193359375,770048,80.0,,,,,,,,,,,,,,,
89.12269592285156,771072,80.0,0.2,14.509126663208008,-3.4406732451170683,-1.1920928955078125e-07,24.772312704473734,0.0029296875,3760,0.0042121615,3e-05,-0.00475510370961274,,,,,
88.74797058105469,772096,80.0,,,,,,,,,,,,,,,
86.83955383300781,773120,80.0,0.2,14.5111665725708,-3.4387215573340653,0.0,26.370869448781015,0.00400390625,3770,0.005900531,3e-05,-0.0061903544934466485,,,,,
88.0934829711914,774144,80.0,,,,,,,,,,,,,,,
88.18559265136719,775168,80.0,0.2,24.585756301879883,-3.440524071455002,-1.1920928955078125e-07,26.55462098121643,0.00849609375,3780,0.004747282,3e-05,-0.004239438371587312,,,,,
91.2088851928711,776192,80.0,,,,,,,,,,,,,,,
89.10597229003906,777216,80.0,0.2,12.996628761291504,-3.4411602336913347,0.0,24.59706969708204,0.02509765625,3790,0.005394828,3e-05,-0.008005856001545908,,,,,
87.91653442382812,778240,80.0,,,,,,,,,,,,,,,
,778240,,,,,,,,,,,,80.0,368,2111,380,87.3212805
90.08007049560547,779264,80.0,0.2,20.860811233520508,-3.4378401290625336,0.0,24.7539113342762,0.00712890625,3800,0.0043676,3e-05,-0.004654814335663104,,,,,
85.74286651611328,780288,80.0,,,,,,,,,,,,,,,
88.50202941894531,781312,80.0,0.2,14.587959289550781,-3.4357585020363333,0.0,22.831953449547292,0.009375,3810,0.0058989422,3e-05,-0.006204359637013113,,,,,
87.91265869140625,782336,80.0,,,,,,,,,,,,,,,
87.11247253417969,783360,80.0,0.2,12.117507934570312,-3.434433252736926,0.0,23.884053671360014,0.004736328125,3820,0.0043732254,3e-05,-0.005024792678887025,,,,,
84.12425231933594,784384,80.0,,,,,,,,,,,,,,,
84.08059692382812,785408,80.0,0.2,21.584468841552734,-3.4352752014994623,-1.1920928955078125e-07,24.84790676087141,0.01201171875,3830,0.0043313904,3e-05,-0.005188175204239087,,,,,
87.68535614013672,786432,80.0,,,,,,,,,,,,,,,
86.1756591796875,787456,80.0,0.2,11.715786933898926,-3.4338064689189194,-1.1920928955078125e-07,25.166384860873222,0.010888671875,3840,0.006616009,3e-05,-0.007064514773810515,,,,,
87.03439331054688,788480,80.0,,,,,,,,,,,,,,,
89.94659423828125,789504,80.0,0.2,14.981659889221191,-3.4306211702525617,0.0,26.07305131405592,0.010693359375,3850,0.0040879613,3e-05,-0.005090222132275812,,,,,
88.06741333007812,790528,80.0,,,,,,,,,,,,,,,
89.20702362060547,791552,80.0,0.2,15.686545372009277,-3.430875090882182,0.0,26.342404334247114,0.0048828125,3860,0.0050398246,3e-05,-0.005450527109496761,,,,,
87.49839782714844,792576,80.0,,,,,,,,,,,,,,,
85.25330352783203,793600,80.0,0.2,18.27678108215332,-3.4307466983795165,5.960464477539063e-08,26.2986886665225,0.005029296875,3870,0.004393651,3e-05,-0.004895333357490017,,,,,
88.94595336914062,794624,80.0,,,,,,,,,,,,,,,
87.18486022949219,795648,80.0,0.2,11.870139122009277,-3.431033626943827,0.0,25.546930506825447,0.010693359375,3880,0.00415912,3e-05,-0.005346712554091937,,,,,
86.84942626953125,796672,80.0,,,,,,,,,,,,,,,
88.46142578125,797696,80.0,0.2,16.182567596435547,-3.431988167762756,0.0,24.39064027816057,0.000927734375,3890,0.00414769,3e-05,-0.004160538585711038,,,,,
84.44910430908203,798720,80.0,,,,,,,,,,,,,,,
,798720,,,,,,,,,,,,80.0,368,2169,390,88.45337383
85.63095092773438,799744,80.0,0.2,16.181846618652344,-3.431623927876353,0.0,23.1959572032094,0.016845703125,3900,0.0061939787,3e-05,-0.006314089921215782,,,,,
87.73419189453125,800768,80.0,,,,,,,,,,,,,,,
