eval/mean_ep_length,time/total_timesteps,eval/mean_reward,train/value_loss,train/n_updates,train/explained_variance,train/learning_rate,train/entropy_loss,train/approx_kl,train/clip_range,train/loss,train/clip_fraction,train/policy_gradient_loss,time/iterations,time/fps,rollout/ep_len_mean,rollout/ep_rew_mean,time/time_elapsed
27.0,1024,36.06504440307617,,,,,,,,,,,,,,,
27.0,2048,39.14099884033203,,,,,,,,,,,,,,,
27.0,3072,37.963722229003906,90.327339220047,10,-0.0009202957153320312,0.0003,-5.843434883654117,0.11413005,0.2,37.036102294921875,0.52373046875,-0.09209854907821864,,,,,
27.0,4096,37.79221725463867,,,,,,,,,,,,,,,
27.0,5120,36.362857818603516,107.641694688797,20,1.1920928955078125e-07,0.0003,-5.791893415153027,0.056465145,0.2,35.83900451660156,0.423486328125,-0.06062658808659762,,,,,
27.0,6144,41.271141052246094,,,,,,,,,,,,,,,
27.0,7168,44.05349349975586,97.57787936925888,30,0.0,0.0003,-5.766058003902435,0.06067946,0.2,44.1709098815918,0.452294921875,-0.07373537597013638,,,,,
27.0,8192,38.364112854003906,,,,,,,,,,,,,,,
27.0,9216,41.00569152832031,91.92274112701416,40,0.0,0.0003,-5.733532410860062,0.06722393,0.2,35.58872985839844,0.46552734375,-0.07538158677052706,,,,,
27.0,10240,32.20286560058594,,,,,,,,,,,,,,,
27.0,11264,38.323890686035156,84.17551581859588,50,0.0,0.0003,-5.694550463557244,0.06867646,0.2,32.959381103515625,0.47646484375,-0.06917728259868454,,,,,
27.0,12288,33.610015869140625,,,,,,,,,,,,,,,
27.0,13312,43.038963317871094,86.33612787723541,60,0.0,0.0003,-5.663165092468262,0.06987324,0.2,30.639816284179688,0.458740234375,-0.07271723725716583,,,,,
27.0,14336,38.23841857910156,,,,,,,,,,,,,,,
27.0,15360,40.90582275390625,74.43263028860092,70,0.0,0.0003,-5.632894118130207,0.069469124,0.2,31.631032943725586,0.491796875,-0.06739646336063743,,,,,
27.0,16384,42.26502990722656,,,,,,,,,,,,,,,
27.0,17408,36.55695343017578,64.88771600723267,80,-1.1920928955078125e-07,0.0003,-5.591887806355953,0.06866191,0.2,35.8389892578125,0.46494140625,-0.061709274811437356,,,,,
27.0,18432,35.89082336425781,,,,,,,,,,,,,,,
27.0,19456,40.65501403808594,62.145617592334744,90,0.0,0.0003,-5.532840552926063,0.06850756,0.2,27.01779556274414,0.44267578125,-0.06435202426509931,,,,,
27.0,20480,39.066062927246094,,,,,,,,,,,,,,,
,20480,,,,,,,,,,,,10,261,27.0,38.99884165,78
27.0,21504,40.268577575683594,56.17885903120041,100,0.0,0.0003,-5.488233435153961,0.06172061,0.2,20.272106170654297,0.44326171875,-0.06148427909356542,,,,,
27.0,22528,37.669639587402344,,,,,,,,,,,,,,,
27.0,23552,39.311058044433594,58.273715156316754,110,0.0,0.0003,-5.447448796033859,0.061571255,0.2,29.680736541748047,0.423974609375,-0.06491184349870309,,,,,
27.0,24576,41.70133590698242,,,,,,,,,,,,,,,
27.0,25600,39.65657043457031,52.87259800434113,120,0.0,0.0003,-5.4030564174056055,0.060704514,0.2,22.406078338623047,0.431982421875,-0.0642707878141664,,,,,
27.0,26624,38.28373336791992,,,,,,,,,,,,,,,
27.0,27648,40.77295684814453,54.408510375022885,130,0.0,0.0003,-5.368005409836769,0.053643815,0.2,24.190874099731445,0.4505859375,-0.058629459387157114,,,,,
27.0,28672,41.756072998046875,,,,,,,,,,,,,,,
27.0,29696,43.467796325683594,53.58302458524704,140,0.0,0.0003,-5.355878172814846,0.06006936,0.2,19.585468292236328,0.4490234375,-0.06356951218331233,,,,,
27.0,30720,32.15913772583008,,,,,,,,,,,,,,,
27.0,31744,40.48783874511719,52.34817870259285,150,0.0,0.0003,-5.3334204971790315,0.060294256,0.2,29.752822875976562,0.443603515625,-0.061398426373489204,,,,,
27.0,32768,39.610164642333984,,,,,,,,,,,,,,,
27.0,33792,40.38255310058594,43.451258081197736,160,0.0,0.0003,-5.282331822812557,0.05487296,0.2,14.682519912719727,0.4125,-0.05817553052911535,,,,,
27.0,34816,42.029048919677734,,,,,,,,,,,,,,,
27.0,35840,43.7249755859375,46.23950617313385,170,0.0,0.0003,-5.222970472276211,0.065688565,0.2,22.952016830444336,0.46669921875,-0.056626342120580375,,,,,
27.0,36864,44.09686279296875,,,,,,,,,,,,,,,
27.0,37888,36.852325439453125,48.67253256440163,180,0.0,0.0003,-5.165978614985943,0.060766563,0.2,17.369388580322266,0.4517578125,-0.05640134167624637,,,,,
27.0,38912,42.98268127441406,,,,,,,,,,,,,,,
27.0,39936,39.87818908691406,42.78925501108169,190,0.0,0.0003,-5.100830887258053,0.066497974,0.2,26.32304573059082,0.46416015625,-0.06044199613970704,,,,,
27.0,40960,45.442230224609375,,,,,,,,,,,,,,,
,40960,,,,,,,,,,,,20,258,27.0,41.07973492,158
27.0,41984,40.67802429199219,44.57748264670372,200,0.0,0.0003,-5.0166138261556625,0.05763654,0.2,25.962928771972656,0.4474609375,-0.05814574338728562,,,,,
27.0,43008,41.14457702636719,,,,,,,,,,,,,,,
27.0,44032,42.476539611816406,42.895934003591535,210,1.1920928955078125e-07,0.0003,-4.943926960229874,0.055728927,0.2,20.91769027709961,0.436572265625,-0.06196325769997202,,,,,
27.0,45056,42.978668212890625,,,,,,,,,,,,,,,
27.0,46080,46.854042053222656,43.95588972568512,220,-1.1920928955078125e-07,0.0003,-4.870043955743313,0.053251665,0.2,24.649795532226562,0.4109375,-0.054778290848480536,,,,,
27.0,47104,43.476829528808594,,,,,,,,,,,,,,,
27.0,48128,43.12879943847656,42.006872123479845,230,0.0,0.0003,-4.790020024776458,0.051925547,0.2,14.113821029663086,0.435888671875,-0.05444013072701637,,,,,
27.0,49152,41.01640319824219,,,,,,,,,,,,,,,
27.0,50176,43.34766387939453,36.47311641573906,240,-1.1920928955078125e-07,0.0003,-4.738514612615108,0.04799757,0.2,14.894660949707031,0.4294921875,-0.05380834293900989,,,,,
27.0,51200,43.115234375,,,,,,,,,,,,,,,
27.0,52224,40.561378479003906,40.74870046377182,250,0.0,0.0003,-4.7002480059862135,0.056178175,0.2,17.848712921142578,0.469091796875,-0.05614423690713011,,,,,
27.0,53248,44.84981155395508,,,,,,,,,,,,,,,
27.0,54272,49.12717819213867,43.14645749926567,260,0.0,0.0003,-4.6461514115333555,0.057943776,0.2,20.18678855895996,0.437890625,-0.059549896093085405,,,,,
27.0,55296,44.001708984375,,,,,,,,,,,,,,,
27.0,56320,40.856510162353516,42.62610715031624,270,0.0,0.0003,-4.581676457822323,0.057260573,0.2,20.86474609375,0.441259765625,-0.049556814282550474,,,,,
27.0,57344,41.472320556640625,,,,,,,,,,,,,,,
27.0,58368,45.3568000793457,43.43245521187782,280,-1.1920928955078125e-07,0.0003,-4.5245754480361935,0.056086663,0.2,19.138696670532227,0.43642578125,-0.05260127465589903,,,,,
27.0,59392,44.37266540527344,,,,,,,,,,,,,,,
27.0,60416,48.844608306884766,32.85706081390381,290,0.0,0.0003,-4.480888867378235,0.051866677,0.2,13.794153213500977,0.43232421875,-0.05442947868141346,,,,,
27.0,61440,48.27008056640625,,,,,,,,,,,,,,,
,61440,,,,,,,,,,,,30,259,27.0,45.80929091,236
27.0,62464,44.522727966308594,38.729582452774046,300,0.0,0.0003,-4.428918394446373,0.06575371,0.2,19.878801345825195,0.457861328125,-0.05338785749627277,,,,,
27.0,63488,41.52845001220703,,,,,,,,,,,,,,,
27.0,64512,51.061500549316406,43.59084402322769,310,0.0,0.0003,-4.3485210373997685,0.06338169,0.2,23.973798751831055,0.428369140625,-0.05419514660607092,,,,,
27.0,65536,45.13378143310547,,,,,,,,,,,,,,,
27.0,66560,47.89849853515625,32.434020513296126,320,0.0,0.0003,-4.282692544162273,0.06916759,0.2,17.51841926574707,0.4630859375,-0.05377257869404275,,,,,
27.0,67584,42.239322662353516,,,,,,,,,,,,,,,
27.0,68608,46.096900939941406,38.224825686216356,330,0.0,0.0003,-4.244788289070129,0.06800383,0.2,15.908989906311035,0.485400390625,-0.05705425679916516,,,,,
27.0,69632,45.343849182128906,,,,,,,,,,,,,,,
27.0,70656,41.3964958190918,29.450662606954573,340,0.0,0.0003,-4.184994928538799,0.06368008,0.2,7.329227447509766,0.4607421875,-0.05473278585413936,,,,,
27.0,71680,44.52296447753906,,,,,,,,,,,,,,,
27.0,72704,50.647674560546875,36.473198872804645,350,0.0,0.0003,-4.127620102465153,0.07169902,0.2,22.692459106445312,0.476416015625,-0.05358103895268869,,,,,
27.0,73728,46.278106689453125,,,,,,,,,,,,,,,
27.0,74752,49.50083541870117,31.85812502503395,360,0.0,0.0003,-4.053772988915443,0.057970278,0.2,17.851842880249023,0.414404296875,-0.0483264970156597,,,,,
27.0,75776,48.2197380065918,,,,,,,,,,,,,,,
27.0,76800,47.53748321533203,31.991155195236207,370,0.0,0.0003,-4.033385966718197,0.0681851,0.2,13.613668441772461,0.465185546875,-0.05202259597426746,,,,,
27.0,77824,50.70112609863281,,,,,,,,,,,,,,,
27.0,78848,48.899864196777344,33.417920464277266,380,1.1920928955078125e-07,0.0003,-3.9753845177590845,0.06889433,0.2,16.697904586791992,0.45048828125,-0.049349787886603734,,,,,
27.0,79872,45.056976318359375,,,,,,,,,,,,,,,
27.0,80896,50.824310302734375,28.23239394724369,390,-1.1920928955078125e-07,0.0003,-3.928587823361158,0.074050546,0.2,12.782129287719727,0.4380859375,-0.058590650447877125,,,,,
27.0,81920,50.423377990722656,,,,,,,,,,,,,,,
,81920,,,,,,,,,,,,40,258,27.0,50.81829647000001,316
27.0,82944,47.62055969238281,31.39748929142952,400,5.960464477539063e-08,0.0003,-3.8653756037354468,0.069573715,0.2,12.101730346679688,0.45888671875,-0.053074783988995476,,,,,
27.0,83968,48.28764724731445,,,,,,,,,,,,,,,
27.0,84992,52.40776824951172,26.824469432234764,410,5.960464477539063e-08,0.0003,-3.8182691864669325,0.060026005,0.2,14.473638534545898,0.420263671875,-0.05195572342490777,,,,,
27.0,86016,51.56999206542969,,,,,,,,,,,,,,,
27.0,87040,48.39972686767578,30.790578293800355,420,5.960464477539063e-08,0.0003,-3.801716362684965,0.072388574,0.2,17.309778213500977,0.44775390625,-0.0469993885140866,,,,,
27.0,88064,47.52565002441406,,,,,,,,,,,,,,,
27.0,89088,51.238914489746094,28.5893915951252,430,5.960464477539063e-08,0.0003,-3.8002083502709865,0.04336594,0.2,16.79363250732422,0.368359375,-0.040455625153845175,,,,,
27.0,90112,48.687984466552734,,,,,,,,,,,,,,,
27.0,91136,48.72697067260742,31.36839011311531,440,0.0,0.0003,-3.7702227875590326,0.057753175,0.2,14.421817779541016,0.418701171875,-0.046070241351844746,,,,,
27.0,92160,48.33649826049805,,,,,,,,,,,,,,,
27.0,93184,51.804115295410156,27.302570003271104,450,0.0,0.0003,-3.7357943683862684,0.04490993,0.2,17.332761764526367,0.39287109375,-0.0448018613999011,,,,,
27.0,94208,49.15909957885742,,,,,,,,,,,,,,,
27.0,95232,51.19313049316406,23.51172705888748,460,5.960464477539063e-08,0.0003,-3.710844086110592,0.042008236,0.2,13.336115837097168,0.37041015625,-0.0386088068713434,,,,,
27.0,96256,49.276161193847656,,,,,,,,,,,,,,,
27.0,97280,51.42518615722656,27.88896510601044,470,0.0,0.0003,-3.704378793388605,0.04897536,0.2,11.379905700683594,0.397802734375,-0.04038837578846142,,,,,
27.0,98304,51.68373107910156,,,,,,,,,,,,,,,
27.0,99328,50.723060607910156,26.54281865656376,480,0.0,0.0003,-3.668060141056776,0.05150813,0.2,15.000166893005371,0.3931640625,-0.04179832068039104,,,,,
27.0,100352,53.51133728027344,,,,,,,,,,,,,,,
27.0,101376,50.86206817626953,26.6569819688797,490,5.960464477539063e-08,0.0003,-3.663427735865116,0.049206633,0.2,14.305252075195312,0.39794921875,-0.03485373447183519,,,,,
27.0,102400,53.92353057861328,,,,,,,,,,,,,,,
,102400,,,,,,,,,,,,50,256,27.0,53.344192650000004,398
27.0,103424,50.99269485473633,23.081686532497407,500,5.960464477539063e-08,0.0003,-3.6383627779781818,0.04586592,0.2,9.736449241638184,0.37158203125,-0.04769614954711869,,,,,
27.0,104448,49.89432907104492,,,,,,,,,,,,,,,
27.0,105472,48.36777114868164,28.33915473818779,510,-1.1920928955078125e-07,0.0003,-3.594247928261757,0.06692785,0.2,14.757217407226562,0.436279296875,-0.03978630494675599,,,,,
27.0,106496,48.832698822021484,,,,,,,,,,,,,,,
27.0,107520,54.761260986328125,24.71782124042511,520,0.0,0.0003,-3.5818738736212254,0.0575084,0.2,8.967198371887207,0.451806640625,-0.04380767598340753,,,,,
27.0,108544,54.629249572753906,,,,,,,,,,,,,,,
27.0,109568,53.93242263793945,22.497500851750374,530,0.0,0.0003,-3.5662368945777416,0.058473736,0.2,12.596802711486816,0.40302734375,-0.04209551581006963,,,,,
27.0,110592,53.52962112426758,,,,,,,,,,,,,,,
27.0,111616,50.900352478027344,25.015375787019728,540,0.0,0.0003,-3.5581213757395744,0.06637125,0.2,11.298687934875488,0.428173828125,-0.04398049303563312,,,,,
27.0,112640,53.11450958251953,,,,,,,,,,,,,,,
27.0,113664,54.397621154785156,20.656722617149352,550,-1.1920928955078125e-07,0.0003,-3.522217620164156,0.055848204,0.2,9.351014137268066,0.404345703125,-0.04212800511741079,,,,,
27.0,114688,54.9586181640625,,,,,,,,,,,,,,,
27.0,115712,54.33488082885742,24.696830904483797,560,-1.1920928955078125e-07,0.0003,-3.514230254292488,0.069986954,0.2,12.274965286254883,0.441796875,-0.037408575025619936,,,,,
27.0,116736,49.24415588378906,,,,,,,,,,,,,,,
27.0,117760,49.344844818115234,23.51983626484871,570,0.0,0.0003,-3.5068813294172285,0.05158616,0.2,11.903032302856445,0.41015625,-0.031207557539164554,,,,,
27.0,118784,54.410980224609375,,,,,,,,,,,,,,,
27.0,119808,52.723968505859375,22.06521368920803,580,0.0,0.0003,-3.5017275772988796,0.053606845,0.2,10.129450798034668,0.409033203125,-0.04747923705726862,,,,,
27.0,120832,53.534271240234375,,,,,,,,,,,,,,,
27.0,121856,49.42792510986328,22.311230742931365,590,-1.1920928955078125e-07,0.0003,-3.4989879921078684,0.047878694,0.2,14.065959930419922,0.398388671875,-0.030759260218474083,,,,,
27.0,122880,52.29561996459961,,,,,,,,,,,,,,,
,122880,,,,,,,,,,,,60,257,27.0,55.87734365,477
27.0,123904,54.803070068359375,19.051624748110772,600,1.1920928955078125e-07,0.0003,-3.490176343172789,0.056299303,0.2,8.93038558959961,0.407177734375,-0.04012158643745352,,,,,
27.0,124928,50.89341735839844,,,,,,,,,,,,,,,
27.0,125952,53.66975402832031,24.02925174832344,610,0.0,0.0003,-3.483957723528147,0.05041044,0.2,10.775408744812012,0.395947265625,-0.03399514603952412,,,,,
27.0,126976,53.92159652709961,,,,,,,,,,,,,,,
27.0,128000,50.24932861328125,19.162552711367606,620,1.1920928955078125e-07,0.0003,-3.477741663902998,0.056492627,0.2,11.543394088745117,0.415771484375,-0.03432607577415183,,,,,
27.0,129024,52.230369567871094,,,,,,,,,,,,,,,
27.0,130048,54.24958038330078,22.158788350224494,630,0.0,0.0003,-3.452392790466547,0.05924644,0.2,14.406697273254395,0.433837890625,-0.043480326191638594,,,,,
27.0,131072,50.48575210571289,,,,,,,,,,,,,,,
27.0,132096,54.29288864135742,19.930969336628912,640,0.0,0.0003,-3.443914783746004,0.053487156,0.2,10.557999610900879,0.43330078125,-0.03552645471936557,,,,,
27.0,133120,53.303688049316406,,,,,,,,,,,,,,,
27.0,134144,53.88762664794922,20.128090634942055,650,-1.1920928955078125e-07,0.0003,-3.4239021688699722,0.078646824,0.2,8.651586532592773,0.45986328125,-0.0453414128132863,,,,,
27.0,135168,49.863826751708984,,,,,,,,,,,,,,,
27.0,136192,55.39861297607422,21.090555354952812,660,-1.1920928955078125e-07,0.0003,-3.4196916468441487,0.07037022,0.2,10.563669204711914,0.4736328125,-0.03630850021436345,,,,,
27.0,137216,56.000518798828125,,,,,,,,,,,,,,,
27.0,138240,57.075172424316406,19.958474937081338,670,0.0,0.0003,-3.405040987581015,0.07225561,0.2,11.655041694641113,0.437060546875,-0.028819612074585166,,,,,
27.0,139264,52.90549087524414,,,,,,,,,,,,,,,
27.0,140288,51.4946403503418,20.558987936377527,680,0.0,0.0003,-3.4012525893747805,0.07846777,0.2,10.079275131225586,0.490087890625,-0.039859229797730225,,,,,
27.0,141312,54.168975830078125,,,,,,,,,,,,,,,
27.0,142336,51.8927001953125,19.255106088519096,690,0.0,0.0003,-3.401680998504162,0.072264574,0.2,8.028423309326172,0.46650390625,-0.033412879993557,,,,,
27.0,143360,53.755348205566406,,,,,,,,,,,,,,,
,143360,,,,,,,,,,,,70,256,27.0,58.09521961,559
27.0,144384,51.00245666503906,18.880240753293037,700,0.0,0.0003,-3.3982819326221945,0.07571713,0.2,10.453888893127441,0.43154296875,-0.032536887424066664,,,,,
27.0,145408,53.00481033325195,,,,,,,,,,,,,,,
27.0,146432,52.619911193847656,18.8393141746521,710,0.0,0.0003,-3.385548386722803,0.080144435,0.2,8.074488639831543,0.46767578125,-0.0392189406149555,,,,,
27.0,147456,55.48012161254883,,,,,,,,,,,,,,,
27.0,148480,53.54766082763672,19.44118600189686,720,1.1920928955078125e-07,0.0003,-3.389966170489788,0.07688331,0.2,10.872247695922852,0.4826171875,-0.02617529014678439,,,,,
27.0,149504,55.038604736328125,,,,,,,,,,,,,,,
27.0,150528,50.06402587890625,19.08509700000286,730,1.1920928955078125e-07,0.0003,-3.375264772027731,0.06999462,0.2,8.421529769897461,0.450537109375,-0.0369727584256907,,,,,
27.0,151552,53.1012077331543,,,,,,,,,,,,,,,
27.0,152576,53.86735153198242,18.374085384607316,740,1.1920928955078125e-07,0.0003,-3.359199248254299,0.0818585,0.2,10.196481704711914,0.47998046875,-0.03846946517878678,,,,,
27.0,153600,51.79646682739258,,,,,,,,,,,,,,,
27.0,154624,53.43333435058594,19.697407883405685,750,0.0,0.0003,-3.3678587399423123,0.07798323,0.2,10.846026420593262,0.5048828125,-0.02798469657136593,,,,,
27.0,155648,54.03484344482422,,,,,,,,,,,,,,,
27.0,156672,49.57435607910156,17.985135343670844,760,1.1920928955078125e-07,0.0003,-3.370598982274532,0.07308989,0.2,10.261736869812012,0.441064453125,-0.02727653745969292,,,,,
27.0,157696,52.768829345703125,,,,,,,,,,,,,,,
27.0,158720,54.36537170410156,19.367254185676575,770,1.1920928955078125e-07,0.0003,-3.3619759723544123,0.080550276,0.2,8.622529029846191,0.439697265625,-0.031110723139863693,,,,,
27.0,159744,54.379634857177734,,,,,,,,,,,,,,,
27.0,160768,54.99028778076172,14.877030619978905,780,-1.1920928955078125e-07,0.0003,-3.378390997648239,0.06568003,0.2,7.329617500305176,0.420361328125,-0.03235980934114195,,,,,
27.0,161792,54.73170471191406,,,,,,,,,,,,,,,
27.0,162816,50.736358642578125,18.830261167883872,790,0.0,0.0003,-3.3751462385058404,0.06854854,0.2,10.303485870361328,0.463720703125,-0.02854201063455548,,,,,
27.0,163840,55.973419189453125,,,,,,,,,,,,,,,
,163840,,,,,,,,,,,,80,255,27.0,57.54035833000001,641
27.0,164864,52.00468826293945,18.259142333269118,800,0.0,0.0003,-3.3788262352347376,0.073179975,0.2,8.19058895111084,0.45009765625,-0.03724645679903915,,,,,
27.0,165888,50.82665252685547,,,,,,,,,,,,,,,
27.0,166912,58.41651916503906,21.07075771689415,810,0.0,0.0003,-3.3829584009945393,0.06454193,0.2,6.805599689483643,0.41591796875,-0.03286335328739369,,,,,
27.0,167936,54.68035125732422,,,,,,,,,,,,,,,
27.0,168960,56.72548294067383,17.108918595314027,820,0.0,0.0003,-3.379624496400356,0.06654099,0.2,8.909829139709473,0.422314453125,-0.018702389943791788,,,,,
27.0,169984,53.785438537597656,,,,,,,,,,,,,,,
27.0,171008,55.64992141723633,17.493525770306587,830,0.0,0.0003,-3.364515423029661,0.07504791,0.2,7.882785797119141,0.480810546875,-0.04496824553643819,,,,,
27.0,172032,53.77891159057617,,,,,,,,,,,,,,,
27.0,173056,54.948081970214844,16.673547700047493,840,0.0,0.0003,-3.3634049646556377,0.07801952,0.2,8.66487979888916,0.4234375,-0.02084245189325884,,,,,
27.0,174080,55.41653823852539,,,,,,,,,,,,,,,
27.0,175104,54.61198425292969,19.68786053955555,850,-1.1920928955078125e-07,0.0003,-3.3408599086105824,0.069788575,0.2,9.398955345153809,0.429833984375,-0.01434890900272876,,,,,
27.0,176128,51.62309265136719,,,,,,,,,,,,,,,
27.0,177152,53.13768768310547,17.66241601407528,860,0.0,0.0003,-3.3487751416862013,0.09489734,0.2,11.472463607788086,0.4986328125,-0.03298746203945484,,,,,
27.0,178176,53.511749267578125,,,,,,,,,,,,,,,
27.0,179200,51.52965545654297,17.345021265745164,870,0.0,0.0003,-3.355001483857632,0.080776125,0.2,8.366313934326172,0.50556640625,-0.025983641696802805,,,,,
27.0,180224,53.49629211425781,,,,,,,,,,,,,,,
27.0,181248,53.449485778808594,17.012124812603,880,-1.1920928955078125e-07,0.0003,-3.344302174448967,0.07228253,0.2,8.75045394897461,0.458935546875,-0.03009556167089613,,,,,
27.0,182272,53.701690673828125,,,,,,,,,,,,,,,
27.0,183296,55.42430877685547,18.251255372166632,890,-1.1920928955078125e-07,0.0003,-3.3264913089573382,0.078548566,0.2,8.817761421203613,0.461669921875,-0.02606696176590049,,,,,
27.0,184320,52.423587799072266,,,,,,,,,,,,,,,
,184320,,,,,,,,,,,,90,254,27.0,58.825500359999985,724
27.0,185344,57.14407730102539,17.23435723185539,900,-1.1920928955078125e-07,0.0003,-3.3270831942558288,0.082156986,0.2,6.408821105957031,0.485009765625,-0.031561668058566285,,,,,
27.0,186368,52.82270050048828,,,,,,,,,,,,,,,
27.0,187392,56.17372131347656,16.56123715341091,910,0.0,0.0003,-3.341348296403885,0.089981005,0.2,10.48752212524414,0.525146484375,-0.0327195697958814,,,,,
27.0,188416,49.71063995361328,,,,,,,,,,,,,,,
27.0,189440,48.40345764160156,17.436773389577866,920,0.0,0.0003,-3.3461729414761066,0.072036974,0.2,9.399169921875,0.444189453125,-0.016549369545828085,,,,,
27.0,190464,52.78583526611328,,,,,,,,,,,,,,,
27.0,191488,51.9595947265625,20.033389660716058,930,0.0,0.0003,-3.360754207521677,0.086477146,0.2,6.619272708892822,0.466455078125,-0.01980011546984315,,,,,
27.0,192512,56.22688674926758,,,,,,,,,,,,,,,
27.0,193536,49.56953430175781,17.22771624624729,940,1.1920928955078125e-07,0.0003,-3.361500945687294,0.07451433,0.2,6.269225597381592,0.479296875,-0.025697598647093402,,,,,
27.0,194560,53.631099700927734,,,,,,,,,,,,,,,
27.0,195584,53.74876022338867,14.76984425187111,950,0.0,0.0003,-3.355711741745472,0.0772891,0.2,6.109778881072998,0.450244140625,-0.03380301631841576,,,,,
27.0,196608,53.08232498168945,,,,,,,,,,,,,,,
27.0,197632,54.25532150268555,19.67792187333107,960,-1.1920928955078125e-07,0.0003,-3.356079810112715,0.09578791,0.2,9.774944305419922,0.4966796875,-0.025531327542557845,,,,,
27.0,198656,53.219661712646484,,,,,,,,,,,,,,,
27.0,199680,55.03612518310547,15.569931456446648,970,0.0,0.0003,-3.365498200058937,0.07702137,0.2,9.971235275268555,0.4939453125,-0.02871897058939794,,,,,
27.0,200704,51.76092529296875,,,,,,,,,,,,,,,
27.0,201728,52.919891357421875,17.702077370882034,980,0.0,0.0003,-3.3693371050059797,0.08059439,0.2,13.517796516418457,0.467724609375,-0.030337170023994987,,,,,
27.0,202752,55.72662353515625,,,,,,,,,,,,,,,
27.0,203776,55.63552474975586,15.544673806428909,990,0.0,0.0003,-3.3763973101973535,0.0607223,0.2,8.504388809204102,0.431787109375,-0.027429358892550226,,,,,
27.0,204800,57.130821228027344,,,,,,,,,,,,,,,
,204800,,,,,,,,,,,,100,253,27.0,59.05362587,808
27.0,205824,59.142845153808594,18.475340789556505,1000,0.0,0.0003,-3.376692231744528,0.064304575,0.2,7.790075302124023,0.423583984375,-0.026396838990331163,,,,,
27.0,206848,53.80340576171875,,,,,,,,,,,,,,,
27.0,207872,54.81266784667969,17.176054444909095,1010,-1.1920928955078125e-07,0.0003,-3.3746108911931514,0.06011554,0.2,6.78236722946167,0.4373046875,-0.03437780323583865,,,,,
27.0,208896,55.13102722167969,,,,,,,,,,,,,,,
27.0,209920,57.04005432128906,18.43134644627571,1020,0.0,0.0003,-3.381900141388178,0.06459581,0.2,6.583380699157715,0.42216796875,-0.031738659452821595,,,,,
27.0,210944,56.65515899658203,,,,,,,,,,,,,,,
27.0,211968,55.09523391723633,16.265578123927117,1030,0.0,0.0003,-3.3793395549058913,0.06168304,0.2,7.779627799987793,0.452880859375,-0.03241761742974632,,,,,
27.0,212992,56.966766357421875,,,,,,,,,,,,,,,
27.0,214016,54.97341537475586,15.673646080493928,1040,5.960464477539063e-08,0.0003,-3.3757425144314768,0.06362218,0.2,4.9231858253479,0.4205078125,-0.02932149635744281,,,,,
27.0,215040,54.847862243652344,,,,,,,,,,,,,,,
27.0,216064,56.35905456542969,15.633217769861222,1050,0.0,0.0003,-3.357742242515087,0.07200967,0.2,5.529487609863281,0.4408203125,-0.03812022446945775,,,,,
27.0,217088,51.430267333984375,,,,,,,,,,,,,,,
27.0,218112,53.17018508911133,17.208431187272073,1060,0.0,0.0003,-3.3573080599308014,0.063756734,0.2,10.566465377807617,0.439697265625,-0.02318761470960453,,,,,
27.0,219136,56.33415985107422,,,,,,,,,,,,,,,
27.0,220160,53.982322692871094,16.705945309996604,1070,1.1920928955078125e-07,0.0003,-3.3500849314033987,0.0606528,0.2,8.21585464477539,0.424462890625,-0.02704684880300192,,,,,
27.0,221184,51.27850341796875,,,,,,,,,,,,,,,
27.0,222208,56.074649810791016,16.868094158172607,1080,0.0,0.0003,-3.343202365934849,0.06704435,0.2,7.1031389236450195,0.422216796875,-0.02402789169427706,,,,,
27.0,223232,52.426551818847656,,,,,,,,,,,,,,,
27.0,224256,56.77889633178711,17.947421821951867,1090,1.1920928955078125e-07,0.0003,-3.3488109707832336,0.05926187,0.2,9.312013626098633,0.407666015625,-0.03330164553190116,,,,,
27.0,225280,54.42457962036133,,,,,,,,,,,,,,,
,225280,,,,,,,,,,,,110,253,27.0,59.26118942999999,888
27.0,226304,54.41407775878906,17.065468642115594,1100,0.0,0.0003,-3.343893249332905,0.06617859,0.2,6.945627212524414,0.464404296875,-0.03031203323189402,,,,,
27.0,227328,55.40996170043945,,,,,,,,,,,,,,,
27.0,228352,52.81456756591797,18.14308106303215,1110,-1.1920928955078125e-07,0.0003,-3.340347725152969,0.06104847,0.2,6.570942401885986,0.452099609375,-0.026968372278497556,,,,,
27.0,229376,57.562400817871094,,,,,,,,,,,,,,,
27.0,230400,53.392234802246094,17.275403624773027,1120,1.1920928955078125e-07,0.0003,-3.3470139637589456,0.07168417,0.2,8.496726989746094,0.4482421875,-0.035626730363583194,,,,,
27.0,231424,52.989952087402344,,,,,,,,,,,,,,,
27.0,232448,54.02593231201172,16.492195945978164,1130,0.0,0.0003,-3.33919495344162,0.0719946,0.2,7.521127700805664,0.44580078125,-0.01813866048032651,,,,,
27.0,233472,53.100860595703125,,,,,,,,,,,,,,,
27.0,234496,55.599761962890625,16.91006841957569,1140,-1.1920928955078125e-07,0.0003,-3.339116503298283,0.077372186,0.2,8.214272499084473,0.4474609375,-0.030831755117105786,,,,,
27.0,235520,56.650245666503906,,,,,,,,,,,,,,,
27.0,236544,54.08173370361328,17.37190248966217,1150,0.0,0.0003,-3.3393040984869002,0.08120759,0.2,9.408988952636719,0.46884765625,-0.02660897738096537,,,,,
27.0,237568,55.163021087646484,,,,,,,,,,,,,,,
27.0,238592,50.68092346191406,17.953306078910828,1160,1.1920928955078125e-07,0.0003,-3.338885775953531,0.07462331,0.2,7.05623722076416,0.41533203125,-0.023805337387602776,,,,,
27.0,239616,56.02183532714844,,,,,,,,,,,,,,,
27.0,240640,56.42036819458008,15.096851655840874,1170,0.0,0.0003,-3.346198148280382,0.074023314,0.2,9.366514205932617,0.449267578125,-0.02841119525110116,,,,,
27.0,241664,52.15512466430664,,,,,,,,,,,,,,,
27.0,242688,54.684486389160156,15.116319394111633,1180,0.0,0.0003,-3.3497817255556583,0.06462795,0.2,7.22786808013916,0.422607421875,-0.03197452569256711,,,,,
27.0,243712,56.56489562988281,,,,,,,,,,,,,,,
27.0,244736,55.33226776123047,17.115659245848654,1190,-1.1920928955078125e-07,0.0003,-3.3431905090808867,0.068755284,0.2,11.468379974365234,0.48701171875,-0.024813042368623427,,,,,
27.0,245760,51.89114761352539,,,,,,,,,,,,,,,
,245760,,,,,,,,,,,,120,254,27.0,59.51034251,967
27.0,246784,54.666343688964844,15.524536573886872,1200,0.0,0.0003,-3.3503115929663183,0.072806,0.2,8.786299705505371,0.443115234375,-0.031850491533987224,,,,,
27.0,247808,57.524505615234375,,,,,,,,,,,,,,,
27.0,248832,53.897499084472656,15.905361005663872,1210,0.0,0.0003,-3.3456730298697948,0.063998625,0.2,8.87015151977539,0.400927734375,-0.025430108577711507,,,,,
27.0,249856,58.7363395690918,,,,,,,,,,,,,,,
27.0,250880,53.66701126098633,17.446914801001547,1220,0.0,0.0003,-3.3465889602899552,0.0568729,0.2,6.254344463348389,0.3990234375,-0.01655966497492045,,,,,
27.0,251904,58.79582214355469,,,,,,,,,,,,,,,
27.0,252928,55.8240966796875,16.86393138170242,1230,0.0,0.0003,-3.3616909354925157,0.06459609,0.2,7.437444686889648,0.419189453125,-0.020170343040081206,,,,,
27.0,253952,55.41828918457031,,,,,,,,,,,,,,,
27.0,254976,54.49713134765625,15.620642304420471,1240,-1.1920928955078125e-07,0.0003,-3.364275036752224,0.06120319,0.2,7.644184112548828,0.41953125,-0.02767912741692271,,,,,
27.0,256000,53.54743576049805,,,,,,,,,,,,,,,
27.0,257024,56.019264221191406,15.699515959620475,1250,5.960464477539063e-08,0.0003,-3.3575590386986733,0.059579633,0.2,8.596678733825684,0.430615234375,-0.029427823470905425,,,,,
27.0,258048,56.35100555419922,,,,,,,,,,,,,,,
27.0,259072,55.09336853027344,17.475852078199388,1260,0.0,0.0003,-3.367546529322863,0.06084398,0.2,10.254312515258789,0.425634765625,-0.02940561659634113,,,,,
27.0,260096,52.816959381103516,,,,,,,,,,,,,,,
27.0,261120,55.1507682800293,17.357989072799683,1270,-1.1920928955078125e-07,0.0003,-3.3674362555146216,0.068147436,0.2,11.270758628845215,0.403515625,-0.02730578500049887,,,,,
27.0,262144,55.828495025634766,,,,,,,,,,,,,,,
27.0,263168,55.311920166015625,17.128218793869017,1280,-1.1920928955078125e-07,0.0003,-3.371886694431305,0.059685566,0.2,8.42628002166748,0.4427734375,-0.0280803112371359,,,,,
27.0,264192,54.32838439941406,,,,,,,,,,,,,,,
27.0,265216,56.09584426879883,15.014298129081727,1290,0.0,0.0003,-3.373232550919056,0.069954276,0.2,7.070840835571289,0.44189453125,-0.03307687769556651,,,,,
27.0,266240,54.337852478027344,,,,,,,,,,,,,,,
,266240,,,,,,,,,,,,130,254,27.0,59.4579615,1046
27.0,267264,55.854915618896484,15.981327831745148,1300,-1.1920928955078125e-07,0.0003,-3.3646152704954146,0.0610293,0.2,8.019011497497559,0.4248046875,-0.03234000725205988,,,,,
27.0,268288,58.695709228515625,,,,,,,,,,,,,,,
27.0,269312,57.45256805419922,15.845581835508346,1310,-1.1920928955078125e-07,0.0003,-3.35682303160429,0.06670357,0.2,11.49803638458252,0.452734375,-0.03142430435109418,,,,,
27.0,270336,56.134056091308594,,,,,,,,,,,,,,,
27.0,271360,56.785400390625,18.157102239131927,1320,0.0,0.0003,-3.3582289800047875,0.06182988,0.2,8.293854713439941,0.428857421875,-0.030781827089958823,,,,,
27.0,272384,55.917236328125,,,,,,,,,,,,,,,
27.0,273408,56.42082595825195,17.148828476667404,1330,0.0,0.0003,-3.35308336392045,0.064058855,0.2,7.990047931671143,0.4134765625,-0.02089136689028237,,,,,
27.0,274432,55.74242401123047,,,,,,,,,,,,,,,
27.0,275456,54.497886657714844,16.545092087984084,1340,1.1920928955078125e-07,0.0003,-3.350021047145128,0.052497465,0.2,7.854430198669434,0.40322265625,-0.02309964096348267,,,,,
27.0,276480,56.06035614013672,,,,,,,,,,,,,,,
27.0,277504,56.375057220458984,17.003045558929443,1350,0.0,0.0003,-3.353315180540085,0.056490254,0.2,10.333758354187012,0.444775390625,-0.028923205700994003,,,,,
27.0,278528,59.72838592529297,,,,,,,,,,,,,,,
27.0,279552,54.840171813964844,15.557561573386192,1360,0.0,0.0003,-3.3498939596116544,0.07087073,0.2,7.375863552093506,0.43837890625,-0.034360931492119565,,,,,
27.0,280576,52.07251739501953,,,,,,,,,,,,,,,
27.0,281600,53.91576385498047,15.266775259375573,1370,5.960464477539063e-08,0.0003,-3.3518580719828606,0.06596992,0.2,9.988740921020508,0.45693359375,-0.026161346580192913,,,,,
27.0,282624,56.525150299072266,,,,,,,,,,,,,,,
27.0,283648,58.10928726196289,15.974939662218095,1380,5.960464477539063e-08,0.0003,-3.3594320721924307,0.07254852,0.2,9.436935424804688,0.47744140625,-0.0335693847067887,,,,,
27.0,284672,54.031494140625,,,,,,,,,,,,,,,
27.0,285696,56.02958679199219,16.989665552973747,1390,0.0,0.0003,-3.3551825635135173,0.06764106,0.2,9.343059539794922,0.40517578125,-0.02299949995285715,,,,,
27.0,286720,53.349327087402344,,,,,,,,,,,,,,,
,286720,,,,,,,,,,,,140,254,27.0,59.64548573,1125
27.0,287744,53.89257049560547,17.455163583159447,1400,0.0,0.0003,-3.3598791159689427,0.06844072,0.2,10.488423347473145,0.444482421875,-0.037865698419045656,,,,,
27.0,288768,53.18384552001953,,,,,,,,,,,,,,,
27.0,289792,54.253089904785156,16.218925005197526,1410,0.0,0.0003,-3.3653628796339037,0.05316408,0.2,11.092998504638672,0.402001953125,-0.023037457013560924,,,,,
27.0,290816,54.201751708984375,,,,,,,,,,,,,,,
27.0,291840,55.78278732299805,15.501188385486603,1420,5.960464477539063e-08,0.0003,-3.368917702883482,0.05879736,0.2,9.585326194763184,0.411865234375,-0.025977019776473754,,,,,
27.0,292864,55.9665412902832,,,,,,,,,,,,,,,
27.0,293888,54.86332702636719,15.529418256878852,1430,-1.1920928955078125e-07,0.0003,-3.376041333377361,0.056758367,0.2,6.231000900268555,0.399609375,-0.02122033785417443,,,,,
27.0,294912,55.134246826171875,,,,,,,,,,,,,,,
27.0,295936,55.33323669433594,17.492906817793845,1440,0.0,0.0003,-3.367857800424099,0.0669305,0.2,7.248009204864502,0.433935546875,-0.03948415202030446,,,,,
27.0,296960,56.17387390136719,,,,,,,,,,,,,,,
27.0,297984,55.79088592529297,16.46307764053345,1450,0.0,0.0003,-3.3666210077703,0.06425849,0.2,8.425787925720215,0.4150390625,-0.018825867751729675,,,,,
27.0,299008,57.60163116455078,,,,,,,,,,,,,,,
27.0,300032,57.65895462036133,17.493753537535667,1460,0.0,0.0003,-3.371884184330702,0.07064016,0.2,8.752692222595215,0.45546875,-0.031516892689978704,,,,,
27.0,301056,56.91611099243164,,,,,,,,,,,,,,,
27.0,302080,57.62120819091797,15.567072939872741,1470,0.0,0.0003,-3.374892683327198,0.060987495,0.2,7.303829193115234,0.422900390625,-0.029052550524647815,,,,,
27.0,303104,56.77316665649414,,,,,,,,,,,,,,,
27.0,304128,55.41495132446289,15.59944756925106,1480,5.960464477539063e-08,0.0003,-3.3711942203342913,0.061832294,0.2,7.728782653808594,0.439306640625,-0.03348528626083862,,,,,
27.0,305152,55.98754119873047,,,,,,,,,,,,,,,
27.0,306176,57.85296630859375,15.902343505620957,1490,0.0,0.0003,-3.373195376992226,0.059530016,0.2,8.586277961730957,0.40595703125,-0.019730259486823342,,,,,
27.0,307200,56.60877990722656,,,,,,,,,,,,,,,
,307200,,,,,,,,,,,,150,254,27.0,60.00558923999999,1205
27.0,308224,55.73567199707031,16.511814269423486,1500,1.1920928955078125e-07,0.0003,-3.3582856550812723,0.07419054,0.2,8.167829513549805,0.46103515625,-0.03624047835764941,,,,,
27.0,309248,54.054771423339844,,,,,,,,,,,,,,,
27.0,310272,55.347434997558594,15.348240047693253,1510,-1.1920928955078125e-07,0.0003,-3.348485357314348,0.07242159,0.2,6.749444007873535,0.41640625,-0.01631544812989887,,,,,
27.0,311296,54.27764892578125,,,,,,,,,,,,,,,
27.0,312320,51.11835479736328,15.968318817019462,1520,5.960464477539063e-08,0.0003,-3.3363500252366065,0.067426555,0.2,6.267865180969238,0.4205078125,-0.03274082183779683,,,,,
27.0,313344,55.333587646484375,,,,,,,,,,,,,,,
27.0,314368,55.69465637207031,16.895142835378646,1530,0.0,0.0003,-3.3401291616261006,0.07069294,0.2,11.137185096740723,0.431787109375,-0.017767474107677116,,,,,
27.0,315392,51.20182800292969,,,,,,,,,,,,,,,
27.0,316416,53.67303466796875,15.271168524026871,1540,0.0,0.0003,-3.3481468603014948,0.07335904,0.2,5.532411575317383,0.46875,-0.03439393185835797,,,,,
27.0,317440,56.59484100341797,,,,,,,,,,,,,,,
27.0,318464,54.81504821777344,16.438028973340987,1550,0.0,0.0003,-3.356121589243412,0.07468559,0.2,8.052716255187988,0.45205078125,-0.037604970354004764,,,,,
27.0,319488,55.5267448425293,,,,,,,,,,,,,,,
27.0,320512,55.56297302246094,18.24691505432129,1560,0.0,0.0003,-3.3488722808659075,0.07007435,0.2,8.975448608398438,0.44873046875,-0.024172471498604863,,,,,
27.0,321536,56.9163818359375,,,,,,,,,,,,,,,
27.0,322560,55.03934097290039,17.398775389790536,1570,0.0,0.0003,-3.355984714627266,0.069049515,0.2,11.092789649963379,0.447412109375,-0.02926793639198877,,,,,
27.0,323584,56.89405822753906,,,,,,,,,,,,,,,
27.0,324608,50.25080871582031,16.968787491321564,1580,0.0,0.0003,-3.354618473351002,0.070380524,0.2,8.397554397583008,0.44658203125,-0.019159719222807327,,,,,
27.0,325632,55.177574157714844,,,,,,,,,,,,,,,
27.0,326656,56.65107727050781,16.498858839273453,1590,0.0,0.0003,-3.356574597209692,0.06167015,0.2,8.252989768981934,0.419091796875,-0.027880327955062966,,,,,
27.0,327680,55.615943908691406,,,,,,,,,,,,,,,
,327680,,,,,,,,,,,,160,255,27.0,59.47242396000001,1284
27.0,328704,56.14078903198242,16.589391565322877,1600,1.1920928955078125e-07,0.0003,-3.3651550851762293,0.06378942,0.2,9.607939720153809,0.43330078125,-0.03381488914892543,,,,,
27.0,329728,52.937191009521484,,,,,,,,,,,,,,,
27.0,330752,54.995033264160156,15.162032413482667,1610,0.0,0.0003,-3.3657677665352823,0.0635033,0.2,6.107842922210693,0.426123046875,-0.03288382664031815,,,,,
27.0,331776,54.159820556640625,,,,,,,,,,,,,,,
27.0,332800,56.842140197753906,15.93240636587143,1620,0.0,0.0003,-3.3612424142658712,0.07744392,0.2,9.30667781829834,0.456201171875,-0.036099145424668674,,,,,
27.0,333824,54.089473724365234,,,,,,,,,,,,,,,
27.0,334848,56.363494873046875,17.156539702415465,1630,-1.1920928955078125e-07,0.0003,-3.3515134140849114,0.08026782,0.2,5.099477767944336,0.447607421875,-0.02578381850325968,,,,,
27.0,335872,54.64780807495117,,,,,,,,,,,,,,,
27.0,336896,57.967689514160156,17.523229578137396,1640,0.0,0.0003,-3.3621510572731497,0.07448855,0.2,10.39821720123291,0.454736328125,-0.026351198882912284,,,,,
27.0,337920,54.489341735839844,,,,,,,,,,,,,,,
27.0,338944,55.36381530761719,17.123058342933653,1650,0.0,0.0003,-3.357434669882059,0.0681664,0.2,8.919963836669922,0.44033203125,-0.03221118810179178,,,,,
27.0,339968,56.456871032714844,,,,,,,,,,,,,,,
27.0,340992,56.71920394897461,14.503720435500146,1660,0.0,0.0003,-3.3687873974442484,0.061352607,0.2,8.788683891296387,0.3970703125,-0.02168848993605934,,,,,
27.0,342016,56.74657440185547,,,,,,,,,,,,,,,
27.0,343040,58.932098388671875,14.40431738048792,1670,-1.1920928955078125e-07,0.0003,-3.365037925541401,0.06942826,0.2,9.412395477294922,0.45830078125,-0.02859344008611515,,,,,
27.0,344064,57.60792922973633,,,,,,,,,,,,,,,
27.0,345088,57.37118911743164,16.07251132428646,1680,0.0,0.0003,-3.358899597078562,0.06585919,0.2,10.720629692077637,0.440625,-0.02452796639990993,,,,,
27.0,346112,52.69011306762695,,,,,,,,,,,,,,,
27.0,347136,54.08540344238281,16.8691418081522,1690,1.1920928955078125e-07,0.0003,-3.358061468601227,0.075041234,0.2,5.502795696258545,0.442724609375,-0.0351509172556689,,,,,
27.0,348160,57.194984436035156,,,,,,,,,,,,,,,
,348160,,,,,,,,,,,,170,255,27.0,60.51435644,1365
27.0,349184,53.86590576171875,16.78327950835228,1700,-1.1920928955078125e-07,0.0003,-3.358974978327751,0.07520334,0.2,11.367692947387695,0.4388671875,-0.030663575408107137,,,,,
27.0,350208,56.992027282714844,,,,,,,,,,,,,,,
27.0,351232,55.6402587890625,15.9263228982687,1710,-1.1920928955078125e-07,0.0003,-3.349725315719843,0.07154469,0.2,5.994915962219238,0.439013671875,-0.03373095936985919,,,,,
27.0,352256,53.780174255371094,,,,,,,,,,,,,,,
27.0,353280,53.30049133300781,17.51231598854065,1720,0.0,0.0003,-3.3539005517959595,0.07568459,0.2,10.22498607635498,0.47412109375,-0.022830194153357297,,,,,
27.0,354304,53.466609954833984,,,,,,,,,,,,,,,
27.0,355328,58.076377868652344,16.42780178785324,1730,0.0,0.0003,-3.354102648794651,0.07050776,0.2,9.543296813964844,0.42568359375,-0.023759181422065012,,,,,
27.0,356352,53.3210563659668,,,,,,,,,,,,,,,
27.0,357376,55.34358215332031,15.44388319849968,1740,0.0,0.0003,-3.3398300394415856,0.06565994,0.2,6.891272068023682,0.46044921875,-0.03720162885729224,,,,,
27.0,358400,54.97728729248047,,,,,,,,,,,,,,,
27.0,359424,53.63236618041992,15.589127409458161,1750,0.0,0.0003,-3.3361932449042797,0.07875608,0.2,7.497951030731201,0.469140625,-0.02875397856696509,,,,,
27.0,360448,56.367530822753906,,,,,,,,,,,,,,,
27.0,361472,55.85658645629883,15.244554924964905,1760,0.0,0.0003,-3.3403903476893904,0.07556565,0.2,7.190914630889893,0.43623046875,-0.02978851825464517,,,,,
27.0,362496,51.92771530151367,,,,,,,,,,,,,,,
27.0,363520,53.77791213989258,16.576495814323426,1770,0.0,0.0003,-3.344245594739914,0.07028857,0.2,7.959271430969238,0.4583984375,-0.029761506879003717,,,,,
27.0,364544,55.74464416503906,,,,,,,,,,,,,,,
27.0,365568,52.65533447265625,15.344613975286483,1780,0.0,0.0003,-3.3433609806001185,0.080661476,0.2,7.578324317932129,0.46767578125,-0.02866031125013251,,,,,
27.0,366592,56.354217529296875,,,,,,,,,,,,,,,
27.0,367616,55.68061065673828,16.492613220214842,1790,0.0,0.0003,-3.333091164380312,0.07680993,0.2,8.913753509521484,0.4298828125,-0.028581562130420936,,,,,
27.0,368640,57.73214340209961,,,,,,,,,,,,,,,
,368640,,,,,,,,,,,,180,255,27.0,58.81131200000001,1445
27.0,369664,55.697265625,14.526529222726822,1800,0.0,0.0003,-3.3153330966830254,0.08186148,0.2,8.420672416687012,0.45283203125,-0.014217446082329842,,,,,
27.0,370688,50.97063446044922,,,,,,,,,,,,,,,
27.0,371712,55.55971908569336,15.470304211974144,1810,5.960464477539063e-08,0.0003,-3.3279125183820724,0.081858344,0.2,6.867492198944092,0.482568359375,-0.010994338778255041,,,,,
27.0,372736,55.41999053955078,,,,,,,,,,,,,,,
27.0,373760,53.75969696044922,16.18157142996788,1820,0.0,0.0003,-3.3373330853879453,0.07602052,0.2,7.717905521392822,0.44619140625,-0.026913989502645563,,,,,
27.0,374784,54.09636688232422,,,,,,,,,,,,,,,
27.0,375808,52.72403335571289,16.290988171100615,1830,0.0,0.0003,-3.3267315842211245,0.0720061,0.2,6.669687747955322,0.446875,-0.03285839975724229,,,,,
27.0,376832,55.01661682128906,,,,,,,,,,,,,,,
27.0,377856,54.21903610229492,16.145347848534584,1840,1.1920928955078125e-07,0.0003,-3.3273885399103165,0.07270166,0.2,5.934587478637695,0.44814453125,-0.026634685932367574,,,,,
27.0,378880,54.64797592163086,,,,,,,,,,,,,,,
27.0,379904,55.824806213378906,15.593146842718124,1850,0.0,0.0003,-3.338914914429188,0.062963784,0.2,8.031342506408691,0.42158203125,-0.022036903144908138,,,,,
27.0,380928,52.752628326416016,,,,,,,,,,,,,,,
27.0,381952,55.171363830566406,16.10084058344364,1860,0.0,0.0003,-3.344040193408728,0.06931734,0.2,7.856620788574219,0.455029296875,-0.0325921832525637,,,,,
27.0,382976,52.9468994140625,,,,,,,,,,,,,,,
27.0,384000,57.15984344482422,15.408010205626487,1870,0.0,0.0003,-3.3412408724427225,0.07335282,0.2,8.484858512878418,0.431689453125,-0.022577858697331976,,,,,
27.0,385024,60.4476203918457,,,,,,,,,,,,,,,
27.0,386048,54.91230773925781,15.471403530240059,1880,5.960464477539063e-08,0.0003,-3.3410327315330504,0.07677622,0.2,7.7185282707214355,0.411181640625,-0.023923111901967786,,,,,
27.0,387072,52.29113006591797,,,,,,,,,,,,,,,
27.0,388096,52.44413757324219,14.998379731178284,1890,-1.1920928955078125e-07,0.0003,-3.3330006554722784,0.08133195,0.2,8.999765396118164,0.4392578125,-0.01719991639838554,,,,,
27.0,389120,55.687076568603516,,,,,,,,,,,,,,,
,389120,,,,,,,,,,,,190,255,27.0,59.21252930000001,1525
27.0,390144,54.321533203125,17.4741943359375,1900,0.0,0.0003,-3.3450123563408853,0.07799975,0.2,8.57471752166748,0.4333984375,-0.022254989776411094,,,,,
27.0,391168,50.78105926513672,,,,,,,,,,,,,,,
27.0,392192,56.230987548828125,14.405488055944442,1910,5.960464477539063e-08,0.0003,-3.343946184962988,0.0712415,0.2,8.095623016357422,0.458544921875,-0.032431172991346104,,,,,
27.0,393216,55.7932243347168,,,,,,,,,,,,,,,
27.0,394240,56.72460174560547,15.783477535843849,1920,0.0,0.0003,-3.3532106310129164,0.06871125,0.2,7.732459545135498,0.469482421875,-0.03393513441551477,,,,,
27.0,395264,54.862674713134766,,,,,,,,,,,,,,,
27.0,396288,55.164913177490234,14.560014535486697,1930,-1.1920928955078125e-07,0.0003,-3.365900215506554,0.06345715,0.2,5.677893161773682,0.440478515625,-0.03189564849017188,,,,,
27.0,397312,54.50104522705078,,,,,,,,,,,,,,,
27.0,398336,59.11148452758789,14.828386479616166,1940,-1.1920928955078125e-07,0.0003,-3.3699609458446504,0.058052246,0.2,6.0900983810424805,0.41015625,-0.037100159941473976,,,,,
27.0,399360,53.727813720703125,,,,,,,,,,,,,,,
27.0,400384,52.36211395263672,14.122894784808159,1950,-1.1920928955078125e-07,0.0003,-3.3616504915058614,0.06004826,0.2,4.482467174530029,0.42470703125,-0.03885218759533018,,,,,
27.0,401408,55.308441162109375,,,,,,,,,,,,,,,
27.0,402432,58.780120849609375,14.748878359794617,1960,0.0,0.0003,-3.36175123155117,0.0583084,0.2,7.552521228790283,0.42666015625,-0.02571163303073263,,,,,
27.0,403456,56.8363037109375,,,,,,,,,,,,,,,
27.0,404480,53.89747619628906,14.552996990084647,1970,5.960464477539063e-08,0.0003,-3.366330324858427,0.072618306,0.2,6.187687397003174,0.442236328125,-0.03619659325049725,,,,,
27.0,405504,57.899261474609375,,,,,,,,,,,,,,,
27.0,406528,52.53532028198242,17.656373196840285,1980,0.0,0.0003,-3.35319124981761,0.0671311,0.2,9.104521751403809,0.427099609375,-0.019946396232990084,,,,,
27.0,407552,60.055755615234375,,,,,,,,,,,,,,,
27.0,408576,53.401161193847656,16.16094507575035,1990,0.0,0.0003,-3.3503333382308482,0.06374251,0.2,11.965433120727539,0.412353515625,-0.024234075087952077,,,,,
27.0,409600,50.40284729003906,,,,,,,,,,,,,,,
,409600,,,,,,,,,,,,200,255,27.0,59.041243650000006,1604
27.0,410624,58.717254638671875,15.775973817706108,2000,5.960464477539063e-08,0.0003,-3.36157004237175,0.052802555,0.2,7.253500938415527,0.38583984375,-0.02889821018616203,,,,,
27.0,411648,52.64708709716797,,,,,,,,,,,,,,,
27.0,412672,58.16228103637695,19.4165945738554,2010,-1.1920928955078125e-07,0.0003,-3.3576607391238213,0.061949983,0.2,8.131185531616211,0.36298828125,-0.012674697820330039,,,,,
27.0,413696,56.211463928222656,,,,,,,,,,,,,,,
27.0,414720,56.06993865966797,15.023193937540054,2020,-1.1920928955078125e-07,0.0003,-3.3608979478478433,0.058168955,0.2,7.185855388641357,0.42333984375,-0.030310501375060993,,,,,
27.0,415744,53.68413543701172,,,,,,,,,,,,,,,
27.0,416768,55.55628204345703,16.146360617876052,2030,0.0,0.0003,-3.3591740764677525,0.060449526,0.2,8.800031661987305,0.417919921875,-0.03217844118771609,,,,,
27.0,417792,55.80599594116211,,,,,,,,,,,,,,,
27.0,418816,54.260162353515625,15.930048301815987,2040,0.0,0.0003,-3.364685429632664,0.06767966,0.2,7.459853172302246,0.389111328125,-0.03242356548726093,,,,,
27.0,419840,54.227333068847656,,,,,,,,,,,,,,,
27.0,420864,52.852474212646484,16.400785574316977,2050,0.0,0.0003,-3.3552268825471403,0.069643244,0.2,7.809316158294678,0.458447265625,-0.028776657817070374,,,,,
27.0,421888,53.36479187011719,,,,,,,,,,,,,,,
27.0,422912,56.9207649230957,16.724310913681983,2060,2.384185791015625e-07,0.0003,-3.349223680049181,0.075512834,0.2,9.76501178741455,0.452099609375,-0.03227468178083655,,,,,
27.0,423936,51.300941467285156,,,,,,,,,,,,,,,
27.0,424960,53.437156677246094,15.990665367245674,2070,0.0,0.0003,-3.3359754934906958,0.08020146,0.2,6.668574333190918,0.447705078125,-0.032075528854329606,,,,,
27.0,425984,53.77898025512695,,,,,,,,,,,,,,,
27.0,427008,57.903053283691406,14.863568645715713,2080,5.960464477539063e-08,0.0003,-3.3391502238810062,0.0694255,0.2,6.623593330383301,0.427685546875,-0.021069307703874073,,,,,
27.0,428032,55.42411804199219,,,,,,,,,,,,,,,
27.0,429056,51.724769592285156,15.715439009666444,2090,0.0,0.0003,-3.337271124869585,0.06825806,0.2,6.214134216308594,0.417236328125,-0.01875629500427749,,,,,
27.0,430080,51.892112731933594,,,,,,,,,,,,,,,
,430080,,,,,,,,,,,,210,255,27.0,58.24763546000002,1681
27.0,431104,56.69449996948242,15.406359651684761,2100,0.0,0.0003,-3.3376774311065676,0.06454931,0.2,5.845815658569336,0.4455078125,-0.03341972147463821,,,,,
27.0,432128,55.705928802490234,,,,,,,,,,,,,,,
27.0,433152,53.565860748291016,17.524556443095207,2110,-2.384185791015625e-07,0.0003,-3.343929661810398,0.06717456,0.2,6.465851306915283,0.448583984375,-0.029943727083445993,,,,,
27.0,434176,53.58147048950195,,,,,,,,,,,,,,,
27.0,435200,56.843719482421875,15.012915131449699,2120,-1.1920928955078125e-07,0.0003,-3.333419233560562,0.07322675,0.2,7.5465569496154785,0.45556640625,-0.033267108935979194,,,,,
27.0,436224,55.7261962890625,,,,,,,,,,,,,,,
27.0,437248,54.06684494018555,16.57198334336281,2130,0.0,0.0003,-3.3393387466669084,0.065373965,0.2,8.709003448486328,0.43056640625,-0.035788134241010995,,,,,
27.0,438272,52.53568649291992,,,,,,,,,,,,,,,
27.0,439296,53.48870086669922,16.631033223867416,2140,0.0,0.0003,-3.3522468768060207,0.06590444,0.2,8.414602279663086,0.426318359375,-0.028289436420891434,,,,,
27.0,440320,52.139915466308594,,,,,,,,,,,,,,,
27.0,441344,55.78284454345703,15.793430027365684,2150,0.0,0.0003,-3.355784372240305,0.07027206,0.2,6.615383625030518,0.428662109375,-0.033530426898505536,,,,,
27.0,442368,54.015037536621094,,,,,,,,,,,,,,,
27.0,443392,53.80690002441406,13.730038784444332,2160,5.960464477539063e-08,0.0003,-3.3494159907102583,0.06875227,0.2,8.052783966064453,0.46181640625,-0.025277936934435273,,,,,
27.0,444416,56.27748489379883,,,,,,,,,,,,,,,
27.0,445440,54.82649230957031,18.183208030462264,2170,0.0,0.0003,-3.351161189377308,0.06953916,0.2,10.663948059082031,0.44208984375,-0.022679018718190492,,,,,
27.0,446464,52.121559143066406,,,,,,,,,,,,,,,
27.0,447488,51.798282623291016,15.085379958152771,2180,0.0,0.0003,-3.3585820429027082,0.06859412,0.2,7.4931840896606445,0.444189453125,-0.03794876820029458,,,,,
27.0,448512,56.32168960571289,,,,,,,,,,,,,,,
27.0,449536,55.39775848388672,15.389867290854454,2190,0.0,0.0003,-3.3352332927286623,0.06888817,0.2,6.194924354553223,0.452099609375,-0.024287898048351055,,,,,
27.0,450560,55.69266891479492,,,,,,,,,,,,,,,
,450560,,,,,,,,,,,,220,255,27.0,60.16000130000001,1760
27.0,451584,53.76812744140625,17.066473057866098,2200,1.1920928955078125e-07,0.0003,-3.3310869105160235,0.07420322,0.2,8.876904487609863,0.442333984375,-0.03485776559973601,,,,,
27.0,452608,56.24363708496094,,,,,,,,,,,,,,,
27.0,453632,55.50152587890625,16.87539853155613,2210,0.0,0.0003,-3.3311207592487335,0.07827705,0.2,9.559885025024414,0.44541015625,-0.025337486501666718,,,,,
27.0,454656,57.344608306884766,,,,,,,,,,,,,,,
27.0,455680,55.15736389160156,17.283125177025795,2220,0.0,0.0003,-3.3330350920557974,0.090161234,0.2,9.435760498046875,0.49091796875,-0.02025090988172451,,,,,
27.0,456704,51.31776428222656,,,,,,,,,,,,,,,
27.0,457728,49.49435043334961,16.716634088754653,2230,0.0,0.0003,-3.323421474546194,0.08096176,0.2,5.768430709838867,0.459912109375,-0.02922551989558997,,,,,
27.0,458752,57.99651336669922,,,,,,,,,,,,,,,
27.0,459776,55.303810119628906,14.786633458733558,2240,0.0,0.0003,-3.3331620424985884,0.06313844,0.2,8.547493934631348,0.442626953125,-0.029870850464794783,,,,,
27.0,460800,52.72172927856445,,,,,,,,,,,,,,,
27.0,461824,53.636444091796875,16.328542214632034,2250,0.0,0.0003,-3.357686049491167,0.059739895,0.2,8.85226821899414,0.412646484375,-0.024768902907089795,,,,,
27.0,462848,55.706016540527344,,,,,,,,,,,,,,,
27.0,463872,56.841575622558594,19.239452376961708,2260,0.0,0.0003,-3.3609121896326544,0.053382087,0.2,9.515485763549805,0.423876953125,-0.029992479109205307,,,,,
27.0,464896,56.186737060546875,,,,,,,,,,,,,,,
27.0,465920,54.6097297668457,16.638142377138138,2270,0.0,0.0003,-3.35667370185256,0.05197154,0.2,7.576019763946533,0.374951171875,-0.019250677355739754,,,,,
27.0,466944,53.92005157470703,,,,,,,,,,,,,,,
27.0,467968,55.93763732910156,14.650363564491272,2280,0.0,0.0003,-3.3550741337239742,0.061227508,0.2,7.404189586639404,0.415185546875,-0.03178952192829456,,,,,
27.0,468992,53.14310836791992,,,,,,,,,,,,,,,
27.0,470016,55.23897933959961,15.036246892809867,2290,0.0,0.0003,-3.3571994312107565,0.052150097,0.2,7.098942279815674,0.3916015625,-0.02745338788663503,,,,,
27.0,471040,55.01738739013672,,,,,,,,,,,,,,,
,471040,,,,,,,,,,,,230,256,27.0,59.08480647,1839
27.0,472064,55.02952575683594,14.76622913479805,2300,0.0,0.0003,-3.358104872703552,0.054945666,0.2,9.39720630645752,0.39892578125,-0.02390274316276191,,,,,
27.0,473088,54.000083923339844,,,,,,,,,,,,,,,
27.0,474112,55.35031509399414,14.054210209846497,2310,0.0,0.0003,-3.362079459428787,0.05643328,0.2,5.4590253829956055,0.43037109375,-0.029508480371441694,,,,,
27.0,475136,51.326595306396484,,,,,,,,,,,,,,,
27.0,476160,55.372344970703125,18.43418607413769,2320,1.1920928955078125e-07,0.0003,-3.363517067581415,0.058430508,0.2,8.879257202148438,0.411572265625,-0.02265409011160955,,,,,
27.0,477184,54.63221740722656,,,,,,,,,,,,,,,
27.0,478208,58.66041564941406,18.101178550720213,2330,0.0,0.0003,-3.3620268180966377,0.05012929,0.2,11.044087409973145,0.3705078125,-0.0168918321680394,,,,,
27.0,479232,52.493202209472656,,,,,,,,,,,,,,,
27.0,480256,54.998451232910156,15.815398529171944,2340,0.0,0.0003,-3.3583385281264784,0.05954084,0.2,6.373546123504639,0.420458984375,-0.025804357885499486,,,,,
27.0,481280,52.93144989013672,,,,,,,,,,,,,,,
27.0,482304,53.32720947265625,16.540820500254632,2350,0.0,0.0003,-3.3592984065413476,0.06407267,0.2,8.064271926879883,0.407177734375,-0.033415356709156185,,,,,
27.0,483328,58.31610107421875,,,,,,,,,,,,,,,
27.0,484352,55.59453582763672,15.289848107099534,2360,1.1920928955078125e-07,0.0003,-3.3627164751291274,0.05791033,0.2,6.929131984710693,0.38486328125,-0.023425677127670498,,,,,
27.0,485376,55.72412109375,,,,,,,,,,,,,,,
27.0,486400,57.016883850097656,17.849611234664916,2370,0.0,0.0003,-3.3595727823674677,0.06743194,0.2,9.029267311096191,0.43193359375,-0.030318221723427997,,,,,
27.0,487424,56.08403015136719,,,,,,,,,,,,,,,
27.0,488448,58.18766784667969,16.52136094868183,2380,0.0,0.0003,-3.3665857546031477,0.061236326,0.2,7.999452590942383,0.380126953125,-0.016580548731144517,,,,,
27.0,489472,57.25780487060547,,,,,,,,,,,,,,,
27.0,490496,56.131019592285156,16.647481766343116,2390,0.0,0.0003,-3.366558998823166,0.05555945,0.2,9.786334991455078,0.33720703125,-0.00944511427951511,,,,,
27.0,491520,56.51863098144531,,,,,,,,,,,,,,,
,491520,,,,,,,,,,,,240,256,27.0,59.45713892,1919
27.0,492544,56.00004577636719,17.843375447392464,2400,0.0,0.0003,-3.354710303992033,0.07140744,0.2,8.129212379455566,0.41396484375,-0.030617288216308224,,,,,
27.0,493568,55.87884521484375,,,,,,,,,,,,,,,
27.0,494592,53.180320739746094,16.734737458825112,2410,0.0,0.0003,-3.35405235812068,0.06465279,0.2,10.089958190917969,0.43818359375,-0.029327736288541927,,,,,
27.0,495616,53.93935775756836,,,,,,,,,,,,,,,
27.0,496640,56.608367919921875,16.341636320948602,2420,0.0,0.0003,-3.3568500563502313,0.072905466,0.2,6.519228458404541,0.429541015625,-0.03259564211693942,,,,,
27.0,497664,56.20651626586914,,,,,,,,,,,,,,,
27.0,498688,53.8886833190918,15.987214156985283,2430,0.0,0.0003,-3.354592874646187,0.059916347,0.2,6.870724678039551,0.402294921875,-0.020632319316791835,,,,,
27.0,499712,56.20848083496094,,,,,,,,,,,,,,,
27.0,500736,53.77632522583008,17.297810098528863,2440,0.0,0.0003,-3.365333590656519,0.066110685,0.2,9.578374862670898,0.4171875,-0.028853208583313972,,,,,
27.0,501760,50.88325500488281,,,,,,,,,,,,,,,
27.0,502784,56.482452392578125,18.020273432135582,2450,-1.1920928955078125e-07,0.0003,-3.362971030920744,0.072326,0.2,8.770027160644531,0.425732421875,-0.026602635050949175,,,,,
27.0,503808,54.866363525390625,,,,,,,,,,,,,,,
27.0,504832,56.2313346862793,15.184018576145172,2460,0.0,0.0003,-3.350590717047453,0.07194247,0.2,7.8324456214904785,0.43515625,-0.026825383449613584,,,,,
27.0,505856,56.52288055419922,,,,,,,,,,,,,,,
27.0,506880,57.901100158691406,14.42385991513729,2470,0.0,0.0003,-3.3481401920318605,0.08035868,0.2,5.854645729064941,0.4505859375,-0.02470357728889212,,,,,
27.0,507904,54.31840515136719,,,,,,,,,,,,,,,
27.0,508928,53.46189498901367,18.02371267080307,2480,0.0,0.0003,-3.3551055319607257,0.07783493,0.2,8.521103858947754,0.459033203125,-0.0300436364923371,,,,,
27.0,509952,56.24894332885742,,,,,,,,,,,,,,,
27.0,510976,54.99960708618164,16.894393387436867,2490,0.0,0.0003,-3.353383491188288,0.062493294,0.2,7.834291934967041,0.376025390625,-0.022742232016753405,,,,,
27.0,512000,56.11791229248047,,,,,,,,,,,,,,,
,512000,,,,,,,,,,,,250,256,27.0,58.46123005,1997
27.0,513024,53.86988830566406,18.362549349665642,2500,-1.1920928955078125e-07,0.0003,-3.3492433167994022,0.06253079,0.2,10.018678665161133,0.40888671875,-0.01958058225282002,,,,,
27.0,514048,55.476661682128906,,,,,,,,,,,,,,,
27.0,515072,53.52460479736328,17.432963708043097,2510,0.0,0.0003,-3.3376079961657523,0.070059404,0.2,8.090189933776855,0.429443359375,-0.02441011548944516,,,,,
27.0,516096,53.49168014526367,,,,,,,,,,,,,,,
27.0,517120,53.96953582763672,16.0495467454195,2520,0.0,0.0003,-3.3311159953475,0.08272382,0.2,9.211548805236816,0.460791015625,-0.01818024735839572,,,,,
27.0,518144,54.36090087890625,,,,,,,,,,,,,,,
27.0,519168,56.34490203857422,14.363955909013749,2530,0.0,0.0003,-3.3297803536057473,0.080571756,0.2,9.516603469848633,0.418017578125,-0.023237811274884734,,,,,
27.0,520192,54.85572814941406,,,,,,,,,,,,,,,
27.0,521216,54.17039489746094,13.979382330179215,2540,0.0,0.0003,-3.3432269684970377,0.08133159,0.2,5.143371105194092,0.49423828125,-0.030238240482867697,,,,,
27.0,522240,56.76248550415039,,,,,,,,,,,,,,,
27.0,523264,54.533119201660156,15.836112855374813,2550,0.0,0.0003,-3.348824802786112,0.0662121,0.2,9.947698593139648,0.4162109375,-0.020726819949049968,,,,,
27.0,524288,54.4918212890625,,,,,,,,,,,,,,,
27.0,525312,54.60545349121094,16.352875182032584,2560,0.0,0.0003,-3.341943974792957,0.08244289,0.2,8.827566146850586,0.455615234375,-0.025792267818178515,,,,,
27.0,526336,54.127174377441406,,,,,,,,,,,,,,,
27.0,527360,52.08797836303711,17.400790387392043,2570,0.0,0.0003,-3.333757381886244,0.08280398,0.2,6.275522232055664,0.448583984375,-0.028148144033912102,,,,,
27.0,528384,56.080589294433594,,,,,,,,,,,,,,,
27.0,529408,51.286781311035156,15.307889175415038,2580,0.0,0.0003,-3.3365583404898644,0.06661082,0.2,6.271507740020752,0.42275390625,-0.019839468697318806,,,,,
27.0,530432,50.51313400268555,,,,,,,,,,,,,,,
27.0,531456,52.238807678222656,15.91067007482052,2590,0.0,0.0003,-3.335711580514908,0.06952923,0.2,7.511475086212158,0.433740234375,-0.025920413005223963,,,,,
27.0,532480,57.844886779785156,,,,,,,,,,,,,,,
,532480,,,,,,,,,,,,260,256,27.0,59.20718994,2078
27.0,533504,56.55424499511719,14.72723493874073,2600,0.0,0.0003,-3.3488552659749984,0.07387565,0.2,7.254327297210693,0.44990234375,-0.028840062709059568,,,,,
27.0,534528,54.160675048828125,,,,,,,,,,,,,,,
27.0,535552,54.788230895996094,16.68689115345478,2610,0.0,0.0003,-3.345235678553581,0.071549386,0.2,11.47944164276123,0.454345703125,-0.020024612995621284,,,,,
27.0,536576,57.699546813964844,,,,,,,,,,,,,,,
27.0,537600,57.80936050415039,17.667679515480994,2620,0.0,0.0003,-3.361180704087019,0.061933327,0.2,8.700094223022461,0.375048828125,-0.016020323915290645,,,,,
27.0,538624,53.461708068847656,,,,,,,,,,,,,,,
27.0,539648,55.33261489868164,17.1093447804451,2630,1.1920928955078125e-07,0.0003,-3.363731040805578,0.06637376,0.2,8.356376647949219,0.4291015625,-0.026210281714156736,,,,,
27.0,540672,56.522212982177734,,,,,,,,,,,,,,,
27.0,541696,54.47319793701172,16.295562899112703,2640,0.0,0.0003,-3.361944480240345,0.057496425,0.2,8.073397636413574,0.38251953125,-0.019845821337366943,,,,,
27.0,542720,56.39491271972656,,,,,,,,,,,,,,,
27.0,543744,56.79576110839844,14.002068066596985,2650,0.0,0.0003,-3.3826700150966644,0.055175334,0.2,6.862006664276123,0.384375,-0.020210640878940467,,,,,
27.0,544768,57.408447265625,,,,,,,,,,,,,,,
27.0,545792,57.510902404785156,15.811259809136391,2660,0.0,0.0003,-3.372448829561472,0.06451553,0.2,8.207199096679688,0.4068359375,-0.0253363561219885,,,,,
27.0,546816,53.458038330078125,,,,,,,,,,,,,,,
27.0,547840,53.37709045410156,16.145285031199457,2670,-1.1920928955078125e-07,0.0003,-3.357153309136629,0.06651066,0.2,6.991018772125244,0.436376953125,-0.03210224140057107,,,,,
27.0,548864,55.57270812988281,,,,,,,,,,,,,,,
27.0,549888,51.98890686035156,16.931271889805792,2680,0.0,0.0003,-3.3589550755918025,0.062014706,0.2,11.977505683898926,0.41318359375,-0.022192601121787447,,,,,
27.0,550912,57.414955139160156,,,,,,,,,,,,,,,
27.0,551936,58.5935173034668,17.31938902139664,2690,0.0,0.0003,-3.3614502646028996,0.06763809,0.2,7.599146366119385,0.425830078125,-0.03461251162079861,,,,,
27.0,552960,56.0172233581543,,,,,,,,,,,,,,,
,552960,,,,,,,,,,,,270,256,27.0,59.65790857000001,2159
27.0,553984,56.93567657470703,16.776872029900552,2700,0.0,0.0003,-3.3498498134315016,0.056056496,0.2,9.36751937866211,0.41396484375,-0.025666309913503937,,,,,
27.0,555008,54.67790222167969,,,,,,,,,,,,,,,
27.0,556032,56.53825759887695,17.43367686867714,2710,1.1920928955078125e-07,0.0003,-3.3521031685173512,0.054475628,0.2,8.783163070678711,0.4009765625,-0.0232960954104783,,,,,
27.0,557056,54.57110595703125,,,,,,,,,,,,,,,
27.0,558080,54.914756774902344,16.6129129588604,2720,0.0,0.0003,-3.3502045780420304,0.056562632,0.2,7.7623982429504395,0.40068359375,-0.02402192057488719,,,,,
27.0,559104,53.233184814453125,,,,,,,,,,,,,,,
27.0,560128,55.22504806518555,17.96930988430977,2730,1.1920928955078125e-07,0.0003,-3.3530045062303544,0.06725401,0.2,8.546218872070312,0.47470703125,-0.028928111027926206,,,,,
27.0,561152,50.679134368896484,,,,,,,,,,,,,,,
27.0,562176,54.099273681640625,18.294109696149825,2740,0.0,0.0003,-3.3469641841948032,0.06628414,0.2,9.648014068603516,0.440576171875,-0.030547326826490463,,,,,
27.0,563200,54.74380111694336,,,,,,,,,,,,,,,
27.0,564224,57.050296783447266,13.984841983020306,2750,0.0,0.0003,-3.3464549764990807,0.06476102,0.2,9.518366813659668,0.40185546875,-0.029103524805395863,,,,,
27.0,565248,56.925479888916016,,,,,,,,,,,,,,,
27.0,566272,52.75022888183594,16.224999046325685,2760,0.0,0.0003,-3.3535369977355005,0.0700213,0.2,10.145490646362305,0.40810546875,-0.03954553456569556,,,,,
27.0,567296,54.73789978027344,,,,,,,,,,,,,,,
27.0,568320,56.960289001464844,17.413542157411577,2770,-1.1920928955078125e-07,0.0003,-3.3564976528286934,0.07739834,0.2,7.287850856781006,0.44638671875,-0.033004216423432806,,,,,
27.0,569344,53.670654296875,,,,,,,,,,,,,,,
27.0,570368,54.76218032836914,17.53026660978794,2780,0.0,0.0003,-3.359505885839462,0.06197308,0.2,7.971774101257324,0.398779296875,-0.01965060639413423,,,,,
27.0,571392,57.41289520263672,,,,,,,,,,,,,,,
27.0,572416,56.35399627685547,14.394101789593696,2790,-1.1920928955078125e-07,0.0003,-3.360434768348932,0.06132628,0.2,8.781386375427246,0.42880859375,-0.035454192526231054,,,,,
27.0,573440,53.62790298461914,,,,,,,,,,,,,,,
,573440,,,,,,,,,,,,280,255,27.0,59.57661448000001,2240
27.0,574464,55.59690475463867,17.721658492088316,2800,-1.1920928955078125e-07,0.0003,-3.359196486324072,0.06832476,0.2,10.340622901916504,0.403173828125,-0.02901690731814597,,,,,
27.0,575488,54.15827178955078,,,,,,,,,,,,,,,
27.0,576512,55.531959533691406,16.423899865150453,2810,0.0,0.0003,-3.341302178055048,0.076949075,0.2,9.229440689086914,0.476806640625,-0.03315696125209797,,,,,
27.0,577536,55.68497085571289,,,,,,,,,,,,,,,
27.0,578560,55.649452209472656,15.04231852889061,2820,0.0,0.0003,-3.3368196986615657,0.06695971,0.2,7.964061260223389,0.396923828125,-0.02536532830563374,,,,,
27.0,579584,52.62053298950195,,,,,,,,,,,,,,,
27.0,580608,53.4263801574707,19.45447883605957,2830,0.0,0.0003,-3.3362403638660907,0.07733178,0.2,7.715297698974609,0.438720703125,-0.03349480220786063,,,,,
27.0,581632,56.00636291503906,,,,,,,,,,,,,,,
27.0,582656,55.263858795166016,16.366813518106937,2840,0.0,0.0003,-3.3473378010094166,0.0677416,0.2,7.0996503829956055,0.433349609375,-0.02606725143850781,,,,,
27.0,583680,55.80934143066406,,,,,,,,,,,,,,,
27.0,584704,53.05335998535156,18.289016538858412,2850,0.0,0.0003,-3.352431742846966,0.055316217,0.2,6.735368728637695,0.40146484375,-0.00781004819291411,,,,,
27.0,585728,57.3503303527832,,,,,,,,,,,,,,,
27.0,586752,54.572357177734375,17.14282933175564,2860,0.0,0.0003,-3.3636180356144907,0.058678884,0.2,6.158881187438965,0.40625,-0.01963185896165669,,,,,
27.0,587776,56.74528503417969,,,,,,,,,,,,,,,
27.0,588800,54.349308013916016,15.624866035580634,2870,0.0,0.0003,-3.357669808715582,0.05130487,0.2,10.823275566101074,0.384423828125,-0.026310465110873336,,,,,
27.0,589824,57.40109634399414,,,,,,,,,,,,,,,
27.0,590848,57.17497253417969,15.89080777168274,2880,-1.1920928955078125e-07,0.0003,-3.3503423191607,0.07010202,0.2,7.018434047698975,0.433544921875,-0.02995890850725118,,,,,
27.0,591872,53.67939758300781,,,,,,,,,,,,,,,
27.0,592896,56.25569152832031,16.09527261555195,2890,0.0,0.0003,-3.359377844631672,0.054979663,0.2,6.683651924133301,0.41962890625,-0.02816882738552522,,,,,
27.0,593920,54.68065643310547,,,,,,,,,,,,,,,
,593920,,,,,,,,,,,,290,255,27.0,60.0117537,2321
27.0,594944,53.06172180175781,15.836459198594094,2900,5.960464477539063e-08,0.0003,-3.350556218624115,0.06425236,0.2,6.491081714630127,0.445068359375,-0.03502361580613069,,,,,
27.0,595968,57.230857849121094,,,,,,,,,,,,,,,
27.0,596992,53.70707321166992,16.929130792617798,2910,0.0,0.0003,-3.352800815552473,0.06786835,0.2,7.586260795593262,0.44833984375,-0.030249673608341254,,,,,
27.0,598016,56.88608169555664,,,,,,,,,,,,,,,
27.0,599040,56.8957405090332,15.947421416640282,2920,1.1920928955078125e-07,0.0003,-3.350367736071348,0.06499235,0.2,7.352210998535156,0.418505859375,-0.02815369278396247,,,,,
27.0,600064,54.998756408691406,,,,,,,,,,,,,,,
27.0,601088,53.90923309326172,16.447590884566306,2930,-1.1920928955078125e-07,0.0003,-3.3550653360784053,0.069517605,0.2,9.158703804016113,0.43154296875,-0.03181994927726919,,,,,
27.0,602112,56.63575744628906,,,,,,,,,,,,,,,
27.0,603136,54.98423767089844,16.60101506114006,2940,0.0,0.0003,-3.3412044048309326,0.06393316,0.2,7.305655002593994,0.41689453125,-0.020247042896517086,,,,,
27.0,604160,53.6185302734375,,,,,,,,,,,,,,,
27.0,605184,55.210540771484375,16.27783473134041,2950,0.0,0.0003,-3.352007596939802,0.071709946,0.2,7.809648036956787,0.43857421875,-0.032731656270334496,,,,,
27.0,606208,54.63848114013672,,,,,,,,,,,,,,,
27.0,607232,57.57984161376953,16.97283430695534,2960,-1.1920928955078125e-07,0.0003,-3.3506791077554228,0.06288271,0.2,11.321208953857422,0.425634765625,-0.021085362226585858,,,,,
27.0,608256,57.33320617675781,,,,,,,,,,,,,,,
27.0,609280,55.52061080932617,17.858844670653344,2970,1.1920928955078125e-07,0.0003,-3.3499097667634485,0.060442377,0.2,7.883474826812744,0.406787109375,-0.026961844057223062,,,,,
27.0,610304,56.889312744140625,,,,,,,,,,,,,,,
27.0,611328,56.17688751220703,15.583740237355233,2980,0.0,0.0003,-3.34844820946455,0.06813097,0.2,6.355541706085205,0.4248046875,-0.03312117165478412,,,,,
27.0,612352,56.22093963623047,,,,,,,,,,,,,,,
27.0,613376,53.171546936035156,17.155491721630096,2990,0.0,0.0003,-3.339416828751564,0.06460601,0.2,10.210816383361816,0.40986328125,-0.024729057116201148,,,,,
27.0,614400,51.706695556640625,,,,,,,,,,,,,,,
,614400,,,,,,,,,,,,300,255,27.0,59.024992409999996,2400
27.0,615424,57.16246795654297,15.927086129784584,3000,-1.1920928955078125e-07,0.0003,-3.346484323590994,0.054525953,0.2,7.553316593170166,0.39111328125,-0.021157484463765287,,,,,
27.0,616448,56.091732025146484,,,,,,,,,,,,,,,
27.0,617472,51.88258361816406,14.486578619480133,3010,0.0,0.0003,-3.3356438525021077,0.06717148,0.2,8.232948303222656,0.437255859375,-0.03369662320619682,,,,,
27.0,618496,52.9874153137207,,,,,,,,,,,,,,,
27.0,619520,54.672645568847656,16.235397669672967,3020,0.0,0.0003,-3.3370192401111125,0.06456919,0.2,7.062543869018555,0.45234375,-0.023909656362957322,,,,,
27.0,620544,53.80182647705078,,,,,,,,,,,,,,,
27.0,621568,54.501808166503906,14.397682571411133,3030,-1.1920928955078125e-07,0.0003,-3.3498506315052508,0.07223797,0.2,7.399408340454102,0.439111328125,-0.03343242503615329,,,,,
27.0,622592,55.782859802246094,,,,,,,,,,,,,,,
27.0,623616,56.46025848388672,15.982103291153908,3040,5.960464477539063e-08,0.0003,-3.3442290790379046,0.08093922,0.2,8.148012161254883,0.44169921875,-0.026088873294065708,,,,,
27.0,624640,55.453033447265625,,,,,,,,,,,,,,,
27.0,625664,54.541969299316406,15.658345195651055,3050,0.0,0.0003,-3.3523023784160615,0.06695394,0.2,8.174749374389648,0.411181640625,-0.023654486041050405,,,,,
27.0,626688,57.228179931640625,,,,,,,,,,,,,,,
27.0,627712,54.65184783935547,15.723969745635987,3060,0.0,0.0003,-3.357232824712992,0.07475726,0.2,6.8902668952941895,0.44931640625,-0.028911808253906202,,,,,
27.0,628736,55.37189483642578,,,,,,,,,,,,,,,
27.0,629760,56.900550842285156,18.761768889427184,3070,0.0,0.0003,-3.3329618155956267,0.07453766,0.2,10.076006889343262,0.394580078125,-0.016011210755095817,,,,,
27.0,630784,57.335357666015625,,,,,,,,,,,,,,,
27.0,631808,52.391578674316406,14.552440983057021,3080,5.960464477539063e-08,0.0003,-3.3346905782818794,0.08913022,0.2,7.84833288192749,0.47490234375,-0.034182145763770676,,,,,
27.0,632832,54.51752471923828,,,,,,,,,,,,,,,
27.0,633856,54.36103820800781,16.465366584062576,3090,-1.1920928955078125e-07,0.0003,-3.348193020373583,0.072981685,0.2,7.1973557472229,0.453369140625,-0.02649327532853931,,,,,
27.0,634880,59.83501434326172,,,,,,,,,,,,,,,
,634880,,,,,,,,,,,,310,255,27.0,59.75636397,2481
27.0,635904,53.97012710571289,16.75986068844795,3100,0.0,0.0003,-3.3498975440859793,0.086349174,0.2,7.447576522827148,0.4771484375,-0.029598361361422576,,,,,
27.0,636928,56.67157745361328,,,,,,,,,,,,,,,
27.0,637952,55.8989372253418,17.002469575405122,3110,1.1920928955078125e-07,0.0003,-3.337174803763628,0.071381226,0.2,6.042595863342285,0.42197265625,-0.020872771584254223,,,,,
27.0,638976,49.808265686035156,,,,,,,,,,,,,,,
27.0,640000,54.87288284301758,17.465442278981207,3120,0.0,0.0003,-3.343060874193907,0.08320284,0.2,8.08985710144043,0.458642578125,-0.030755402481008786,,,,,
27.0,641024,53.23277282714844,,,,,,,,,,,,,,,
27.0,642048,53.137977600097656,17.01343024969101,3130,-2.384185791015625e-07,0.0003,-3.3351889215409756,0.07343265,0.2,9.245522499084473,0.44677734375,-0.016167868397315033,,,,,
27.0,643072,55.21216583251953,,,,,,,,,,,,,,,
27.0,644096,55.537513732910156,16.017683574557303,3140,0.0,0.0003,-3.3346694350242614,0.07574169,0.2,7.99136209487915,0.429296875,-0.030396357315476054,,,,,
27.0,645120,53.45088577270508,,,,,,,,,,,,,,,
27.0,646144,57.76161575317383,15.977192509174348,3150,0.0,0.0003,-3.3355388902127743,0.09007283,0.2,9.055886268615723,0.504833984375,-0.03426765991316642,,,,,
27.0,647168,54.19159698486328,,,,,,,,,,,,,,,
27.0,648192,53.30482482910156,17.075848014652728,3160,0.0,0.0003,-3.3379335522651674,0.08176073,0.2,7.367392539978027,0.441162109375,-0.02573852078348864,,,,,
27.0,649216,52.46808624267578,,,,,,,,,,,,,,,
27.0,650240,53.58159637451172,17.45722150504589,3170,0.0,0.0003,-3.345101319998503,0.08189401,0.2,6.010052680969238,0.438330078125,-0.02670145356678404,,,,,
27.0,651264,55.438255310058594,,,,,,,,,,,,,,,
27.0,652288,53.002403259277344,16.05433582663536,3180,-1.1920928955078125e-07,0.0003,-3.3465345539152622,0.07729904,0.2,9.026336669921875,0.46162109375,-0.020157914525043452,,,,,
27.0,653312,56.54981994628906,,,,,,,,,,,,,,,
27.0,654336,54.58127975463867,16.15020000934601,3190,1.1920928955078125e-07,0.0003,-3.3411649100482466,0.07125199,0.2,9.49807071685791,0.444140625,-0.03181100674555637,,,,,
27.0,655360,53.81724166870117,,,,,,,,,,,,,,,
,655360,,,,,,,,,,,,320,255,27.0,59.208583360000006,2560
27.0,656384,54.875732421875,16.143396267294882,3200,0.0,0.0003,-3.343638350069523,0.0716435,0.2,8.829154968261719,0.42890625,-0.02453760577045614,,,,,
27.0,657408,55.781532287597656,,,,,,,,,,,,,,,
27.0,658432,52.878074645996094,18.149276021122933,3210,0.0,0.0003,-3.3423896461725233,0.06966091,0.2,8.1654691696167,0.433203125,-0.027810151867743115,,,,,
27.0,659456,54.26896667480469,,,,,,,,,,,,,,,
27.0,660480,54.0773811340332,16.562505692243576,3220,0.0,0.0003,-3.351626367866993,0.062562145,0.2,9.070671081542969,0.457421875,-0.041293145329109396,,,,,
27.0,661504,55.16600799560547,,,,,,,,,,,,,,,
27.0,662528,52.26947784423828,16.26720126867294,3230,0.0,0.0003,-3.3585476502776146,0.059658263,0.2,10.354144096374512,0.42109375,-0.02907435314700706,,,,,
27.0,663552,56.902320861816406,,,,,,,,,,,,,,,
27.0,664576,58.19071960449219,16.07465097308159,3240,0.0,0.0003,-3.3543809592723846,0.05406639,0.2,6.989402770996094,0.41123046875,-0.036553334383643235,,,,,
27.0,665600,57.10001754760742,,,,,,,,,,,,,,,
27.0,666624,52.886253356933594,15.398529396951199,3250,0.0,0.0003,-3.3550300531089308,0.06595215,0.2,11.439631462097168,0.45986328125,-0.03378410707082367,,,,,
27.0,667648,51.38140869140625,,,,,,,,,,,,,,,
27.0,668672,55.450679779052734,17.2066227465868,3260,0.0,0.0003,-3.3518498428165913,0.07447817,0.2,8.654451370239258,0.4376953125,-0.02759128497709753,,,,,
27.0,669696,56.32325744628906,,,,,,,,,,,,,,,
27.0,670720,55.8662223815918,15.85066470503807,3270,-1.1920928955078125e-07,0.0003,-3.351177652180195,0.06999022,0.2,7.427932262420654,0.449169921875,-0.026126685248163993,,,,,
27.0,671744,54.834251403808594,,,,,,,,,,,,,,,
27.0,672768,53.85540771484375,17.32045404613018,3280,0.0,0.0003,-3.3533789835870267,0.057762,0.2,6.944861888885498,0.395703125,-0.03351567382633221,,,,,
27.0,673792,57.853179931640625,,,,,,,,,,,,,,,
27.0,674816,57.40369415283203,16.341659101843835,3290,1.1920928955078125e-07,0.0003,-3.3634005807340146,0.04665327,0.2,10.388744354248047,0.351220703125,-0.02574100409692619,,,,,
27.0,675840,55.975685119628906,,,,,,,,,,,,,,,
,675840,,,,,,,,,,,,330,255,27.0,59.616199220000006,2641
27.0,676864,56.100215911865234,15.455796635150909,3300,0.0,0.0003,-3.3677817597985267,0.061514623,0.2,5.125953197479248,0.39658203125,-0.026370526000391692,,,,,
27.0,677888,53.9730110168457,,,,,,,,,,,,,,,
27.0,678912,54.41680908203125,15.807768380641937,3310,-1.1920928955078125e-07,0.0003,-3.3747519314289094,0.059462436,0.2,8.593713760375977,0.40009765625,-0.030611534634954297,,,,,
27.0,679936,55.482154846191406,,,,,,,,,,,,,,,
27.0,680960,56.87800598144531,17.031129965186118,3320,-1.1920928955078125e-07,0.0003,-3.374566688388586,0.058110304,0.2,7.544679164886475,0.393994140625,-0.028401436049898622,,,,,
27.0,681984,53.965972900390625,,,,,,,,,,,,,,,
27.0,683008,53.45362854003906,16.254236024618148,3330,0.0,0.0003,-3.364497411996126,0.054132394,0.2,8.144343376159668,0.4,-0.031161661537771577,,,,,
27.0,684032,57.07154846191406,,,,,,,,,,,,,,,
27.0,685056,52.62917709350586,15.018022280931472,3340,0.0,0.0003,-3.364868475496769,0.05087296,0.2,6.336516857147217,0.346728515625,-0.02922321652295068,,,,,
27.0,686080,57.49729919433594,,,,,,,,,,,,,,,
27.0,687104,57.79596710205078,16.220661175251006,3350,-1.1920928955078125e-07,0.0003,-3.3636402055621146,0.05437487,0.2,5.879457473754883,0.366015625,-0.029520219439291395,,,,,
27.0,688128,56.605628967285156,,,,,,,,,,,,,,,
27.0,689152,57.584571838378906,14.850207221508025,3360,5.960464477539063e-08,0.0003,-3.3674243338406087,0.061488237,0.2,7.338361740112305,0.384130859375,-0.026106848051131237,,,,,
27.0,690176,56.12399673461914,,,,,,,,,,,,,,,
27.0,691200,53.31669616699219,17.624705040454863,3370,-1.1920928955078125e-07,0.0003,-3.3654271833598615,0.068119705,0.2,9.265719413757324,0.379541015625,-0.012329845685599139,,,,,
27.0,692224,53.729248046875,,,,,,,,,,,,,,,
27.0,693248,56.41368865966797,18.093404132127763,3380,1.1920928955078125e-07,0.0003,-3.3535193167626858,0.05636256,0.2,7.820706844329834,0.38974609375,-0.03233139366784599,,,,,
27.0,694272,56.46205139160156,,,,,,,,,,,,,,,
27.0,695296,56.650184631347656,16.857896921038627,3390,0.0,0.0003,-3.351104848086834,0.060921047,0.2,6.652168273925781,0.373974609375,-0.006255883661651751,,,,,
27.0,696320,56.25553894042969,,,,,,,,,,,,,,,
,696320,,,,,,,,,,,,340,255,27.0,58.6820451,2721
27.0,697344,57.07447814941406,17.31388713121414,3400,0.0,0.0003,-3.3485160633921622,0.061583776,0.2,7.213995456695557,0.38583984375,-0.021661993116140366,,,,,
27.0,698368,52.28347396850586,,,,,,,,,,,,,,,
27.0,699392,54.14621353149414,16.85929679572582,3410,0.0,0.0003,-3.3350271083414555,0.08000643,0.2,7.614284515380859,0.466259765625,-0.03590238631586544,,,,,
27.0,700416,54.64822006225586,,,,,,,,,,,,,,,
27.0,701440,51.185916900634766,17.100105226039886,3420,0.0,0.0003,-3.328318225592375,0.07655666,0.2,9.93277645111084,0.43818359375,-0.035174892470240596,,,,,
27.0,702464,52.801448822021484,,,,,,,,,,,,,,,
27.0,703488,53.603675842285156,16.36418138742447,3430,0.0,0.0003,-3.3439466908574103,0.07106655,0.2,9.246392250061035,0.412451171875,-0.035610647191060704,,,,,
27.0,704512,58.51634979248047,,,,,,,,,,,,,,,
27.0,705536,56.00281524658203,17.60582279264927,3440,0.0,0.0003,-3.345783539861441,0.06940913,0.2,10.713971138000488,0.40625,-0.028223721813992596,,,,,
27.0,706560,56.46250534057617,,,,,,,,,,,,,,,
27.0,707584,52.574119567871094,15.313099935650826,3450,0.0,0.0003,-3.347892218828201,0.06710504,0.2,8.849291801452637,0.43515625,-0.02729734581662342,,,,,
27.0,708608,54.0597038269043,,,,,,,,,,,,,,,
27.0,709632,55.059471130371094,15.923242607712746,3460,-1.1920928955078125e-07,0.0003,-3.3501507826149464,0.06798033,0.2,9.982327461242676,0.409521484375,-0.03444629652658478,,,,,
27.0,710656,55.15135955810547,,,,,,,,,,,,,,,
27.0,711680,54.63965606689453,16.483316788077353,3470,0.0,0.0003,-3.3502837017178537,0.051102005,0.2,5.952683448791504,0.409033203125,-0.030752531479811294,,,,,
27.0,712704,57.98174285888672,,,,,,,,,,,,,,,
27.0,713728,57.4377326965332,15.96821550130844,3480,-1.1920928955078125e-07,0.0003,-3.354571337997913,0.062683344,0.2,9.446925163269043,0.403076171875,-0.025963392804260365,,,,,
27.0,714752,54.75651168823242,,,,,,,,,,,,,,,
27.0,715776,57.988807678222656,15.651532769203186,3490,0.0,0.0003,-3.3581335961818697,0.060275085,0.2,9.06835651397705,0.38740234375,-0.034036016682512125,,,,,
27.0,716800,56.452903747558594,,,,,,,,,,,,,,,
,716800,,,,,,,,,,,,350,255,27.0,59.90342117999999,2803
27.0,717824,54.21214294433594,17.022653526067735,3500,0.0,0.0003,-3.355323128402233,0.074445665,0.2,8.357173919677734,0.44580078125,-0.037548995613178704,,,,,
27.0,718848,56.22648620605469,,,,,,,,,,,,,,,
27.0,719872,53.910064697265625,16.377370193600655,3510,0.0,0.0003,-3.3431562818586826,0.06909144,0.2,7.903861045837402,0.43125,-0.032507056786562315,,,,,
27.0,720896,52.08262634277344,,,,,,,,,,,,,,,
27.0,721920,56.677284240722656,15.158886462450027,3520,0.0,0.0003,-3.357873772084713,0.057278533,0.2,6.876387596130371,0.41875,-0.02698764352389844,,,,,
27.0,722944,55.43522644042969,,,,,,,,,,,,,,,
27.0,723968,59.79355239868164,16.082633355259894,3530,0.0,0.0003,-3.3604941561818125,0.058617704,0.2,7.189319133758545,0.410498046875,-0.024455116473836823,,,,,
27.0,724992,52.66539764404297,,,,,,,,,,,,,,,
27.0,726016,56.831844329833984,15.972290033102036,3540,0.0,0.0003,-3.3565823286771774,0.061911024,0.2,7.294030666351318,0.43310546875,-0.03821985962567851,,,,,
27.0,727040,55.70734405517578,,,,,,,,,,,,,,,
27.0,728064,55.177425384521484,18.73040305376053,3550,0.0,0.0003,-3.3710804738104345,0.057943024,0.2,9.68221664428711,0.385595703125,-0.026434128460823558,,,,,
27.0,729088,58.02898406982422,,,,,,,,,,,,,,,
27.0,730112,55.91966247558594,15.978164833784103,3560,0.0,0.0003,-3.359402300417423,0.065750256,0.2,6.424063205718994,0.44423828125,-0.028131550560647155,,,,,
27.0,731136,55.285884857177734,,,,,,,,,,,,,,,
27.0,732160,55.36590576171875,16.848632112145424,3570,0.0,0.0003,-3.3469905257225037,0.06890731,0.2,8.9839506149292,0.413671875,-0.017511746754462366,,,,,
27.0,733184,55.39309310913086,,,,,,,,,,,,,,,
27.0,734208,53.333457946777344,15.670482909679412,3580,5.960464477539063e-08,0.0003,-3.342923408001661,0.0679213,0.2,5.38879919052124,0.412890625,-0.01943240242108004,,,,,
27.0,735232,52.96514129638672,,,,,,,,,,,,,,,
27.0,736256,57.1171760559082,16.028315629065037,3590,0.0,0.0003,-3.352583208680153,0.058743656,0.2,10.16447639465332,0.404541015625,-0.022704257298028097,,,,,
27.0,737280,53.40809631347656,,,,,,,,,,,,,,,
,737280,,,,,,,,,,,,360,243,27.0,59.23859536999999,3031
27.0,738304,56.410865783691406,15.942533588409423,3600,-1.1920928955078125e-07,0.0003,-3.3612385511398317,0.060354277,0.2,7.453862190246582,0.40869140625,-0.03549822733330075,,,,,
27.0,739328,53.24087142944336,,,,,,,,,,,,,,,
27.0,740352,54.49105453491211,15.560095423460007,3610,0.0,0.0003,-3.357402837276459,0.046718247,0.2,7.669429779052734,0.36806640625,-0.013709854941407685,,,,,
27.0,741376,54.30083084106445,,,,,,,,,,,,,,,
27.0,742400,57.91736602783203,16.746782833337782,3620,-1.1920928955078125e-07,0.0003,-3.3550334848463534,0.053082578,0.2,9.778132438659668,0.374560546875,-0.028654665613430552,,,,,
27.0,743424,55.459022521972656,,,,,,,,,,,,,,,
27.0,744448,57.255126953125,16.446866431832312,3630,0.0,0.0003,-3.357653057575226,0.0563763,0.2,8.159185409545898,0.406298828125,-0.03869956926209852,,,,,
27.0,745472,57.210960388183594,,,,,,,,,,,,,,,
27.0,746496,55.37299346923828,14.903221875429153,3640,0.0,0.0003,-3.3554535947740076,0.05788108,0.2,8.9959716796875,0.407666015625,-0.024257676204433663,,,,,
27.0,747520,52.666839599609375,,,,,,,,,,,,,,,
27.0,748544,56.48092269897461,16.993562465906145,3650,0.0,0.0003,-3.3575353771448135,0.057410844,0.2,9.257667541503906,0.413671875,-0.03713301724928897,,,,,
27.0,749568,57.8760986328125,,,,,,,,,,,,,,,
27.0,750592,57.97549057006836,14.590828520059585,3660,0.0,0.0003,-3.3636753492057325,0.054761626,0.2,8.855464935302734,0.407958984375,-0.038767011489835565,,,,,
27.0,751616,57.403236389160156,,,,,,,,,,,,,,,
27.0,752640,59.214447021484375,17.629867881536484,3670,1.1920928955078125e-07,0.0003,-3.3737681791186334,0.05677256,0.2,9.561389923095703,0.39345703125,-0.026586010980827267,,,,,
27.0,753664,53.21220397949219,,,,,,,,,,,,,,,
27.0,754688,56.4249153137207,16.106920596957206,3680,0.0,0.0003,-3.3568944938480856,0.06798552,0.2,8.504785537719727,0.41513671875,-0.027896150515880437,,,,,
27.0,755712,54.72640609741211,,,,,,,,,,,,,,,
27.0,756736,54.169315338134766,14.349737285077572,3690,0.0,0.0003,-3.3503264024853707,0.06754537,0.2,7.570966720581055,0.40859375,-0.03682423730788287,,,,,
27.0,757760,56.2056999206543,,,,,,,,,,,,,,,
,757760,,,,,,,,,,,,370,243,27.0,58.79445987000001,3117
27.0,758784,58.111881256103516,16.376175105571747,3700,0.0,0.0003,-3.3497096434235574,0.0636268,0.2,9.17050552368164,0.4212890625,-0.02119734913285356,,,,,
27.0,759808,56.012420654296875,,,,,,,,,,,,,,,
27.0,760832,56.39527893066406,19.05877396762371,3710,0.0,0.0003,-3.3500419475138186,0.0781573,0.2,11.036301612854004,0.43828125,-0.027449172738124618,,,,,
27.0,761856,55.3353271484375,,,,,,,,,,,,,,,
27.0,762880,55.11067199707031,14.745391446352006,3720,-1.1920928955078125e-07,0.0003,-3.3477984510362147,0.070426024,0.2,6.670440673828125,0.42470703125,-0.030139711158699355,,,,,
27.0,763904,55.20378875732422,,,,,,,,,,,,,,,
27.0,764928,56.884620666503906,16.09331044256687,3730,1.1920928955078125e-07,0.0003,-3.348111939430237,0.050370414,0.2,9.178715705871582,0.3958984375,-0.025520582959870808,,,,,
27.0,765952,53.723594665527344,,,,,,,,,,,,,,,
27.0,766976,56.599124908447266,16.940116876363753,3740,-1.1920928955078125e-07,0.0003,-3.3627260215580463,0.049912497,0.2,9.589112281799316,0.38271484375,-0.022544571830803762,,,,,
27.0,768000,54.56177520751953,,,,,,,,,,,,,,,
27.0,769024,50.51470184326172,16.71532918214798,3750,-1.1920928955078125e-07,0.0003,-3.3645279109477997,0.05024445,0.2,10.13769817352295,0.377587890625,-0.03699828169919783,,,,,
27.0,770048,54.59113693237305,,,,,,,,,,,,,,,
27.0,771072,54.746307373046875,17.147869077324867,3760,0.0,0.0003,-3.360861410200596,0.058555275,0.2,7.966353893280029,0.365478515625,-0.02860251521342434,,,,,
27.0,772096,52.8323860168457,,,,,,,,,,,,,,,
27.0,773120,55.4453125,15.90595076084137,3770,5.960464477539063e-08,0.0003,-3.355043426156044,0.06261772,0.2,10.26161003112793,0.41064453125,-0.023518191698531154,,,,,
27.0,774144,60.03232192993164,,,,,,,,,,,,,,,
27.0,775168,51.516483306884766,17.154601131379604,3780,0.0,0.0003,-3.353180293738842,0.06976233,0.2,9.870085716247559,0.428271484375,-0.029850539466133343,,,,,
27.0,776192,50.400081634521484,,,,,,,,,,,,,,,
27.0,777216,56.88814163208008,17.288316828012466,3790,-1.1920928955078125e-07,0.0003,-3.343100094795227,0.06248974,0.2,6.396185398101807,0.41318359375,-0.039187439368106425,,,,,
27.0,778240,56.97845458984375,,,,,,,,,,,,,,,
,778240,,,,,,,,,,,,380,243,27.0,59.50961216999999,3200
27.0,779264,58.8935546875,16.301473116874696,3800,-1.1920928955078125e-07,0.0003,-3.3498664617538454,0.05622118,0.2,5.686408519744873,0.403125,-0.034962167523917745,,,,,
27.0,780288,55.160980224609375,,,,,,,,,,,,,,,
27.0,781312,53.26899337768555,16.061019676923753,3810,0.0,0.0003,-3.339971497654915,0.080245405,0.2,7.440847396850586,0.460693359375,-0.024835344369057565,,,,,
27.0,782336,54.837337493896484,,,,,,,,,,,,,,,
27.0,783360,52.28736114501953,16.240119978785515,3820,-1.1920928955078125e-07,0.0003,-3.34291048720479,0.07070546,0.2,6.726914882659912,0.43134765625,-0.027662872200016862,,,,,
27.0,784384,52.63298797607422,,,,,,,,,,,,,,,
27.0,785408,56.97178649902344,15.434877845644952,3830,0.0,0.0003,-3.3450646094977854,0.06342356,0.2,7.995211601257324,0.412890625,-0.023909504231414757,,,,,
27.0,786432,54.364864349365234,,,,,,,,,,,,,,,
27.0,787456,53.57383728027344,16.42402785718441,3840,1.1920928955078125e-07,0.0003,-3.3549375645816326,0.06550966,0.2,7.72927713394165,0.462890625,-0.03603463415056467,,,,,
27.0,788480,49.96504211425781,,,,,,,,,,,,,,,
27.0,789504,56.76703643798828,16.17127718627453,3850,-1.1920928955078125e-07,0.0003,-3.349628043174744,0.05168601,0.2,8.777931213378906,0.366357421875,-0.01717833427537698,,,,,
27.0,790528,58.305728912353516,,,,,,,,,,,,,,,
27.0,791552,54.724754333496094,15.272355829179286,3860,0.0,0.0003,-3.3467852115631103,0.062340718,0.2,5.446652412414551,0.42744140625,-0.031494755847961645,,,,,
27.0,792576,54.981178283691406,,,,,,,,,,,,,,,
27.0,793600,58.58943176269531,14.504526647925378,3870,0.0,0.0003,-3.345122117549181,0.06220477,0.2,8.218766212463379,0.39912109375,-0.019068862541462294,,,,,
27.0,794624,55.469871520996094,,,,,,,,,,,,,,,
27.0,795648,55.491981506347656,16.028841441869737,3880,1.1920928955078125e-07,0.0003,-3.338807335495949,0.06489297,0.2,6.4381794929504395,0.4232421875,-0.0298845081255422,,,,,
27.0,796672,54.90559768676758,,,,,,,,,,,,,,,
27.0,797696,56.496337890625,19.36603099703789,3890,0.0,0.0003,-3.3408196054399015,0.06819366,0.2,10.343482971191406,0.41005859375,-0.02246492208214477,,,,,
27.0,798720,55.19866180419922,,,,,,,,,,,,,,,
,798720,,,,,,,,,,,,390,243,27.0,58.92486029,3282
27.0,799744,55.42570877075195,17.31791673004627,3900,1.1920928955078125e-07,0.0003,-3.34761256352067,0.061546963,0.2,6.607492923736572,0.41494140625,-0.021191015315707773,,,,,
27.0,800768,56.304954528808594,,,,,,,,,,,,,,,
