eval/mean_ep_length,eval/mean_reward,time/total_timesteps,train/explained_variance,train/learning_rate,train/value_loss,train/approx_kl,train/clip_fraction,train/policy_gradient_loss,train/loss,train/n_updates,train/entropy_loss,train/clip_range,time/fps,rollout/ep_rew_mean,rollout/ep_len_mean,time/time_elapsed,time/iterations
40.0,45.38343048095703,1024,,,,,,,,,,,,,,,
40.0,49.701412200927734,2048,,,,,,,,,,,,,,,
40.0,43.394500732421875,3072,-2.7060508728027344e-05,0.0003,176390.55874023438,0.07628992,0.435888671875,-0.026365887603606097,90799.671875,10,-6.396795552968979,0.2,,,,,
40.0,47.860450744628906,4096,,,,,,,,,,,,,,,
40.0,48.60713577270508,5120,0.0,0.0003,174750.77856445312,0.07363643,0.4291015625,-0.03024372304789722,85911.609375,20,-6.396339190006256,0.2,,,,,
40.0,45.400115966796875,6144,,,,,,,,,,,,,,,
40.0,55.40381622314453,7168,0.0,0.0003,183239.7228515625,0.07336414,0.442919921875,-0.026488997714477592,81688.3828125,30,-6.395913018286228,0.2,,,,,
40.0,53.105289459228516,8192,,,,,,,,,,,,,,,
40.0,51.27040100097656,9216,-1.1920928955078125e-07,0.0003,183787.2849609375,0.07619496,0.42607421875,-0.03895130203163717,81852.703125,40,-6.395617654919624,0.2,,,,,
40.0,48.930870056152344,10240,,,,,,,,,,,,,,,
40.0,54.529781341552734,11264,1.1920928955078125e-07,0.0003,177290.98193359375,0.07585778,0.42822265625,-0.02954389094375074,94979.921875,50,-6.395284838974476,0.2,,,,,
40.0,42.86250305175781,12288,,,,,,,,,,,,,,,
40.0,50.37767028808594,13312,-1.1920928955078125e-07,0.0003,158971.04877929686,0.06945581,0.398486328125,-0.03385875697131269,79475.15625,60,-6.394876417517662,0.2,,,,,
40.0,54.66761779785156,14336,,,,,,,,,,,,,,,
40.0,45.009071350097656,15360,-1.1920928955078125e-07,0.0003,164768.16328125,0.0740085,0.40859375,-0.02625112556561362,71557.015625,70,-6.39434003084898,0.2,,,,,
40.0,51.26933670043945,16384,,,,,,,,,,,,,,,
40.0,47.86600875854492,17408,1.1920928955078125e-07,0.0003,186166.21127929687,0.07896441,0.42138671875,-0.033079380975686946,87882.4765625,80,-6.393804976344109,0.2,,,,,
40.0,48.2362174987793,18432,,,,,,,,,,,,,,,
40.0,50.37919998168945,19456,1.7881393432617188e-07,0.0003,173984.2943847656,0.07859521,0.42568359375,-0.03545361737487838,78449.7734375,90,-6.393385311961174,0.2,,,,,
40.0,48.732215881347656,20480,,,,,,,,,,,,,,,
,,20480,,,,,,,,,,,223,1282.00602952,40.0,91,10
40.0,49.44075012207031,21504,0.0,0.0003,167096.62451171875,0.07784609,0.43115234375,-0.03300608982681297,85466.953125,100,-6.392898991703987,0.2,,,,,
40.0,45.63536071777344,22528,,,,,,,,,,,,,,,
40.0,50.24797821044922,23552,0.0,0.0003,162943.9038574219,0.0805271,0.42021484375,-0.030583045881940052,85520.21875,110,-6.392333357036113,0.2,,,,,
40.0,50.50325393676758,24576,,,,,,,,,,,,,,,
40.0,51.183433532714844,25600,0.0,0.0003,186993.23178710937,0.07569845,0.427294921875,-0.03123256619728636,99288.03125,120,-6.391876977682114,0.2,,,,,
40.0,49.98667907714844,26624,,,,,,,,,,,,,,,
40.0,49.31431579589844,27648,1.7881393432617188e-07,0.0003,189438.55297851562,0.075769834,0.4259765625,-0.03510065542650409,98070.265625,130,-6.391506379842758,0.2,,,,,
40.0,44.401947021484375,28672,,,,,,,,,,,,,,,
40.0,49.53752136230469,29696,1.7881393432617188e-07,0.0003,169959.8042480469,0.07235034,0.410546875,-0.030770925214164892,85077.1015625,140,-6.3911641269922255,0.2,,,,,
40.0,46.68539810180664,30720,,,,,,,,,,,,,,,
40.0,43.45569610595703,31744,0.0,0.0003,167229.61875,0.06961365,0.4041015625,-0.028769546691910362,77677.5625,150,-6.390725590288639,0.2,,,,,
40.0,47.8802490234375,32768,,,,,,,,,,,,,,,
40.0,55.201316833496094,33792,1.1920928955078125e-07,0.0003,165705.71704101562,0.07461008,0.434130859375,-0.026346176196238958,81776.25,160,-6.39027622193098,0.2,,,,,
40.0,51.14366149902344,34816,,,,,,,,,,,,,,,
40.0,50.636138916015625,35840,1.1920928955078125e-07,0.0003,188334.11552734376,0.078576684,0.42880859375,-0.029381227963312995,83213.0234375,170,-6.389774926006794,0.2,,,,,
40.0,46.07563781738281,36864,,,,,,,,,,,,,,,
40.0,42.87532043457031,37888,0.0,0.0003,170135.25512695312,0.07446086,0.4173828125,-0.03372221452300437,83789.2265625,180,-6.389209327101708,0.2,,,,,
40.0,50.500640869140625,38912,,,,,,,,,,,,,,,
40.0,45.66249084472656,39936,0.0,0.0003,153981.55295410156,0.07615141,0.421826171875,-0.034620424019522034,80222.640625,190,-6.388517156243324,0.2,,,,,
40.0,57.20273208618164,40960,,,,,,,,,,,,,,,
,,40960,,,,,,,,,,,219,1302.7330684400001,40.0,186,20
40.0,46.07548522949219,41984,1.7881393432617188e-07,0.0003,189181.59868164064,0.07607925,0.42197265625,-0.03322741656738799,95317.8203125,200,-6.387928438186646,0.2,,,,,
40.0,46.05942916870117,43008,,,,,,,,,,,,,,,
40.0,59.05397033691406,44032,1.7881393432617188e-07,0.0003,179988.30864257814,0.07739575,0.43154296875,-0.02855829838226782,97048.8828125,210,-6.387521658837795,0.2,,,,,
40.0,53.31607437133789,45056,,,,,,,,,,,,,,,
40.0,59.48223876953125,46080,0.0,0.0003,161037.8125,0.069439985,0.405908203125,-0.03431816850497853,72895.9296875,220,-6.387060567736626,0.2,,,,,
40.0,51.70918655395508,47104,,,,,,,,,,,,,,,
40.0,46.85986328125,48128,0.0,0.0003,193426.4975097656,0.07724157,0.432177734375,-0.028253925379249267,108296.40625,230,-6.386489647626877,0.2,,,,,
40.0,49.34552764892578,49152,,,,,,,,,,,,,,,
40.0,45.44133758544922,50176,1.1920928955078125e-07,0.0003,188067.349609375,0.07485253,0.4146484375,-0.031581174035090954,94338.3984375,240,-6.385809326171875,0.2,,,,,
40.0,51.08552551269531,51200,,,,,,,,,,,,,,,
40.0,49.700077056884766,52224,0.0,0.0003,194569.98984375,0.07552251,0.41669921875,-0.030503470473922788,79461.0390625,250,-6.38521531522274,0.2,,,,,
40.0,47.35761260986328,53248,,,,,,,,,,,,,,,
40.0,50.67218017578125,54272,0.0,0.0003,144841.4287109375,0.07945134,0.4181640625,-0.0289589893858647,66099.5234375,260,-6.385041597485542,0.2,,,,,
40.0,43.84764862060547,55296,,,,,,,,,,,,,,,
40.0,47.06351089477539,56320,0.0,0.0003,156898.93854980468,0.07202201,0.4134765625,-0.032058895428781396,76443.1640625,270,-6.384867861866951,0.2,,,,,
40.0,50.36100769042969,57344,,,,,,,,,,,,,,,
40.0,57.00328063964844,58368,0.0,0.0003,178887.35610351563,0.07279958,0.409130859375,-0.02857720053871162,95288.890625,280,-6.384325778484344,0.2,,,,,
40.0,45.50416564941406,59392,,,,,,,,,,,,,,,
40.0,49.372257232666016,60416,-1.1920928955078125e-07,0.0003,180752.7289550781,0.073757514,0.41748046875,-0.026815409472328612,83947.9921875,290,-6.383414505422115,0.2,,,,,
40.0,47.390541076660156,61440,,,,,,,,,,,,,,,
,,61440,,,,,,,,,,,219,1323.6464924299999,40.0,280,30
40.0,51.57161331176758,62464,0.0,0.0003,162023.0443359375,0.07658003,0.421044921875,-0.03268209352681879,86029.4453125,300,-6.382834041118622,0.2,,,,,
40.0,46.09349060058594,63488,,,,,,,,,,,,,,,
40.0,51.97649002075195,64512,0.0,0.0003,154382.25764160155,0.07187748,0.401513671875,-0.032195701939053835,75774.2265625,310,-6.382432274520397,0.2,,,,,
40.0,56.10723114013672,65536,,,,,,,,,,,,,,,
40.0,45.40399932861328,66560,1.7881393432617188e-07,0.0003,168353.08950195313,0.07519207,0.402783203125,-0.03231919030949939,78326.265625,320,-6.382038202881813,0.2,,,,,
40.0,52.32160186767578,67584,,,,,,,,,,,,,,,
40.0,51.59442138671875,68608,0.0,0.0003,156088.26040039063,0.07138521,0.4205078125,-0.029071184442727827,74304.875,330,-6.381649236381054,0.2,,,,,
40.0,51.169288635253906,69632,,,,,,,,,,,,,,,
40.0,54.603389739990234,70656,-1.1920928955078125e-07,0.0003,138608.4864501953,0.07626409,0.399609375,-0.029071145367925055,58659.9140625,340,-6.38102462887764,0.2,,,,,
40.0,46.43821716308594,71680,,,,,,,,,,,,,,,
40.0,47.38178253173828,72704,0.0,0.0003,157764.08618164062,0.07342672,0.410986328125,-0.036435365030774845,84950.3359375,350,-6.379978504776955,0.2,,,,,
40.0,55.45658874511719,73728,,,,,,,,,,,,,,,
40.0,46.513572692871094,74752,-1.1920928955078125e-07,0.0003,166601.7744140625,0.070997566,0.398486328125,-0.030750378684024325,76119.984375,360,-6.378681367635727,0.2,,,,,
40.0,48.69209289550781,75776,,,,,,,,,,,,,,,
40.0,48.7172966003418,76800,0.0,0.0003,159967.41298828126,0.07103011,0.402783203125,-0.030661937067634426,86797.09375,370,-6.377682527899742,0.2,,,,,
40.0,46.52729797363281,77824,,,,,,,,,,,,,,,
40.0,50.17551040649414,78848,0.0,0.0003,146683.8126953125,0.07160346,0.409033203125,-0.03108965897699818,78119.921875,380,-6.377000977098942,0.2,,,,,
40.0,50.33906936645508,79872,,,,,,,,,,,,,,,
40.0,51.23176956176758,80896,0.0,0.0003,145380.8374511719,0.07696652,0.42841796875,-0.030337975530710538,71061.2890625,390,-6.376320803165436,0.2,,,,,
40.0,46.266876220703125,81920,,,,,,,,,,,,,,,
,,81920,,,,,,,,,,,218,1237.72769082,40.0,374,40
40.0,46.728004455566406,82944,0.0,0.0003,140606.7145751953,0.075116485,0.418505859375,-0.028745520097436382,64994.05859375,400,-6.375853605568409,0.2,,,,,
40.0,47.849544525146484,83968,,,,,,,,,,,,,,,
40.0,54.63627624511719,84992,0.0,0.0003,140054.71650390624,0.0703574,0.400537109375,-0.02772972633538302,74685.7734375,410,-6.375054083764553,0.2,,,,,
40.0,45.86566925048828,86016,,,,,,,,,,,,,,,
40.0,46.23188781738281,87040,0.0,0.0003,159198.33881835936,0.07446164,0.422509765625,-0.027068259187217336,79546.1953125,420,-6.373929585516453,0.2,,,,,
40.0,53.779945373535156,88064,,,,,,,,,,,,,,,
40.0,48.28936004638672,89088,0.0,0.0003,155663.09274902343,0.08348316,0.447998046875,-0.021493668886250816,79556.421875,430,-6.373447342216968,0.2,,,,,
40.0,52.41069030761719,90112,,,,,,,,,,,,,,,
40.0,42.90168380737305,91136,0.0,0.0003,132125.23012695313,0.07599613,0.409326171875,-0.029624911746941505,67073.0546875,440,-6.373401974141598,0.2,,,,,
40.0,46.77352523803711,92160,,,,,,,,,,,,,,,
40.0,50.59981918334961,93184,0.0,0.0003,174067.01528320313,0.07098077,0.41435546875,-0.029238740407163278,97864.78125,450,-6.373281452059746,0.2,,,,,
40.0,49.28364562988281,94208,,,,,,,,,,,,,,,
40.0,49.1759033203125,95232,0.0,0.0003,141761.7741455078,0.072733596,0.41845703125,-0.025110201619099826,77407.484375,460,-6.372694234549999,0.2,,,,,
40.0,52.36137008666992,96256,,,,,,,,,,,,,,,
40.0,51.11321258544922,97280,0.0,0.0003,153795.96501464845,0.07277454,0.4228515625,-0.028264785365900026,71383.65625,470,-6.37220777720213,0.2,,,,,
40.0,59.11443328857422,98304,,,,,,,,,,,,,,,
40.0,53.16300964355469,99328,0.0,0.0003,140053.655859375,0.0719161,0.41181640625,-0.022832676518009975,81375.265625,480,-6.371658580005169,0.2,,,,,
40.0,50.174720764160156,100352,,,,,,,,,,,,,,,
40.0,54.85254669189453,101376,-1.1920928955078125e-07,0.0003,147352.50986328124,0.078592494,0.42958984375,-0.024366952129639685,75378.5078125,490,-6.370875011384487,0.2,,,,,
40.0,46.78956604003906,102400,,,,,,,,,,,,,,,
,,102400,,,,,,,,,,,219,1308.05400586,40.0,465,50
40.0,47.559593200683594,103424,0.0,0.0003,162756.86516113282,0.07638939,0.406787109375,-0.032010859312140386,83830.765625,500,-6.370266827940941,0.2,,,,,
40.0,46.883785247802734,104448,,,,,,,,,,,,,,,
40.0,52.422142028808594,105472,1.1920928955078125e-07,0.0003,138904.2369873047,0.07464935,0.413525390625,-0.02568785408511758,74072.2265625,510,-6.369308270514011,0.2,,,,,
40.0,52.15431213378906,106496,,,,,,,,,,,,,,,
40.0,50.892295837402344,107520,0.0,0.0003,155747.12224121095,0.069956556,0.41455078125,-0.02936255361419171,87527.4609375,520,-6.36866462379694,0.2,,,,,
40.0,42.75371551513672,108544,,,,,,,,,,,,,,,
40.0,51.624114990234375,109568,-2.384185791015625e-07,0.0003,165321.35510253906,0.07162055,0.419970703125,-0.02263870058377506,79056.890625,530,-6.3683476626873015,0.2,,,,,
40.0,51.24846649169922,110592,,,,,,,,,,,,,,,
40.0,48.8694953918457,111616,0.0,0.0003,140892.5213623047,0.07526554,0.421923828125,-0.028104192978935315,76397.3671875,540,-6.367478057742119,0.2,,,,,
40.0,46.864383697509766,112640,,,,,,,,,,,,,,,
40.0,49.47215270996094,113664,0.0,0.0003,144956.33110351564,0.07257674,0.412939453125,-0.03005542808241444,69004.640625,550,-6.366941642761231,0.2,,,,,
40.0,46.64765930175781,114688,,,,,,,,,,,,,,,
40.0,49.82706832885742,115712,0.0,0.0003,139921.22631835938,0.07979984,0.39326171875,-0.02589918638841482,67003.6484375,560,-6.366090427339077,0.2,,,,,
40.0,50.75583267211914,116736,,,,,,,,,,,,,,,
40.0,46.70050811767578,117760,0.0,0.0003,144872.84047851563,0.071625814,0.391259765625,-0.03348085620091297,68696.4765625,570,-6.3648576274514195,0.2,,,,,
40.0,50.88117218017578,118784,,,,,,,,,,,,,,,
40.0,47.902225494384766,119808,0.0,0.0003,137848.80573730468,0.07565233,0.43173828125,-0.0227466607306269,67239.2734375,580,-6.363899385929107,0.2,,,,,
40.0,49.00419616699219,120832,,,,,,,,,,,,,,,
40.0,50.934104919433594,121856,0.0,0.0003,170908.05356445312,0.0757612,0.4271484375,-0.028200402919901536,83805.3828125,590,-6.362388150393963,0.2,,,,,
40.0,49.631134033203125,122880,,,,,,,,,,,,,,,
,,122880,,,,,,,,,,,220,1332.90464546,40.0,558,60
40.0,41.068572998046875,123904,1.1920928955078125e-07,0.0003,141201.0052734375,0.07000628,0.39560546875,-0.029271695850184187,72006.5,600,-6.361147499084472,0.2,,,,,
40.0,49.4427490234375,124928,,,,,,,,,,,,,,,
40.0,49.09272003173828,125952,0.0,0.0003,136958.20568847656,0.072439425,0.416455078125,-0.021797811215219554,72533.7109375,610,-6.360446518659591,0.2,,,,,
40.0,50.00914001464844,126976,,,,,,,,,,,,,,,
40.0,55.99098205566406,128000,-1.1920928955078125e-07,0.0003,141094.9486328125,0.07297282,0.432470703125,-0.02886004565807525,66758.0234375,620,-6.359546352922917,0.2,,,,,
40.0,48.14738082885742,129024,,,,,,,,,,,,,,,
40.0,55.51072692871094,130048,0.0,0.0003,124848.71564941407,0.07003687,0.406884765625,-0.035618278503534384,63698.95703125,630,-6.358276984095573,0.2,,,,,
40.0,55.70402145385742,131072,,,,,,,,,,,,,,,
40.0,48.839637756347656,132096,2.384185791015625e-07,0.0003,150615.58498535157,0.07070272,0.402880859375,-0.0342456554149976,83476.8828125,640,-6.357406145334243,0.2,,,,,
40.0,44.004512786865234,133120,,,,,,,,,,,,,,,
40.0,45.59130096435547,134144,0.0,0.0003,154490.83010253907,0.07512896,0.427294921875,-0.027281351952115073,72330.9765625,650,-6.3561279878020285,0.2,,,,,
40.0,50.26936340332031,135168,,,,,,,,,,,,,,,
40.0,47.12905502319336,136192,0.0,0.0003,164121.03229980468,0.0751995,0.431103515625,-0.019734679014072755,79299.4453125,660,-6.354645344614982,0.2,,,,,
40.0,50.714080810546875,137216,,,,,,,,,,,,,,,
40.0,48.77611541748047,138240,5.960464477539063e-08,0.0003,131623.233984375,0.076145105,0.4158203125,-0.02453506606107112,69372.1953125,670,-6.353556029498577,0.2,,,,,
40.0,47.42744827270508,139264,,,,,,,,,,,,,,,
40.0,46.3224983215332,140288,0.0,0.0003,121465.61708984376,0.08128627,0.439892578125,-0.023481769487261772,59237.921875,680,-6.35210478156805,0.2,,,,,
40.0,49.946807861328125,141312,,,,,,,,,,,,,,,
40.0,50.630615234375,142336,0.0,0.0003,138709.02927246093,0.074114084,0.42119140625,-0.027011627894535196,62965.66796875,690,-6.350907281041145,0.2,,,,,
40.0,50.34791946411133,143360,,,,,,,,,,,,,,,
,,143360,,,,,,,,,,,220,1305.90197374,40.0,650,70
40.0,52.46076965332031,144384,1.1920928955078125e-07,0.0003,145485.13115234376,0.07880898,0.443798828125,-0.03152794212801382,73237.2734375,700,-6.348925484716892,0.2,,,,,
40.0,51.247833251953125,145408,,,,,,,,,,,,,,,
40.0,50.245887756347656,146432,0.0,0.0003,144988.7021484375,0.07076676,0.4130859375,-0.02564312408794649,78854.53125,710,-6.345471234619618,0.2,,,,,
40.0,49.944908142089844,147456,,,,,,,,,,,,,,,
40.0,49.526329040527344,148480,-1.1920928955078125e-07,0.0003,145999.45668945313,0.0773786,0.411572265625,-0.023583592237264382,76071.6171875,720,-6.34333987981081,0.2,,,,,
40.0,55.450904846191406,149504,,,,,,,,,,,,,,,
40.0,49.92346954345703,150528,0.0,0.0003,113252.15324707031,0.07805529,0.4244140625,-0.022842137439147335,61484.6640625,730,-6.342143841087818,0.2,,,,,
40.0,53.127479553222656,151552,,,,,,,,,,,,,,,
40.0,45.695457458496094,152576,1.1920928955078125e-07,0.0003,135935.0504638672,0.07364585,0.4248046875,-0.0241000908674323,68428.359375,740,-6.339995741844177,0.2,,,,,
40.0,52.22688293457031,153600,,,,,,,,,,,,,,,
40.0,49.27302551269531,154624,0.0,0.0003,117053.7526611328,0.073935285,0.405126953125,-0.027310286977444774,57492.54296875,750,-6.339313566684723,0.2,,,,,
40.0,44.12714385986328,155648,,,,,,,,,,,,,,,
40.0,40.839508056640625,156672,-1.1920928955078125e-07,0.0003,113382.82985839844,0.0803069,0.4333984375,-0.02099791670043487,47059.8203125,760,-6.339729006588459,0.2,,,,,
40.0,45.90412139892578,157696,,,,,,,,,,,,,,,
40.0,50.90550231933594,158720,1.1920928955078125e-07,0.0003,138184.9538330078,0.073051974,0.413525390625,-0.021535069475066847,64696.97265625,770,-6.340005776286125,0.2,,,,,
40.0,51.907737731933594,159744,,,,,,,,,,,,,,,
40.0,47.472869873046875,160768,1.1920928955078125e-07,0.0003,141526.8658935547,0.07565977,0.41201171875,-0.023503620903647972,62946.00390625,780,-6.339537604153156,0.2,,,,,
40.0,50.541900634765625,161792,,,,,,,,,,,,,,,
40.0,57.10789108276367,162816,0.0,0.0003,125066.062890625,0.07977831,0.4228515625,-0.026534558547427877,63792.046875,790,-6.338751570880413,0.2,,,,,
40.0,49.644065856933594,163840,,,,,,,,,,,,,,,
,,163840,,,,,,,,,,,220,1261.8250813099999,40.0,744,80
40.0,56.845054626464844,164864,-1.1920928955078125e-07,0.0003,131947.02075195312,0.07969675,0.43994140625,-0.02188590753939934,60868.3515625,800,-6.33722487539053,0.2,,,,,
40.0,44.34747314453125,165888,,,,,,,,,,,,,,,
40.0,42.230751037597656,166912,0.0,0.0003,125538.29697265624,0.073496014,0.426123046875,-0.019879996329837012,68170.6796875,810,-6.336996233463287,0.2,,,,,
40.0,49.183685302734375,167936,,,,,,,,,,,,,,,
40.0,46.38182830810547,168960,-2.384185791015625e-07,0.0003,126575.41669921875,0.07535437,0.40478515625,-0.021658785585896113,58888.88671875,820,-6.337904591858387,0.2,,,,,
40.0,52.281158447265625,169984,,,,,,,,,,,,,,,
40.0,52.51801300048828,171008,0.0,0.0003,131307.506640625,0.07589333,0.40986328125,-0.02505780151550425,56491.01953125,830,-6.336945590376854,0.2,,,,,
40.0,49.989837646484375,172032,,,,,,,,,,,,,,,
40.0,48.072410583496094,173056,-1.1920928955078125e-07,0.0003,135385.3645263672,0.07628489,0.412939453125,-0.022025382673018613,65272.4453125,840,-6.336831519007683,0.2,,,,,
40.0,52.645477294921875,174080,,,,,,,,,,,,,,,
40.0,48.05107116699219,175104,0.0,0.0003,106958.75773925781,0.07535362,0.4130859375,-0.01911111196532147,56228.73046875,850,-6.339288848638534,0.2,,,,,
40.0,57.31956481933594,176128,,,,,,,,,,,,,,,
40.0,51.19391632080078,177152,0.0,0.0003,131331.66257324218,0.074112535,0.399755859375,-0.025399058699258605,66306.515625,860,-6.336663892865181,0.2,,,,,
40.0,47.41071701049805,178176,,,,,,,,,,,,,,,
40.0,46.708744049072266,179200,0.0,0.0003,136844.0169189453,0.069241166,0.40595703125,-0.024336651724297553,68119.7578125,870,-6.336291427910328,0.2,,,,,
40.0,48.0839729309082,180224,,,,,,,,,,,,,,,
40.0,50.56195831298828,181248,0.0,0.0003,146506.33657226563,0.07139501,0.40498046875,-0.029194011780782604,70355.328125,880,-6.335527895390987,0.2,,,,,
40.0,47.411720275878906,182272,,,,,,,,,,,,,,,
40.0,52.02101135253906,183296,0.0,0.0003,128181.26164550781,0.07330738,0.416943359375,-0.024262008105870335,73303.2578125,890,-6.334271380305291,0.2,,,,,
40.0,53.821685791015625,184320,,,,,,,,,,,,,,,
,,184320,,,,,,,,,,,220,1288.2595351899997,40.0,835,90
40.0,45.00324249267578,185344,0.0,0.0003,131354.15529785157,0.07898863,0.42666015625,-0.021423257514834405,66849.0234375,900,-6.333198842406273,0.2,,,,,
40.0,49.82228088378906,186368,,,,,,,,,,,,,,,
40.0,52.08876037597656,187392,0.0,0.0003,125540.56057128907,0.07642545,0.39765625,-0.02614720476558432,60206.19921875,910,-6.3318347617983815,0.2,,,,,
40.0,47.282310485839844,188416,,,,,,,,,,,,,,,
40.0,46.52838897705078,189440,0.0,0.0003,120730.32033691407,0.07388917,0.41513671875,-0.027841813920531422,61648.31640625,920,-6.33118117004633,0.2,,,,,
40.0,47.22958755493164,190464,,,,,,,,,,,,,,,
40.0,51.69291687011719,191488,0.0,0.0003,128877.48576660156,0.072806545,0.416455078125,-0.019593225863354748,64459.48046875,930,-6.330725196003914,0.2,,,,,
40.0,54.99120330810547,192512,,,,,,,,,,,,,,,
40.0,55.15399169921875,193536,0.0,0.0003,113964.24602050781,0.073303014,0.415478515625,-0.01905024679726921,63494.2578125,940,-6.328998225927353,0.2,,,,,
40.0,46.128841400146484,194560,,,,,,,,,,,,,,,
40.0,52.54429244995117,195584,0.0,0.0003,130991.55234375,0.07963402,0.40595703125,-0.022395732389122715,62534.4453125,950,-6.327766418457031,0.2,,,,,
40.0,50.10841369628906,196608,,,,,,,,,,,,,,,
40.0,48.20217514038086,197632,0.0,0.0003,122723.8595703125,0.07594654,0.41279296875,-0.02358384823310189,62310.21875,960,-6.327058726549149,0.2,,,,,
40.0,50.899864196777344,198656,,,,,,,,,,,,,,,
40.0,47.64095687866211,199680,0.0,0.0003,123807.62504882812,0.07467036,0.420849609375,-0.01714500142406905,58124.99609375,970,-6.326523971557617,0.2,,,,,
40.0,49.70698928833008,200704,,,,,,,,,,,,,,,
40.0,51.86066436767578,201728,0.0,0.0003,124980.29113769531,0.07816765,0.427001953125,-0.016814048499509227,58532.4921875,980,-6.325781051814556,0.2,,,,,
40.0,56.11662292480469,202752,,,,,,,,,,,,,,,
40.0,44.31780242919922,203776,0.0,0.0003,127134.95380859375,0.07787186,0.44189453125,-0.017705144119099715,66520.96875,990,-6.325171689689159,0.2,,,,,
40.0,44.849830627441406,204800,,,,,,,,,,,,,,,
,,204800,,,,,,,,,,,221,1343.3376484699997,40.0,926,100
40.0,48.64665603637695,205824,0.0,0.0003,149799.64543457032,0.07669048,0.428125,-0.029316998705326114,78975.5625,1000,-6.324403442442417,0.2,,,,,
40.0,47.51544189453125,206848,,,,,,,,,,,,,,,
40.0,49.077613830566406,207872,5.960464477539063e-08,0.0003,115333.21279296876,0.078603595,0.418994140625,-0.02051252746168757,61728.0078125,1010,-6.322620895504952,0.2,,,,,
40.0,52.49766540527344,208896,,,,,,,,,,,,,,,
40.0,52.761131286621094,209920,0.0,0.0003,137306.4760253906,0.07613693,0.396240234375,-0.023309246654389427,67331.9453125,1020,-6.320983771979809,0.2,,,,,
40.0,51.36919403076172,210944,,,,,,,,,,,,,,,
40.0,52.281612396240234,211968,-1.1920928955078125e-07,0.0003,114542.46252441406,0.07411856,0.407861328125,-0.02165402219106909,57458.875,1030,-6.320765842497349,0.2,,,,,
40.0,50.23018264770508,212992,,,,,,,,,,,,,,,
40.0,56.59812545776367,214016,5.960464477539063e-08,0.0003,108062.79777832031,0.07967037,0.4259765625,-0.024487901674729074,52336.109375,1040,-6.319600382447243,0.2,,,,,
40.0,49.651214599609375,215040,,,,,,,,,,,,,,,
40.0,48.84770202636719,216064,0.0,0.0003,146017.58395996093,0.077916935,0.42255859375,-0.026220512759755364,74759.625,1050,-6.318348282575608,0.2,,,,,
40.0,47.6551513671875,217088,,,,,,,,,,,,,,,
40.0,49.55370330810547,218112,0.0,0.0003,134034.409765625,0.06993051,0.408447265625,-0.022567727509886025,58798.8828125,1060,-6.3177140086889265,0.2,,,,,
40.0,53.382137298583984,219136,,,,,,,,,,,,,,,
40.0,51.887264251708984,220160,0.0,0.0003,126590.02758789062,0.07236674,0.423779296875,-0.017985209973994644,63533.24609375,1070,-6.316656513512134,0.2,,,,,
40.0,46.415000915527344,221184,,,,,,,,,,,,,,,
40.0,47.16382598876953,222208,-1.1920928955078125e-07,0.0003,120899.05275878907,0.07516958,0.415771484375,-0.014009543153224512,61219.39453125,1080,-6.315364672243595,0.2,,,,,
40.0,44.23966979980469,223232,,,,,,,,,,,,,,,
40.0,47.79661560058594,224256,0.0,0.0003,126952.69946289062,0.07411934,0.418359375,-0.020930562072317117,57773.69921875,1090,-6.3133422747254375,0.2,,,,,
40.0,57.02598571777344,225280,,,,,,,,,,,,,,,
,,225280,,,,,,,,,,,220,1296.1022907899999,40.0,1020,110
40.0,43.975425720214844,226304,0.0,0.0003,122506.6732421875,0.07767895,0.42919921875,-0.019746711815241725,59758.5234375,1100,-6.312675520777702,0.2,,,,,
40.0,50.84425354003906,227328,,,,,,,,,,,,,,,
40.0,50.558937072753906,228352,0.0,0.0003,119896.20571289063,0.07489486,0.415478515625,-0.0203822403535014,52443.9140625,1110,-6.31290532052517,0.2,,,,,
40.0,55.31895446777344,229376,,,,,,,,,,,,,,,
40.0,50.312294006347656,230400,5.960464477539063e-08,0.0003,108775.26298828125,0.07626621,0.4037109375,-0.026567651008372196,53010.03125,1120,-6.312092831730842,0.2,,,,,
40.0,48.88636016845703,231424,,,,,,,,,,,,,,,
40.0,49.86397933959961,232448,0.0,0.0003,119831.4603515625,0.079244465,0.427880859375,-0.013238149457902183,57902.01171875,1130,-6.308868664503097,0.2,,,,,
40.0,53.112911224365234,233472,,,,,,,,,,,,,,,
40.0,53.6572380065918,234496,0.0,0.0003,119846.4654296875,0.0758701,0.414111328125,-0.02049884829611983,51671.4296875,1140,-6.306575293838978,0.2,,,,,
40.0,50.392066955566406,235520,,,,,,,,,,,,,,,
40.0,50.48796081542969,236544,0.0,0.0003,120278.01689453125,0.074043974,0.41982421875,-0.020683266315609218,66130.1328125,1150,-6.306165261566639,0.2,,,,,
40.0,52.090938568115234,237568,,,,,,,,,,,,,,,
40.0,51.481109619140625,238592,0.0,0.0003,114207.72673339843,0.07145824,0.392138671875,-0.022989516312372872,53358.33203125,1160,-6.303832046687603,0.2,,,,,
40.0,44.45177459716797,239616,,,,,,,,,,,,,,,
40.0,53.10737991333008,240640,0.0,0.0003,115875.36535644531,0.07675334,0.4138671875,-0.02241789193067234,55419.078125,1170,-6.301674658060074,0.2,,,,,
40.0,52.094703674316406,241664,,,,,,,,,,,,,,,
40.0,49.42567443847656,242688,0.0,0.0003,113931.60234375,0.07449137,0.412353515625,-0.018454432926955634,51768.41015625,1180,-6.298502649366855,0.2,,,,,
40.0,47.86473083496094,243712,,,,,,,,,,,,,,,
40.0,41.47917938232422,244736,5.960464477539063e-08,0.0003,104325.39467773438,0.075822644,0.413720703125,-0.019520957072381863,47029.671875,1190,-6.294499351084232,0.2,,,,,
40.0,53.394203186035156,245760,,,,,,,,,,,,,,,
,,245760,,,,,,,,,,,220,1257.64969708,40.0,1116,120
40.0,52.61464309692383,246784,5.960464477539063e-08,0.0003,113968.02241210938,0.076147854,0.41435546875,-0.023506424561492167,52060.7109375,1200,-6.290577971935273,0.2,,,,,
40.0,49.819175720214844,247808,,,,,,,,,,,,,,,
40.0,47.129276275634766,248832,0.0,0.0003,108241.8607421875,0.07292846,0.400244140625,-0.025850555839133448,48722.56640625,1210,-6.286592672765255,0.2,,,,,
40.0,47.80689239501953,249856,,,,,,,,,,,,,,,
40.0,48.218116760253906,250880,0.0,0.0003,119764.95979003907,0.07462353,0.419091796875,-0.02446101109526353,60785.56640625,1220,-6.282194302976132,0.2,,,,,
40.0,47.98616027832031,251904,,,,,,,,,,,,,,,
40.0,52.85832977294922,252928,0.0,0.0003,116885.32788085938,0.07362001,0.410546875,-0.015283916333282832,51590.83203125,1230,-6.278114791214466,0.2,,,,,
40.0,51.014747619628906,253952,,,,,,,,,,,,,,,
40.0,48.80414581298828,254976,0.0,0.0003,123041.66257324218,0.07442505,0.413671875,-0.023674867480440297,63541.86328125,1240,-6.2754449740052225,0.2,,,,,
40.0,48.59135055541992,256000,,,,,,,,,,,,,,,
40.0,52.03107452392578,257024,0.0,0.0003,105009.15607910157,0.06951156,0.4203125,-0.022815337113570422,54484.69140625,1250,-6.272752973437309,0.2,,,,,
40.0,52.2768669128418,258048,,,,,,,,,,,,,,,
40.0,57.5883674621582,259072,1.1920928955078125e-07,0.0003,132611.17893066406,0.07228167,0.400341796875,-0.022244050443987362,68396.875,1260,-6.271049317717552,0.2,,,,,
40.0,52.937705993652344,260096,,,,,,,,,,,,,,,
40.0,46.456478118896484,261120,5.960464477539063e-08,0.0003,106333.51428222656,0.07365488,0.422265625,-0.01690575735992752,55724.875,1270,-6.268994185328483,0.2,,,,,
40.0,45.07600784301758,262144,,,,,,,,,,,,,,,
40.0,53.518943786621094,263168,-1.1920928955078125e-07,0.0003,123066.46955566407,0.0767397,0.433935546875,-0.020021414599614217,60377.2421875,1280,-6.265407198667527,0.2,,,,,
40.0,52.26725387573242,264192,,,,,,,,,,,,,,,
40.0,55.379695892333984,265216,5.960464477539063e-08,0.0003,126896.75173339844,0.072205335,0.405126953125,-0.027592411733348855,61500.87109375,1290,-6.261646494269371,0.2,,,,,
40.0,54.43531036376953,266240,,,,,,,,,,,,,,,
,,266240,,,,,,,,,,,219,1295.8367744500001,40.0,1212,130
40.0,52.834808349609375,267264,0.0,0.0003,102183.07583007813,0.07159888,0.405126953125,-0.01862006646115333,58784.63671875,1300,-6.260692332684994,0.2,,,,,
40.0,48.73255157470703,268288,,,,,,,,,,,,,,,
40.0,47.243228912353516,269312,5.960464477539063e-08,0.0003,125538.18549804688,0.070775375,0.41630859375,-0.022760209599800872,61373.15234375,1310,-6.260537974536419,0.2,,,,,
40.0,53.88568115234375,270336,,,,,,,,,,,,,,,
40.0,45.85852813720703,271360,0.0,0.0003,103276.58413085938,0.07086133,0.412158203125,-0.02560550535999937,51743.1875,1320,-6.25905649960041,0.2,,,,,
40.0,50.11420440673828,272384,,,,,,,,,,,,,,,
40.0,47.92121887207031,273408,5.960464477539063e-08,0.0003,109432.59887695312,0.07346836,0.423779296875,-0.01985332623880822,50239.96484375,1330,-6.257013341784477,0.2,,,,,
40.0,50.37604522705078,274432,,,,,,,,,,,,,,,
40.0,57.12335968017578,275456,0.0,0.0003,104390.50385742188,0.07789984,0.428857421875,-0.02032347283384297,47264.2890625,1340,-6.2563454285264015,0.2,,,,,
40.0,48.55200958251953,276480,,,,,,,,,,,,,,,
40.0,57.377479553222656,277504,1.1920928955078125e-07,0.0003,117444.23840332031,0.068272084,0.408154296875,-0.026031286976649425,62377.14453125,1350,-6.257151359319687,0.2,,,,,
40.0,52.49518585205078,278528,,,,,,,,,,,,,,,
40.0,47.91325378417969,279552,5.960464477539063e-08,0.0003,103955.10925292969,0.077444986,0.435693359375,-0.010300686604750808,51990.65625,1360,-6.256208434700966,0.2,,,,,
40.0,50.09349822998047,280576,,,,,,,,,,,,,,,
40.0,52.552894592285156,281600,1.1920928955078125e-07,0.0003,115161.93854980469,0.07069537,0.410400390625,-0.023216389874869493,59765.5390625,1370,-6.253787581622601,0.2,,,,,
40.0,52.091129302978516,282624,,,,,,,,,,,,,,,
40.0,49.577354431152344,283648,0.0,0.0003,113596.47424316406,0.072447,0.39541015625,-0.022876624262426048,54554.3203125,1380,-6.25247483253479,0.2,,,,,
40.0,49.132568359375,284672,,,,,,,,,,,,,,,
40.0,45.54979705810547,285696,0.0,0.0003,82412.9689086914,0.073390305,0.4048828125,-0.011309598435036605,39299.96875,1390,-6.251219381392002,0.2,,,,,
40.0,54.400230407714844,286720,,,,,,,,,,,,,,,
,,286720,,,,,,,,,,,219,1224.31297079,40.0,1307,140
40.0,55.648681640625,287744,0.0,0.0003,108090.2146484375,0.077410534,0.42568359375,-0.01409690744476393,58236.03515625,1400,-6.24912283718586,0.2,,,,,
40.0,56.92420196533203,288768,,,,,,,,,,,,,,,
40.0,48.724952697753906,289792,1.1920928955078125e-07,0.0003,120089.422265625,0.07498222,0.400341796875,-0.023385449004126712,58534.46484375,1410,-6.24881209731102,0.2,,,,,
40.0,48.99128723144531,290816,,,,,,,,,,,,,,,
40.0,52.08073425292969,291840,0.0,0.0003,104484.08442382813,0.073730946,0.4173828125,-0.01584839367424138,58968.234375,1420,-6.248881357908249,0.2,,,,,
40.0,54.7133903503418,292864,,,,,,,,,,,,,,,
40.0,47.608524322509766,293888,0.0,0.0003,107036.30725097656,0.07401602,0.420361328125,-0.014856140739721014,55348.48046875,1430,-6.245030720531941,0.2,,,,,
40.0,44.832611083984375,294912,,,,,,,,,,,,,,,
40.0,52.18732452392578,295936,-1.1920928955078125e-07,0.0003,107811.11342773438,0.07433152,0.41904296875,-0.025144464324694128,48145.34765625,1440,-6.237659232318402,0.2,,,,,
40.0,53.263465881347656,296960,,,,,,,,,,,,,,,
40.0,46.890724182128906,297984,0.0,0.0003,90808.44189453125,0.07442618,0.408251953125,-0.015390758791181725,43471.04296875,1450,-6.236863429844379,0.2,,,,,
40.0,52.27008056640625,299008,,,,,,,,,,,,,,,
40.0,48.76042175292969,300032,0.0,0.0003,111149.34038085937,0.077904105,0.415869140625,-0.018978068354772403,60752.4609375,1460,-6.23883114606142,0.2,,,,,
40.0,49.38896560668945,301056,,,,,,,,,,,,,,,
40.0,54.19207763671875,302080,5.960464477539063e-08,0.0003,102338.44528808593,0.07624686,0.42236328125,-0.009259123054653174,52446.15625,1470,-6.236241713166237,0.2,,,,,
40.0,52.06321716308594,303104,,,,,,,,,,,,,,,
40.0,53.40110778808594,304128,0.0,0.0003,117274.8623046875,0.069154434,0.419921875,-0.023359094072657172,62003.93359375,1480,-6.230390934646129,0.2,,,,,
40.0,44.35071563720703,305152,,,,,,,,,,,,,,,
40.0,52.391292572021484,306176,0.0,0.0003,106648.6809326172,0.07336813,0.42841796875,-0.019639640700188466,54341.890625,1490,-6.226294861733914,0.2,,,,,
40.0,54.74779510498047,307200,,,,,,,,,,,,,,,
,,307200,,,,,,,,,,,219,1296.8826049699999,40.0,1400,150
40.0,58.630924224853516,308224,0.0,0.0003,100380.53557128906,0.07633476,0.41337890625,-0.020034158682392444,53641.98046875,1500,-6.222462147474289,0.2,,,,,
40.0,52.16388702392578,309248,,,,,,,,,,,,,,,
40.0,49.89389419555664,310272,-1.1920928955078125e-07,0.0003,98711.92250976563,0.07642833,0.41259765625,-0.01188778179930523,43438.13671875,1510,-6.219083033502102,0.2,,,,,
40.0,50.98033142089844,311296,,,,,,,,,,,,,,,
40.0,44.386985778808594,312320,-1.1920928955078125e-07,0.0003,105011.38173828126,0.07139623,0.396435546875,-0.01952147223200882,46256.55078125,1520,-6.214634048938751,0.2,,,,,
40.0,51.376373291015625,313344,,,,,,,,,,,,,,,
40.0,46.705772399902344,314368,0.0,0.0003,93085.9817138672,0.07422692,0.429736328125,-0.014469987923803274,41844.42578125,1530,-6.208183895051479,0.2,,,,,
40.0,53.31755065917969,315392,,,,,,,,,,,,,,,
40.0,50.051902770996094,316416,0.0,0.0003,105537.22446289062,0.07531355,0.427294921875,-0.013911700397875393,46913.6015625,1540,-6.206737335026264,0.2,,,,,
40.0,53.923095703125,317440,,,,,,,,,,,,,,,
40.0,40.919883728027344,318464,-1.1920928955078125e-07,0.0003,123284.43371582031,0.07086052,0.42119140625,-0.021478188000037333,61155.3203125,1550,-6.2068544074893,0.2,,,,,
40.0,48.760589599609375,319488,,,,,,,,,,,,,,,
40.0,50.907371520996094,320512,5.960464477539063e-08,0.0003,84260.2751220703,0.07640293,0.428857421875,-0.008696513244649396,43413.62109375,1560,-6.202477139234543,0.2,,,,,
40.0,50.659637451171875,321536,,,,,,,,,,,,,,,
40.0,49.32930374145508,322560,0.0,0.0003,84053.3971923828,0.07561037,0.413037109375,-0.011893346373108215,44396.12890625,1570,-6.193471494317055,0.2,,,,,
40.0,55.45274353027344,323584,,,,,,,,,,,,,,,
40.0,47.18935775756836,324608,0.0,0.0003,94493.83012695312,0.07231355,0.403857421875,-0.017501213900686707,35370.94140625,1580,-6.190672416985035,0.2,,,,,
40.0,47.5570068359375,325632,,,,,,,,,,,,,,,
40.0,51.44703674316406,326656,-1.1920928955078125e-07,0.0003,106152.03386230468,0.0721716,0.4103515625,-0.015362297250248957,59629.23828125,1590,-6.188749648630619,0.2,,,,,
40.0,44.54818344116211,327680,,,,,,,,,,,,,,,
,,327680,,,,,,,,,,,219,1343.0151589499997,40.0,1493,160
40.0,47.32826232910156,328704,0.0,0.0003,110452.81791992187,0.07000397,0.402197265625,-0.019006849604193122,54037.37890625,1600,-6.183485816419124,0.2,,,,,
40.0,47.13469696044922,329728,,,,,,,,,,,,,,,
40.0,53.93482208251953,330752,-1.1920928955078125e-07,0.0003,87873.33649902344,0.076896,0.425634765625,-0.009637179413402919,50849.19921875,1610,-6.182035499811173,0.2,,,,,
40.0,51.52002716064453,331776,,,,,,,,,,,,,,,
40.0,49.24108123779297,332800,0.0,0.0003,100030.48576660156,0.07443617,0.4296875,-0.005024083441094262,50529.375,1620,-6.182672476768493,0.2,,,,,
40.0,52.84284210205078,333824,,,,,,,,,,,,,,,
40.0,44.809478759765625,334848,0.0,0.0003,111206.70983886719,0.07524043,0.415234375,-0.020635176089126617,54652.66796875,1630,-6.17943294942379,0.2,,,,,
40.0,54.53837966918945,335872,,,,,,,,,,,,,,,
40.0,53.414459228515625,336896,0.0,0.0003,113961.72412109375,0.07476312,0.417919921875,-0.012420018517877907,59286.61328125,1640,-6.17686825543642,0.2,,,,,
40.0,49.150142669677734,337920,,,,,,,,,,,,,,,
40.0,44.31824493408203,338944,0.0,0.0003,103496.79377441407,0.07469204,0.432080078125,-0.012273569905664772,52130.0234375,1650,-6.1802945792675015,0.2,,,,,
40.0,60.34885787963867,339968,,,,,,,,,,,,,,,
40.0,42.737064361572266,340992,0.0,0.0003,103165.1654296875,0.072360426,0.40771484375,-0.025157768855569883,53796.890625,1660,-6.1847198605537415,0.2,,,,,
40.0,53.821922302246094,342016,,,,,,,,,,,,,,,
40.0,48.25212097167969,343040,0.0,0.0003,83986.56684570313,0.069130585,0.42333984375,-0.005946320216025924,39691.40625,1670,-6.179217879474163,0.2,,,,,
40.0,43.90834045410156,344064,,,,,,,,,,,,,,,
40.0,43.83871078491211,345088,0.0,0.0003,71711.6812133789,0.06984112,0.40478515625,-0.012116641078318936,29891.021484375,1680,-6.175148332118988,0.2,,,,,
40.0,46.672332763671875,346112,,,,,,,,,,,,,,,
40.0,41.25114440917969,347136,-1.1920928955078125e-07,0.0003,87022.31098632813,0.06621182,0.410791015625,-0.02325125934439711,49195.82421875,1690,-6.172716389596462,0.2,,,,,
40.0,38.145545959472656,348160,,,,,,,,,,,,,,,
,,348160,,,,,,,,,,,219,1286.09119046,40.0,1588,170
40.0,58.95111846923828,349184,0.0,0.0003,103651.0841796875,0.07569397,0.40859375,-0.020671132949064485,48597.2890625,1700,-6.168495179712773,0.2,,,,,
40.0,46.77356719970703,350208,,,,,,,,,,,,,,,
40.0,48.70135498046875,351232,5.960464477539063e-08,0.0003,95731.99694824219,0.0770463,0.418310546875,-0.013391224187216721,48565.84375,1710,-6.170150208473205,0.2,,,,,
40.0,51.09575271606445,352256,,,,,,,,,,,,,,,
40.0,50.93476104736328,353280,0.0,0.0003,91643.98344726562,0.06784813,0.40771484375,-0.012287355202715844,39850.3515625,1720,-6.171249820291996,0.2,,,,,
40.0,54.12947463989258,354304,,,,,,,,,,,,,,,
40.0,47.08279800415039,355328,0.0,0.0003,98811.57373046875,0.07353696,0.429345703125,-0.008031661273707868,47382.50390625,1730,-6.166208958625793,0.2,,,,,
40.0,48.69256591796875,356352,,,,,,,,,,,,,,,
40.0,48.286128997802734,357376,5.960464477539063e-08,0.0003,93956.21235351563,0.071737975,0.40576171875,-0.020185106209828517,38443.3671875,1740,-6.163190589845181,0.2,,,,,
40.0,51.802818298339844,358400,,,,,,,,,,,,,,,
40.0,50.49835968017578,359424,-1.1920928955078125e-07,0.0003,83070.12749023437,0.06563158,0.400244140625,-0.018061593994207214,33497.1796875,1750,-6.156972843408584,0.2,,,,,
40.0,48.96160125732422,360448,,,,,,,,,,,,,,,
40.0,48.25562286376953,361472,0.0,0.0003,102611.24304199219,0.07083617,0.42177734375,-0.020920118296635336,54768.98046875,1760,-6.150458680093289,0.2,,,,,
40.0,46.154823303222656,362496,,,,,,,,,,,,,,,
40.0,47.537567138671875,363520,0.0,0.0003,95635.50432128906,0.072518304,0.401318359375,-0.01932283842761535,46274.78515625,1770,-6.148506747186184,0.2,,,,,
40.0,46.688541412353516,364544,,,,,,,,,,,,,,,
40.0,52.839359283447266,365568,-1.1920928955078125e-07,0.0003,89155.86965332032,0.07580479,0.431201171875,-0.01343670928326901,39734.625,1780,-6.147027151286602,0.2,,,,,
40.0,50.93080139160156,366592,,,,,,,,,,,,,,,
40.0,48.022640228271484,367616,0.0,0.0003,81009.81196289063,0.06845565,0.41845703125,-0.011464114939735736,40527.19921875,1790,-6.146142560243606,0.2,,,,,
40.0,54.41325378417969,368640,,,,,,,,,,,,,,,
,,368640,,,,,,,,,,,218,1250.2206484499998,40.0,1684,180
40.0,53.84855651855469,369664,0.0,0.0003,83893.98829345703,0.07168014,0.409423828125,-0.01681257529708091,39611.23828125,1800,-6.138842979073525,0.2,,,,,
40.0,60.90699768066406,370688,,,,,,,,,,,,,,,
40.0,50.72764587402344,371712,0.0,0.0003,87475.5235961914,0.070523396,0.41875,-0.0072463894815882664,36653.15625,1810,-6.12251860499382,0.2,,,,,
40.0,47.07102966308594,372736,,,,,,,,,,,,,,,
40.0,46.42132568359375,373760,0.0,0.0003,75491.67895507812,0.08009651,0.427783203125,-0.010815348486357835,36705.9375,1820,-6.102774897217751,0.2,,,,,
40.0,48.748687744140625,374784,,,,,,,,,,,,,,,
40.0,44.87287902832031,375808,0.0,0.0003,78739.27517089844,0.06505434,0.42724609375,-0.007722792803542688,35542.8203125,1830,-6.092649562656879,0.2,,,,,
40.0,47.90605545043945,376832,,,,,,,,,,,,,,,
40.0,50.770530700683594,377856,0.0,0.0003,84591.36108398438,0.06897876,0.410009765625,-0.020589621926046676,38054.98046875,1840,-6.0886818081140515,0.2,,,,,
40.0,47.00153350830078,378880,,,,,,,,,,,,,,,
40.0,52.86482620239258,379904,0.0,0.0003,114943.40002441406,0.07147098,0.409521484375,-0.018874363577924668,57069.484375,1850,-6.081812354922294,0.2,,,,,
40.0,45.91126251220703,380928,,,,,,,,,,,,,,,
40.0,52.67754364013672,381952,5.960464477539063e-08,0.0003,78382.44989013672,0.07241239,0.421826171875,0.0011426937555370387,37193.05078125,1860,-6.077670173346997,0.2,,,,,
40.0,51.647071838378906,382976,,,,,,,,,,,,,,,
40.0,47.90472412109375,384000,0.0,0.0003,100626.32836914062,0.068486676,0.410009765625,-0.01584811042266665,55801.5546875,1870,-6.0729518547654155,0.2,,,,,
40.0,51.415504455566406,385024,,,,,,,,,,,,,,,
40.0,44.698341369628906,386048,0.0,0.0003,88897.18675537109,0.06816214,0.40224609375,-0.012498786408104933,42659.0625,1880,-6.064380259811879,0.2,,,,,
40.0,48.32259750366211,387072,,,,,,,,,,,,,,,
40.0,50.492835998535156,388096,0.0,0.0003,95130.31193847656,0.065861195,0.399609375,-0.014168239460559562,44774.92578125,1890,-6.064624565839767,0.2,,,,,
40.0,44.80626678466797,389120,,,,,,,,,,,,,,,
,,389120,,,,,,,,,,,218,1274.2363889800001,40.0,1779,190
40.0,53.45630645751953,390144,0.0,0.0003,73501.76162109376,0.06708318,0.39912109375,-0.007299736750428565,33943.8984375,1900,-6.077646113932133,0.2,,,,,
40.0,49.644264221191406,391168,,,,,,,,,,,,,,,
40.0,58.298583984375,392192,0.0,0.0003,88928.46030273437,0.068233006,0.4099609375,-0.013360177322465461,40155.33203125,1910,-6.074952009320259,0.2,,,,,
40.0,41.41957473754883,393216,,,,,,,,,,,,,,,
40.0,42.440059661865234,394240,0.0,0.0003,70877.7610961914,0.06935288,0.426123046875,-0.01657913814269705,37595.3671875,1920,-6.06318473815918,0.2,,,,,
40.0,50.635841369628906,395264,,,,,,,,,,,,,,,
40.0,49.41334533691406,396288,0.0,0.0003,86043.21235351563,0.06757243,0.3869140625,-0.023921728192362934,41005.3359375,1930,-6.060372580587864,0.2,,,,,
40.0,54.68227005004883,397312,,,,,,,,,,,,,,,
40.0,50.992340087890625,398336,0.0,0.0003,79065.11768798828,0.06822613,0.40849609375,-0.015472549325204454,43497.12109375,1940,-6.059153769910336,0.2,,,,,
40.0,47.564544677734375,399360,,,,,,,,,,,,,,,
40.0,50.69878387451172,400384,0.0,0.0003,82721.55697021485,0.07039896,0.404052734375,-0.011607466769783059,39549.83984375,1950,-6.057483337819576,0.2,,,,,
40.0,45.821067810058594,401408,,,,,,,,,,,,,,,
40.0,46.81257629394531,402432,0.0,0.0003,82090.3773071289,0.06338758,0.40185546875,-0.012454803652508417,45328.08984375,1960,-6.053550647199154,0.2,,,,,
40.0,48.85454559326172,403456,,,,,,,,,,,,,,,
40.0,40.68586730957031,404480,0.0,0.0003,89168.45720214843,0.064415164,0.388427734375,-0.016083349371911027,44221.57421875,1970,-6.054837273061276,0.2,,,,,
40.0,43.2327766418457,405504,,,,,,,,,,,,,,,
40.0,42.14125061035156,406528,0.0,0.0003,87689.36081542968,0.06764571,0.395556640625,-0.014110457220522222,45492.37109375,1980,-6.047033473849297,0.2,,,,,
40.0,54.56315612792969,407552,,,,,,,,,,,,,,,
40.0,57.29442596435547,408576,0.0,0.0003,74476.6547241211,0.07486665,0.42734375,-0.006756144038808998,33489.53515625,1990,-6.035384280979633,0.2,,,,,
40.0,51.18206024169922,409600,,,,,,,,,,,,,,,
,,409600,,,,,,,,,,,218,1268.78729313,40.0,1876,200
40.0,52.0083122253418,410624,5.960464477539063e-08,0.0003,85619.21857910157,0.07059744,0.419677734375,-0.013559391985472758,52416.65625,2000,-6.0173735782504085,0.2,,,,,
40.0,51.19544219970703,411648,,,,,,,,,,,,,,,
40.0,48.17753219604492,412672,5.960464477539063e-08,0.0003,87649.86342773438,0.06957228,0.405322265625,-0.012106832436984405,33536.79296875,2010,-6.010577334463596,0.2,,,,,
40.0,54.987220764160156,413696,,,,,,,,,,,,,,,
40.0,49.4827880859375,414720,0.0,0.0003,96962.55998535156,0.06385032,0.40966796875,-0.01328618721672683,38095.6171875,2020,-6.019526714086533,0.2,,,,,
40.0,45.0279541015625,415744,,,,,,,,,,,,,,,
40.0,45.40874481201172,416768,0.0,0.0003,82245.0860961914,0.06958884,0.421826171875,-0.007936930429423228,48361.421875,2030,-6.028076297044754,0.2,,,,,
40.0,52.88072204589844,417792,,,,,,,,,,,,,,,
40.0,51.039119720458984,418816,1.1920928955078125e-07,0.0003,71970.26121826172,0.0647348,0.4078125,-0.004741645170724951,38379.66015625,2040,-6.0304077714681625,0.2,,,,,
40.0,46.31403350830078,419840,,,,,,,,,,,,,,,
40.0,48.022705078125,420864,0.0,0.0003,70664.80290527343,0.06944702,0.421923828125,-0.008477922699239571,39672.05078125,2050,-6.030184799432755,0.2,,,,,
40.0,48.465023040771484,421888,,,,,,,,,,,,,,,
40.0,47.81290054321289,422912,5.960464477539063e-08,0.0003,76454.63782958985,0.07088037,0.4236328125,-0.015049956474103964,35201.9921875,2060,-6.025220721960068,0.2,,,,,
40.0,48.8572998046875,423936,,,,,,,,,,,,,,,
40.0,49.84527587890625,424960,0.0,0.0003,84785.03193359375,0.06878649,0.41181640625,-0.012736891979875509,42129.68359375,2070,-6.018578390777111,0.2,,,,,
40.0,51.388145446777344,425984,,,,,,,,,,,,,,,
40.0,52.55971145629883,427008,1.1920928955078125e-07,0.0003,69361.72053222657,0.06584515,0.402294921875,-0.01303424055731739,33305.26953125,2080,-6.019269086420536,0.2,,,,,
40.0,53.62555694580078,428032,,,,,,,,,,,,,,,
40.0,48.163536071777344,429056,0.0,0.0003,82505.44871826172,0.068960615,0.41748046875,-0.01800734513089992,42107.1328125,2090,-6.020342041552067,0.2,,,,,
40.0,55.41361999511719,430080,,,,,,,,,,,,,,,
,,430080,,,,,,,,,,,217,1295.76452964,40.0,1977,210
40.0,46.343265533447266,431104,0.0,0.0003,78346.42271728515,0.06897952,0.42587890625,-0.010321416547958507,44137.1796875,2100,-6.015716919302941,0.2,,,,,
40.0,50.37739562988281,432128,,,,,,,,,,,,,,,
40.0,49.07090377807617,433152,0.0,0.0003,76906.49025878907,0.07094537,0.42021484375,-0.007751045453187544,37016.20703125,2110,-6.018309342861175,0.2,,,,,
40.0,44.05741882324219,434176,,,,,,,,,,,,,,,
40.0,50.862876892089844,435200,1.1920928955078125e-07,0.0003,88108.53780517579,0.06416386,0.4015625,-0.014359198043530341,43828.765625,2120,-6.022578410804272,0.2,,,,,
40.0,45.798095703125,436224,,,,,,,,,,,,,,,
40.0,47.91361999511719,437248,0.0,0.0003,82555.06794433594,0.06587224,0.40244140625,-0.014120481639110949,38712.0078125,2130,-6.027294811606407,0.2,,,,,
40.0,43.906578063964844,438272,,,,,,,,,,,,,,,
40.0,52.61488342285156,439296,0.0,0.0003,69175.69039306641,0.06892356,0.413525390625,-0.016553490672959015,27357.919921875,2140,-6.029585514962673,0.2,,,,,
40.0,49.542423248291016,440320,,,,,,,,,,,,,,,
40.0,43.43218994140625,441344,0.0,0.0003,73774.85689697266,0.0627773,0.393359375,-0.013547021682461491,35090.953125,2150,-6.032165844738484,0.2,,,,,
40.0,50.94487762451172,442368,,,,,,,,,,,,,,,
40.0,49.0958137512207,443392,0.0,0.0003,77871.32204589844,0.07300728,0.4046875,-0.01881210005230969,38278.21484375,2160,-6.0250555470585825,0.2,,,,,
40.0,51.575927734375,444416,,,,,,,,,,,,,,,
40.0,48.379722595214844,445440,0.0,0.0003,79086.76102294921,0.06857191,0.4279296875,-0.004203119653539034,39083.31640625,2170,-6.017121215164662,0.2,,,,,
40.0,51.736019134521484,446464,,,,,,,,,,,,,,,
40.0,48.904563903808594,447488,0.0,0.0003,75700.88625488282,0.06634872,0.39375,-0.018789476504025515,38668.12890625,2180,-6.01908220499754,0.2,,,,,
40.0,56.78814697265625,448512,,,,,,,,,,,,,,,
40.0,50.46466827392578,449536,0.0,0.0003,79728.5450805664,0.07322935,0.427783203125,-0.007548511387722101,38090.859375,2190,-6.022754558920861,0.2,,,,,
40.0,55.03504180908203,450560,,,,,,,,,,,,,,,
,,450560,,,,,,,,,,,217,1308.97860236,40.0,2068,220
40.0,54.861785888671875,451584,0.0,0.0003,75056.40573730468,0.07348302,0.40966796875,-0.019457742862869054,33835.59375,2200,-6.025787754356861,0.2,,,,,
40.0,42.76628875732422,452608,,,,,,,,,,,,,,,
40.0,50.68635940551758,453632,-1.1920928955078125e-07,0.0003,91923.13598632812,0.06681782,0.381787109375,-0.021273997260141186,44255.55078125,2210,-6.024027618765831,0.2,,,,,
40.0,50.01872253417969,454656,,,,,,,,,,,,,,,
40.0,57.742530822753906,455680,0.0,0.0003,77628.11783447265,0.063330345,0.40302734375,-0.015254333264601882,35882.14453125,2220,-6.027687498927117,0.2,,,,,
40.0,51.602935791015625,456704,,,,,,,,,,,,,,,
40.0,52.94068908691406,457728,0.0,0.0003,87977.22348632812,0.06448814,0.396826171875,-0.01457278364978265,36420.5703125,2230,-6.024912098050118,0.2,,,,,
40.0,52.30345153808594,458752,,,,,,,,,,,,,,,
40.0,51.70551300048828,459776,-1.1920928955078125e-07,0.0003,69541.78409423828,0.069442,0.403125,-0.0076033959543565285,33888.04296875,2240,-6.024643561244011,0.2,,,,,
40.0,49.50580978393555,460800,,,,,,,,,,,,,,,
40.0,53.343017578125,461824,5.960464477539063e-08,0.0003,71863.15509033203,0.066686794,0.397265625,-0.009887677158985753,34435.04296875,2250,-6.02662709504366,0.2,,,,,
40.0,44.155006408691406,462848,,,,,,,,,,,,,,,
40.0,51.08070373535156,463872,5.960464477539063e-08,0.0003,61996.482849121094,0.06833876,0.416943359375,-0.002108839334687218,32151.361328125,2260,-6.013017106056213,0.2,,,,,
40.0,38.22880935668945,464896,,,,,,,,,,,,,,,
40.0,49.59278106689453,465920,0.0,0.0003,65256.030932617185,0.07608387,0.4234375,-0.010957142496772576,30512.447265625,2270,-5.9943223118782045,0.2,,,,,
40.0,45.715518951416016,466944,,,,,,,,,,,,,,,
40.0,49.76795196533203,467968,5.960464477539063e-08,0.0003,74463.62612304688,0.070305735,0.408984375,-0.007502762104559224,34387.85546875,2280,-5.972275266051293,0.2,,,,,
40.0,49.629669189453125,468992,,,,,,,,,,,,,,,
40.0,58.18867492675781,470016,-1.1920928955078125e-07,0.0003,66451.40223388672,0.06486377,0.39228515625,-0.008977492770645768,37692.65625,2290,-5.966353233158588,0.2,,,,,
40.0,49.491668701171875,471040,,,,,,,,,,,,,,,
,,471040,,,,,,,,,,,218,1309.8376177999999,40.0,2159,230
40.0,46.37358856201172,472064,5.960464477539063e-08,0.0003,82359.43853759766,0.0751454,0.411767578125,-0.008872414319193922,39923.73046875,2300,-5.962008288502693,0.2,,,,,
40.0,44.7894401550293,473088,,,,,,,,,,,,,,,
40.0,52.56105041503906,474112,5.960464477539063e-08,0.0003,81428.3049560547,0.07431042,0.42060546875,-0.004650106794724706,36153.01953125,2310,-5.955952459573746,0.2,,,,,
40.0,50.07548522949219,475136,,,,,,,,,,,,,,,
40.0,52.03661346435547,476160,0.0,0.0003,69037.9118408203,0.06698286,0.40517578125,-0.014538956117758062,32390.349609375,2320,-5.940548904240131,0.2,,,,,
40.0,47.78058624267578,477184,,,,,,,,,,,,,,,
40.0,51.52861022949219,478208,0.0,0.0003,68332.45787353515,0.072187126,0.428955078125,-0.00352597875171341,33029.5234375,2330,-5.917335513234138,0.2,,,,,
40.0,45.97465896606445,479232,,,,,,,,,,,,,,,
40.0,51.454811096191406,480256,0.0,0.0003,83521.00705566406,0.06971811,0.409765625,-0.011226595994958188,38632.40234375,2340,-5.917928691208362,0.2,,,,,
40.0,53.3494758605957,481280,,,,,,,,,,,,,,,
40.0,48.5191650390625,482304,0.0,0.0003,77012.33249511718,0.06783974,0.41728515625,-0.01301458024972817,42453.1953125,2350,-5.917731684446335,0.2,,,,,
40.0,48.37310028076172,483328,,,,,,,,,,,,,,,
40.0,55.767539978027344,484352,-1.1920928955078125e-07,0.0003,65878.26708984375,0.07141357,0.424072265625,-0.002752992800378706,34391.875,2360,-5.9009695306420324,0.2,,,,,
40.0,52.49873733520508,485376,,,,,,,,,,,,,,,
40.0,51.289100646972656,486400,5.960464477539063e-08,0.0003,74883.59212646485,0.06984846,0.414501953125,-0.007600290693517309,33184.390625,2370,-5.889917920529842,0.2,,,,,
40.0,52.52479553222656,487424,,,,,,,,,,,,,,,
40.0,45.61412048339844,488448,5.960464477539063e-08,0.0003,77938.15186767578,0.06743465,0.405517578125,0.0010215939808404073,38887.1640625,2380,-5.873600271344185,0.2,,,,,
40.0,50.31230163574219,489472,,,,,,,,,,,,,,,
40.0,50.767677307128906,490496,0.0,0.0003,62516.874572753906,0.06579503,0.41376953125,-0.009024981287075207,28752.451171875,2390,-5.873660439252854,0.2,,,,,
40.0,46.92113494873047,491520,,,,,,,,,,,,,,,
,,491520,,,,,,,,,,,218,1224.6819516899998,40.0,2250,240
40.0,51.51185607910156,492544,0.0,0.0003,56115.05407714844,0.06621963,0.40947265625,-0.009026686979632359,30628.8671875,2400,-5.884361833333969,0.2,,,,,
40.0,45.229793548583984,493568,,,,,,,,,,,,,,,
40.0,51.660945892333984,494592,0.0,0.0003,59121.729736328125,0.06467313,0.410595703125,-0.010306552013207692,30842.43359375,2410,-5.874794705212116,0.2,,,,,
40.0,43.89035415649414,495616,,,,,,,,,,,,,,,
40.0,49.49428176879883,496640,0.0,0.0003,67571.65145263672,0.064334415,0.418994140625,-0.003997872307081707,38175.1875,2420,-5.872163063287735,0.2,,,,,
40.0,52.645870208740234,497664,,,,,,,,,,,,,,,
40.0,45.900360107421875,498688,0.0,0.0003,71693.98076171875,0.07432029,0.4333984375,-0.011265400438423967,33354.484375,2430,-5.888049578666687,0.2,,,,,
40.0,41.3204231262207,499712,,,,,,,,,,,,,,,
40.0,42.10453414916992,500736,-1.1920928955078125e-07,0.0003,76766.74427490235,0.06953794,0.418017578125,-0.0015277349448297173,37911.5546875,2440,-5.890728583931923,0.2,,,,,
40.0,58.739540100097656,501760,,,,,,,,,,,,,,,
40.0,58.459354400634766,502784,0.0,0.0003,81046.14559326172,0.06804894,0.436181640625,-0.012933135045750532,42779.58203125,2450,-5.880023568868637,0.2,,,,,
40.0,51.921913146972656,503808,,,,,,,,,,,,,,,
40.0,47.563636779785156,504832,0.0,0.0003,54178.66483154297,0.06754328,0.437060546875,-0.0027994933057925663,23142.470703125,2460,-5.873897725343705,0.2,,,,,
40.0,49.24612808227539,505856,,,,,,,,,,,,,,,
40.0,57.072303771972656,506880,-1.1920928955078125e-07,0.0003,69043.45384521484,0.0631651,0.4056640625,-0.011390054100047564,31070.37109375,2470,-5.846297436952591,0.2,,,,,
40.0,54.4070930480957,507904,,,,,,,,,,,,,,,
40.0,44.68095779418945,508928,0.0,0.0003,74332.03328857422,0.06333391,0.4140625,-0.012223279116733465,30739.125,2480,-5.815047468245029,0.2,,,,,
40.0,52.19933319091797,509952,,,,,,,,,,,,,,,
40.0,47.60939025878906,510976,0.0,0.0003,56893.106506347656,0.0609146,0.393408203125,-0.007694271227228456,27999.787109375,2490,-5.8384944871068,0.2,,,,,
40.0,48.56497573852539,512000,,,,,,,,,,,,,,,
,,512000,,,,,,,,,,,218,1241.3544859499998,40.0,2341,250
40.0,49.32209014892578,513024,0.0,0.0003,59192.27862548828,0.0689011,0.421435546875,-0.0033325457887258382,25422.90625,2500,-5.8525631234049795,0.2,,,,,
40.0,50.47882080078125,514048,,,,,,,,,,,,,,,
40.0,54.448951721191406,515072,-1.1920928955078125e-07,0.0003,53051.759826660156,0.059237987,0.38779296875,-0.014334231217799243,25418.216796875,2510,-5.865035916864872,0.2,,,,,
40.0,51.038536071777344,516096,,,,,,,,,,,,,,,
40.0,50.11011505126953,517120,-1.1920928955078125e-07,0.0003,51548.63165283203,0.06339143,0.435009765625,-0.0036206906399456782,26351.63671875,2520,-5.8601433634758,0.2,,,,,
40.0,51.95598602294922,518144,,,,,,,,,,,,,,,
40.0,53.05449676513672,519168,0.0,0.0003,64395.140625,0.06639743,0.412353515625,-0.004318086135026533,28205.908203125,2530,-5.84542149156332,0.2,,,,,
40.0,51.32123947143555,520192,,,,,,,,,,,,,,,
40.0,38.57981872558594,521216,-1.1920928955078125e-07,0.0003,49149.19760131836,0.060622208,0.40009765625,-0.005435131874401122,25092.134765625,2540,-5.8283021911978725,0.2,,,,,
40.0,52.24262619018555,522240,,,,,,,,,,,,,,,
40.0,46.518035888671875,523264,-1.1920928955078125e-07,0.0003,70071.4984375,0.067041114,0.412109375,-0.007604977136361412,35419.19140625,2550,-5.834943130612373,0.2,,,,,
40.0,50.41576385498047,524288,,,,,,,,,,,,,,,
40.0,43.46327590942383,525312,0.0,0.0003,57620.48249511719,0.06889305,0.402978515625,-0.001907111593754962,28270.97265625,2560,-5.849790313839913,0.2,,,,,
40.0,52.57883834838867,526336,,,,,,,,,,,,,,,
40.0,51.494285583496094,527360,0.0,0.0003,77096.7273803711,0.067593224,0.404150390625,-0.011431520333280787,30447.6328125,2570,-5.8560924842953685,0.2,,,,,
40.0,53.1402702331543,528384,,,,,,,,,,,,,,,
40.0,49.92326354980469,529408,5.960464477539063e-08,0.0003,68599.7376953125,0.060477205,0.39150390625,-0.008159026953217107,36872.9921875,2580,-5.85786794424057,0.2,,,,,
40.0,56.0711555480957,530432,,,,,,,,,,,,,,,
40.0,56.634639739990234,531456,0.0,0.0003,51171.92641601562,0.061746344,0.4072265625,-0.004656937025720254,29445.201171875,2590,-5.8282223954796795,0.2,,,,,
40.0,47.438865661621094,532480,,,,,,,,,,,,,,,
,,532480,,,,,,,,,,,219,1283.02881806,40.0,2430,260
40.0,53.9791374206543,533504,0.0,0.0003,69937.28752441406,0.054014143,0.386328125,-0.011978673206613166,32331.47265625,2600,-5.810457810759544,0.2,,,,,
40.0,56.805294036865234,534528,,,,,,,,,,,,,,,
40.0,51.74042510986328,535552,0.0,0.0003,50801.96447753906,0.06318447,0.403564453125,-0.008234519921825268,28811.021484375,2610,-5.804023197293281,0.2,,,,,
40.0,45.23594665527344,536576,,,,,,,,,,,,,,,
40.0,53.58712387084961,537600,0.0,0.0003,59354.76287841797,0.06355507,0.400439453125,-0.005005286187224556,27996.609375,2620,-5.80701012313366,0.2,,,,,
40.0,54.64875030517578,538624,,,,,,,,,,,,,,,
40.0,48.92125701904297,539648,0.0,0.0003,60193.5884765625,0.06426403,0.42568359375,-0.0019816602049104403,26937.685546875,2630,-5.807567989826202,0.2,,,,,
40.0,51.209686279296875,540672,,,,,,,,,,,,,,,
40.0,50.08628845214844,541696,0.0,0.0003,72285.09500732421,0.06395772,0.40810546875,-0.014257433591410518,35567.54296875,2640,-5.796266557276249,0.2,,,,,
40.0,49.715797424316406,542720,,,,,,,,,,,,,,,
40.0,49.24580764770508,543744,0.0,0.0003,67482.70974121094,0.06542958,0.397021484375,-0.011159435156150721,32513.787109375,2650,-5.7941668465733525,0.2,,,,,
40.0,52.438175201416016,544768,,,,,,,,,,,,,,,
40.0,52.82786560058594,545792,0.0,0.0003,66349.63780517578,0.06373314,0.39912109375,-0.013560048646468204,31536.6953125,2660,-5.789577892422676,0.2,,,,,
40.0,54.0224609375,546816,,,,,,,,,,,,,,,
40.0,49.06301498413086,547840,0.0,0.0003,69595.79162597656,0.060363583,0.38779296875,-0.006733511804486625,33410.7890625,2670,-5.784923578798771,0.2,,,,,
40.0,50.23258972167969,548864,,,,,,,,,,,,,,,
40.0,49.95820617675781,549888,5.960464477539063e-08,0.0003,73319.17622070313,0.05883213,0.393408203125,-0.0066080622014851546,36812.58984375,2680,-5.775971844792366,0.2,,,,,
40.0,53.108619689941406,550912,,,,,,,,,,,,,,,
40.0,49.156890869140625,551936,0.0,0.0003,62551.60174560547,0.06482177,0.407861328125,-0.007081004088104237,32376.703125,2690,-5.769446901977062,0.2,,,,,
40.0,52.8646240234375,552960,,,,,,,,,,,,,,,
,,552960,,,,,,,,,,,219,1354.29236099,40.0,2524,270
40.0,51.248870849609375,553984,0.0,0.0003,71896.34858398438,0.05644454,0.38623046875,-0.007784875288780313,40928.0078125,2700,-5.764504019916058,0.2,,,,,
40.0,52.98370361328125,555008,,,,,,,,,,,,,,,
40.0,55.42670822143555,556032,0.0,0.0003,62647.571301269534,0.065642536,0.4048828125,-0.003183986341173295,32286.38671875,2710,-5.754836001992226,0.2,,,,,
40.0,53.3709602355957,557056,,,,,,,,,,,,,,,
40.0,50.640541076660156,558080,0.0,0.0003,50994.72561035156,0.064239085,0.408349609375,-0.008125333220232279,27730.986328125,2720,-5.7250776693224905,0.2,,,,,
40.0,44.49684143066406,559104,,,,,,,,,,,,,,,
40.0,54.07489013671875,560128,0.0,0.0003,62474.165051269534,0.06623,0.42333984375,0.0019888989627361298,25814.2421875,2730,-5.727834486961365,0.2,,,,,
40.0,55.78717803955078,561152,,,,,,,,,,,,,,,
40.0,47.061405181884766,562176,-1.1920928955078125e-07,0.0003,56449.222229003906,0.05451765,0.39111328125,-0.0012077544277417473,26102.22265625,2740,-5.732575398683548,0.2,,,,,
40.0,55.75945281982422,563200,,,,,,,,,,,,,,,
40.0,47.81941223144531,564224,0.0,0.0003,66045.66623535156,0.05918134,0.38994140625,-0.00471513791999314,28435.15234375,2750,-5.729354587197304,0.2,,,,,
40.0,53.86767578125,565248,,,,,,,,,,,,,,,
40.0,52.653465270996094,566272,0.0,0.0003,58756.279724121094,0.058964036,0.400537109375,-0.004922067940788111,29418.41796875,2760,-5.72947563380003,0.2,,,,,
40.0,43.43970489501953,567296,,,,,,,,,,,,,,,
40.0,53.16948318481445,568320,0.0,0.0003,58138.9251586914,0.061578967,0.410302734375,-0.013367084268247708,26707.7890625,2770,-5.7046930834650995,0.2,,,,,
40.0,55.62562561035156,569344,,,,,,,,,,,,,,,
40.0,45.52471923828125,570368,0.0,0.0003,63746.4486328125,0.056666568,0.395751953125,-0.003514021275623236,36905.4296875,2780,-5.689733907580376,0.2,,,,,
40.0,46.21276092529297,571392,,,,,,,,,,,,,,,
40.0,57.62284851074219,572416,0.0,0.0003,58549.95744628906,0.060714148,0.404638671875,-0.0018491287919459864,21868.62890625,2790,-5.695909683406353,0.2,,,,,
40.0,58.44145202636719,573440,,,,,,,,,,,,,,,
,,573440,,,,,,,,,,,219,1335.3635205600003,40.0,2618,280
40.0,54.50076675415039,574464,0.0,0.0003,66164.04445800782,0.062426176,0.418896484375,-0.01122999413200887,34030.40234375,2800,-5.700338545441627,0.2,,,,,
40.0,53.45975112915039,575488,,,,,,,,,,,,,,,
40.0,45.522884368896484,576512,0.0,0.0003,53590.33778076172,0.055588074,0.407958984375,-0.005755991161277052,25168.212890625,2810,-5.6995833471417425,0.2,,,,,
40.0,50.800193786621094,577536,,,,,,,,,,,,,,,
40.0,48.76482009887695,578560,0.0,0.0003,42600.462005615234,0.0650333,0.4205078125,0.006101923927781172,20854.216796875,2820,-5.6909808471798895,0.2,,,,,
40.0,42.07190704345703,579584,,,,,,,,,,,,,,,
40.0,44.73222351074219,580608,0.0,0.0003,53391.53721923828,0.06333729,0.432861328125,0.00020006184349767863,24748.935546875,2830,-5.685319203138351,0.2,,,,,
40.0,47.9072380065918,581632,,,,,,,,,,,,,,,
40.0,43.702903747558594,582656,0.0,0.0003,46327.770184326175,0.06965853,0.437353515625,-0.0016393176483688876,24393.666015625,2840,-5.683622375130653,0.2,,,,,
40.0,35.935508728027344,583680,,,,,,,,,,,,,,,
40.0,49.27804946899414,584704,0.0,0.0003,66568.9828491211,0.07080968,0.447314453125,-0.005162271679728292,32372.27734375,2850,-5.680755466222763,0.2,,,,,
40.0,60.264556884765625,585728,,,,,,,,,,,,,,,
40.0,51.97085189819336,586752,1.1920928955078125e-07,0.0003,56259.16372070312,0.06514247,0.42607421875,0.0016950955003267154,28388.484375,2860,-5.664439521729946,0.2,,,,,
40.0,43.98889923095703,587776,,,,,,,,,,,,,,,
40.0,51.640960693359375,588800,0.0,0.0003,56701.92520751953,0.06416337,0.40703125,-0.007480080489040119,26961.490234375,2870,-5.661787255108356,0.2,,,,,
40.0,54.20154571533203,589824,,,,,,,,,,,,,,,
40.0,50.42654037475586,590848,-1.1920928955078125e-07,0.0003,53326.51873779297,0.062267642,0.40498046875,-0.0004564717681205366,26041.677734375,2880,-5.675066791474819,0.2,,,,,
40.0,54.70647048950195,591872,,,,,,,,,,,,,,,
40.0,49.55011749267578,592896,0.0,0.0003,50174.45202636719,0.060403705,0.413671875,-0.005000014718098101,18870.515625,2890,-5.6721674218773845,0.2,,,,,
40.0,53.80397033691406,593920,,,,,,,,,,,,,,,
,,593920,,,,,,,,,,,219,1291.29415835,40.0,2705,290
40.0,46.99966812133789,594944,0.0,0.0003,58624.18168945312,0.07236998,0.434619140625,-0.009581601443642285,28031.962890625,2900,-5.634968397021294,0.2,,,,,
40.0,50.07904052734375,595968,,,,,,,,,,,,,,,
40.0,48.44970703125,596992,0.0,0.0003,59701.2009765625,0.06266885,0.418701171875,-0.0007189534037024714,25647.3671875,2910,-5.612141537666321,0.2,,,,,
40.0,47.675323486328125,598016,,,,,,,,,,,,,,,
40.0,59.12124252319336,599040,0.0,0.0003,62148.761657714844,0.06010287,0.408544921875,-0.0029709703216212803,27667.982421875,2920,-5.612891812622547,0.2,,,,,
40.0,53.230613708496094,600064,,,,,,,,,,,,,,,
40.0,48.90428161621094,601088,0.0,0.0003,63855.534729003906,0.067610346,0.43369140625,0.008053586412279401,33967.515625,2930,-5.591808117926121,0.2,,,,,
40.0,49.23841094970703,602112,,,,,,,,,,,,,,,
40.0,61.03880310058594,603136,0.0,0.0003,49561.755920410156,0.055711046,0.40908203125,-0.00483455427311128,23038.796875,2940,-5.6040847793221475,0.2,,,,,
40.0,54.044403076171875,604160,,,,,,,,,,,,,,,
40.0,55.19708251953125,605184,1.1920928955078125e-07,0.0003,42432.835717773436,0.062319674,0.447412109375,-0.003158106896444224,19256.498046875,2950,-5.613806359469891,0.2,,,,,
40.0,50.73295211791992,606208,,,,,,,,,,,,,,,
40.0,51.95204162597656,607232,0.0,0.0003,64674.8353149414,0.060878485,0.393359375,-0.0012761484715156258,29687.2265625,2960,-5.626157355308533,0.2,,,,,
40.0,61.19407272338867,608256,,,,,,,,,,,,,,,
40.0,55.245849609375,609280,0.0,0.0003,53473.72137451172,0.059713565,0.4060546875,-0.0003384670453669969,25010.0390625,2970,-5.640755912661552,0.2,,,,,
40.0,57.834922790527344,610304,,,,,,,,,,,,,,,
40.0,53.03883361816406,611328,0.0,0.0003,52296.926818847656,0.06251158,0.418701171875,-0.0016655530984280632,26665.728515625,2980,-5.63542959690094,0.2,,,,,
40.0,51.629150390625,612352,,,,,,,,,,,,,,,
40.0,49.819618225097656,613376,0.0,0.0003,75420.7446899414,0.056711793,0.406494140625,-0.01018479267222574,39842.5,2990,-5.628391396999359,0.2,,,,,
40.0,56.61654281616211,614400,,,,,,,,,,,,,,,
,,614400,,,,,,,,,,,219,1402.90004459,40.0,2794,300
40.0,50.94152069091797,615424,0.0,0.0003,59351.24287109375,0.06311463,0.41630859375,-0.005702932624262758,25038.236328125,3000,-5.602426075935364,0.2,,,,,
40.0,49.777400970458984,616448,,,,,,,,,,,,,,,
40.0,54.204505920410156,617472,-1.1920928955078125e-07,0.0003,50721.145007324216,0.06380688,0.414501953125,0.0011213107980438508,29702.982421875,3010,-5.609604971110821,0.2,,,,,
40.0,54.61756896972656,618496,,,,,,,,,,,,,,,
40.0,49.260108947753906,619520,1.1920928955078125e-07,0.0003,57317.57994384765,0.055939946,0.395166015625,-0.0018456735451763961,29033.869140625,3020,-5.644822306931019,0.2,,,,,
40.0,52.31930160522461,620544,,,,,,,,,,,,,,,
40.0,49.859642028808594,621568,0.0,0.0003,63763.46877441406,0.063910216,0.401806640625,-0.014553414877445903,31827.90234375,3030,-5.672826947271824,0.2,,,,,
40.0,50.64311218261719,622592,,,,,,,,,,,,,,,
40.0,55.60667419433594,623616,0.0,0.0003,55465.85877685547,0.064619675,0.42255859375,-0.0006950957664230373,28047.60546875,3040,-5.65825719088316,0.2,,,,,
40.0,55.160057067871094,624640,,,,,,,,,,,,,,,
40.0,51.7381591796875,625664,0.0,0.0003,47824.88122558594,0.06926146,0.4169921875,-0.004206667299149558,24429.681640625,3050,-5.637643672525883,0.2,,,,,
40.0,47.63093948364258,626688,,,,,,,,,,,,,,,
40.0,50.4906005859375,627712,0.0,0.0003,54480.13260498047,0.053012546,0.37841796875,-0.0025748180894879626,32442.529296875,3060,-5.626949968934059,0.2,,,,,
40.0,45.82476043701172,628736,,,,,,,,,,,,,,,
40.0,42.546600341796875,629760,-1.1920928955078125e-07,0.0003,52349.674609375,0.06334661,0.400927734375,-0.0032903536106459797,25649.078125,3070,-5.630682423710823,0.2,,,,,
40.0,51.756919860839844,630784,,,,,,,,,,,,,,,
40.0,52.41962814331055,631808,5.960464477539063e-08,0.0003,63861.597973632815,0.059380874,0.389697265625,-0.005417954397125868,33353.89453125,3080,-5.628882974386215,0.2,,,,,
40.0,48.7030143737793,632832,,,,,,,,,,,,,,,
40.0,54.48145294189453,633856,5.960464477539063e-08,0.0003,59773.57630615235,0.06530785,0.423193359375,-0.00881184700265294,31925.99609375,3090,-5.603095909953117,0.2,,,,,
40.0,50.77181625366211,634880,,,,,,,,,,,,,,,
,,634880,,,,,,,,,,,220,1359.9093094,40.0,2885,310
40.0,46.62390899658203,635904,0.0,0.0003,55916.002941894534,0.06317936,0.426171875,0.004277327716408763,30740.20703125,3100,-5.589399679005146,0.2,,,,,
40.0,56.43474578857422,636928,,,,,,,,,,,,,,,
40.0,49.35996627807617,637952,0.0,0.0003,51228.64663085937,0.051218815,0.386376953125,-0.005660327647638042,23991.7109375,3110,-5.567762856185436,0.2,,,,,
40.0,55.663063049316406,638976,,,,,,,,,,,,,,,
40.0,57.21693801879883,640000,1.1920928955078125e-07,0.0003,56563.84072265625,0.049273055,0.369921875,-0.011171175050549209,28238.001953125,3120,-5.573680095374584,0.2,,,,,
40.0,49.14155578613281,641024,,,,,,,,,,,,,,,
40.0,51.6888427734375,642048,-1.1920928955078125e-07,0.0003,53196.91018066406,0.056851164,0.396875,-0.0006544878735439852,24231.5859375,3130,-5.57716880440712,0.2,,,,,
40.0,51.83036804199219,643072,,,,,,,,,,,,,,,
40.0,52.640480041503906,644096,0.0,0.0003,49241.783703613284,0.06279995,0.41845703125,0.00664400859241141,24191.205078125,3140,-5.581006266176701,0.2,,,,,
40.0,50.935306549072266,645120,,,,,,,,,,,,,,,
40.0,49.543846130371094,646144,0.0,0.0003,40406.16713867187,0.06146178,0.428173828125,0.01301202269823989,19450.515625,3150,-5.557127065956593,0.2,,,,,
40.0,49.21408462524414,647168,,,,,,,,,,,,,,,
40.0,51.87629699707031,648192,0.0,0.0003,51383.55985107422,0.059088245,0.411083984375,0.007681516261072829,21675.0,3160,-5.550675271451473,0.2,,,,,
40.0,50.94282913208008,649216,,,,,,,,,,,,,,,
40.0,51.57688903808594,650240,1.1920928955078125e-07,0.0003,39758.65073852539,0.06306446,0.431298828125,0.0008399623053264804,21642.173828125,3170,-5.561115081608295,0.2,,,,,
40.0,55.19100570678711,651264,,,,,,,,,,,,,,,
40.0,53.23103332519531,652288,-1.1920928955078125e-07,0.0003,46397.86505126953,0.052328326,0.38251953125,-0.001785372698213905,19624.21875,3180,-5.550654089450836,0.2,,,,,
40.0,48.91577911376953,653312,,,,,,,,,,,,,,,
40.0,50.46952819824219,654336,0.0,0.0003,51510.77723388672,0.059959196,0.41318359375,0.0037569691354292444,26539.72265625,3190,-5.532361771166324,0.2,,,,,
40.0,49.3756103515625,655360,,,,,,,,,,,,,,,
,,655360,,,,,,,,,,,220,1336.3934305100001,40.0,2977,320
40.0,50.788291931152344,656384,0.0,0.0003,51642.92408447266,0.055778127,0.407763671875,0.001033635117346421,23939.85546875,3200,-5.527283520996571,0.2,,,,,
40.0,47.5043830871582,657408,,,,,,,,,,,,,,,
40.0,58.91539001464844,658432,-1.1920928955078125e-07,0.0003,54492.78334960937,0.054451346,0.4,-0.0076486182355438356,25086.33203125,3210,-5.527651189267635,0.2,,,,,
40.0,59.216514587402344,659456,,,,,,,,,,,,,,,
40.0,51.91188049316406,660480,0.0,0.0003,48019.54045410156,0.05794922,0.399609375,0.007700486997782719,19348.7265625,3220,-5.520654119551182,0.2,,,,,
40.0,45.898658752441406,661504,,,,,,,,,,,,,,,
40.0,49.15824890136719,662528,0.0,0.0003,63243.530822753906,0.05106274,0.368408203125,-0.00794643170083873,28574.416015625,3230,-5.507953371107578,0.2,,,,,
40.0,55.56623840332031,663552,,,,,,,,,,,,,,,
40.0,59.39328384399414,664576,0.0,0.0003,57706.03450927734,0.053896308,0.3857421875,0.0003940516078728251,31049.12109375,3240,-5.496997976303101,0.2,,,,,
40.0,49.788970947265625,665600,,,,,,,,,,,,,,,
40.0,49.79447555541992,666624,1.1920928955078125e-07,0.0003,50486.89753417969,0.05456423,0.402001953125,0.00046546974626835433,24402.88671875,3250,-5.476298654079438,0.2,,,,,
40.0,57.053688049316406,667648,,,,,,,,,,,,,,,
40.0,51.011505126953125,668672,0.0,0.0003,47576.35294189453,0.053251665,0.386376953125,-0.00199178788025165,24562.181640625,3260,-5.473547810316086,0.2,,,,,
40.0,50.821800231933594,669696,,,,,,,,,,,,,,,
40.0,61.86817932128906,670720,0.0,0.0003,52103.891125488284,0.052340508,0.381494140625,-0.002235188064514659,25774.326171875,3270,-5.469396810233593,0.2,,,,,
40.0,53.767303466796875,671744,,,,,,,,,,,,,,,
40.0,49.37873077392578,672768,-1.1920928955078125e-07,0.0003,35509.23686523437,0.054188706,0.4095703125,0.0019629842281574383,18051.447265625,3280,-5.4678656950593,0.2,,,,,
40.0,50.64781188964844,673792,,,,,,,,,,,,,,,
40.0,50.431617736816406,674816,5.960464477539063e-08,0.0003,54670.38123779297,0.06416207,0.428662109375,0.0015684632788179442,28962.375,3290,-5.4588675305247305,0.2,,,,,
40.0,47.40130615234375,675840,,,,,,,,,,,,,,,
,,675840,,,,,,,,,,,220,1300.93750947,40.0,3069,330
40.0,51.58616638183594,676864,5.960464477539063e-08,0.0003,38067.25679321289,0.059953682,0.42646484375,0.006870662682922557,18256.833984375,3300,-5.449626806378364,0.2,,,,,
40.0,47.965084075927734,677888,,,,,,,,,,,,,,,
40.0,50.929298400878906,678912,0.0,0.0003,50504.876147460935,0.058302134,0.418505859375,0.0014495018738671206,26112.455078125,3310,-5.454812839627266,0.2,,,,,
40.0,58.505775451660156,679936,,,,,,,,,,,,,,,
40.0,60.93811798095703,680960,0.0,0.0003,46309.997540283206,0.056259744,0.40390625,0.0045686322613619264,21267.5625,3320,-5.481193126738072,0.2,,,,,
40.0,46.751739501953125,681984,,,,,,,,,,,,,,,
40.0,49.99161148071289,683008,1.7881393432617188e-07,0.0003,49191.98958740234,0.053018108,0.389013671875,-0.002636176673695445,16845.29296875,3330,-5.496909728646278,0.2,,,,,
40.0,50.416236877441406,684032,,,,,,,,,,,,,,,
40.0,60.30189514160156,685056,1.1920928955078125e-07,0.0003,51357.715991210935,0.059831053,0.411962890625,0.0010218090676062275,25643.923828125,3340,-5.507021382451057,0.2,,,,,
40.0,47.39459991455078,686080,,,,,,,,,,,,,,,
40.0,51.842750549316406,687104,0.0,0.0003,49754.14855957031,0.058194213,0.43701171875,0.002103787974192528,26502.48828125,3350,-5.5049304708838465,0.2,,,,,
40.0,41.498046875,688128,,,,,,,,,,,,,,,
40.0,52.39749526977539,689152,0.0,0.0003,51428.680139160155,0.053181507,0.398828125,-0.0059467857543495485,27494.572265625,3360,-5.5094617530703545,0.2,,,,,
40.0,52.148048400878906,690176,,,,,,,,,,,,,,,
40.0,51.97374725341797,691200,0.0,0.0003,36332.797271728516,0.05472216,0.403076171875,0.006199724691396113,18119.48046875,3370,-5.49208849966526,0.2,,,,,
40.0,51.133331298828125,692224,,,,,,,,,,,,,,,
40.0,53.49034118652344,693248,0.0,0.0003,49728.15190429687,0.052521966,0.398193359375,0.0014823479497863446,23957.03515625,3380,-5.481234492361546,0.2,,,,,
40.0,46.46612548828125,694272,,,,,,,,,,,,,,,
40.0,43.1407470703125,695296,0.0,0.0003,41418.232482910156,0.052553482,0.4107421875,-0.0009277376149839256,22262.216796875,3390,-5.491574437916279,0.2,,,,,
40.0,50.8110237121582,696320,,,,,,,,,,,,,,,
,,696320,,,,,,,,,,,220,1253.29254167,40.0,3160,340
40.0,55.36227798461914,697344,0.0,0.0003,34009.45850219727,0.05802442,0.4318359375,0.006216312156175264,15162.3798828125,3400,-5.475912010669708,0.2,,,,,
40.0,47.613929748535156,698368,,,,,,,,,,,,,,,
40.0,52.01759338378906,699392,0.0,0.0003,34889.942779541016,0.063930675,0.432080078125,0.010035138012608514,12861.9072265625,3410,-5.481918865442276,0.2,,,,,
40.0,52.930877685546875,700416,,,,,,,,,,,,,,,
40.0,52.68897247314453,701440,5.960464477539063e-08,0.0003,55405.20677490234,0.05376607,0.402197265625,-0.009028265037341044,24734.251953125,3420,-5.488068662583828,0.2,,,,,
40.0,53.085235595703125,702464,,,,,,,,,,,,,,,
40.0,59.797035217285156,703488,0.0,0.0003,40293.36301879883,0.058456607,0.4150390625,0.004067093897901941,20841.7734375,3430,-5.504721635580063,0.2,,,,,
40.0,50.267425537109375,704512,,,,,,,,,,,,,,,
40.0,47.15959930419922,705536,0.0,0.0003,40784.63792724609,0.059778184,0.413232421875,-0.008190564013784752,24108.697265625,3440,-5.49577785730362,0.2,,,,,
40.0,50.27418518066406,706560,,,,,,,,,,,,,,,
40.0,51.84560012817383,707584,0.0,0.0003,47032.44852905274,0.05199516,0.373779296875,-0.006310863047838211,20039.7890625,3450,-5.491130520403385,0.2,,,,,
40.0,56.324424743652344,708608,,,,,,,,,,,,,,,
40.0,54.11109161376953,709632,0.0,0.0003,40956.38848876953,0.05716692,0.413720703125,0.004331234309938736,18710.220703125,3460,-5.472950269281864,0.2,,,,,
40.0,47.48011779785156,710656,,,,,,,,,,,,,,,
40.0,57.264137268066406,711680,-1.1920928955078125e-07,0.0003,45204.183044433594,0.051144157,0.402197265625,0.011800220406439622,18064.37109375,3470,-5.460911540687084,0.2,,,,,
40.0,51.55855941772461,712704,,,,,,,,,,,,,,,
40.0,55.92582321166992,713728,0.0,0.0003,41574.9794128418,0.055533864,0.421826171875,0.007159886800218373,26296.189453125,3480,-5.460379123687744,0.2,,,,,
40.0,57.386138916015625,714752,,,,,,,,,,,,,,,
40.0,57.90830993652344,715776,0.0,0.0003,40434.11547241211,0.04891675,0.3962890625,0.0012185343977762387,19051.015625,3490,-5.448075787723065,0.2,,,,,
40.0,51.562164306640625,716800,,,,,,,,,,,,,,,
,,716800,,,,,,,,,,,220,1330.74015255,40.0,3253,350
40.0,53.73756790161133,717824,0.0,0.0003,45205.4333984375,0.052855328,0.40166015625,0.003095200353709515,19499.244140625,3500,-5.412585686147213,0.2,,,,,
40.0,49.62630081176758,718848,,,,,,,,,,,,,,,
40.0,55.69410705566406,719872,5.960464477539063e-08,0.0003,33241.37374267578,0.05040875,0.42509765625,0.005597035646496806,15043.296875,3510,-5.386910003423691,0.2,,,,,
40.0,58.029014587402344,720896,,,,,,,,,,,,,,,
40.0,54.88383483886719,721920,0.0,0.0003,30142.586352539063,0.05673533,0.4423828125,0.009664284567406867,17175.798828125,3520,-5.39383437782526,0.2,,,,,
40.0,51.79478454589844,722944,,,,,,,,,,,,,,,
40.0,53.01837921142578,723968,0.0,0.0003,36392.79162597656,0.05545694,0.41396484375,0.004379256104584783,14988.267578125,3530,-5.385750366747379,0.2,,,,,
40.0,52.60565185546875,724992,,,,,,,,,,,,,,,
40.0,56.01045227050781,726016,0.0,0.0003,34350.480767822264,0.05206656,0.406689453125,0.0035533451853552835,18528.8046875,3540,-5.377734525501728,0.2,,,,,
40.0,56.782012939453125,727040,,,,,,,,,,,,,,,
40.0,48.63405990600586,728064,0.0,0.0003,28127.889123535155,0.057659864,0.431591796875,0.01512325638323091,15104.986328125,3550,-5.392193473875523,0.2,,,,,
40.0,46.137596130371094,729088,,,,,,,,,,,,,,,
40.0,52.23020935058594,730112,-1.1920928955078125e-07,0.0003,46228.3453491211,0.04982084,0.385986328125,0.009452634066110476,22309.23046875,3560,-5.415069526433944,0.2,,,,,
40.0,51.911006927490234,731136,,,,,,,,,,,,,,,
40.0,49.633888244628906,732160,1.1920928955078125e-07,0.0003,34113.05656738281,0.048949268,0.390966796875,0.0015853391407290474,21493.87109375,3570,-5.433809581398964,0.2,,,,,
40.0,56.67640686035156,733184,,,,,,,,,,,,,,,
40.0,50.39228057861328,734208,0.0,0.0003,32791.46381835938,0.0653867,0.45654296875,0.021209868007281328,12809.64453125,3580,-5.4493919759988785,0.2,,,,,
40.0,55.256404876708984,735232,,,,,,,,,,,,,,,
40.0,50.73404312133789,736256,0.0,0.0003,32910.38474121094,0.0600601,0.4490234375,0.004675253552704817,18755.89453125,3590,-5.458287538588047,0.2,,,,,
40.0,47.024600982666016,737280,,,,,,,,,,,,,,,
,,737280,,,,,,,,,,,220,1302.20163478,40.0,3346,360
40.0,49.25338363647461,738304,-1.1920928955078125e-07,0.0003,40651.784197998044,0.058597215,0.40341796875,0.007357715232501505,20782.28515625,3600,-5.462838926911354,0.2,,,,,
40.0,53.59931945800781,739328,,,,,,,,,,,,,,,
40.0,53.33744812011719,740352,0.0,0.0003,47214.091552734375,0.0616265,0.422314453125,0.0007121321687009186,22988.298828125,3610,-5.4355511769652365,0.2,,,,,
40.0,50.64039993286133,741376,,,,,,,,,,,,,,,
40.0,47.07356262207031,742400,0.0,0.0003,44303.758776855466,0.051419746,0.389208984375,0.01137645616690861,20599.419921875,3620,-5.383076526224613,0.2,,,,,
40.0,44.84429168701172,743424,,,,,,,,,,,,,,,
40.0,47.28776550292969,744448,0.0,0.0003,38781.39547729492,0.050404143,0.387060546875,0.0021817638160428034,17125.46875,3630,-5.377372726798058,0.2,,,,,
40.0,53.147727966308594,745472,,,,,,,,,,,,,,,
40.0,54.03832244873047,746496,-1.1920928955078125e-07,0.0003,27677.92381591797,0.056371354,0.4287109375,0.009347416750097181,12081.59765625,3640,-5.3812793582677845,0.2,,,,,
40.0,59.94389343261719,747520,,,,,,,,,,,,,,,
40.0,53.48921203613281,748544,0.0,0.0003,42251.403051757814,0.048887342,0.3884765625,0.0002621075153001584,21585.779296875,3650,-5.394941627979279,0.2,,,,,
40.0,50.45627212524414,749568,,,,,,,,,,,,,,,
40.0,50.12921905517578,750592,5.960464477539063e-08,0.0003,37427.440447998044,0.05393496,0.421630859375,0.0055384446284733714,17976.9453125,3660,-5.376148210465908,0.2,,,,,
40.0,54.590171813964844,751616,,,,,,,,,,,,,,,
40.0,51.35770797729492,752640,0.0,0.0003,39341.88093261719,0.05062628,0.39267578125,0.004454724631796125,15311.0908203125,3670,-5.353300768136978,0.2,,,,,
40.0,51.75743103027344,753664,,,,,,,,,,,,,,,
40.0,48.19680404663086,754688,0.0,0.0003,33513.96389160156,0.048850775,0.4029296875,0.006479802192188799,14202.5966796875,3680,-5.341841718554496,0.2,,,,,
40.0,47.65972137451172,755712,,,,,,,,,,,,,,,
40.0,60.302032470703125,756736,1.1920928955078125e-07,0.0003,31258.601153564454,0.050208177,0.4001953125,0.0008379513856198173,13850.767578125,3690,-5.352798058092594,0.2,,,,,
40.0,46.43049621582031,757760,,,,,,,,,,,,,,,
,,757760,,,,,,,,,,,220,1333.61734226,40.0,3437,370
40.0,49.4676628112793,758784,-1.1920928955078125e-07,0.0003,46085.59781494141,0.058014885,0.437353515625,0.014428792873513886,23070.41796875,3700,-5.354870536923409,0.2,,,,,
40.0,56.934688568115234,759808,,,,,,,,,,,,,,,
40.0,49.20762252807617,760832,0.0,0.0003,45952.22281494141,0.053407706,0.382568359375,0.001985133744892664,24508.28125,3710,-5.3412827715277675,0.2,,,,,
40.0,47.796295166015625,761856,,,,,,,,,,,,,,,
40.0,45.53793716430664,762880,1.1920928955078125e-07,0.0003,32366.189343261718,0.056330897,0.412646484375,0.00849521296331659,13533.09765625,3720,-5.358490733802318,0.2,,,,,
40.0,53.458892822265625,763904,,,,,,,,,,,,,,,
40.0,55.311397552490234,764928,0.0,0.0003,29309.765869140625,0.05825026,0.43759765625,0.0030145794902637136,15959.6884765625,3730,-5.365059691667557,0.2,,,,,
40.0,53.457557678222656,765952,,,,,,,,,,,,,,,
40.0,58.61827087402344,766976,0.0,0.0003,31504.47150268555,0.059957005,0.42900390625,0.010519682821177411,16732.59765625,3740,-5.366782030463218,0.2,,,,,
40.0,48.08641052246094,768000,,,,,,,,,,,,,,,
40.0,56.530029296875,769024,-1.1920928955078125e-07,0.0003,42025.37503051758,0.058980435,0.441552734375,-0.0008613465412054211,24354.244140625,3750,-5.343587267398834,0.2,,,,,
40.0,57.80550765991211,770048,,,,,,,,,,,,,,,
40.0,54.809120178222656,771072,0.0,0.0003,32302.040631103515,0.052883394,0.39345703125,0.0048683994536986575,16545.140625,3760,-5.335470934212208,0.2,,,,,
40.0,58.20147705078125,772096,,,,,,,,,,,,,,,
40.0,57.76190185546875,773120,0.0,0.0003,50708.097979736325,0.05126848,0.3908203125,0.0035283471646835097,25021.4921875,3770,-5.316994845867157,0.2,,,,,
40.0,50.709564208984375,774144,,,,,,,,,,,,,,,
40.0,54.06877136230469,775168,0.0,0.0003,31123.505950927734,0.050217718,0.407373046875,0.008805696963099763,12243.1064453125,3780,-5.322487762570381,0.2,,,,,
40.0,48.505950927734375,776192,,,,,,,,,,,,,,,
40.0,47.344032287597656,777216,0.0,0.0003,34877.904260253905,0.051812604,0.431201171875,0.0010157734315725975,19385.15625,3790,-5.353368240594864,0.2,,,,,
40.0,50.657691955566406,778240,,,,,,,,,,,,,,,
,,778240,,,,,,,,,,,220,1319.02789124,40.0,3529,380
40.0,53.96506118774414,779264,0.0,0.0003,36084.65913696289,0.059456192,0.44501953125,0.0029751479043625293,16332.4091796875,3800,-5.349902877211571,0.2,,,,,
40.0,52.01523208618164,780288,,,,,,,,,,,,,,,
40.0,55.070762634277344,781312,-1.1920928955078125e-07,0.0003,45962.33686523438,0.057887863,0.40341796875,0.011407701278221794,26996.576171875,3810,-5.341206619143486,0.2,,,,,
40.0,46.86517333984375,782336,,,,,,,,,,,,,,,
40.0,40.30268478393555,783360,1.1920928955078125e-07,0.0003,24453.601837158203,0.061651517,0.439404296875,0.019302165851695464,14999.822265625,3820,-5.3308831542730335,0.2,,,,,
40.0,47.22583770751953,784384,,,,,,,,,,,,,,,
40.0,52.656761169433594,785408,0.0,0.0003,37942.644024658206,0.05248861,0.398974609375,0.0011355353097314946,20789.12109375,3830,-5.334366361796856,0.2,,,,,
40.0,51.60234832763672,786432,,,,,,,,,,,,,,,
40.0,49.739105224609375,787456,0.0,0.0003,32197.35040283203,0.054887567,0.4291015625,0.009215513251547236,16768.5703125,3840,-5.335924111306667,0.2,,,,,
40.0,51.94630813598633,788480,,,,,,,,,,,,,,,
40.0,55.688026428222656,789504,1.1920928955078125e-07,0.0003,37389.69517211914,0.055373758,0.402685546875,0.0010723812170908785,17134.11328125,3850,-5.340146766602993,0.2,,,,,
40.0,44.738739013671875,790528,,,,,,,,,,,,,,,
40.0,55.203060150146484,791552,-1.1920928955078125e-07,0.0003,35653.95082397461,0.05328875,0.40146484375,0.006989953308948316,17978.82421875,3860,-5.32803353369236,0.2,,,,,
40.0,52.261619567871094,792576,,,,,,,,,,,,,,,
40.0,51.297386169433594,793600,-1.1920928955078125e-07,0.0003,29065.76989135742,0.053381454,0.417626953125,0.014354521344648674,14082.76953125,3870,-5.33071718364954,0.2,,,,,
40.0,53.1153450012207,794624,,,,,,,,,,,,,,,
40.0,49.44212341308594,795648,-1.1920928955078125e-07,0.0003,32193.574670410155,0.05902545,0.431787109375,0.002277170235174708,14732.98046875,3880,-5.321572513878346,0.2,,,,,
40.0,47.62691879272461,796672,,,,,,,,,,,,,,,
40.0,55.78541564941406,797696,0.0,0.0003,42007.79701538086,0.048191242,0.388720703125,0.005477109934145119,18486.5546875,3890,-5.309558501839637,0.2,,,,,
40.0,61.391780853271484,798720,,,,,,,,,,,,,,,
,,798720,,,,,,,,,,,220,1384.0765040200004,40.0,3622,390
40.0,53.44926452636719,799744,0.0,0.0003,38829.41998901367,0.04469394,0.365771484375,0.0029197373543865977,21620.7109375,3900,-5.288741756975651,0.2,,,,,
40.0,51.82006072998047,800768,,,,,,,,,,,,,,,
