eval/mean_ep_length,eval/mean_reward,time/total_timesteps,train/learning_rate,train/approx_kl,train/explained_variance,train/clip_range,train/policy_gradient_loss,train/value_loss,train/n_updates,train/clip_fraction,train/loss,train/entropy_loss,time/time_elapsed,time/iterations,rollout/ep_rew_mean,rollout/ep_len_mean,time/fps
50.0,6.2949371337890625,500,,,,,,,,,,,,,,,
50.0,6.773556709289551,1000,,,,,,,,,,,,,,,
50.0,4.655177116394043,1500,,,,,,,,,,,,,,,
50.0,4.525567054748535,2000,,,,,,,,,,,,,,,
50.0,5.8254475593566895,2500,0.0003,0.062659934,-0.0001329183578491211,0.2,0.06217349372454919,16153.544070434571,10,0.2322265625,6287.32177734375,-3.9051013216376305,,,,,
50.0,3.90692138671875,3000,,,,,,,,,,,,,,,
50.0,4.904295921325684,3500,,,,,,,,,,,,,,,
50.0,5.718148231506348,4000,,,,,,,,,,,,,,,
50.0,5.915593147277832,4500,0.0003,0.06659129,0.0,0.2,0.058798254576686304,15983.88916015625,20,0.313525390625,7796.0595703125,-3.8970849961042404,,,,,
50.0,4.745061874389648,5000,,,,,,,,,,,,,,,
50.0,4.277855396270752,5500,,,,,,,,,,,,,,,
50.0,8.318411827087402,6000,,,,,,,,,,,,,,,
50.0,4.581414699554443,6500,0.0003,0.05923815,0.0,0.2,0.06345963954227045,15587.640936279297,30,0.328173828125,8198.306640625,-3.897946598380804,,,,,
50.0,5.820146560668945,7000,,,,,,,,,,,,,,,
50.0,4.868434906005859,7500,,,,,,,,,,,,,,,
50.0,4.962871074676514,8000,,,,,,,,,,,,,,,
50.0,5.9574103355407715,8500,0.0003,0.06512196,-1.1920928955078125e-07,0.2,0.07281393660232424,15120.486532592773,40,0.321923828125,8564.330078125,-3.8943508148193358,,,,,
50.0,6.921979904174805,9000,,,,,,,,,,,,,,,
50.0,7.1773529052734375,9500,,,,,,,,,,,,,,,
50.0,6.053662300109863,10000,,,,,,,,,,,,,,,
50.0,4.279651641845703,10500,0.0003,0.06699516,5.960464477539063e-08,0.2,0.06880630937812385,13313.155236816407,50,0.3328125,5849.28173828125,-3.8915087573230265,,,,,
50.0,4.592810153961182,11000,,,,,,,,,,,,,,,
50.0,4.952314376831055,11500,,,,,,,,,,,,,,,
50.0,5.982991695404053,12000,,,,,,,,,,,,,,,
50.0,7.985629558563232,12500,0.0003,0.061229765,0.0,0.2,0.07378733004879905,16639.427365112304,60,0.363671875,8265.599609375,-3.89494501799345,,,,,
50.0,6.120260238647461,13000,,,,,,,,,,,,,,,
50.0,5.582641124725342,13500,,,,,,,,,,,,,,,
50.0,7.98026180267334,14000,,,,,,,,,,,,,,,
50.0,5.575554847717285,14500,0.0003,0.06761094,0.0,0.2,0.06378798242658376,16202.786923217773,70,0.331884765625,8042.0703125,-3.8955650851130486,,,,,
50.0,6.967382431030273,15000,,,,,,,,,,,,,,,
50.0,7.082365989685059,15500,,,,,,,,,,,,,,,
50.0,6.419797897338867,16000,,,,,,,,,,,,,,,
50.0,7.425107002258301,16500,0.0003,0.06444724,-2.384185791015625e-07,0.2,0.0742840072431136,15609.093783569337,80,0.320263671875,6450.48974609375,-3.8978487573564053,,,,,
50.0,5.299967288970947,17000,,,,,,,,,,,,,,,
50.0,4.261476516723633,17500,,,,,,,,,,,,,,,
50.0,5.127100944519043,18000,,,,,,,,,,,,,,,
50.0,6.947518348693848,18500,0.0003,0.06391479,0.0,0.2,0.06743057427811436,14247.082638549804,90,0.280908203125,6670.47900390625,-3.897683723270893,,,,,
50.0,4.23824405670166,19000,,,,,,,,,,,,,,,
50.0,4.648228645324707,19500,,,,,,,,,,,,,,,
50.0,5.009914398193359,20000,,,,,,,,,,,,,,,
,,20480,,,,,,,,,,,41,10,503.0449572400001,50.0,489
50.0,6.949965476989746,20500,0.0003,0.066897854,0.0,0.2,0.07263176786946132,15623.417098999023,100,0.314404296875,7292.1171875,-3.8957999907433987,,,,,
50.0,4.0606279373168945,21000,,,,,,,,,,,,,,,
50.0,5.527840614318848,21500,,,,,,,,,,,,,,,
50.0,5.953616142272949,22000,,,,,,,,,,,,,,,
50.0,5.230600357055664,22500,,,,,,,,,,,,,,,
50.0,8.387308120727539,23000,0.0003,0.062734246,1.1920928955078125e-07,0.2,0.06670126699318643,13211.477590942382,110,0.328466796875,5061.0791015625,-3.8957903869450092,,,,,
50.0,9.96158218383789,23500,,,,,,,,,,,,,,,
50.0,7.886324882507324,24000,,,,,,,,,,,,,,,
50.0,5.4921555519104,24500,,,,,,,,,,,,,,,
50.0,4.485716819763184,25000,0.0003,0.06498915,0.0,0.2,0.06781797294970601,13968.541818237305,120,0.317041015625,6272.78857421875,-3.8969370529055594,,,,,
50.0,6.269962787628174,25500,,,,,,,,,,,,,,,
50.0,5.644423484802246,26000,,,,,,,,,,,,,,,
50.0,6.911240100860596,26500,,,,,,,,,,,,,,,
50.0,3.966346263885498,27000,0.0003,0.06845146,0.0,0.2,0.0656201058300212,16017.001821899414,130,0.331640625,8895.9052734375,-3.8962247632443905,,,,,
50.0,6.805790901184082,27500,,,,,,,,,,,,,,,
50.0,6.693868637084961,28000,,,,,,,,,,,,,,,
50.0,7.607177257537842,28500,,,,,,,,,,,,,,,
50.0,7.111042022705078,29000,0.0003,0.06350129,0.0,0.2,0.06599226356047438,14497.485256958007,140,0.31123046875,6801.3056640625,-3.8949631534516813,,,,,
50.0,9.558324813842773,29500,,,,,,,,,,,,,,,
50.0,7.05858039855957,30000,,,,,,,,,,,,,,,
50.0,6.113149642944336,30500,,,,,,,,,,,,,,,
50.0,8.444766998291016,31000,0.0003,0.06789588,0.0,0.2,0.05933466858987231,14445.031268310548,150,0.282666015625,7336.42578125,-3.890286833047867,,,,,
50.0,7.293410301208496,31500,,,,,,,,,,,,,,,
50.0,7.206127166748047,32000,,,,,,,,,,,,,,,
50.0,6.875595569610596,32500,,,,,,,,,,,,,,,
50.0,8.49791145324707,33000,0.0003,0.07096489,-2.384185791015625e-07,0.2,0.07618539545801468,15304.266677856445,160,0.3287109375,7917.7333984375,-3.887952022254467,,,,,
50.0,6.394872665405273,33500,,,,,,,,,,,,,,,
50.0,7.358108997344971,34000,,,,,,,,,,,,,,,
50.0,7.317831993103027,34500,,,,,,,,,,,,,,,
50.0,5.101099967956543,35000,0.0003,0.066881426,0.0,0.2,0.06062191096134484,13380.34725036621,170,0.312744140625,5475.2470703125,-3.893674284219742,,,,,
50.0,5.6433610916137695,35500,,,,,,,,,,,,,,,
50.0,5.3302202224731445,36000,,,,,,,,,,,,,,,
50.0,5.057623863220215,36500,,,,,,,,,,,,,,,
50.0,4.966374397277832,37000,0.0003,0.06859626,0.0,0.2,0.06781291061197407,13265.201068115235,180,0.337841796875,7570.0361328125,-3.8946014545857905,,,,,
50.0,6.8079681396484375,37500,,,,,,,,,,,,,,,
50.0,5.927867889404297,38000,,,,,,,,,,,,,,,
50.0,6.732706546783447,38500,,,,,,,,,,,,,,,
50.0,7.556632041931152,39000,0.0003,0.05917973,5.960464477539063e-08,0.2,0.06286796248750762,11648.411698913575,190,0.308203125,5362.43408203125,-3.8962633974850176,,,,,
50.0,5.283474445343018,39500,,,,,,,,,,,,,,,
50.0,4.9419074058532715,40000,,,,,,,,,,,,,,,
50.0,7.145098686218262,40500,,,,,,,,,,,,,,,
,,40960,,,,,,,,,,,85,20,491.48118594,50.0,478
50.0,7.433523178100586,41000,0.0003,0.06678853,-1.1920928955078125e-07,0.2,0.0627848005402484,11476.156504821778,200,0.331689453125,4446.642578125,-3.8934423208236693,,,,,
50.0,5.950958251953125,41500,,,,,,,,,,,,,,,
50.0,4.784241676330566,42000,,,,,,,,,,,,,,,
50.0,6.9816508293151855,42500,,,,,,,,,,,,,,,
50.0,6.417977333068848,43000,,,,,,,,,,,,,,,
50.0,5.705358982086182,43500,0.0003,0.06816356,0.0,0.2,0.0647927368801902,12570.466900634765,210,0.32099609375,5906.06982421875,-3.888045524805784,,,,,
50.0,6.349486827850342,44000,,,,,,,,,,,,,,,
50.0,4.144804000854492,44500,,,,,,,,,,,,,,,
50.0,4.132286071777344,45000,,,,,,,,,,,,,,,
50.0,5.284557819366455,45500,0.0003,0.06397996,0.0,0.2,0.06789204199594678,13419.119665527343,220,0.333203125,6260.458984375,-3.8898194365203382,,,,,
50.0,5.47507381439209,46000,,,,,,,,,,,,,,,
50.0,6.793760776519775,46500,,,,,,,,,,,,,,,
50.0,6.33193302154541,47000,,,,,,,,,,,,,,,
50.0,3.6821346282958984,47500,0.0003,0.061812557,0.0,0.2,0.06225416057568509,11760.414880371094,230,0.310400390625,5889.43310546875,-3.8939034439623357,,,,,
50.0,4.382925987243652,48000,,,,,,,,,,,,,,,
50.0,5.072125434875488,48500,,,,,,,,,,,,,,,
50.0,5.977006912231445,49000,,,,,,,,,,,,,,,
50.0,4.059468746185303,49500,0.0003,0.07301796,-1.1920928955078125e-07,0.2,0.062144893818185665,10795.109548950195,240,0.355419921875,5775.173828125,-3.89169335514307,,,,,
50.0,4.286881446838379,50000,,,,,,,,,,,,,,,
50.0,6.2867889404296875,50500,,,,,,,,,,,,,,,
50.0,3.9282479286193848,51000,,,,,,,,,,,,,,,
50.0,6.457352638244629,51500,0.0003,0.06441635,0.0,0.2,0.06986389780067839,12290.673678588868,250,0.29033203125,5897.9931640625,-3.895984976738691,,,,,
50.0,5.474946022033691,52000,,,,,,,,,,,,,,,
50.0,4.1841206550598145,52500,,,,,,,,,,,,,,,
50.0,4.677180290222168,53000,,,,,,,,,,,,,,,
50.0,5.460580825805664,53500,0.0003,0.060909897,5.960464477539063e-08,0.2,0.05938515986781567,13560.05231628418,260,0.32431640625,6246.37939453125,-3.897172802686691,,,,,
50.0,5.651355266571045,54000,,,,,,,,,,,,,,,
50.0,5.683066368103027,54500,,,,,,,,,,,,,,,
50.0,6.324819564819336,55000,,,,,,,,,,,,,,,
50.0,4.461363792419434,55500,0.0003,0.06535437,0.0,0.2,0.06564362773206085,11732.52002105713,270,0.3142578125,5265.40673828125,-3.8944996543228627,,,,,
50.0,3.9362072944641113,56000,,,,,,,,,,,,,,,
50.0,6.84068489074707,56500,,,,,,,,,,,,,,,
50.0,4.129063129425049,57000,,,,,,,,,,,,,,,
50.0,4.273008823394775,57500,0.0003,0.063911974,0.0,0.2,0.0638850465300493,12721.93974609375,280,0.314306640625,6102.72412109375,-3.8943134531378747,,,,,
50.0,6.006889820098877,58000,,,,,,,,,,,,,,,
50.0,7.548255920410156,58500,,,,,,,,,,,,,,,
50.0,5.860017776489258,59000,,,,,,,,,,,,,,,
50.0,7.059467315673828,59500,0.0003,0.06167268,0.0,0.2,0.06007138651912101,11478.547180175781,290,0.280908203125,5807.14208984375,-3.8958194218575954,,,,,
50.0,6.506464004516602,60000,,,,,,,,,,,,,,,
50.0,4.265046119689941,60500,,,,,,,,,,,,,,,
50.0,4.333984375,61000,,,,,,,,,,,,,,,
,,61440,,,,,,,,,,,129,30,511.27143983,50.0,474
50.0,7.109528541564941,61500,0.0003,0.059474304,0.0,0.2,0.06604335203301162,11586.461096191406,300,0.32705078125,5435.25341796875,-3.8936385795474053,,,,,
50.0,5.812858581542969,62000,,,,,,,,,,,,,,,
50.0,9.468643188476562,62500,,,,,,,,,,,,,,,
50.0,7.078023910522461,63000,,,,,,,,,,,,,,,
50.0,7.92427396774292,63500,0.0003,0.06856409,0.0,0.2,0.06834438634832622,12279.883081054688,310,0.3236328125,5508.37841796875,-3.8928988099098207,,,,,
50.0,5.403227806091309,64000,,,,,,,,,,,,,,,
50.0,4.631235122680664,64500,,,,,,,,,,,,,,,
50.0,4.572413921356201,65000,,,,,,,,,,,,,,,
50.0,5.849665641784668,65500,,,,,,,,,,,,,,,
50.0,4.662527561187744,66000,0.0003,0.065323,0.0,0.2,0.0637543808988994,10822.849716186523,320,0.33095703125,5166.171875,-3.893950829654932,,,,,
50.0,7.290645599365234,66500,,,,,,,,,,,,,,,
50.0,5.57388973236084,67000,,,,,,,,,,,,,,,
50.0,6.1748528480529785,67500,,,,,,,,,,,,,,,
50.0,4.807029724121094,68000,0.0003,0.06506467,-1.1920928955078125e-07,0.2,0.06349227505270391,11232.92926940918,330,0.31943359375,4783.22802734375,-3.89456994086504,,,,,
50.0,5.432076454162598,68500,,,,,,,,,,,,,,,
50.0,7.180522918701172,69000,,,,,,,,,,,,,,,
50.0,4.1813483238220215,69500,,,,,,,,,,,,,,,
50.0,7.586020469665527,70000,0.0003,0.066693544,0.0,0.2,0.07812237883335911,10205.934695434571,340,0.299609375,4024.341552734375,-3.893688910454512,,,,,
50.0,7.511371612548828,70500,,,,,,,,,,,,,,,
50.0,5.8385009765625,71000,,,,,,,,,,,,,,,
50.0,5.528118133544922,71500,,,,,,,,,,,,,,,
50.0,5.9981584548950195,72000,0.0003,0.06547935,0.0,0.2,0.06997913938830606,10376.182748413086,350,0.350341796875,5485.71875,-3.8929948404431345,,,,,
50.0,7.502547264099121,72500,,,,,,,,,,,,,,,
50.0,5.772751331329346,73000,,,,,,,,,,,,,,,
50.0,6.244884014129639,73500,,,,,,,,,,,,,,,
50.0,3.8522276878356934,74000,0.0003,0.06313685,5.960464477539063e-08,0.2,0.06801751126768067,9713.386352539062,360,0.323828125,4449.61474609375,-3.897351337224245,,,,,
50.0,6.383493900299072,74500,,,,,,,,,,,,,,,
50.0,5.091888427734375,75000,,,,,,,,,,,,,,,
50.0,5.447343826293945,75500,,,,,,,,,,,,,,,
50.0,5.024068355560303,76000,0.0003,0.06386353,0.0,0.2,0.05926437669986626,10473.644491577148,370,0.293017578125,4990.79150390625,-3.8980763122439384,,,,,
50.0,3.9333746433258057,76500,,,,,,,,,,,,,,,
50.0,7.677648544311523,77000,,,,,,,,,,,,,,,
50.0,4.117890357971191,77500,,,,,,,,,,,,,,,
50.0,6.981034278869629,78000,0.0003,0.06589322,5.960464477539063e-08,0.2,0.059666661504888904,10411.49252319336,380,0.303125,5595.28564453125,-3.8906167961657045,,,,,
50.0,5.982895851135254,78500,,,,,,,,,,,,,,,
50.0,5.984175205230713,79000,,,,,,,,,,,,,,,
50.0,8.568944931030273,79500,,,,,,,,,,,,,,,
50.0,6.47337007522583,80000,0.0003,0.06957252,0.0,0.2,0.06940913339785766,9502.992008972167,390,0.346630859375,5295.14306640625,-3.8895750500261785,,,,,
50.0,5.663201332092285,80500,,,,,,,,,,,,,,,
50.0,4.613580703735352,81000,,,,,,,,,,,,,,,
50.0,7.20298957824707,81500,,,,,,,,,,,,,,,
,,81920,,,,,,,,,,,171,40,502.07331548999997,50.0,476
50.0,7.530882835388184,82000,0.0003,0.06823037,0.0,0.2,0.07420062205637805,9571.977487182618,400,0.3205078125,4621.00341796875,-3.8936301983892916,,,,,
50.0,5.121949195861816,82500,,,,,,,,,,,,,,,
50.0,4.299037933349609,83000,,,,,,,,,,,,,,,
50.0,5.947990417480469,83500,,,,,,,,,,,,,,,
50.0,6.778918266296387,84000,0.0003,0.06437981,0.0,0.2,0.06457947223389056,8361.017092895509,410,0.333349609375,4415.25439453125,-3.8976720049977303,,,,,
50.0,5.9566192626953125,84500,,,,,,,,,,,,,,,
50.0,4.291843414306641,85000,,,,,,,,,,,,,,,
50.0,6.426982402801514,85500,,,,,,,,,,,,,,,
50.0,6.0407257080078125,86000,,,,,,,,,,,,,,,
50.0,8.299044609069824,86500,0.0003,0.06921326,0.0,0.2,0.06525074685778236,9996.05654449463,420,0.327294921875,4399.35302734375,-3.8935219652950765,,,,,
50.0,7.344925403594971,87000,,,,,,,,,,,,,,,
50.0,4.713850498199463,87500,,,,,,,,,,,,,,,
50.0,5.766864776611328,88000,,,,,,,,,,,,,,,
50.0,7.205184459686279,88500,0.0003,0.058958314,0.0,0.2,0.06207386133028194,10235.43408203125,430,0.31708984375,5307.0703125,-3.8966391414403914,,,,,
50.0,8.156604766845703,89000,,,,,,,,,,,,,,,
50.0,4.447593688964844,89500,,,,,,,,,,,,,,,
50.0,4.635531425476074,90000,,,,,,,,,,,,,,,
50.0,6.756848335266113,90500,0.0003,0.058546595,0.0,0.2,0.066149812360527,10442.741535949706,440,0.265087890625,5846.2724609375,-3.899415998160839,,,,,
50.0,4.4413347244262695,91000,,,,,,,,,,,,,,,
50.0,4.259692192077637,91500,,,,,,,,,,,,,,,
50.0,5.42360782623291,92000,,,,,,,,,,,,,,,
50.0,5.758164405822754,92500,0.0003,0.06807099,0.0,0.2,0.05878355301101692,9395.559658813476,450,0.3626953125,3831.727294921875,-3.8963256172835825,,,,,
50.0,5.590693473815918,93000,,,,,,,,,,,,,,,
50.0,4.793671607971191,93500,,,,,,,,,,,,,,,
50.0,9.044158935546875,94000,,,,,,,,,,,,,,,
50.0,5.988016605377197,94500,0.0003,0.066361584,0.0,0.2,0.06825543491868302,9541.049691772461,460,0.344287109375,4315.45166015625,-3.894414512068033,,,,,
50.0,6.116471290588379,95000,,,,,,,,,,,,,,,
50.0,7.789249420166016,95500,,,,,,,,,,,,,,,
50.0,5.437891960144043,96000,,,,,,,,,,,,,,,
50.0,3.741389513015747,96500,0.0003,0.06372193,0.0,0.2,0.07984569665277377,8605.258851623536,470,0.292822265625,4210.92626953125,-3.8973593309521677,,,,,
50.0,4.179530620574951,97000,,,,,,,,,,,,,,,
50.0,5.4158935546875,97500,,,,,,,,,,,,,,,
50.0,6.5131731033325195,98000,,,,,,,,,,,,,,,
50.0,7.603940963745117,98500,0.0003,0.063504174,0.0,0.2,0.07055746015685145,9250.4439163208,480,0.302880859375,4916.06494140625,-3.8988723196089268,,,,,
50.0,7.152653694152832,99000,,,,,,,,,,,,,,,
50.0,6.218929290771484,99500,,,,,,,,,,,,,,,
50.0,8.657068252563477,100000,,,,,,,,,,,,,,,
50.0,4.126828193664551,100500,0.0003,0.06373249,5.960464477539063e-08,0.2,0.07117897431307937,8050.393862915039,490,0.289599609375,4104.1728515625,-3.8951886743307114,,,,,
50.0,6.443398952484131,101000,,,,,,,,,,,,,,,
50.0,4.945026397705078,101500,,,,,,,,,,,,,,,
50.0,5.368213653564453,102000,,,,,,,,,,,,,,,
,,102400,,,,,,,,,,,214,50,500.30614556000006,50.0,477
50.0,5.40247917175293,102500,0.0003,0.06402293,0.0,0.2,0.06965676079271362,8161.406256103515,500,0.330712890625,4014.23876953125,-3.895496644079685,,,,,
50.0,5.877560615539551,103000,,,,,,,,,,,,,,,
50.0,6.000417709350586,103500,,,,,,,,,,,,,,,
50.0,6.070163249969482,104000,,,,,,,,,,,,,,,
50.0,6.401182174682617,104500,0.0003,0.05611851,0.0,0.2,0.053037687626783736,9400.770329284667,510,0.314501953125,3785.9873046875,-3.8971988305449488,,,,,
50.0,3.9392409324645996,105000,,,,,,,,,,,,,,,
50.0,7.35856819152832,105500,,,,,,,,,,,,,,,
50.0,5.2300496101379395,106000,,,,,,,,,,,,,,,
50.0,8.805998802185059,106500,0.0003,0.06495015,0.0,0.2,0.061769164178986105,8674.66317138672,520,0.310205078125,2991.33154296875,-3.8972224824130537,,,,,
50.0,4.850236892700195,107000,,,,,,,,,,,,,,,
50.0,5.072103977203369,107500,,,,,,,,,,,,,,,
50.0,7.583350658416748,108000,,,,,,,,,,,,,,,
50.0,4.035211563110352,108500,,,,,,,,,,,,,,,
50.0,5.717278480529785,109000,0.0003,0.060617857,0.0,0.2,0.07053227429278194,8851.346145629883,530,0.331005859375,3832.380615234375,-3.896379903703928,,,,,
50.0,5.829025745391846,109500,,,,,,,,,,,,,,,
50.0,6.385967254638672,110000,,,,,,,,,,,,,,,
50.0,4.303323745727539,110500,,,,,,,,,,,,,,,
50.0,7.136014938354492,111000,0.0003,0.06040159,0.0,0.2,0.06189852673851419,8536.19825592041,540,0.331640625,4552.515625,-3.8964932270348074,,,,,
50.0,4.540658950805664,111500,,,,,,,,,,,,,,,
50.0,8.010425567626953,112000,,,,,,,,,,,,,,,
50.0,4.695662975311279,112500,,,,,,,,,,,,,,,
50.0,4.0517578125,113000,0.0003,0.06256095,0.0,0.2,0.07423577004519757,8178.462657165527,550,0.343408203125,3213.082763671875,-3.8976557292044163,,,,,
50.0,6.936519622802734,113500,,,,,,,,,,,,,,,
50.0,4.499781608581543,114000,,,,,,,,,,,,,,,
50.0,8.91964340209961,114500,,,,,,,,,,,,,,,
50.0,6.518584251403809,115000,0.0003,0.061913084,0.0,0.2,0.055930098594399166,6769.199095153808,560,0.3330078125,4453.42626953125,-3.8959316723048687,,,,,
50.0,5.216941833496094,115500,,,,,,,,,,,,,,,
50.0,4.21811580657959,116000,,,,,,,,,,,,,,,
50.0,4.785649299621582,116500,,,,,,,,,,,,,,,
50.0,5.50786018371582,117000,0.0003,0.066725194,0.0,0.2,0.05981919916521292,6673.049908447266,570,0.3384765625,2516.106201171875,-3.89228313267231,,,,,
50.0,4.087800025939941,117500,,,,,,,,,,,,,,,
50.0,7.841577053070068,118000,,,,,,,,,,,,,,,
50.0,3.962888240814209,118500,,,,,,,,,,,,,,,
50.0,4.834785461425781,119000,0.0003,0.06603944,5.960464477539063e-08,0.2,0.05686166268424131,6785.539042663574,580,0.352587890625,3557.8603515625,-3.8867339633405207,,,,,
50.0,8.22177505493164,119500,,,,,,,,,,,,,,,
50.0,5.848946571350098,120000,,,,,,,,,,,,,,,
50.0,5.659358024597168,120500,,,,,,,,,,,,,,,
50.0,5.729541301727295,121000,0.0003,0.07065038,0.0,0.2,0.07018312290019821,7395.210176086426,590,0.328857421875,3250.551025390625,-3.893187715858221,,,,,
50.0,5.171626091003418,121500,,,,,,,,,,,,,,,
50.0,6.166430473327637,122000,,,,,,,,,,,,,,,
50.0,5.2916364669799805,122500,,,,,,,,,,,,,,,
,,122880,,,,,,,,,,,258,60,503.65161793,50.0,476
50.0,5.780493259429932,123000,0.0003,0.063651055,0.0,0.2,0.06539212131174281,7407.963716125489,600,0.306591796875,3755.720703125,-3.8958040073513986,,,,,
50.0,5.478606700897217,123500,,,,,,,,,,,,,,,
50.0,5.037433624267578,124000,,,,,,,,,,,,,,,
50.0,6.538075923919678,124500,,,,,,,,,,,,,,,
50.0,5.667412281036377,125000,0.0003,0.061541423,-1.1920928955078125e-07,0.2,0.06125428057857789,6344.578858947754,610,0.34755859375,3126.148681640625,-3.892458587884903,,,,,
50.0,8.006287574768066,125500,,,,,,,,,,,,,,,
50.0,5.389571189880371,126000,,,,,,,,,,,,,,,
50.0,6.405579090118408,126500,,,,,,,,,,,,,,,
50.0,4.147227764129639,127000,0.0003,0.062118888,5.960464477539063e-08,0.2,0.07012224495119881,7212.171049499511,620,0.335986328125,4088.123291015625,-3.891774082928896,,,,,
50.0,5.203133583068848,127500,,,,,,,,,,,,,,,
50.0,6.467479705810547,128000,,,,,,,,,,,,,,,
50.0,4.3729376792907715,128500,,,,,,,,,,,,,,,
50.0,5.973020553588867,129000,,,,,,,,,,,,,,,
50.0,6.123635292053223,129500,0.0003,0.065904126,0.0,0.2,0.0660412899160292,6994.2436447143555,630,0.3439453125,3007.517822265625,-3.8928228497505186,,,,,
50.0,9.71313190460205,130000,,,,,,,,,,,,,,,
50.0,5.4269022941589355,130500,,,,,,,,,,,,,,,
50.0,6.85553503036499,131000,,,,,,,,,,,,,,,
50.0,4.126862525939941,131500,0.0003,0.058768455,0.0,0.2,0.06570653883100022,7536.322994995117,640,0.30439453125,3358.374755859375,-3.8973209179937838,,,,,
50.0,6.861239433288574,132000,,,,,,,,,,,,,,,
50.0,5.381224155426025,132500,,,,,,,,,,,,,,,
50.0,6.128595352172852,133000,,,,,,,,,,,,,,,
50.0,6.316572189331055,133500,0.0003,0.05995272,1.1920928955078125e-07,0.2,0.063674454196007,6136.341885375977,650,0.273876953125,2938.46728515625,-3.8984112732112406,,,,,
50.0,6.00588846206665,134000,,,,,,,,,,,,,,,
50.0,6.337630271911621,134500,,,,,,,,,,,,,,,
50.0,4.194075107574463,135000,,,,,,,,,,,,,,,
50.0,7.24848747253418,135500,0.0003,0.05412106,0.0,0.2,0.05588127757509938,6159.949290466308,660,0.307080078125,3368.04931640625,-3.89364897236228,,,,,
50.0,4.170263767242432,136000,,,,,,,,,,,,,,,
50.0,9.41264533996582,136500,,,,,,,,,,,,,,,
50.0,5.143728256225586,137000,,,,,,,,,,,,,,,
50.0,6.308904647827148,137500,0.0003,0.06121772,0.0,0.2,0.0618200726195937,6191.433850097656,670,0.305908203125,3190.748291015625,-3.891363400220871,,,,,
50.0,5.495676040649414,138000,,,,,,,,,,,,,,,
50.0,4.114847660064697,138500,,,,,,,,,,,,,,,
50.0,3.739708662033081,139000,,,,,,,,,,,,,,,
50.0,4.365140914916992,139500,0.0003,0.06633057,1.1920928955078125e-07,0.2,0.0716192594380118,5119.1082542419435,680,0.31923828125,2459.239501953125,-3.8911072269082068,,,,,
50.0,4.0892252922058105,140000,,,,,,,,,,,,,,,
50.0,8.968247413635254,140500,,,,,,,,,,,,,,,
50.0,8.963337898254395,141000,,,,,,,,,,,,,,,
50.0,4.867813587188721,141500,0.0003,0.06304327,0.0,0.2,0.06172310952679254,5951.193271636963,690,0.29853515625,2772.669677734375,-3.889918478578329,,,,,
50.0,5.314057350158691,142000,,,,,,,,,,,,,,,
50.0,6.97114372253418,142500,,,,,,,,,,,,,,,
50.0,8.469419479370117,143000,,,,,,,,,,,,,,,
,,143360,,,,,,,,,,,303,70,508.33667546000004,50.0,472
50.0,8.284782409667969,143500,0.0003,0.066044,0.0,0.2,0.06529995081655215,6871.671885681152,700,0.334228515625,4422.68896484375,-3.890584923326969,,,,,
50.0,6.6320881843566895,144000,,,,,,,,,,,,,,,
50.0,5.579759120941162,144500,,,,,,,,,,,,,,,
50.0,4.654799938201904,145000,,,,,,,,,,,,,,,
50.0,5.720294952392578,145500,0.0003,0.06296889,-1.1920928955078125e-07,0.2,0.06858783876523375,5585.361759185791,710,0.34521484375,3160.66650390625,-3.8956165105104446,,,,,
50.0,5.862932205200195,146000,,,,,,,,,,,,,,,
50.0,5.924073219299316,146500,,,,,,,,,,,,,,,
50.0,5.880745887756348,147000,,,,,,,,,,,,,,,
50.0,9.466136932373047,147500,0.0003,0.06309658,1.1920928955078125e-07,0.2,0.059959645540220666,6191.137926483154,720,0.317919921875,2402.126708984375,-3.8967823028564452,,,,,
50.0,5.366231918334961,148000,,,,,,,,,,,,,,,
50.0,7.695894718170166,148500,,,,,,,,,,,,,,,
50.0,6.797453880310059,149000,,,,,,,,,,,,,,,
50.0,4.893962860107422,149500,,,,,,,,,,,,,,,
50.0,7.665460109710693,150000,0.0003,0.06630626,0.0,0.2,0.07046366258291528,5740.178495788574,730,0.303515625,3342.2412109375,-3.8976554453372954,,,,,
50.0,5.470779895782471,150500,,,,,,,,,,,,,,,
50.0,4.561370849609375,151000,,,,,,,,,,,,,,,
50.0,6.692996025085449,151500,,,,,,,,,,,,,,,
50.0,6.681797981262207,152000,0.0003,0.058395643,0.0,0.2,0.06493271958606783,6202.111343383789,740,0.281005859375,1927.1485595703125,-3.898857170343399,,,,,
50.0,4.25740909576416,152500,,,,,,,,,,,,,,,
50.0,5.455928325653076,153000,,,,,,,,,,,,,,,
50.0,4.191654205322266,153500,,,,,,,,,,,,,,,
50.0,6.185227870941162,154000,0.0003,0.059649874,0.0,0.2,0.0630239206861006,5458.894999694824,750,0.26953125,3025.0498046875,-3.894890279322863,,,,,
50.0,4.628612041473389,154500,,,,,,,,,,,,,,,
50.0,8.423211097717285,155000,,,,,,,,,,,,,,,
50.0,5.229340553283691,155500,,,,,,,,,,,,,,,
50.0,7.711834907531738,156000,0.0003,0.06588143,0.0,0.2,0.058573847493971695,5732.12258682251,760,0.31923828125,2845.004150390625,-3.888735517859459,,,,,
50.0,5.751171112060547,156500,,,,,,,,,,,,,,,
50.0,4.803628921508789,157000,,,,,,,,,,,,,,,
50.0,4.92446756362915,157500,,,,,,,,,,,,,,,
50.0,7.646515369415283,158000,0.0003,0.059865214,0.0,0.2,0.0656454543612199,4722.257626342774,770,0.294482421875,1953.5872802734375,-3.896831025183201,,,,,
50.0,4.184255599975586,158500,,,,,,,,,,,,,,,
50.0,6.263458251953125,159000,,,,,,,,,,,,,,,
50.0,6.365927696228027,159500,,,,,,,,,,,,,,,
50.0,5.494000434875488,160000,0.0003,0.055815607,0.0,0.2,0.06337165251607076,5711.770272064209,780,0.245458984375,2505.540771484375,-3.9016887582838535,,,,,
50.0,4.060532093048096,160500,,,,,,,,,,,,,,,
50.0,6.857765197753906,161000,,,,,,,,,,,,,,,
50.0,4.0139265060424805,161500,,,,,,,,,,,,,,,
50.0,4.220548152923584,162000,0.0003,0.05565141,0.0,0.2,0.0647127068368718,5424.3720031738285,790,0.27958984375,2170.925048828125,-3.9006599076092243,,,,,
50.0,5.870231628417969,162500,,,,,,,,,,,,,,,
50.0,5.574470520019531,163000,,,,,,,,,,,,,,,
50.0,9.104132652282715,163500,,,,,,,,,,,,,,,
,,163840,,,,,,,,,,,348,80,505.4559411000001,50.0,470
50.0,8.581344604492188,164000,0.0003,0.05526971,0.0,0.2,0.061855366730014794,4758.4361198425295,800,0.279150390625,2021.249267578125,-3.898433842509985,,,,,
50.0,6.986000061035156,164500,,,,,,,,,,,,,,,
50.0,3.844991445541382,165000,,,,,,,,,,,,,,,
50.0,9.105253219604492,165500,,,,,,,,,,,,,,,
50.0,4.450961112976074,166000,0.0003,0.056302976,1.1920928955078125e-07,0.2,0.06536519826913718,4203.155700683594,810,0.27685546875,1486.0970458984375,-3.899070808291435,,,,,
50.0,5.343772888183594,166500,,,,,,,,,,,,,,,
50.0,7.498359680175781,167000,,,,,,,,,,,,,,,
50.0,6.1730570793151855,167500,,,,,,,,,,,,,,,
50.0,4.526669025421143,168000,0.0003,0.06393431,0.0,0.2,0.06548353180405683,4615.188687133789,820,0.263916015625,2126.260498046875,-3.8982242584228515,,,,,
50.0,4.6564836502075195,168500,,,,,,,,,,,,,,,
50.0,4.815155982971191,169000,,,,,,,,,,,,,,,
50.0,5.0202789306640625,169500,,,,,,,,,,,,,,,
50.0,6.363107681274414,170000,0.0003,0.059594035,0.0,0.2,0.07433474903227762,4573.0319549560545,830,0.2828125,1955.981689453125,-3.8989974834024905,,,,,
50.0,5.490253448486328,170500,,,,,,,,,,,,,,,
50.0,5.515352249145508,171000,,,,,,,,,,,,,,,
50.0,5.936999320983887,171500,,,,,,,,,,,,,,,
50.0,5.62942361831665,172000,,,,,,,,,,,,,,,
50.0,6.268208980560303,172500,0.0003,0.06430189,1.1920928955078125e-07,0.2,0.07581063813413494,4494.119767761231,840,0.283056640625,2547.811767578125,-3.8988803282380102,,,,,
50.0,5.505192756652832,173000,,,,,,,,,,,,,,,
50.0,4.2359819412231445,173500,,,,,,,,,,,,,,,
50.0,8.978456497192383,174000,,,,,,,,,,,,,,,
50.0,5.864816665649414,174500,0.0003,0.063757315,0.0,0.2,0.07005642976146191,5274.286056518555,850,0.29794921875,2280.470947265625,-3.8958331629633904,,,,,
50.0,7.854852676391602,175000,,,,,,,,,,,,,,,
50.0,5.93834114074707,175500,,,,,,,,,,,,,,,
50.0,5.45412015914917,176000,,,,,,,,,,,,,,,
50.0,4.524011135101318,176500,0.0003,0.06400725,0.0,0.2,0.06548505580576602,4278.703687286377,860,0.28115234375,1589.7718505859375,-3.8936086013913154,,,,,
50.0,5.04838752746582,177000,,,,,,,,,,,,,,,
50.0,6.809672832489014,177500,,,,,,,,,,,,,,,
50.0,7.385989189147949,178000,,,,,,,,,,,,,,,
50.0,4.318516254425049,178500,0.0003,0.06594215,1.1920928955078125e-07,0.2,0.06391500116442331,4509.480605316162,870,0.284228515625,1846.101318359375,-3.8896671399474143,,,,,
50.0,6.535539627075195,179000,,,,,,,,,,,,,,,
50.0,4.07262659072876,179500,,,,,,,,,,,,,,,
50.0,7.262923240661621,180000,,,,,,,,,,,,,,,
50.0,9.679468154907227,180500,0.0003,0.065869376,0.0,0.2,0.06710128649137914,4471.155522155762,880,0.263818359375,2443.693115234375,-3.8943519070744514,,,,,
50.0,4.599282264709473,181000,,,,,,,,,,,,,,,
50.0,5.979239463806152,181500,,,,,,,,,,,,,,,
50.0,7.268951892852783,182000,,,,,,,,,,,,,,,
50.0,4.667544364929199,182500,0.0003,0.059233464,-1.1920928955078125e-07,0.2,0.048887601695605555,4247.959578704834,890,0.292236328125,1316.431640625,-3.8946343667805197,,,,,
50.0,5.730189800262451,183000,,,,,,,,,,,,,,,
50.0,3.8583545684814453,183500,,,,,,,,,,,,,,,
50.0,5.954023361206055,184000,,,,,,,,,,,,,,,
,,184320,,,,,,,,,,,390,90,508.95369702000005,50.0,471
50.0,7.1491312980651855,184500,0.0003,0.060751047,-1.1920928955078125e-07,0.2,0.06399959530099295,4310.851201629639,900,0.278662109375,1586.00244140625,-3.8950328186154364,,,,,
50.0,6.997155666351318,185000,,,,,,,,,,,,,,,
50.0,5.344887733459473,185500,,,,,,,,,,,,,,,
50.0,4.22635555267334,186000,,,,,,,,,,,,,,,
50.0,7.3066864013671875,186500,0.0003,0.06318363,0.0,0.2,0.060724480071803554,4144.5770812988285,910,0.301416015625,1744.0108642578125,-3.8932868629693984,,,,,
50.0,6.290624618530273,187000,,,,,,,,,,,,,,,
50.0,5.381263732910156,187500,,,,,,,,,,,,,,,
50.0,4.950103282928467,188000,,,,,,,,,,,,,,,
50.0,5.538780689239502,188500,0.0003,0.06735571,-1.1920928955078125e-07,0.2,0.06057652879680973,3175.4726325988768,920,0.3548828125,1779.8101806640625,-3.886641476303339,,,,,
50.0,4.029186725616455,189000,,,,,,,,,,,,,,,
50.0,5.818418502807617,189500,,,,,,,,,,,,,,,
50.0,6.548488616943359,190000,,,,,,,,,,,,,,,
50.0,6.9466447830200195,190500,0.0003,0.06528999,0.0,0.2,0.07554206663626246,4043.577313232422,930,0.335302734375,1638.3486328125,-3.890407157689333,,,,,
50.0,7.114058971405029,191000,,,,,,,,,,,,,,,
50.0,6.356588363647461,191500,,,,,,,,,,,,,,,
50.0,6.536327362060547,192000,,,,,,,,,,,,,,,
50.0,8.47157096862793,192500,,,,,,,,,,,,,,,
50.0,4.8599395751953125,193000,0.0003,0.06288683,0.0,0.2,0.06667355087120086,3667.1228507995606,940,0.32939453125,1755.2703857421875,-3.894470585882664,,,,,
50.0,7.382233619689941,193500,,,,,,,,,,,,,,,
50.0,4.536994934082031,194000,,,,,,,,,,,,,,,
50.0,4.724013328552246,194500,,,,,,,,,,,,,,,
50.0,6.31044340133667,195000,0.0003,0.061161242,-1.1920928955078125e-07,0.2,0.06708756914013066,4586.212068939209,950,0.3078125,1728.3836669921875,-3.8974712550640107,,,,,
50.0,4.1759772300720215,195500,,,,,,,,,,,,,,,
50.0,4.455127716064453,196000,,,,,,,,,,,,,,,
50.0,5.826656341552734,196500,,,,,,,,,,,,,,,
50.0,4.72196102142334,197000,0.0003,0.06338491,0.0,0.2,0.06730365741823334,3360.060702133179,960,0.27880859375,1727.477783203125,-3.900934787094593,,,,,
50.0,7.000390529632568,197500,,,,,,,,,,,,,,,
50.0,6.0905561447143555,198000,,,,,,,,,,,,,,,
50.0,8.027669906616211,198500,,,,,,,,,,,,,,,
50.0,7.735875129699707,199000,0.0003,0.06313956,5.960464477539063e-08,0.2,0.06005264875420835,3457.984084320068,970,0.30078125,1249.3878173828125,-3.896730738133192,,,,,
50.0,7.613921642303467,199500,,,,,,,,,,,,,,,
50.0,3.993238925933838,200000,,,,,,,,,,,,,,,
50.0,4.486159324645996,200500,,,,,,,,,,,,,,,
50.0,4.339530944824219,201000,0.0003,0.06361576,-1.1920928955078125e-07,0.2,0.057831113267457115,2982.866174316406,980,0.308984375,1218.9193115234375,-3.897554897516966,,,,,
50.0,4.985669136047363,201500,,,,,,,,,,,,,,,
50.0,4.396251678466797,202000,,,,,,,,,,,,,,,
50.0,6.953501224517822,202500,,,,,,,,,,,,,,,
50.0,6.323161602020264,203000,0.0003,0.058956925,0.0,0.2,0.05737690224195831,3006.870359802246,990,0.297021484375,1713.8184814453125,-3.895365458726883,,,,,
50.0,7.596747875213623,203500,,,,,,,,,,,,,,,
50.0,8.138641357421875,204000,,,,,,,,,,,,,,,
50.0,4.815377235412598,204500,,,,,,,,,,,,,,,
,,204800,,,,,,,,,,,436,100,493.04282519000003,50.0,469
50.0,7.168837547302246,205000,0.0003,0.05978384,0.0,0.2,0.07076445027778391,3297.265511703491,1000,0.306787109375,1549.1363525390625,-3.8965815640985966,,,,,
50.0,8.262080192565918,205500,,,,,,,,,,,,,,,
50.0,7.297246932983398,206000,,,,,,,,,,,,,,,
50.0,5.413203716278076,206500,,,,,,,,,,,,,,,
50.0,7.77318000793457,207000,0.0003,0.056901544,0.0,0.2,0.07087423170451075,3783.2779678344727,1010,0.28994140625,1883.119140625,-3.898801613599062,,,,,
50.0,8.143288612365723,207500,,,,,,,,,,,,,,,
50.0,6.742632865905762,208000,,,,,,,,,,,,,,,
50.0,4.535642623901367,208500,,,,,,,,,,,,,,,
50.0,4.3058319091796875,209000,0.0003,0.066327356,0.0,0.2,0.06820837493869476,3119.0653076171875,1020,0.334375,1311.8330078125,-3.897203916311264,,,,,
50.0,4.558140754699707,209500,,,,,,,,,,,,,,,
50.0,4.5635504722595215,210000,,,,,,,,,,,,,,,
50.0,5.611658573150635,210500,,,,,,,,,,,,,,,
50.0,9.183235168457031,211000,0.0003,0.06832565,0.0,0.2,0.06324616932542995,2620.7086738586427,1030,0.348046875,1153.8052978515625,-3.8945722304284573,,,,,
50.0,5.6955766677856445,211500,,,,,,,,,,,,,,,
50.0,6.574606895446777,212000,,,,,,,,,,,,,,,
50.0,6.4655609130859375,212500,,,,,,,,,,,,,,,
50.0,7.928106307983398,213000,0.0003,0.0662572,-1.1920928955078125e-07,0.2,0.065822919193306,2909.453765106201,1040,0.31318359375,1473.719482421875,-3.894041223078966,,,,,
50.0,6.785677433013916,213500,,,,,,,,,,,,,,,
50.0,5.7597246170043945,214000,,,,,,,,,,,,,,,
50.0,5.446805000305176,214500,,,,,,,,,,,,,,,
50.0,4.624136924743652,215000,,,,,,,,,,,,,,,
50.0,5.239188194274902,215500,0.0003,0.061723646,0.0,0.2,0.06452271679590922,3036.7322372436524,1050,0.34541015625,970.5736694335938,-3.894662532955408,,,,,
50.0,4.052285194396973,216000,,,,,,,,,,,,,,,
50.0,5.715710639953613,216500,,,,,,,,,,,,,,,
50.0,7.827714443206787,217000,,,,,,,,,,,,,,,
50.0,6.374758720397949,217500,0.0003,0.05726345,0.0,0.2,0.0630727009178372,3399.2761829376223,1060,0.300732421875,1506.248291015625,-3.893238390237093,,,,,
50.0,7.558187484741211,218000,,,,,,,,,,,,,,,
50.0,6.099047660827637,218500,,,,,,,,,,,,,,,
50.0,5.683533668518066,219000,,,,,,,,,,,,,,,
50.0,5.851914405822754,219500,0.0003,0.065421864,5.960464477539063e-08,0.2,0.059528917673742396,3067.794792175293,1070,0.318603515625,2017.6810302734375,-3.8913512498140337,,,,,
50.0,4.292465686798096,220000,,,,,,,,,,,,,,,
50.0,4.775971412658691,220500,,,,,,,,,,,,,,,
50.0,6.551455020904541,221000,,,,,,,,,,,,,,,
50.0,3.9577484130859375,221500,0.0003,0.063080214,0.0,0.2,0.06691224809619598,3515.465058517456,1080,0.311865234375,1292.6510009765625,-3.893706800788641,,,,,
50.0,5.0558953285217285,222000,,,,,,,,,,,,,,,
50.0,6.100537300109863,222500,,,,,,,,,,,,,,,
50.0,4.54466438293457,223000,,,,,,,,,,,,,,,
50.0,7.8920745849609375,223500,0.0003,0.06149395,5.960464477539063e-08,0.2,0.06670348772022408,2439.808520889282,1090,0.30576171875,1096.228271484375,-3.8988460272550585,,,,,
50.0,5.69149112701416,224000,,,,,,,,,,,,,,,
50.0,7.414076805114746,224500,,,,,,,,,,,,,,,
50.0,6.324541091918945,225000,,,,,,,,,,,,,,,
,,225280,,,,,,,,,,,480,110,508.8304740399999,50.0,468
50.0,5.763480186462402,225500,0.0003,0.056887016,1.1920928955078125e-07,0.2,0.06306870379776228,3225.7539459228515,1100,0.270263671875,1336.2979736328125,-3.9008447654545306,,,,,
50.0,5.365777015686035,226000,,,,,,,,,,,,,,,
50.0,7.105623245239258,226500,,,,,,,,,,,,,,,
50.0,8.200389862060547,227000,,,,,,,,,,,,,,,
50.0,7.343869209289551,227500,0.0003,0.05844071,0.0,0.2,0.06172186827461701,2619.0803039550783,1110,0.2904296875,1306.6175537109375,-3.8983593046665193,,,,,
50.0,5.125844955444336,228000,,,,,,,,,,,,,,,
50.0,5.874119758605957,228500,,,,,,,,,,,,,,,
50.0,4.145875930786133,229000,,,,,,,,,,,,,,,
50.0,5.352347373962402,229500,0.0003,0.06475402,0.0,0.2,0.061129246358177625,2385.1725200653077,1120,0.366015625,573.1362915039062,-3.8949933126568794,,,,,
50.0,5.266458511352539,230000,,,,,,,,,,,,,,,
50.0,6.193653106689453,230500,,,,,,,,,,,,,,,
50.0,5.80637264251709,231000,,,,,,,,,,,,,,,
50.0,5.967533588409424,231500,0.0003,0.06458224,5.960464477539063e-08,0.2,0.05481874760298524,3200.5925411224366,1130,0.36123046875,1298.58447265625,-3.889643394201994,,,,,
50.0,5.132815361022949,232000,,,,,,,,,,,,,,,
50.0,6.143343925476074,232500,,,,,,,,,,,,,,,
50.0,5.32867431640625,233000,,,,,,,,,,,,,,,
50.0,8.506888389587402,233500,0.0003,0.0662778,0.0,0.2,0.05733638421079377,2581.6959060668946,1140,0.32734375,1090.6243896484375,-3.8923540718853475,,,,,
50.0,4.585166931152344,234000,,,,,,,,,,,,,,,
50.0,6.179369926452637,234500,,,,,,,,,,,,,,,
50.0,9.03454303741455,235000,,,,,,,,,,,,,,,
50.0,5.964450359344482,235500,,,,,,,,,,,,,,,
50.0,5.664065837860107,236000,0.0003,0.073557995,0.0,0.2,0.06545202393317595,2246.430439376831,1150,0.356494140625,1060.724365234375,-3.889354454725981,,,,,
50.0,6.947016716003418,236500,,,,,,,,,,,,,,,
50.0,5.59366512298584,237000,,,,,,,,,,,,,,,
50.0,5.928553104400635,237500,,,,,,,,,,,,,,,
50.0,6.273036003112793,238000,0.0003,0.06733761,5.960464477539063e-08,0.2,0.059878388018114494,2845.5669940948487,1160,0.3380859375,1959.7061767578125,-3.892819193005562,,,,,
50.0,6.845923900604248,238500,,,,,,,,,,,,,,,
50.0,5.088454246520996,239000,,,,,,,,,,,,,,,
50.0,10.661478042602539,239500,,,,,,,,,,,,,,,
50.0,4.693446159362793,240000,0.0003,0.06380907,0.0,0.2,0.06338594910339453,2509.092232131958,1170,0.3291015625,1195.8172607421875,-3.8947888880968096,,,,,
50.0,5.470602989196777,240500,,,,,,,,,,,,,,,
50.0,8.587174415588379,241000,,,,,,,,,,,,,,,
50.0,6.496916770935059,241500,,,,,,,,,,,,,,,
50.0,6.606226921081543,242000,0.0003,0.06673755,0.0,0.2,0.06646431060507893,2319.011424255371,1180,0.321337890625,1274.2611083984375,-3.894649625569582,,,,,
50.0,8.241546630859375,242500,,,,,,,,,,,,,,,
50.0,6.171820640563965,243000,,,,,,,,,,,,,,,
50.0,5.2502055168151855,243500,,,,,,,,,,,,,,,
50.0,5.470339775085449,244000,0.0003,0.06815654,0.0,0.2,0.06643542767269536,1987.8920698165894,1190,0.316259765625,689.115478515625,-3.8995871298015117,,,,,
50.0,6.862760543823242,244500,,,,,,,,,,,,,,,
50.0,4.8135786056518555,245000,,,,,,,,,,,,,,,
50.0,4.760738849639893,245500,,,,,,,,,,,,,,,
,,245760,,,,,,,,,,,525,120,495.73928601,50.0,467
50.0,7.793355941772461,246000,0.0003,0.06744013,-1.1920928955078125e-07,0.2,0.061940851746476254,2008.7716396331787,1200,0.322998046875,863.8193359375,-3.894312208890915,,,,,
50.0,5.986083984375,246500,,,,,,,,,,,,,,,
50.0,6.703160285949707,247000,,,,,,,,,,,,,,,
50.0,5.795511245727539,247500,,,,,,,,,,,,,,,
50.0,4.802875518798828,248000,0.0003,0.06341027,0.0,0.2,0.0630327629914973,2354.0062267303465,1210,0.31611328125,682.3522338867188,-3.892577384412289,,,,,
50.0,5.694131851196289,248500,,,,,,,,,,,,,,,
50.0,7.214753150939941,249000,,,,,,,,,,,,,,,
50.0,8.843948364257812,249500,,,,,,,,,,,,,,,
50.0,5.000507354736328,250000,0.0003,0.063310966,5.960464477539063e-08,0.2,0.061102863802807404,2405.3479042053223,1220,0.291455078125,1034.5787353515625,-3.893688578158617,,,,,
50.0,6.55226993560791,250500,,,,,,,,,,,,,,,
50.0,4.509430885314941,251000,,,,,,,,,,,,,,,
50.0,5.613943576812744,251500,,,,,,,,,,,,,,,
50.0,5.121257305145264,252000,0.0003,0.06683471,5.960464477539063e-08,0.2,0.06290951186965685,2010.7334987640381,1230,0.299658203125,797.8158569335938,-3.897591257095337,,,,,
50.0,4.901389122009277,252500,,,,,,,,,,,,,,,
50.0,4.08181095123291,253000,,,,,,,,,,,,,,,
50.0,6.584989547729492,253500,,,,,,,,,,,,,,,
50.0,3.8372180461883545,254000,0.0003,0.06447819,-1.1920928955078125e-07,0.2,0.06209857629728503,2172.261148452759,1240,0.318212890625,1352.64892578125,-3.897763625532389,,,,,
50.0,8.87087631225586,254500,,,,,,,,,,,,,,,
50.0,5.767919540405273,255000,,,,,,,,,,,,,,,
50.0,5.833434104919434,255500,,,,,,,,,,,,,,,
50.0,6.840549468994141,256000,,,,,,,,,,,,,,,
50.0,6.343015670776367,256500,0.0003,0.07119033,0.0,0.2,0.053829909206251615,1926.920186805725,1250,0.347607421875,835.8067016601562,-3.894025832414627,,,,,
50.0,7.102480411529541,257000,,,,,,,,,,,,,,,
50.0,6.038992881774902,257500,,,,,,,,,,,,,,,
50.0,7.086513519287109,258000,,,,,,,,,,,,,,,
50.0,5.7107391357421875,258500,0.0003,0.06674045,0.0,0.2,0.055313918559113516,1770.6975393295288,1260,0.347900390625,573.6917114257812,-3.889460166543722,,,,,
50.0,6.768509387969971,259000,,,,,,,,,,,,,,,
50.0,5.400572776794434,259500,,,,,,,,,,,,,,,
50.0,4.567625999450684,260000,,,,,,,,,,,,,,,
50.0,4.616469860076904,260500,0.0003,0.06472731,0.0,0.2,0.06435118717199657,2023.506658744812,1270,0.32607421875,1051.40576171875,-3.892818482965231,,,,,
50.0,4.442660331726074,261000,,,,,,,,,,,,,,,
50.0,5.4839982986450195,261500,,,,,,,,,,,,,,,
50.0,5.661505699157715,262000,,,,,,,,,,,,,,,
50.0,4.650203704833984,262500,0.0003,0.06456495,5.960464477539063e-08,0.2,0.048521168262232094,1849.0956438064575,1280,0.33681640625,725.2340698242188,-3.8965218633413317,,,,,
50.0,4.411896228790283,263000,,,,,,,,,,,,,,,
50.0,7.033639430999756,263500,,,,,,,,,,,,,,,
50.0,4.631671905517578,264000,,,,,,,,,,,,,,,
50.0,4.795985221862793,264500,0.0003,0.06664016,0.0,0.2,0.05451836551073939,1889.537982559204,1290,0.3724609375,637.8857421875,-3.8961528681218622,,,,,
50.0,6.3371405601501465,265000,,,,,,,,,,,,,,,
50.0,7.145868301391602,265500,,,,,,,,,,,,,,,
50.0,6.580206871032715,266000,,,,,,,,,,,,,,,
,,266240,,,,,,,,,,,1074,130,493.91640652000007,50.0,247
50.0,6.792424201965332,266500,0.0003,0.06505236,0.0,0.2,0.05298544834658969,1639.7927824020385,1300,0.3390625,597.9300537109375,-3.8985732406377793,,,,,
50.0,8.622424125671387,267000,,,,,,,,,,,,,,,
50.0,5.540709495544434,267500,,,,,,,,,,,,,,,
50.0,7.235567092895508,268000,,,,,,,,,,,,,,,
50.0,7.636478900909424,268500,0.0003,0.05562672,0.0,0.2,0.04846141339221503,1892.452229118347,1310,0.273388671875,1077.6533203125,-3.899117874354124,,,,,
50.0,7.240761756896973,269000,,,,,,,,,,,,,,,
50.0,5.249345302581787,269500,,,,,,,,,,,,,,,
50.0,7.359431266784668,270000,,,,,,,,,,,,,,,
50.0,4.405755996704102,270500,0.0003,0.061159015,-1.1920928955078125e-07,0.2,0.05715506313135847,1652.389035797119,1320,0.255859375,806.27001953125,-3.9022795610129832,,,,,
50.0,5.097507476806641,271000,,,,,,,,,,,,,,,
50.0,7.543178081512451,271500,,,,,,,,,,,,,,,
50.0,8.205887794494629,272000,,,,,,,,,,,,,,,
