eval/mean_reward,time/total_timesteps,eval/mean_ep_length,train/clip_fraction,train/learning_rate,train/entropy_loss,train/loss,train/policy_gradient_loss,train/explained_variance,train/clip_range,train/approx_kl,train/value_loss,train/n_updates,rollout/ep_len_mean,time/iterations,time/time_elapsed,rollout/ep_rew_mean,time/fps
54.738006591796875,1024,40.0,,,,,,,,,,,,,,,
48.981483459472656,2048,40.0,,,,,,,,,,,,,,,
47.35820007324219,3072,40.0,0.4267578125,0.0003,-6.3967405840754505,68223.171875,-0.02974145567568485,0.00019633769989013672,0.2,0.07615467,157879.59650878905,10,,,,,
51.51850891113281,4096,40.0,,,,,,,,,,,,,,,
47.49956512451172,5120,40.0,0.4111328125,0.0003,-6.396155361831188,70049.5,-0.02523873340978753,-1.1920928955078125e-07,0.2,0.07553628,154933.27807617188,20,,,,,
49.509033203125,6144,40.0,,,,,,,,,,,,,,,
53.013301849365234,7168,40.0,0.417529296875,0.0003,-6.395626682043075,85209.4453125,-0.03186682751111221,0.0,0.2,0.07174905,164229.58315429688,30,,,,,
49.529144287109375,8192,40.0,,,,,,,,,,,,,,,
52.778465270996094,9216,40.0,0.4150390625,0.0003,-6.395136024057865,80508.1171875,-0.03246354486909695,-1.1920928955078125e-07,0.2,0.07607927,162672.70405273436,40,,,,,
51.403282165527344,10240,40.0,,,,,,,,,,,,,,,
45.333168029785156,11264,40.0,0.43125,0.0003,-6.394682143628597,82026.6953125,-0.030227056791773066,1.1920928955078125e-07,0.2,0.07917827,184020.65004882813,50,,,,,
45.66630935668945,12288,40.0,,,,,,,,,,,,,,,
54.27656555175781,13312,40.0,0.41123046875,0.0003,-6.394173020124436,87831.375,-0.03222548678895691,0.0,0.2,0.07348338,175967.19775390625,60,,,,,
47.57978820800781,14336,40.0,,,,,,,,,,,,,,,
56.77497863769531,15360,40.0,0.414208984375,0.0003,-6.3935913890600204,87956.2265625,-0.028237322992936242,-1.1920928955078125e-07,0.2,0.080353186,185753.14711914063,70,,,,,
56.534576416015625,16384,40.0,,,,,,,,,,,,,,,
46.4413948059082,17408,40.0,0.403173828125,0.0003,-6.393061581254005,80126.1875,-0.03487300862034317,0.0,0.2,0.07517888,183723.4457519531,80,,,,,
52.30609893798828,18432,40.0,,,,,,,,,,,,,,,
50.20732116699219,19456,40.0,0.4169921875,0.0003,-6.392983993887901,85145.2578125,-0.031222501400043255,0.0,0.2,0.072885245,166334.22316894532,90,,,,,
54.525245666503906,20480,40.0,,,,,,,,,,,,,,,
,20480,,,,,,,,,,,,40.0,10,37,1261.69176312,550
51.23246765136719,21504,40.0,0.427685546875,0.0003,-6.392778073251248,93767.0,-0.02744294060394168,-1.1920928955078125e-07,0.2,0.078272164,169183.7578125,100,,,,,
55.73048782348633,22528,40.0,,,,,,,,,,,,,,,
51.94096374511719,23552,40.0,0.416259765625,0.0003,-6.392235279083252,95582.6640625,-0.03195095121045597,0.0,0.2,0.07093841,167550.328515625,110,,,,,
46.84956741333008,24576,40.0,,,,,,,,,,,,,,,
47.41930389404297,25600,40.0,0.40400390625,0.0003,-6.391774256527424,90647.46875,-0.034844820149010046,5.960464477539063e-08,0.2,0.06827573,190059.0365722656,120,,,,,
48.92823791503906,26624,40.0,,,,,,,,,,,,,,,
50.922325134277344,27648,40.0,0.41982421875,0.0003,-6.391231887042522,80537.0625,-0.02770114131271839,0.0,0.2,0.07829912,167976.39514160156,130,,,,,
54.296836853027344,28672,40.0,,,,,,,,,,,,,,,
47.89565658569336,29696,40.0,0.42724609375,0.0003,-6.390622743964196,77261.9140625,-0.02446022193180397,-1.1920928955078125e-07,0.2,0.07574731,154519.65046386718,140,,,,,
56.05773162841797,30720,40.0,,,,,,,,,,,,,,,
51.563690185546875,31744,40.0,0.434765625,0.0003,-6.389998550713062,93585.046875,-0.03369713433785364,1.7881393432617188e-07,0.2,0.07369738,171479.44541015624,150,,,,,
53.04135513305664,32768,40.0,,,,,,,,,,,,,,,
51.30061721801758,33792,40.0,0.40146484375,0.0003,-6.3894352778792385,81325.4140625,-0.029360368248308077,0.0,0.2,0.06973678,160749.87397460936,160,,,,,
43.16191864013672,34816,40.0,,,,,,,,,,,,,,,
45.393959045410156,35840,40.0,0.423193359375,0.0003,-6.388707657158375,80311.015625,-0.030552548839477823,0.0,0.2,0.07721712,170238.8111328125,170,,,,,
48.194114685058594,36864,40.0,,,,,,,,,,,,,,,
54.876319885253906,37888,40.0,0.420166015625,0.0003,-6.388115690648556,88359.171875,-0.026201825037423986,1.1920928955078125e-07,0.2,0.07519828,178860.03696289062,180,,,,,
49.383155822753906,38912,40.0,,,,,,,,,,,,,,,
48.61407470703125,39936,40.0,0.410498046875,0.0003,-6.387685967981815,85715.7734375,-0.02212461316375993,1.7881393432617188e-07,0.2,0.075561896,172674.6669921875,190,,,,,
40.389503479003906,40960,40.0,,,,,,,,,,,,,,,
,40960,,,,,,,,,,,,40.0,20,74,1255.63459732,549
53.092193603515625,41984,40.0,0.413818359375,0.0003,-6.387136377394199,69878.6328125,-0.029433583689387886,-2.384185791015625e-07,0.2,0.076343484,152790.69370117187,200,,,,,
56.98515701293945,43008,40.0,,,,,,,,,,,,,,,
46.550819396972656,44032,40.0,0.413671875,0.0003,-6.386402462422848,77890.0234375,-0.031997548506478776,1.1920928955078125e-07,0.2,0.073790856,168354.51748046876,210,,,,,
51.19501876831055,45056,40.0,,,,,,,,,,,,,,,
51.697235107421875,46080,40.0,0.415869140625,0.0003,-6.385786582529545,71008.3828125,-0.031132916813658085,-1.1920928955078125e-07,0.2,0.07401207,153119.03491210938,220,,,,,
49.36072540283203,47104,40.0,,,,,,,,,,,,,,,
46.70106506347656,48128,40.0,0.405078125,0.0003,-6.38521570712328,79390.734375,-0.030274171916244087,1.1920928955078125e-07,0.2,0.075810656,158504.49965820313,230,,,,,
44.16924285888672,49152,40.0,,,,,,,,,,,,,,,
49.547725677490234,50176,40.0,0.41884765625,0.0003,-6.384458224475384,88667.0546875,-0.029837112841778434,0.0,0.2,0.07850312,179315.61606445312,240,,,,,
52.417442321777344,51200,40.0,,,,,,,,,,,,,,,
49.693504333496094,52224,40.0,0.431201171875,0.0003,-6.3838552549481395,91800.40625,-0.029002267686882986,0.0,0.2,0.08138687,168195.88022460937,250,,,,,
47.88215637207031,53248,40.0,,,,,,,,,,,,,,,
42.28563690185547,54272,40.0,0.418359375,0.0003,-6.383387154340744,83374.109375,-0.026279222170705906,0.0,0.2,0.0769006,167065.42602539062,260,,,,,
47.021148681640625,55296,40.0,,,,,,,,,,,,,,,
50.2066650390625,56320,40.0,0.420849609375,0.0003,-6.382556204497814,76791.3203125,-0.02828551893180702,2.384185791015625e-07,0.2,0.071245104,151030.4496582031,270,,,,,
48.21002197265625,57344,40.0,,,,,,,,,,,,,,,
50.40769958496094,58368,40.0,0.4181640625,0.0003,-6.381619095802307,82810.2578125,-0.03167053058859892,-2.384185791015625e-07,0.2,0.077861965,162111.9232421875,280,,,,,
50.83317947387695,59392,40.0,,,,,,,,,,,,,,,
51.77159881591797,60416,40.0,0.403857421875,0.0003,-6.380858278274536,57283.84765625,-0.027196770044974984,-1.1920928955078125e-07,0.2,0.07272945,123430.60080566406,290,,,,,
45.32361602783203,61440,40.0,,,,,,,,,,,,,,,
,61440,,,,,,,,,,,,40.0,30,111,1100.0216959599995,552
52.883079528808594,62464,40.0,0.402294921875,0.0003,-6.380083227157593,49110.796875,-0.020964780720532872,1.1920928955078125e-07,0.2,0.07690707,115546.77097167968,300,,,,,
46.98340606689453,63488,40.0,,,,,,,,,,,,,,,
45.34583282470703,64512,40.0,0.413232421875,0.0003,-6.379222215712071,82715.203125,-0.025337572293938137,0.0,0.2,0.066739835,156292.49145507812,310,,,,,
53.99012756347656,65536,40.0,,,,,,,,,,,,,,,
48.75788879394531,66560,40.0,0.4037109375,0.0003,-6.378590866923332,90135.984375,-0.029818390766740775,-1.1920928955078125e-07,0.2,0.07546489,177742.63349609374,320,,,,,
51.91497802734375,67584,40.0,,,,,,,,,,,,,,,
45.17304611206055,68608,40.0,0.424267578125,0.0003,-6.377999117970466,85023.609375,-0.027259013475850226,0.0,0.2,0.07620359,177537.72670898438,330,,,,,
51.649864196777344,69632,40.0,,,,,,,,,,,,,,,
52.14116287231445,70656,40.0,0.4154296875,0.0003,-6.3774307981133465,70832.0703125,-0.02860323215718381,-1.1920928955078125e-07,0.2,0.07388811,155067.3469482422,340,,,,,
46.994728088378906,71680,40.0,,,,,,,,,,,,,,,
56.49463653564453,72704,40.0,0.40927734375,0.0003,-6.376801100373268,84279.296875,-0.027348025364335626,0.0,0.2,0.073190585,153620.92734375,350,,,,,
43.34501647949219,73728,40.0,,,,,,,,,,,,,,,
49.99256134033203,74752,40.0,0.416455078125,0.0003,-6.375981672108173,81748.7578125,-0.025310080079361797,0.0,0.2,0.07433754,150354.91428222656,360,,,,,
45.97431945800781,75776,40.0,,,,,,,,,,,,,,,
48.01490783691406,76800,40.0,0.41494140625,0.0003,-6.375027149915695,89255.3515625,-0.024274236023484264,0.0,0.2,0.07770039,161915.37736816407,370,,,,,
53.637001037597656,77824,40.0,,,,,,,,,,,,,,,
44.875301361083984,78848,40.0,0.43544921875,0.0003,-6.374257363379002,88172.9453125,-0.02360801764880307,5.960464477539063e-08,0.2,0.07887435,175349.84755859376,380,,,,,
50.14882278442383,79872,40.0,,,,,,,,,,,,,,,
56.95079803466797,80896,40.0,0.424365234375,0.0003,-6.373411190509796,76788.15625,-0.023565540337585844,0.0,0.2,0.07961876,155236.71501464845,390,,,,,
48.03816223144531,81920,40.0,,,,,,,,,,,,,,,
,81920,,,,,,,,,,,,40.0,40,147,1305.6006187400003,555
44.26750946044922,82944,40.0,0.406787109375,0.0003,-6.372367690503597,87925.015625,-0.035883590957382694,0.0,0.2,0.07395889,165433.34240722656,400,,,,,
52.71794128417969,83968,40.0,,,,,,,,,,,,,,,
50.88609313964844,84992,40.0,0.413671875,0.0003,-6.371364593505859,72123.5390625,-0.031147937529021875,0.0,0.2,0.07830243,138284.47692871094,410,,,,,
45.845863342285156,86016,40.0,,,,,,,,,,,,,,,
52.991722106933594,87040,40.0,0.423828125,0.0003,-6.370489251613617,70699.546875,-0.03158774767653085,0.0,0.2,0.07461895,154580.86650390626,420,,,,,
47.92829513549805,88064,40.0,,,,,,,,,,,,,,,
53.322166442871094,89088,40.0,0.40048828125,0.0003,-6.369783701002598,76830.34375,-0.031309724142192866,0.0,0.2,0.0754064,151458.12224121095,430,,,,,
43.03916931152344,90112,40.0,,,,,,,,,,,,,,,
50.718318939208984,91136,40.0,0.40263671875,0.0003,-6.369982455670834,79266.6875,-0.027188947447575627,0.0,0.2,0.07430133,158273.59133300782,440,,,,,
50.98519515991211,92160,40.0,,,,,,,,,,,,,,,
54.47475814819336,93184,40.0,0.416650390625,0.0003,-6.3688658475875854,71690.078125,-0.03089878576574847,-1.1920928955078125e-07,0.2,0.07411115,154445.9783935547,450,,,,,
46.17496871948242,94208,40.0,,,,,,,,,,,,,,,
50.1192626953125,95232,40.0,0.437060546875,0.0003,-6.367399361729622,77336.125,-0.018762078153667972,0.0,0.2,0.07758636,151726.73911132812,460,,,,,
51.10480880737305,96256,40.0,,,,,,,,,,,,,,,
57.52357482910156,97280,40.0,0.4173828125,0.0003,-6.3660260260105135,66984.28125,-0.025653851265087724,0.0,0.2,0.07061504,127620.95642089844,470,,,,,
44.015472412109375,98304,40.0,,,,,,,,,,,,,,,
42.66653060913086,99328,40.0,0.40673828125,0.0003,-6.3651216074824335,75036.9375,-0.03231095174851362,0.0,0.2,0.06952844,148401.0471923828,480,,,,,
45.461910247802734,100352,40.0,,,,,,,,,,,,,,,
48.75172424316406,101376,40.0,0.411279296875,0.0003,-6.365380991995335,75925.3671875,-0.029691097253817134,-1.1920928955078125e-07,0.2,0.075725995,163175.852734375,490,,,,,
50.98735427856445,102400,40.0,,,,,,,,,,,,,,,
,102400,,,,,,,,,,,,40.0,50,183,1287.67340887,558
50.44902038574219,103424,40.0,0.414453125,0.0003,-6.365485355257988,65376.6875,-0.02687132122227922,0.0,0.2,0.07476996,137683.25107421874,500,,,,,
48.27558517456055,104448,40.0,,,,,,,,,,,,,,,
52.776954650878906,105472,40.0,0.411181640625,0.0003,-6.365234415233135,60077.29296875,-0.024022550589870663,0.0,0.2,0.075896725,130637.36784667968,510,,,,,
46.015953063964844,106496,40.0,,,,,,,,,,,,,,,
45.20259094238281,107520,40.0,0.425244140625,0.0003,-6.36476427167654,77424.6953125,-0.029343575445818715,0.0,0.2,0.07753547,151797.79711914062,520,,,,,
54.429222106933594,108544,40.0,,,,,,,,,,,,,,,
51.21319580078125,109568,40.0,0.431494140625,0.0003,-6.363635309040546,75159.3671875,-0.02209326178417541,0.0,0.2,0.076944545,147565.0705810547,530,,,,,
45.96803283691406,110592,40.0,,,,,,,,,,,,,,,
50.43107604980469,111616,40.0,0.420068359375,0.0003,-6.362256446480751,84455.171875,-0.025905101402895526,0.0,0.2,0.07368681,160590.16826171876,540,,,,,
49.978248596191406,112640,40.0,,,,,,,,,,,,,,,
53.60377883911133,113664,40.0,0.422607421875,0.0003,-6.361327344179154,75773.0234375,-0.029114523704629393,1.1920928955078125e-07,0.2,0.0766895,146991.23283691407,550,,,,,
46.67319107055664,114688,40.0,,,,,,,,,,,,,,,
54.12031555175781,115712,40.0,0.403173828125,0.0003,-6.360604180395603,68095.2890625,-0.020015025977045298,0.0,0.2,0.07399395,140931.43662109374,560,,,,,
51.56194305419922,116736,40.0,,,,,,,,,,,,,,,
47.9892463684082,117760,40.0,0.408544921875,0.0003,-6.360080523788929,84363.40625,-0.022225400476600043,-1.1920928955078125e-07,0.2,0.0747957,148392.55739746094,570,,,,,
47.43573760986328,118784,40.0,,,,,,,,,,,,,,,
53.13394546508789,119808,40.0,0.406494140625,0.0003,-6.359165108203888,76739.40625,-0.024687797040678562,0.0,0.2,0.076561436,132578.25087890626,580,,,,,
50.82553482055664,120832,40.0,,,,,,,,,,,,,,,
49.477718353271484,121856,40.0,0.396484375,0.0003,-6.3581055998802185,69444.1171875,-0.0276936202601064,1.1920928955078125e-07,0.2,0.06912212,136729.7477294922,590,,,,,
47.7778205871582,122880,40.0,,,,,,,,,,,,,,,
,122880,,,,,,,,,,,,40.0,60,224,1246.52745362,547
53.964195251464844,123904,40.0,0.4140625,0.0003,-6.356647135317326,68316.9765625,-0.027921901959052774,0.0,0.2,0.07424145,136890.3338623047,600,,,,,
42.843406677246094,124928,40.0,,,,,,,,,,,,,,,
53.41555404663086,125952,40.0,0.4212890625,0.0003,-6.355558429658413,79375.5625,-0.021651426637981787,0.0,0.2,0.078670755,141682.79428710937,610,,,,,
49.339752197265625,126976,40.0,,,,,,,,,,,,,,,
49.51769256591797,128000,40.0,0.405615234375,0.0003,-6.355257888138294,63288.2421875,-0.026721972480299883,1.1920928955078125e-07,0.2,0.07346654,144685.2607421875,620,,,,,
50.36975860595703,129024,40.0,,,,,,,,,,,,,,,
53.941673278808594,130048,40.0,0.41640625,0.0003,-6.354132415354252,59277.05078125,-0.02846472187375184,0.0,0.2,0.070218824,141651.40329589843,630,,,,,
47.772850036621094,131072,40.0,,,,,,,,,,,,,,,
52.69956970214844,132096,40.0,0.403271484375,0.0003,-6.351990093290806,68197.203125,-0.025239345323643646,-1.1920928955078125e-07,0.2,0.07177982,146104.5826171875,640,,,,,
45.78600311279297,133120,40.0,,,,,,,,,,,,,,,
51.286293029785156,134144,40.0,0.44326171875,0.0003,-6.349936078488827,79586.4375,-0.0234895129367942,0.0,0.2,0.07650043,146058.39221191406,650,,,,,
54.326934814453125,135168,40.0,,,,,,,,,,,,,,,
38.724239349365234,136192,40.0,0.426220703125,0.0003,-6.34899290651083,82701.4609375,-0.02439693861088017,1.7881393432617188e-07,0.2,0.079048514,176242.1189453125,660,,,,,
52.4835319519043,137216,40.0,,,,,,,,,,,,,,,
47.145469665527344,138240,40.0,0.40068359375,0.0003,-6.349093604087829,68101.34375,-0.022630187164759265,0.0,0.2,0.076480314,147022.19775390625,670,,,,,
49.79792022705078,139264,40.0,,,,,,,,,,,,,,,
48.90528869628906,140288,40.0,0.423779296875,0.0003,-6.348624488711357,63522.03125,-0.02638882764877053,-1.1920928955078125e-07,0.2,0.076973334,137156.95603027343,680,,,,,
46.264747619628906,141312,40.0,,,,,,,,,,,,,,,
53.09096908569336,142336,40.0,0.432666015625,0.0003,-6.347464910149574,66938.9921875,-0.022357419641048183,0.0,0.2,0.08100911,147888.2630126953,690,,,,,
57.491275787353516,143360,40.0,,,,,,,,,,,,,,,
,143360,,,,,,,,,,,,40.0,70,263,1294.3563729300001,543
43.90100860595703,144384,40.0,0.408251953125,0.0003,-6.345950122177601,69967.0546875,-0.023984282299352344,1.1920928955078125e-07,0.2,0.06763208,140067.26989746094,700,,,,,
46.517269134521484,145408,40.0,,,,,,,,,,,,,,,
50.346038818359375,146432,40.0,0.412890625,0.0003,-6.3447096541523935,72780.9921875,-0.023385790319298393,0.0,0.2,0.07460332,147943.03317871093,710,,,,,
47.87742614746094,147456,40.0,,,,,,,,,,,,,,,
43.08698654174805,148480,40.0,0.412744140625,0.0003,-6.34436442553997,56655.11328125,-0.02332492543500848,0.0,0.2,0.071569115,141414.92880859374,720,,,,,
43.84461212158203,149504,40.0,,,,,,,,,,,,,,,
41.23352813720703,150528,40.0,0.419189453125,0.0003,-6.343935640156269,59328.88671875,-0.026573933391773608,5.960464477539063e-08,0.2,0.070608735,134313.83156738282,730,,,,,
47.29673767089844,151552,40.0,,,,,,,,,,,,,,,
51.817779541015625,152576,40.0,0.403955078125,0.0003,-6.3436151668429375,66757.390625,-0.03183672197628766,0.0,0.2,0.07320525,132282.95053710937,740,,,,,
51.67729949951172,153600,40.0,,,,,,,,,,,,,,,
53.072853088378906,154624,40.0,0.393212890625,0.0003,-6.343277794122696,77884.8125,-0.023178422547061928,-1.1920928955078125e-07,0.2,0.07253869,150763.70124511718,750,,,,,
51.521610260009766,155648,40.0,,,,,,,,,,,,,,,
49.70881652832031,156672,40.0,0.40439453125,0.0003,-6.3426783829927444,65297.9140625,-0.021844377726665698,-1.1920928955078125e-07,0.2,0.071763456,131574.68623046874,760,,,,,
49.86851501464844,157696,40.0,,,,,,,,,,,,,,,
49.856773376464844,158720,40.0,0.42587890625,0.0003,-6.341943016648292,59712.55859375,-0.018053536087973044,0.0,0.2,0.07604716,134804.0415527344,770,,,,,
44.08332061767578,159744,40.0,,,,,,,,,,,,,,,
52.8570671081543,160768,40.0,0.4212890625,0.0003,-6.341116951406002,66135.8515625,-0.02039520529069705,-1.1920928955078125e-07,0.2,0.071099415,141017.8588378906,780,,,,,
48.272037506103516,161792,40.0,,,,,,,,,,,,,,,
46.104122161865234,162816,40.0,0.401416015625,0.0003,-6.340944766998291,61501.7890625,-0.023340029212704394,-1.1920928955078125e-07,0.2,0.07114254,120650.95832519532,790,,,,,
52.3242301940918,163840,40.0,,,,,,,,,,,,,,,
,163840,,,,,,,,,,,,40.0,80,300,1247.0609303400001,544
50.679527282714844,164864,40.0,0.426123046875,0.0003,-6.340772011876107,71110.828125,-0.024789778087870216,-1.1920928955078125e-07,0.2,0.07452459,132724.25681152343,800,,,,,
54.16876983642578,165888,40.0,,,,,,,,,,,,,,,
51.29121398925781,166912,40.0,0.395947265625,0.0003,-6.339158144593239,65957.6328125,-0.026690121297724544,1.1920928955078125e-07,0.2,0.06973387,142358.6749267578,810,,,,,
51.34807205200195,167936,40.0,,,,,,,,,,,,,,,
47.975196838378906,168960,40.0,0.42080078125,0.0003,-6.3374818623065945,67761.953125,-0.022973520823870785,-2.384185791015625e-07,0.2,0.076881714,136414.96589355468,820,,,,,
51.210899353027344,169984,40.0,,,,,,,,,,,,,,,
51.27045440673828,171008,40.0,0.427001953125,0.0003,-6.335439397394657,51508.51171875,-0.014660365073359572,0.0,0.2,0.07480745,113046.95686035157,830,,,,,
54.48064422607422,172032,40.0,,,,,,,,,,,,,,,
49.35552978515625,173056,40.0,0.39814453125,0.0003,-6.333240909874439,65005.34765625,-0.02887350560631603,0.0,0.2,0.071439534,126826.91457519532,840,,,,,
51.8018684387207,174080,40.0,,,,,,,,,,,,,,,
45.47051239013672,175104,40.0,0.408984375,0.0003,-6.3305969566106794,73611.5546875,-0.025802870439656546,2.384185791015625e-07,0.2,0.0756208,146234.40615234376,850,,,,,
48.12132263183594,176128,40.0,,,,,,,,,,,,,,,
52.015724182128906,177152,40.0,0.41015625,0.0003,-6.32885232269764,72408.375,-0.024432952667120846,-1.1920928955078125e-07,0.2,0.07044543,138705.73012695313,860,,,,,
47.482421875,178176,40.0,,,,,,,,,,,,,,,
56.15397644042969,179200,40.0,0.41015625,0.0003,-6.328044320642948,71679.4921875,-0.024040487654565366,1.1920928955078125e-07,0.2,0.07234507,140547.24235839845,870,,,,,
47.11436462402344,180224,40.0,,,,,,,,,,,,,,,
52.90142822265625,181248,40.0,0.414794921875,0.0003,-6.326175613701343,73325.7421875,-0.03140163478674367,0.0,0.2,0.07326673,141774.47702636718,880,,,,,
49.19123840332031,182272,40.0,,,,,,,,,,,,,,,
59.675804138183594,183296,40.0,0.4115234375,0.0003,-6.3250121280550955,72658.1953125,-0.025167266963399014,0.0,0.2,0.071406506,120923.89436035157,890,,,,,
55.260215759277344,184320,40.0,,,,,,,,,,,,,,,
,184320,,,,,,,,,,,,40.0,90,338,1263.32569356,544
48.193748474121094,185344,40.0,0.43779296875,0.0003,-6.325711835920811,60592.2890625,-0.02178209634439554,0.0,0.2,0.07229076,124926.72028808594,900,,,,,
49.95360565185547,186368,40.0,,,,,,,,,,,,,,,
45.748435974121094,187392,40.0,0.41240234375,0.0003,-6.32586309760809,58598.27734375,-0.02116801683732774,0.0,0.2,0.07362623,111742.4708984375,910,,,,,
51.90329360961914,188416,40.0,,,,,,,,,,,,,,,
51.50917053222656,189440,40.0,0.439208984375,0.0003,-6.324644994735718,66599.3203125,-0.01778701479342999,5.960464477539063e-08,0.2,0.07836044,132084.48525390626,920,,,,,
48.597984313964844,190464,40.0,,,,,,,,,,,,,,,
45.08277893066406,191488,40.0,0.42021484375,0.0003,-6.321710336208343,60718.49609375,-0.022482923678762746,0.0,0.2,0.07453661,109530.80012207032,930,,,,,
45.651275634765625,192512,40.0,,,,,,,,,,,,,,,
49.83070755004883,193536,40.0,0.42626953125,0.0003,-6.319621451199055,58110.5625,-0.02478918058477575,0.0,0.2,0.07677086,124839.07404785157,940,,,,,
54.96994400024414,194560,40.0,,,,,,,,,,,,,,,
51.150169372558594,195584,40.0,0.428173828125,0.0003,-6.318715529143811,66696.265625,-0.028643143037334083,0.0,0.2,0.075420916,117810.39296875,950,,,,,
46.183067321777344,196608,40.0,,,,,,,,,,,,,,,
50.17399978637695,197632,40.0,0.404638671875,0.0003,-6.317362004518509,59782.99609375,-0.020682556825340724,0.0,0.2,0.07136345,116885.78771972656,960,,,,,
49.15515899658203,198656,40.0,,,,,,,,,,,,,,,
52.10343551635742,199680,40.0,0.396484375,0.0003,-6.315677930414677,50049.37890625,-0.023566935812414157,-1.1920928955078125e-07,0.2,0.07140519,113323.38239746094,970,,,,,
44.77306365966797,200704,40.0,,,,,,,,,,,,,,,
42.03401184082031,201728,40.0,0.416015625,0.0003,-6.313554467260838,63411.80078125,-0.02015830708114663,0.0,0.2,0.07202546,117500.85197753906,980,,,,,
49.17401885986328,202752,40.0,,,,,,,,,,,,,,,
46.194297790527344,203776,40.0,0.4275390625,0.0003,-6.311027693748474,64120.2265625,-0.02382460670778528,0.0,0.2,0.078055695,134039.54020996095,990,,,,,
41.91752624511719,204800,40.0,,,,,,,,,,,,,,,
,204800,,,,,,,,,,,,40.0,100,376,1296.00537893,544
50.36941146850586,205824,40.0,0.413818359375,0.0003,-6.310331708192825,54430.20703125,-0.019648339757986834,0.0,0.2,0.073536105,123610.58010253907,1000,,,,,
49.22490692138672,206848,40.0,,,,,,,,,,,,,,,
52.40083694458008,207872,40.0,0.418017578125,0.0003,-6.309615141153335,52933.74609375,-0.01640662739810068,0.0,0.2,0.0741408,115499.96215820312,1010,,,,,
49.39065170288086,208896,40.0,,,,,,,,,,,,,,,
45.7757682800293,209920,40.0,0.399560546875,0.0003,-6.306468898057938,55310.75390625,-0.018079000365105458,0.0,0.2,0.06874469,113668.12739257813,1020,,,,,
42.908843994140625,210944,40.0,,,,,,,,,,,,,,,
46.864906311035156,211968,40.0,0.4107421875,0.0003,-6.305158361792564,61267.73046875,-0.02687693665502593,0.0,0.2,0.071605,130341.36708984376,1030,,,,,
55.46263885498047,212992,40.0,,,,,,,,,,,,,,,
50.789512634277344,214016,40.0,0.395947265625,0.0003,-6.304538831114769,54282.40625,-0.028120560306706465,0.0,0.2,0.0717345,108035.96174316407,1040,,,,,
49.876708984375,215040,40.0,,,,,,,,,,,,,,,
49.37706756591797,216064,40.0,0.418603515625,0.0003,-6.302787883579731,49354.171875,-0.02550727692869259,0.0,0.2,0.07679315,113803.107421875,1050,,,,,
49.75520706176758,217088,40.0,,,,,,,,,,,,,,,
46.73328399658203,218112,40.0,0.428271484375,0.0003,-6.300363755226135,63945.34375,-0.01693118008697638,0.0,0.2,0.07933522,128307.92470703126,1060,,,,,
51.91184997558594,219136,40.0,,,,,,,,,,,,,,,
51.720577239990234,220160,40.0,0.42119140625,0.0003,-6.297618213295936,48750.8203125,-0.019112865417264403,0.0,0.2,0.07498895,113076.653515625,1070,,,,,
56.79045104980469,221184,40.0,,,,,,,,,,,,,,,
46.71671676635742,222208,40.0,0.425732421875,0.0003,-6.295903597772122,62349.5390625,-0.025449217222922017,0.0,0.2,0.07438502,122462.9734375,1080,,,,,
48.45576477050781,223232,40.0,,,,,,,,,,,,,,,
45.87042999267578,224256,40.0,0.424365234375,0.0003,-6.2937936842441555,51126.1484375,-0.02994233735371381,0.0,0.2,0.07574206,118122.05256347657,1090,,,,,
52.72276306152344,225280,40.0,,,,,,,,,,,,,,,
,225280,,,,,,,,,,,,40.0,110,412,1279.0722318399999,545
43.94419479370117,226304,40.0,0.409228515625,0.0003,-6.291631862521172,53024.77734375,-0.022816984943347052,0.0,0.2,0.07079489,119638.03356933594,1100,,,,,
49.17235565185547,227328,40.0,,,,,,,,,,,,,,,
51.03997039794922,228352,40.0,0.423046875,0.0003,-6.290592719614506,70206.8046875,-0.02376421213557478,0.0,0.2,0.070249766,132432.08488769532,1110,,,,,
52.68309020996094,229376,40.0,,,,,,,,,,,,,,,
53.89202880859375,230400,40.0,0.419189453125,0.0003,-6.287159438431263,55177.7109375,-0.019137230806518347,0.0,0.2,0.070963465,113388.92121582032,1120,,,,,
48.196144104003906,231424,40.0,,,,,,,,,,,,,,,
49.722267150878906,232448,40.0,0.40087890625,0.0003,-6.283271406590939,62826.34765625,-0.023218551409081557,1.1920928955078125e-07,0.2,0.07088901,131606.44045410157,1130,,,,,
49.50590515136719,233472,40.0,,,,,,,,,,,,,,,
49.06185531616211,234496,40.0,0.3970703125,0.0003,-6.2822076141834255,53660.53515625,-0.024751380944508128,0.0,0.2,0.0715899,110820.52985839844,1140,,,,,
51.81895065307617,235520,40.0,,,,,,,,,,,,,,,
40.41676330566406,236544,40.0,0.42373046875,0.0003,-6.278526662290096,70457.1875,-0.01741626415750943,-1.1920928955078125e-07,0.2,0.0737972,118952.89338378907,1150,,,,,
53.166046142578125,237568,40.0,,,,,,,,,,,,,,,
47.916770935058594,238592,40.0,0.408203125,0.0003,-6.276262392103672,47411.8359375,-0.015565583868010435,0.0,0.2,0.0658225,91041.08649902344,1160,,,,,
49.52580261230469,239616,40.0,,,,,,,,,,,,,,,
52.87541198730469,240640,40.0,0.40693359375,0.0003,-6.277366681396961,50002.28515625,-0.016497043246636166,0.0,0.2,0.068632185,114466.61633300781,1170,,,,,
44.722164154052734,241664,40.0,,,,,,,,,,,,,,,
45.6253776550293,242688,40.0,0.4173828125,0.0003,-6.275743617117405,52534.23046875,-0.01432332318945555,0.0,0.2,0.07451461,107962.1142578125,1180,,,,,
53.5981559753418,243712,40.0,,,,,,,,,,,,,,,
52.00193786621094,244736,40.0,0.416552734375,0.0003,-6.275836580991745,60088.39453125,-0.02185853461996885,-1.1920928955078125e-07,0.2,0.072235495,120684.89379882812,1190,,,,,
48.943424224853516,245760,40.0,,,,,,,,,,,,,,,
,245760,,,,,,,,,,,,40.0,120,449,1245.2935531,547
42.54826354980469,246784,40.0,0.410693359375,0.0003,-6.276217545568943,44546.8359375,-0.02196088610944571,0.0,0.2,0.06843443,97792.87626953125,1200,,,,,
51.19516372680664,247808,40.0,,,,,,,,,,,,,,,
56.985870361328125,248832,40.0,0.4048828125,0.0003,-6.274645377695561,47168.2265625,-0.014393064024625346,0.0,0.2,0.070139796,108370.39846191407,1210,,,,,
44.61236572265625,249856,40.0,,,,,,,,,,,,,,,
48.35627746582031,250880,40.0,0.401025390625,0.0003,-6.271603974699974,58033.6171875,-0.022526052391913253,-1.1920928955078125e-07,0.2,0.070383586,123843.58715820312,1220,,,,,
51.83671569824219,251904,40.0,,,,,,,,,,,,,,,
46.64482498168945,252928,40.0,0.414794921875,0.0003,-6.268675065040588,57747.265625,-0.023841739101044368,-1.1920928955078125e-07,0.2,0.07237013,122133.54995117188,1230,,,,,
47.44698715209961,253952,40.0,,,,,,,,,,,,,,,
51.541324615478516,254976,40.0,0.40869140625,0.0003,-6.268275482952594,61841.18359375,-0.018239056548918598,0.0,0.2,0.069423534,131072.6484375,1240,,,,,
47.62240219116211,256000,40.0,,,,,,,,,,,,,,,
48.09428405761719,257024,40.0,0.407373046875,0.0003,-6.268106369674205,67541.3671875,-0.02155123993579764,1.1920928955078125e-07,0.2,0.07140814,123369.72512207032,1250,,,,,
51.54987335205078,258048,40.0,,,,,,,,,,,,,,,
49.54393005371094,259072,40.0,0.396337890625,0.0003,-6.264099052548408,51720.65625,-0.02462341413120157,0.0,0.2,0.070595756,112040.36018066407,1260,,,,,
50.01277542114258,260096,40.0,,,,,,,,,,,,,,,
51.93840789794922,261120,40.0,0.409423828125,0.0003,-6.259624688327312,54523.92578125,-0.019192577702051496,0.0,0.2,0.07000309,111986.6926513672,1270,,,,,
50.71247482299805,262144,40.0,,,,,,,,,,,,,,,
49.79877853393555,263168,40.0,0.414013671875,0.0003,-6.257865768671036,56969.421875,-0.025660601690469777,5.960464477539063e-08,0.2,0.072334036,103930.57902832031,1280,,,,,
54.3154296875,264192,40.0,,,,,,,,,,,,,,,
51.49614334106445,265216,40.0,0.429052734375,0.0003,-6.257707297801971,53127.0,-0.01275805293553276,0.0,0.2,0.07477102,114857.06171875,1290,,,,,
50.286712646484375,266240,40.0,,,,,,,,,,,,,,,
,266240,,,,,,,,,,,,40.0,130,485,1251.77064635,548
44.081214904785156,267264,40.0,0.400439453125,0.0003,-6.260618676245213,49937.44921875,-0.0233423799611046,0.0,0.2,0.069634214,96319.62390136719,1300,,,,,
51.58673858642578,268288,40.0,,,,,,,,,,,,,,,
49.03721237182617,269312,40.0,0.399560546875,0.0003,-6.2630538359284404,51361.91015625,-0.020031155121978374,5.960464477539063e-08,0.2,0.07097536,112802.20998535157,1310,,,,,
52.552940368652344,270336,40.0,,,,,,,,,,,,,,,
48.947998046875,271360,40.0,0.434521484375,0.0003,-6.262006343901158,53463.4921875,-0.01498420672287466,0.0,0.2,0.07498734,112237.9576171875,1320,,,,,
47.29788589477539,272384,40.0,,,,,,,,,,,,,,,
47.66495895385742,273408,40.0,0.421875,0.0003,-6.2593645542860035,47983.16015625,-0.013978513712208951,-1.1920928955078125e-07,0.2,0.069744945,99193.70686035157,1330,,,,,
49.80049514770508,274432,40.0,,,,,,,,,,,,,,,
41.761146545410156,275456,40.0,0.412548828125,0.0003,-6.256481608748436,59688.54296875,-0.02362553081038641,5.960464477539063e-08,0.2,0.07449322,117047.85053710938,1340,,,,,
56.29283142089844,276480,40.0,,,,,,,,,,,,,,,
53.2546501159668,277504,40.0,0.42412109375,0.0003,-6.252003476023674,53291.625,-0.01415645833403687,0.0,0.2,0.06975074,111946.65202636718,1350,,,,,
47.45001983642578,278528,40.0,,,,,,,,,,,,,,,
46.58344650268555,279552,40.0,0.41533203125,0.0003,-6.248908276855945,53903.953125,-0.01806237377895741,0.0,0.2,0.07125804,110892.23786621094,1360,,,,,
42.666099548339844,280576,40.0,,,,,,,,,,,,,,,
50.4246940612793,281600,40.0,0.41650390625,0.0003,-6.244076892733574,48321.84765625,-0.020823241086327472,0.0,0.2,0.071826845,93873.108203125,1370,,,,,
51.12691879272461,282624,40.0,,,,,,,,,,,,,,,
44.89906311035156,283648,40.0,0.40205078125,0.0003,-6.238190320134163,64953.6328125,-0.01822649400564842,0.0,0.2,0.068860754,127828.95280761718,1380,,,,,
44.324790954589844,284672,40.0,,,,,,,,,,,,,,,
45.874595642089844,285696,40.0,0.399169921875,0.0003,-6.23462542295456,41525.21875,-0.01446183828957146,5.960464477539063e-08,0.2,0.06949575,85260.78811035157,1390,,,,,
47.72755813598633,286720,40.0,,,,,,,,,,,,,,,
,286720,,,,,,,,,,,,40.0,140,521,1238.01375462,549
55.04307556152344,287744,40.0,0.430712890625,0.0003,-6.233081343770027,57302.9140625,-0.017818218853790313,0.0,0.2,0.08085817,112828.04931640625,1400,,,,,
55.170066833496094,288768,40.0,,,,,,,,,,,,,,,
47.468780517578125,289792,40.0,0.411083984375,0.0003,-6.233247794210911,41726.3828125,-0.01742680980969453,0.0,0.2,0.07207842,93798.73127441407,1410,,,,,
47.11996841430664,290816,40.0,,,,,,,,,,,,,,,
50.01509094238281,291840,40.0,0.412890625,0.0003,-6.227462361752987,55020.52734375,-0.01979378143005306,0.0,0.2,0.07521586,102057.10688476563,1420,,,,,
54.90998458862305,292864,40.0,,,,,,,,,,,,,,,
48.733341217041016,293888,40.0,0.414013671875,0.0003,-6.216759046912193,56944.859375,-0.022501843288773672,0.0,0.2,0.07020849,118776.11665039063,1430,,,,,
51.32976531982422,294912,40.0,,,,,,,,,,,,,,,
43.51335906982422,295936,40.0,0.409765625,0.0003,-6.209791284799576,51307.078125,-0.016953585410374217,1.1920928955078125e-07,0.2,0.067077465,93996.45947265625,1440,,,,,
47.22873306274414,296960,40.0,,,,,,,,,,,,,,,
48.34117889404297,297984,40.0,0.40546875,0.0003,-6.207200375199318,57956.28515625,-0.0203828457306372,-1.1920928955078125e-07,0.2,0.073159955,110824.5881591797,1450,,,,,
49.110164642333984,299008,40.0,,,,,,,,,,,,,,,
51.69686508178711,300032,40.0,0.404541015625,0.0003,-6.20776496976614,51846.29296875,-0.019727157450688537,0.0,0.2,0.071041465,107892.497265625,1460,,,,,
52.16144943237305,301056,40.0,,,,,,,,,,,,,,,
57.80247497558594,302080,40.0,0.394970703125,0.0003,-6.210635159909725,47584.390625,-0.02046491930668708,0.0,0.2,0.067913994,104789.46779785157,1470,,,,,
47.79790115356445,303104,40.0,,,,,,,,,,,,,,,
54.81007385253906,304128,40.0,0.422900390625,0.0003,-6.208421862125396,55809.58203125,-0.01817973575234646,0.0,0.2,0.0756713,116545.72014160156,1480,,,,,
47.199737548828125,305152,40.0,,,,,,,,,,,,,,,
49.61190414428711,306176,40.0,0.387451171875,0.0003,-6.2059404164552685,44203.7421875,-0.020619888878718483,0.0,0.2,0.066820435,100780.48540039062,1490,,,,,
42.25522232055664,307200,40.0,,,,,,,,,,,,,,,
,307200,,,,,,,,,,,,40.0,150,558,1261.4657324799998,550
51.902099609375,308224,40.0,0.438818359375,0.0003,-6.202054511010647,43600.77734375,-0.008921933052624809,0.0,0.2,0.07572286,94688.43676757812,1500,,,,,
47.149566650390625,309248,40.0,,,,,,,,,,,,,,,
51.115074157714844,310272,40.0,0.415283203125,0.0003,-6.196539771556854,48415.640625,-0.016928974649636074,0.0,0.2,0.07130043,101119.37126464843,1510,,,,,
44.97909927368164,311296,40.0,,,,,,,,,,,,,,,
48.948036193847656,312320,40.0,0.398583984375,0.0003,-6.199849376082421,55212.97265625,-0.022614700155099855,0.0,0.2,0.0697134,116506.374609375,1520,,,,,
49.08378601074219,313344,40.0,,,,,,,,,,,,,,,
49.307640075683594,314368,40.0,0.42216796875,0.0003,-6.198048228025437,57218.15234375,-0.01601603564886318,0.0,0.2,0.07479166,113127.167578125,1530,,,,,
52.67060089111328,315392,40.0,,,,,,,,,,,,,,,
47.30653762817383,316416,40.0,0.42919921875,0.0003,-6.193635419011116,45944.859375,-0.01559096043347381,0.0,0.2,0.076650865,91843.18010253906,1540,,,,,
52.65520477294922,317440,40.0,,,,,,,,,,,,,,,
46.855506896972656,318464,40.0,0.414208984375,0.0003,-6.196897147595882,43070.2265625,-0.01909818907006411,-1.1920928955078125e-07,0.2,0.07255022,81261.47694091797,1550,,,,,
46.892425537109375,319488,40.0,,,,,,,,,,,,,,,
46.298004150390625,320512,40.0,0.423974609375,0.0003,-6.197540873289109,54973.46484375,-0.019057090443675408,0.0,0.2,0.07210639,110901.4634765625,1560,,,,,
49.66931915283203,321536,40.0,,,,,,,,,,,,,,,
56.55718994140625,322560,40.0,0.422021484375,0.0003,-6.200759935379028,63274.86328125,-0.013581596632138825,0.0,0.2,0.07711171,117454.6564453125,1570,,,,,
45.838104248046875,323584,40.0,,,,,,,,,,,,,,,
52.202613830566406,324608,40.0,0.403271484375,0.0003,-6.202689558267593,46471.87109375,-0.023010662323213183,0.0,0.2,0.07660693,99419.62897949219,1580,,,,,
50.77082824707031,325632,40.0,,,,,,,,,,,,,,,
46.962562561035156,326656,40.0,0.417626953125,0.0003,-6.197903852164745,51311.86328125,-0.019341778894886374,0.0,0.2,0.07012066,87219.90046386719,1590,,,,,
49.91583251953125,327680,40.0,,,,,,,,,,,,,,,
,327680,,,,,,,,,,,,40.0,160,595,1253.0306343,550
48.947288513183594,328704,40.0,0.42353515625,0.0003,-6.195587737858295,49731.609375,-0.008932509407168254,-1.1920928955078125e-07,0.2,0.08070422,96219.96076660157,1600,,,,,
48.58732604980469,329728,40.0,,,,,,,,,,,,,,,
50.76627731323242,330752,40.0,0.417333984375,0.0003,-6.195591521263123,44196.07421875,-0.011942344609997236,-1.1920928955078125e-07,0.2,0.07749534,89734.2092529297,1610,,,,,
51.071189880371094,331776,40.0,,,,,,,,,,,,,,,
48.062721252441406,332800,40.0,0.409521484375,0.0003,-6.192786161601544,62394.87890625,-0.017276231764117255,0.0,0.2,0.07088727,108270.61108398438,1620,,,,,
50.67401885986328,333824,40.0,,,,,,,,,,,,,,,
45.721214294433594,334848,40.0,0.40029296875,0.0003,-6.191108366847038,45240.8515625,-0.021571468506590464,0.0,0.2,0.06984669,90324.25927734375,1630,,,,,
47.154136657714844,335872,40.0,,,,,,,,,,,,,,,
50.022403717041016,336896,40.0,0.418017578125,0.0003,-6.185240925848484,45981.49609375,-0.014185831112263259,0.0,0.2,0.07665871,82431.19161376954,1640,,,,,
56.311641693115234,337920,40.0,,,,,,,,,,,,,,,
50.689483642578125,338944,40.0,0.420556640625,0.0003,-6.177908101677895,47527.703125,-0.015968720211822073,0.0,0.2,0.07913104,99322.67353515625,1650,,,,,
50.334014892578125,339968,40.0,,,,,,,,,,,,,,,
46.52574157714844,340992,40.0,0.40390625,0.0003,-6.178986150026321,45505.63671875,-0.01673635013285093,0.0,0.2,0.0715275,96237.75810546875,1660,,,,,
50.79844284057617,342016,40.0,,,,,,,,,,,,,,,
48.499141693115234,343040,40.0,0.424169921875,0.0003,-6.177844487130642,29934.482421875,-0.009004306839779019,-1.1920928955078125e-07,0.2,0.076281324,62490.43801269531,1670,,,,,
50.385318756103516,344064,40.0,,,,,,,,,,,,,,,
49.23802185058594,345088,40.0,0.413818359375,0.0003,-6.1711785167455675,39923.8046875,-0.008108915988123045,0.0,0.2,0.07280272,88419.60495605468,1680,,,,,
57.80223083496094,346112,40.0,,,,,,,,,,,,,,,
48.888004302978516,347136,40.0,0.407080078125,0.0003,-6.162383686006069,49382.53125,-0.023971681093098596,5.960464477539063e-08,0.2,0.07279794,107679.71604003906,1690,,,,,
50.349666595458984,348160,40.0,,,,,,,,,,,,,,,
,348160,,,,,,,,,,,,40.0,170,631,1343.6382357,551
45.683677673339844,349184,40.0,0.4177734375,0.0003,-6.154605294764042,50433.73828125,-0.0223664446559269,0.0,0.2,0.075567976,105423.27421875,1700,,,,,
45.424983978271484,350208,40.0,,,,,,,,,,,,,,,
47.02655792236328,351232,40.0,0.41826171875,0.0003,-6.152697944641114,45530.71875,-0.012350955471629278,0.0,0.2,0.07336262,86348.64494628906,1710,,,,,
44.00115966796875,352256,40.0,,,,,,,,,,,,,,,
56.933128356933594,353280,40.0,0.40615234375,0.0003,-6.144577738642693,53766.2578125,-0.013722781588148792,0.0,0.2,0.069507614,103082.15805664062,1720,,,,,
51.543495178222656,354304,40.0,,,,,,,,,,,,,,,
49.570289611816406,355328,40.0,0.4181640625,0.0003,-6.133177460730076,43261.56640625,-0.024075466733484062,0.0,0.2,0.072702214,94679.82951660156,1730,,,,,
47.16996383666992,356352,40.0,,,,,,,,,,,,,,,
49.747291564941406,357376,40.0,0.422412109375,0.0003,-6.127766625583172,43725.1171875,-0.0203967987865326,0.0,0.2,0.07439552,89826.73110351563,1740,,,,,
46.138343811035156,358400,40.0,,,,,,,,,,,,,,,
39.361724853515625,359424,40.0,0.418408203125,0.0003,-6.1217754781246185,56972.4375,-0.01494604548352072,0.0,0.2,0.07138577,116254.80478515624,1750,,,,,
46.677001953125,360448,40.0,,,,,,,,,,,,,,,
42.259796142578125,361472,40.0,0.43095703125,0.0003,-6.119148245453834,42324.91796875,-0.012772214003780391,-1.1920928955078125e-07,0.2,0.07553971,92615.09249267579,1760,,,,,
50.17931365966797,362496,40.0,,,,,,,,,,,,,,,
49.3519401550293,363520,40.0,0.42705078125,0.0003,-6.117836079001426,36615.96875,0.00023118191602407024,0.0,0.2,0.071376964,76338.61317138672,1770,,,,,
51.716041564941406,364544,40.0,,,,,,,,,,,,,,,
49.36874008178711,365568,40.0,0.40078125,0.0003,-6.118168464303016,39378.23828125,-0.013386413117405026,-1.1920928955078125e-07,0.2,0.071904846,75280.51739501953,1780,,,,,
44.875038146972656,366592,40.0,,,,,,,,,,,,,,,
53.60828399658203,367616,40.0,0.41962890625,0.0003,-6.117860649526119,45335.61328125,-0.01704028479725821,0.0,0.2,0.067877956,88780.14765625,1790,,,,,
52.77771759033203,368640,40.0,,,,,,,,,,,,,,,
,368640,,,,,,,,,,,,40.0,180,667,1235.14851596,552
44.56568908691406,369664,40.0,0.406591796875,0.0003,-6.119918189942837,35950.8828125,-0.014675629707926418,0.0,0.2,0.07342905,73594.0415649414,1800,,,,,
53.360557556152344,370688,40.0,,,,,,,,,,,,,,,
48.153167724609375,371712,40.0,0.395751953125,0.0003,-6.12170235812664,42538.7734375,-0.018495549804356415,0.0,0.2,0.06908449,96302.814453125,1810,,,,,
50.80186462402344,372736,40.0,,,,,,,,,,,,,,,
51.03722381591797,373760,40.0,0.396044921875,0.0003,-6.121040311455727,40183.94140625,-0.009164148618583567,0.0,0.2,0.06777541,79350.66262207032,1820,,,,,
51.36904525756836,374784,40.0,,,,,,,,,,,,,,,
51.09319305419922,375808,40.0,0.411572265625,0.0003,-6.119616615772247,45263.49609375,-0.014731782618036959,-1.1920928955078125e-07,0.2,0.067387275,89646.27543945312,1830,,,,,
55.97310256958008,376832,40.0,,,,,,,,,,,,,,,
51.24229431152344,377856,40.0,0.4224609375,0.0003,-6.121961097419262,35618.07421875,-0.007372220589604695,0.0,0.2,0.07086614,77840.76567382812,1840,,,,,
46.30089569091797,378880,40.0,,,,,,,,,,,,,,,
49.57863998413086,379904,40.0,0.405615234375,0.0003,-6.123120419681072,42091.34375,-0.015711129718692974,0.0,0.2,0.06776555,84699.11828613281,1850,,,,,
48.27330780029297,380928,40.0,,,,,,,,,,,,,,,
46.72648620605469,381952,40.0,0.403857421875,0.0003,-6.129785791039467,45271.61328125,-0.014202988024044317,0.0,0.2,0.072089106,90309.17976074219,1860,,,,,
54.16741180419922,382976,40.0,,,,,,,,,,,,,,,
47.22252655029297,384000,40.0,0.4236328125,0.0003,-6.131005892157555,43415.14453125,-0.010306463084270944,5.960464477539063e-08,0.2,0.07047051,89579.06857910156,1870,,,,,
50.0373420715332,385024,40.0,,,,,,,,,,,,,,,
49.5886116027832,386048,40.0,0.410546875,0.0003,-6.130793026089668,37066.75,-0.0077327983541181314,0.0,0.2,0.075048625,85122.94440917969,1880,,,,,
55.893226623535156,387072,40.0,,,,,,,,,,,,,,,
47.2896614074707,388096,40.0,0.400830078125,0.0003,-6.131996259093285,39739.4453125,-0.019558756933838593,0.0,0.2,0.069690086,86615.77072753906,1890,,,,,
47.491920471191406,389120,40.0,,,,,,,,,,,,,,,
,389120,,,,,,,,,,,,40.0,190,704,1293.71427435,552
46.41139221191406,390144,40.0,0.425634765625,0.0003,-6.1305762231349945,41705.4765625,-0.012684387165063527,0.0,0.2,0.072316855,85623.11677246094,1900,,,,,
45.64869689941406,391168,40.0,,,,,,,,,,,,,,,
50.14649963378906,392192,40.0,0.42412109375,0.0003,-6.1238823100924495,41495.16015625,-0.015061441033321899,0.0,0.2,0.07333946,91106.40297851563,1910,,,,,
55.600059509277344,393216,40.0,,,,,,,,,,,,,,,
48.34418487548828,394240,40.0,0.42939453125,0.0003,-6.1147236302495,43648.43359375,-0.016167491832311497,-1.1920928955078125e-07,0.2,0.07179435,93271.58874511719,1920,,,,,
49.126651763916016,395264,40.0,,,,,,,,,,,,,,,
52.58734893798828,396288,40.0,0.39990234375,0.0003,-6.110747808218003,41133.41796875,-0.01112015800026711,0.0,0.2,0.06328426,86404.41165771484,1930,,,,,
49.33611297607422,397312,40.0,,,,,,,,,,,,,,,
51.77979278564453,398336,40.0,0.406201171875,0.0003,-6.1042614787817,40565.703125,-0.016983252091449685,0.0,0.2,0.06631623,92351.384765625,1940,,,,,
52.92253112792969,399360,40.0,,,,,,,,,,,,,,,
49.74070739746094,400384,40.0,0.4130859375,0.0003,-6.097685894370079,40989.828125,-0.01595909094030503,5.960464477539063e-08,0.2,0.07530247,93377.12155761718,1950,,,,,
56.762481689453125,401408,40.0,,,,,,,,,,,,,,,
42.56523895263672,402432,40.0,0.419140625,0.0003,-6.092549826204777,40045.8515625,-0.009159322395862545,0.0,0.2,0.074328914,82159.7320678711,1960,,,,,
48.84423828125,403456,40.0,,,,,,,,,,,,,,,
49.7280387878418,404480,40.0,0.412255859375,0.0003,-6.081875605881214,35040.03515625,-0.015926958943600765,5.960464477539063e-08,0.2,0.06493349,75179.88162841796,1970,,,,,
49.10624694824219,405504,40.0,,,,,,,,,,,,,,,
46.223915100097656,406528,40.0,0.42451171875,0.0003,-6.074264979362487,43601.32421875,-0.009322359022917226,5.960464477539063e-08,0.2,0.07219279,90667.00705566406,1980,,,,,
49.896156311035156,407552,40.0,,,,,,,,,,,,,,,
44.77610778808594,408576,40.0,0.409716796875,0.0003,-6.064564833045006,42822.31640625,-0.014388501310895663,0.0,0.2,0.06714673,85805.10301513672,1990,,,,,
52.47953796386719,409600,40.0,,,,,,,,,,,,,,,
,409600,,,,,,,,,,,,40.0,200,740,1293.9845211099998,552
54.98793411254883,410624,40.0,0.41484375,0.0003,-6.060000458359719,36577.9296875,-0.012859437792212703,-1.1920928955078125e-07,0.2,0.07238616,80170.3583984375,2000,,,,,
52.951988220214844,411648,40.0,,,,,,,,,,,,,,,
45.60654067993164,412672,40.0,0.421728515625,0.0003,-6.053103213012219,39934.859375,-0.00784562677217764,-1.1920928955078125e-07,0.2,0.07077554,71509.65303955079,2010,,,,,
52.60374450683594,413696,40.0,,,,,,,,,,,,,,,
49.73621368408203,414720,40.0,0.4140625,0.0003,-6.038430990278721,36359.2578125,-0.011407126815902302,0.0,0.2,0.06555645,85973.97150878907,2020,,,,,
44.4429931640625,415744,40.0,,,,,,,,,,,,,,,
49.46984100341797,416768,40.0,0.395068359375,0.0003,-6.0256741553544995,43340.765625,-0.024445785071293358,0.0,0.2,0.064092204,87023.56838378907,2030,,,,,
48.567138671875,417792,40.0,,,,,,,,,,,,,,,
55.530303955078125,418816,40.0,0.4064453125,0.0003,-6.026416677236557,43397.8828125,-0.013685475636157208,5.960464477539063e-08,0.2,0.06590074,86705.69643554688,2040,,,,,
54.006736755371094,419840,40.0,,,,,,,,,,,,,,,
50.81813049316406,420864,40.0,0.419677734375,0.0003,-6.028258752822876,44152.9609375,-0.01564164547162363,0.0,0.2,0.07054213,87499.18142089844,2050,,,,,
52.93988800048828,421888,40.0,,,,,,,,,,,,,,,
47.340171813964844,422912,40.0,0.4193359375,0.0003,-6.022427254915238,39684.42578125,-0.007296096370555461,-1.1920928955078125e-07,0.2,0.07413587,83690.93330078125,2060,,,,,
50.25263214111328,423936,40.0,,,,,,,,,,,,,,,
50.78118896484375,424960,40.0,0.39765625,0.0003,-6.019243977963924,37675.8515625,-0.0053025758737931025,5.960464477539063e-08,0.2,0.067048326,80507.1427734375,2070,,,,,
46.50415802001953,425984,40.0,,,,,,,,,,,,,,,
51.82469177246094,427008,40.0,0.39990234375,0.0003,-6.024050344526768,38566.24609375,-0.013604744881740771,0.0,0.2,0.069763705,82791.39315185547,2080,,,,,
44.868568420410156,428032,40.0,,,,,,,,,,,,,,,
40.2733268737793,429056,40.0,0.418701171875,0.0003,-6.028951607644558,19834.4609375,-0.007120219263015315,0.0,0.2,0.075495616,55764.5201538086,2090,,,,,
49.835811614990234,430080,40.0,,,,,,,,,,,,,,,
,430080,,,,,,,,,,,,40.0,210,777,1226.3737087700001,553
55.61187744140625,431104,40.0,0.412841796875,0.0003,-6.041590829193592,39985.13671875,-0.009508000819187146,0.0,0.2,0.06827036,80239.40502929688,2100,,,,,
52.50267028808594,432128,40.0,,,,,,,,,,,,,,,
49.455360412597656,433152,40.0,0.401806640625,0.0003,-6.043885347247124,38303.48046875,-0.0050330232363194225,0.0,0.2,0.067613475,80600.52829589843,2110,,,,,
47.4630241394043,434176,40.0,,,,,,,,,,,,,,,
54.51142501831055,435200,40.0,0.418359375,0.0003,-6.030766890943051,36270.97265625,-0.007106098320218734,0.0,0.2,0.06972297,82747.57103271484,2120,,,,,
50.336456298828125,436224,40.0,,,,,,,,,,,,,,,
53.61954116821289,437248,40.0,0.405615234375,0.0003,-6.01644708365202,38060.66015625,-0.0067589377227704975,-1.1920928955078125e-07,0.2,0.06791711,68698.95812988281,2130,,,,,
53.1985969543457,438272,40.0,,,,,,,,,,,,,,,
57.58312225341797,439296,40.0,0.421630859375,0.0003,-6.0124437510967255,27922.40234375,-0.00611642298681545,-1.1920928955078125e-07,0.2,0.0645139,53997.24979248047,2140,,,,,
50.848724365234375,440320,40.0,,,,,,,,,,,,,,,
53.30081558227539,441344,40.0,0.43544921875,0.0003,-5.999250301718712,38703.4375,-0.010081289913796355,5.960464477539063e-08,0.2,0.070120834,77122.55895996094,2150,,,,,
53.823177337646484,442368,40.0,,,,,,,,,,,,,,,
50.689491271972656,443392,40.0,0.416259765625,0.0003,-5.97745333313942,24731.005859375,-0.007146093591290992,1.1920928955078125e-07,0.2,0.06706597,58313.85384521484,2160,,,,,
51.079830169677734,444416,40.0,,,,,,,,,,,,,,,
56.41222381591797,445440,40.0,0.4193359375,0.0003,-5.974152408540249,37463.08984375,-0.005156857127440162,0.0,0.2,0.06712324,74146.53045654297,2170,,,,,
48.310611724853516,446464,40.0,,,,,,,,,,,,,,,
54.7904167175293,447488,40.0,0.400732421875,0.0003,-5.978745003044605,38738.1015625,-0.009546054438396822,0.0,0.2,0.06831572,79886.91547851563,2180,,,,,
54.76313018798828,448512,40.0,,,,,,,,,,,,,,,
47.82756042480469,449536,40.0,0.3923828125,0.0003,-5.9821452900767325,38820.359375,-0.009420908885658719,1.1920928955078125e-07,0.2,0.06516363,82636.64616699218,2190,,,,,
46.97340393066406,450560,40.0,,,,,,,,,,,,,,,
,450560,,,,,,,,,,,,40.0,220,813,1344.07117455,553
54.127830505371094,451584,40.0,0.402001953125,0.0003,-5.974071298539639,40261.828125,-0.016153658051916864,5.960464477539063e-08,0.2,0.06605455,88052.12641601563,2200,,,,,
50.088287353515625,452608,40.0,,,,,,,,,,,,,,,
46.580142974853516,453632,40.0,0.411865234375,0.0003,-5.961203169822693,38971.3671875,-0.00819642380665755,-1.1920928955078125e-07,0.2,0.068626806,82773.24384765625,2210,,,,,
49.42316436767578,454656,40.0,,,,,,,,,,,,,,,
45.01704406738281,455680,40.0,0.41630859375,0.0003,-5.958054034411907,34198.546875,-0.003661686547275167,0.0,0.2,0.06795113,63294.603088378906,2220,,,,,
46.109310150146484,456704,40.0,,,,,,,,,,,,,,,
44.30876922607422,457728,40.0,0.4203125,0.0003,-5.954631407558918,42539.33984375,-0.007222999323857948,0.0,0.2,0.06668188,87495.103125,2230,,,,,
39.61139678955078,458752,40.0,,,,,,,,,,,,,,,
47.09527587890625,459776,40.0,0.415673828125,0.0003,-5.96124850064516,36281.9375,-0.00790380956896115,-1.1920928955078125e-07,0.2,0.06731038,62029.148168945314,2240,,,,,
46.60452651977539,460800,40.0,,,,,,,,,,,,,,,
55.16474533081055,461824,40.0,0.430419921875,0.0003,-5.962867210805416,38436.93359375,-0.00840558658237569,0.0,0.2,0.072189756,74245.58665771484,2250,,,,,
46.61579513549805,462848,40.0,,,,,,,,,,,,,,,
50.248756408691406,463872,40.0,0.41591796875,0.0003,-5.9550347328186035,45708.59765625,-0.0143156510515837,-1.1920928955078125e-07,0.2,0.069238916,83529.03814697266,2260,,,,,
49.38535690307617,464896,40.0,,,,,,,,,,,,,,,
51.27824401855469,465920,40.0,0.41259765625,0.0003,-5.958985278010369,31267.18359375,-0.0030729445192264394,0.0,0.2,0.07129099,61970.738012695314,2270,,,,,
51.68883514404297,466944,40.0,,,,,,,,,,,,,,,
53.37776184082031,467968,40.0,0.40263671875,0.0003,-5.956705996394158,34455.1328125,-0.00796230272972025,0.0,0.2,0.0635548,71486.21411132812,2280,,,,,
51.454647064208984,468992,40.0,,,,,,,,,,,,,,,
53.962554931640625,470016,40.0,0.404736328125,0.0003,-5.947964173555374,33049.59375,-0.002717983365073451,0.0,0.2,0.063766964,72451.26322021484,2290,,,,,
43.501365661621094,471040,40.0,,,,,,,,,,,,,,,
,471040,,,,,,,,,,,,40.0,230,849,1303.75112666,554
47.43478012084961,472064,40.0,0.40859375,0.0003,-5.950789520144463,39312.5703125,-0.008550087131152396,0.0,0.2,0.06401588,76049.80653076172,2300,,,,,
49.11440658569336,473088,40.0,,,,,,,,,,,,,,,
48.74882507324219,474112,40.0,0.4279296875,0.0003,-5.957919616997242,42448.92578125,-0.0173335397063056,0.0,0.2,0.06622906,78678.22080078124,2310,,,,,
53.080360412597656,475136,40.0,,,,,,,,,,,,,,,
50.672523498535156,476160,40.0,0.41298828125,0.0003,-5.948208965361118,31801.453125,-0.010069500275130849,0.0,0.2,0.06711234,63574.11092529297,2320,,,,,
48.07821273803711,477184,40.0,,,,,,,,,,,,,,,
50.56166076660156,478208,40.0,0.39765625,0.0003,-5.936277781426907,31467.27734375,-0.00831705301970942,5.960464477539063e-08,0.2,0.06509836,64140.42315673828,2330,,,,,
44.36911392211914,479232,40.0,,,,,,,,,,,,,,,
48.39125442504883,480256,40.0,0.41220703125,0.0003,-5.914637535810471,36110.703125,-0.010245339707034872,-1.1920928955078125e-07,0.2,0.06614909,64508.62924804688,2340,,,,,
48.65394592285156,481280,40.0,,,,,,,,,,,,,,,
46.235687255859375,482304,40.0,0.428466796875,0.0003,-5.889064882695675,37851.234375,-0.004549506277544424,0.0,0.2,0.06597,70937.92318115235,2350,,,,,
41.11912536621094,483328,40.0,,,,,,,,,,,,,,,
54.57888412475586,484352,40.0,0.383984375,0.0003,-5.897989362478256,30947.41796875,-0.01233483315591002,0.0,0.2,0.06459868,58934.94916992188,2360,,,,,
56.3073616027832,485376,40.0,,,,,,,,,,,,,,,
46.34014129638672,486400,40.0,0.42783203125,0.0003,-5.918685920536518,39730.01171875,-0.018340163283573928,-1.1920928955078125e-07,0.2,0.068214044,71264.48009033203,2370,,,,,
46.36589431762695,487424,40.0,,,,,,,,,,,,,,,
49.414249420166016,488448,40.0,0.403515625,0.0003,-5.928913262486458,36686.7421875,-0.009107379117631353,-1.1920928955078125e-07,0.2,0.06412439,77760.03712158203,2380,,,,,
52.27752685546875,489472,40.0,,,,,,,,,,,,,,,
52.08364486694336,490496,40.0,0.411572265625,0.0003,-5.934461799263954,34046.53515625,-0.02045840992068406,0.0,0.2,0.06567033,74241.18718261718,2390,,,,,
51.73212432861328,491520,40.0,,,,,,,,,,,,,,,
,491520,,,,,,,,,,,,40.0,240,886,1312.8631207399999,554
48.36286163330078,492544,40.0,0.407373046875,0.0003,-5.930955657362938,33744.8515625,-0.014514280456933194,0.0,0.2,0.064532265,72315.37030029297,2400,,,,,
48.439430236816406,493568,40.0,,,,,,,,,,,,,,,
56.07132339477539,494592,40.0,0.41142578125,0.0003,-5.924469128251076,34612.9765625,-0.005343257011554669,5.960464477539063e-08,0.2,0.073694244,71197.92587890624,2410,,,,,
52.78681182861328,495616,40.0,,,,,,,,,,,,,,,
49.649627685546875,496640,40.0,0.4056640625,0.0003,-5.918542186915874,35741.140625,-0.009750155497749801,5.960464477539063e-08,0.2,0.06576291,73822.80513916016,2420,,,,,
42.660369873046875,497664,40.0,,,,,,,,,,,,,,,
46.41063690185547,498688,40.0,0.4125,0.0003,-5.9102384224534035,30109.1171875,-0.010063356620958076,-1.1920928955078125e-07,0.2,0.07130653,64148.57791748047,2430,,,,,
47.01560974121094,499712,40.0,,,,,,,,,,,,,,,
50.292877197265625,500736,40.0,0.423046875,0.0003,-5.9038895726203915,35830.85546875,-0.012886689434526487,0.0,0.2,0.07013444,69236.74702148438,2440,,,,,
49.50973892211914,501760,40.0,,,,,,,,,,,,,,,
41.78396987915039,502784,40.0,0.424365234375,0.0003,-5.896798413991928,37173.6015625,-0.010494102709344588,0.0,0.2,0.06798013,74241.80435791015,2450,,,,,
50.84355926513672,503808,40.0,,,,,,,,,,,,,,,
49.321876525878906,504832,40.0,0.4283203125,0.0003,-5.891218194365502,23982.1875,-0.004436021855508443,1.1920928955078125e-07,0.2,0.077584505,58312.17319335938,2460,,,,,
45.8106689453125,505856,40.0,,,,,,,,,,,,,,,
49.62575149536133,506880,40.0,0.409716796875,0.0003,-5.876674467325211,28778.5078125,-0.005940348966760212,0.0,0.2,0.06833567,66402.59305419921,2470,,,,,
55.25676727294922,507904,40.0,,,,,,,,,,,,,,,
51.15301513671875,508928,40.0,0.411083984375,0.0003,-5.8706802621483805,43946.60546875,-0.008595679672725964,-1.1920928955078125e-07,0.2,0.07042797,86075.18627929688,2480,,,,,
51.12012481689453,509952,40.0,,,,,,,,,,,,,,,
47.13329315185547,510976,40.0,0.412548828125,0.0003,-5.8730992645025255,30093.62890625,-0.010831370394589613,-1.1920928955078125e-07,0.2,0.06607357,59330.29661865234,2490,,,,,
52.785064697265625,512000,40.0,,,,,,,,,,,,,,,
,512000,,,,,,,,,,,,40.0,250,922,1260.99898673,554
54.27201461791992,513024,40.0,0.41875,0.0003,-5.859132078289986,30314.390625,-0.010649206949165092,0.0,0.2,0.063270256,66395.69512939453,2500,,,,,
54.88752746582031,514048,40.0,,,,,,,,,,,,,,,
50.09709167480469,515072,40.0,0.42783203125,0.0003,-5.842547431588173,33062.66015625,-0.0019709443571628072,0.0,0.2,0.06728568,66491.53990478515,2510,,,,,
46.71037292480469,516096,40.0,,,,,,,,,,,,,,,
45.60075378417969,517120,40.0,0.38896484375,0.0003,-5.836651527881623,34732.59375,-0.012699109163077083,0.0,0.2,0.060006075,77269.76055908203,2520,,,,,
46.619327545166016,518144,40.0,,,,,,,,,,,,,,,
49.14080810546875,519168,40.0,0.42314453125,0.0003,-5.832409557700157,36270.078125,0.000613781186984852,0.0,0.2,0.0711548,66944.84132080078,2530,,,,,
51.23804473876953,520192,40.0,,,,,,,,,,,,,,,
52.78216552734375,521216,40.0,0.392041015625,0.0003,-5.828160297870636,36892.765625,-0.00783757373210392,0.0,0.2,0.060535006,76054.67720947266,2540,,,,,
47.714271545410156,522240,40.0,,,,,,,,,,,,,,,
45.40478515625,523264,40.0,0.389990234375,0.0003,-5.820828546583653,32125.36328125,-0.010466951227863319,1.1920928955078125e-07,0.2,0.059761833,66821.5872680664,2550,,,,,
43.12489700317383,524288,40.0,,,,,,,,,,,,,,,
48.98538589477539,525312,40.0,0.412646484375,0.0003,-5.813755850493908,39485.29296875,-0.004409461203613319,5.960464477539063e-08,0.2,0.06620994,71484.08575439453,2560,,,,,
55.36140823364258,526336,40.0,,,,,,,,,,,,,,,
48.300453186035156,527360,40.0,0.38984375,0.0003,-5.796022948622704,34062.41796875,-0.011826075756107456,0.0,0.2,0.058684587,75992.5576171875,2570,,,,,
48.877925872802734,528384,40.0,,,,,,,,,,,,,,,
43.92462921142578,529408,40.0,0.40498046875,0.0003,-5.7850501358509065,36905.20703125,-0.01465286598104285,0.0,0.2,0.06271215,78131.47156982422,2580,,,,,
48.65740966796875,530432,40.0,,,,,,,,,,,,,,,
53.51032638549805,531456,40.0,0.40224609375,0.0003,-5.780100837349892,31398.71875,-0.005317922646645457,5.960464477539063e-08,0.2,0.05999989,68540.47645263672,2590,,,,,
44.79484558105469,532480,40.0,,,,,,,,,,,,,,,
,532480,,,,,,,,,,,,40.0,260,960,1265.03175714,554
44.997501373291016,533504,40.0,0.39775390625,0.0003,-5.78049273788929,28318.076171875,-0.0005090630889753811,0.0,0.2,0.058225345,51498.67004394531,2600,,,,,
48.34367370605469,534528,40.0,,,,,,,,,,,,,,,
46.0466423034668,535552,40.0,0.42724609375,0.0003,-5.776487211883068,30574.87109375,-0.007250738040602301,0.0,0.2,0.065483116,63708.35078125,2610,,,,,
50.26933670043945,536576,40.0,,,,,,,,,,,,,,,
50.76320266723633,537600,40.0,0.397509765625,0.0003,-5.770246359705925,31105.353515625,-0.009248725681391078,0.0,0.2,0.06023902,62520.34523925781,2620,,,,,
52.46808624267578,538624,40.0,,,,,,,,,,,,,,,
47.03483200073242,539648,40.0,0.409033203125,0.0003,-5.756214059889317,35993.67578125,-7.899739721324295e-05,-1.1920928955078125e-07,0.2,0.061656058,59739.3990234375,2630,,,,,
49.83245849609375,540672,40.0,,,,,,,,,,,,,,,
47.328487396240234,541696,40.0,0.423046875,0.0003,-5.752226640284062,32791.19921875,-0.006743469815410208,0.0,0.2,0.071387075,68524.44233398438,2640,,,,,
50.18563461303711,542720,40.0,,,,,,,,,,,,,,,
56.399986267089844,543744,40.0,0.391552734375,0.0003,-5.765845556557179,37995.046875,-0.013139509050233755,0.0,0.2,0.058452897,78710.49118652343,2650,,,,,
52.96593475341797,544768,40.0,,,,,,,,,,,,,,,
52.14869689941406,545792,40.0,0.4080078125,0.0003,-5.758793905377388,40115.71875,-0.007359411525249016,0.0,0.2,0.06303185,69196.22653808593,2660,,,,,
59.209869384765625,546816,40.0,,,,,,,,,,,,,,,
49.70195770263672,547840,40.0,0.430908203125,0.0003,-5.749288964271545,24197.755859375,-0.005583987045247341,5.960464477539063e-08,0.2,0.06392795,51642.11145019531,2670,,,,,
50.29469299316406,548864,40.0,,,,,,,,,,,,,,,
54.937965393066406,549888,40.0,0.414501953125,0.0003,-5.744114238023758,27514.3984375,-0.0028250899544218556,0.0,0.2,0.06486527,54890.286560058594,2680,,,,,
50.77247619628906,550912,40.0,,,,,,,,,,,,,,,
48.00651550292969,551936,40.0,0.41162109375,0.0003,-5.734134176373482,34343.52734375,-0.006345279810193461,0.0,0.2,0.06221481,70995.944140625,2690,,,,,
49.58216094970703,552960,40.0,,,,,,,,,,,,,,,
,552960,,,,,,,,,,,,40.0,270,997,1299.3190812199998,554
49.22097396850586,553984,40.0,0.435986328125,0.0003,-5.719893303513527,26338.158203125,0.005154092387965647,-1.1920928955078125e-07,0.2,0.06736533,51350.37260742187,2700,,,,,
46.032920837402344,555008,40.0,,,,,,,,,,,,,,,
54.159271240234375,556032,40.0,0.39794921875,0.0003,-5.708487927913666,22594.5234375,-0.014266980136744678,0.0,0.2,0.056129128,47561.49918212891,2710,,,,,
52.91293716430664,557056,40.0,,,,,,,,,,,,,,,
47.27693176269531,558080,40.0,0.382080078125,0.0003,-5.707391737401485,26872.001953125,-0.005140836841019336,-1.1920928955078125e-07,0.2,0.056767672,54932.65173339844,2720,,,,,
54.13093566894531,559104,40.0,,,,,,,,,,,,,,,
53.10551071166992,560128,40.0,0.4076171875,0.0003,-5.702216675877571,28450.3203125,-0.00351935213257093,0.0,0.2,0.06260257,59087.890075683594,2730,,,,,
44.689361572265625,561152,40.0,,,,,,,,,,,,,,,
44.20193099975586,562176,40.0,0.3765625,0.0003,-5.69141262024641,32810.41796875,-0.01200510246999329,5.960464477539063e-08,0.2,0.052045107,73460.64223632813,2740,,,,,
43.271209716796875,563200,40.0,,,,,,,,,,,,,,,
48.263427734375,564224,40.0,0.3927734375,0.0003,-5.701909165084362,30573.2578125,-0.005811841905233451,0.0,0.2,0.058735363,62582.97669677735,2750,,,,,
36.49351119995117,565248,40.0,,,,,,,,,,,,,,,
51.02105712890625,566272,40.0,0.431298828125,0.0003,-5.691101551055908,24499.173828125,-0.004548207858169917,0.0,0.2,0.06533065,61484.31982421875,2760,,,,,
53.08833312988281,567296,40.0,,,,,,,,,,,,,,,
55.59309768676758,568320,40.0,0.388134765625,0.0003,-5.677902390062809,32642.732421875,-0.009926177070883568,0.0,0.2,0.05902397,61749.218505859375,2770,,,,,
48.21759796142578,569344,40.0,,,,,,,,,,,,,,,
49.492225646972656,570368,40.0,0.4060546875,0.0003,-5.682336197793484,29378.52734375,-0.003751089231809601,0.0,0.2,0.06177091,65652.16440429687,2780,,,,,
54.257232666015625,571392,40.0,,,,,,,,,,,,,,,
49.197261810302734,572416,40.0,0.416357421875,0.0003,-5.6771286815404896,36727.96484375,-0.004981684015365318,0.0,0.2,0.059307717,68378.4607788086,2790,,,,,
45.65895080566406,573440,40.0,,,,,,,,,,,,,,,
,573440,,,,,,,,,,,,40.0,280,1034,1381.0966819,554
48.15477752685547,574464,40.0,0.42236328125,0.0003,-5.631769572198391,34514.09375,-0.007379642300656996,0.0,0.2,0.062633276,66742.10854492188,2800,,,,,
45.12583541870117,575488,40.0,,,,,,,,,,,,,,,
46.688018798828125,576512,40.0,0.37421875,0.0003,-5.60961554646492,39375.00390625,-0.01461380916298367,0.0,0.2,0.053412512,77000.06368408204,2810,,,,,
51.665531158447266,577536,40.0,,,,,,,,,,,,,,,
51.45357131958008,578560,40.0,0.40322265625,0.0003,-5.633314423263073,29162.19140625,0.004850781930144876,0.0,0.2,0.056023665,56114.079907226565,2820,,,,,
51.94850540161133,579584,40.0,,,,,,,,,,,,,,,
40.76300048828125,580608,40.0,0.40263671875,0.0003,-5.633192002773285,29657.2265625,-0.010710925035527907,-1.1920928955078125e-07,0.2,0.058624983,61950.85219726562,2830,,,,,
40.94685363769531,581632,40.0,,,,,,,,,,,,,,,
48.814491271972656,582656,40.0,0.40126953125,0.0003,-5.614250285923481,30293.859375,-0.008213152302778326,0.0,0.2,0.05323729,57154.81849365235,2840,,,,,
46.566444396972656,583680,40.0,,,,,,,,,,,,,,,
54.180946350097656,584704,40.0,0.411376953125,0.0003,-5.6006306320428845,30737.275390625,-0.014501751978968969,-1.1920928955078125e-07,0.2,0.05457091,52863.381127929686,2850,,,,,
52.38997268676758,585728,40.0,,,,,,,,,,,,,,,
45.959938049316406,586752,40.0,0.406396484375,0.0003,-5.610494801402092,26711.205078125,-0.0036242831949493846,0.0,0.2,0.054117642,48617.55656738281,2860,,,,,
47.24864196777344,587776,40.0,,,,,,,,,,,,,,,
50.16999816894531,588800,40.0,0.3826171875,0.0003,-5.59952495098114,27415.431640625,-0.002098590467358008,0.0,0.2,0.055571645,56662.97440185547,2870,,,,,
47.191219329833984,589824,40.0,,,,,,,,,,,,,,,
47.3946533203125,590848,40.0,0.4013671875,0.0003,-5.568303894996643,26657.744140625,-0.0032320700345735533,0.0,0.2,0.056407385,54790.3923828125,2880,,,,,
54.51310729980469,591872,40.0,,,,,,,,,,,,,,,
49.46894073486328,592896,40.0,0.3650390625,0.0003,-5.541173604130745,24078.25,-0.0032167466895771215,0.0,0.2,0.045855425,53777.2572265625,2890,,,,,
39.33858871459961,593920,40.0,,,,,,,,,,,,,,,
,593920,,,,,,,,,,,,40.0,290,1071,1287.6377774900002,554
51.357337951660156,594944,40.0,0.382666015625,0.0003,-5.539238810539246,23487.857421875,-0.006571368037111824,-1.1920928955078125e-07,0.2,0.049178652,49821.17329101563,2900,,,,,
52.643035888671875,595968,40.0,,,,,,,,,,,,,,,
56.17642593383789,596992,40.0,0.391162109375,0.0003,-5.549819904565811,24368.265625,-0.009557226648030336,0.0,0.2,0.050471984,53814.874267578125,2910,,,,,
49.62055587768555,598016,40.0,,,,,,,,,,,,,,,
49.43880844116211,599040,40.0,0.379736328125,0.0003,-5.540040381252766,27392.322265625,-0.009252399198885541,0.0,0.2,0.05017042,62344.478686523435,2920,,,,,
54.513587951660156,600064,40.0,,,,,,,,,,,,,,,
56.313934326171875,601088,40.0,0.41337890625,0.0003,-5.512170265614986,15454.4677734375,0.003743760944053065,0.0,0.2,0.055946983,32864.55949707031,2930,,,,,
55.348358154296875,602112,40.0,,,,,,,,,,,,,,,
50.203948974609375,603136,40.0,0.379150390625,0.0003,-5.513384255766868,27830.16015625,-0.005939031751040602,0.0,0.2,0.049606968,56628.62615966797,2940,,,,,
55.629478454589844,604160,40.0,,,,,,,,,,,,,,,
53.80690002441406,605184,40.0,0.403076171875,0.0003,-5.494872841238975,26394.072265625,-0.006931829157110769,0.0,0.2,0.056096777,62980.45712890625,2950,,,,,
51.202659606933594,606208,40.0,,,,,,,,,,,,,,,
46.751365661621094,607232,40.0,0.39228515625,0.0003,-5.491608449816704,26397.193359375,0.000593161721189972,1.1920928955078125e-07,0.2,0.055239383,55709.51430664062,2960,,,,,
50.74640655517578,608256,40.0,,,,,,,,,,,,,,,
47.870338439941406,609280,40.0,0.376220703125,0.0003,-5.496811212599278,24657.732421875,-0.010128841263940558,1.1920928955078125e-07,0.2,0.05266413,53862.66707763672,2970,,,,,
52.791175842285156,610304,40.0,,,,,,,,,,,,,,,
54.37969207763672,611328,40.0,0.38017578125,0.0003,-5.49994890242815,29639.244140625,-0.0026965326040226502,0.0,0.2,0.050271176,60594.108850097655,2980,,,,,
52.29755783081055,612352,40.0,,,,,,,,,,,,,,,
54.291786193847656,613376,40.0,0.3693359375,0.0003,-5.488847666978836,33108.88671875,-0.014391927349788603,-1.1920928955078125e-07,0.2,0.048462167,66978.25065917968,2990,,,,,
50.2584228515625,614400,40.0,,,,,,,,,,,,,,,
,614400,,,,,,,,,,,,40.0,300,1109,1358.0706220099999,553
46.420169830322266,615424,40.0,0.383544921875,0.0003,-5.461363792419434,23372.83984375,-0.011370599833026063,0.0,0.2,0.05072535,56016.48428955078,3000,,,,,
50.38929748535156,616448,40.0,,,,,,,,,,,,,,,
55.04082107543945,617472,40.0,0.386181640625,0.0003,-5.45611435174942,22845.3984375,0.0016460784056107514,0.0,0.2,0.051240932,51550.5511352539,3010,,,,,
57.59625244140625,618496,40.0,,,,,,,,,,,,,,,
52.89483642578125,619520,40.0,0.400341796875,0.0003,-5.480696606636047,20286.15234375,-0.0014497649834083858,0.0,0.2,0.051217474,43300.48840332031,3020,,,,,
46.69898986816406,620544,40.0,,,,,,,,,,,,,,,
46.32493591308594,621568,40.0,0.4125,0.0003,-5.500326561927795,22913.462890625,0.004468909899878781,0.0,0.2,0.056508355,45966.27359619141,3030,,,,,
54.515541076660156,622592,40.0,,,,,,,,,,,,,,,
60.36872100830078,623616,40.0,0.39638671875,0.0003,-5.54455537199974,23486.72265625,0.0016083102105767465,0.0,0.2,0.05497311,50751.50069580078,3040,,,,,
56.19493103027344,624640,40.0,,,,,,,,,,,,,,,
53.8264045715332,625664,40.0,0.415673828125,0.0003,-5.534301255643368,30820.392578125,-0.00967497157107573,5.960464477539063e-08,0.2,0.057792,62661.02685546875,3050,,,,,
53.71876525878906,626688,40.0,,,,,,,,,,,,,,,
57.854373931884766,627712,40.0,0.3802734375,0.0003,-5.515911222994328,25104.158203125,-0.0017481787952419836,0.0,0.2,0.05155828,55068.89025878906,3060,,,,,
57.219268798828125,628736,40.0,,,,,,,,,,,,,,,
53.77925109863281,629760,40.0,0.407275390625,0.0003,-5.540893855690956,19053.765625,0.0013513615915144328,0.0,0.2,0.057879023,41610.4501953125,3070,,,,,
52.7056884765625,630784,40.0,,,,,,,,,,,,,,,
55.71503448486328,631808,40.0,0.397119140625,0.0003,-5.554020422697067,28381.37890625,0.001480081642512232,0.0,0.2,0.05163163,53511.41555175781,3080,,,,,
54.0162467956543,632832,40.0,,,,,,,,,,,,,,,
46.21921920776367,633856,40.0,0.403759765625,0.0003,-5.560850504040718,26035.818359375,-0.006922458288318012,0.0,0.2,0.05540832,49564.39432373047,3090,,,,,
42.528892517089844,634880,40.0,,,,,,,,,,,,,,,
,634880,,,,,,,,,,,,40.0,310,1145,1300.5524636600003,554
49.469688415527344,635904,40.0,0.407666015625,0.0003,-5.533019435405731,24330.798828125,-5.075468943687156e-05,5.960464477539063e-08,0.2,0.059433106,48812.9265625,3100,,,,,
54.74202346801758,636928,40.0,,,,,,,,,,,,,,,
46.77799606323242,637952,40.0,0.396337890625,0.0003,-5.504717043042183,17508.080078125,-0.003140531225653831,0.0,0.2,0.05493598,40392.18030395508,3110,,,,,
45.791011810302734,638976,40.0,,,,,,,,,,,,,,,
53.453224182128906,640000,40.0,0.41123046875,0.0003,-5.496140466630459,25150.3125,0.002797533963166643,0.0,0.2,0.05462602,54715.29967041015,3120,,,,,
51.31524658203125,641024,40.0,,,,,,,,,,,,,,,
57.522342681884766,642048,40.0,0.369921875,0.0003,-5.497354851663113,28536.298828125,-0.014858990664652082,0.0,0.2,0.050222285,60495.98314208984,3130,,,,,
55.573150634765625,643072,40.0,,,,,,,,,,,,,,,
48.84351348876953,644096,40.0,0.39775390625,0.0003,-5.492447791993618,19812.4609375,-0.0003802959196036682,0.0,0.2,0.05227859,47811.17067260742,3140,,,,,
58.433616638183594,645120,40.0,,,,,,,,,,,,,,,
59.88086700439453,646144,40.0,0.397607421875,0.0003,-5.49879404604435,25696.119140625,-0.007899564858234953,0.0,0.2,0.053897448,57199.666955566405,3150,,,,,
45.40803527832031,647168,40.0,,,,,,,,,,,,,,,
45.194435119628906,648192,40.0,0.3783203125,0.0003,-5.521104009449482,20764.767578125,-0.003373784174618777,0.0,0.2,0.054305207,50697.22509765625,3160,,,,,
55.88466262817383,649216,40.0,,,,,,,,,,,,,,,
55.90266418457031,650240,40.0,0.397412109375,0.0003,-5.546395929157734,24385.0546875,0.0014563735632691533,0.0,0.2,0.055764362,57245.84093017578,3170,,,,,
49.65829849243164,651264,40.0,,,,,,,,,,,,,,,
53.822574615478516,652288,40.0,0.4283203125,0.0003,-5.528027698397636,18708.76953125,0.00859966538992012,0.0,0.2,0.057122383,35970.90947265625,3180,,,,,
49.00221633911133,653312,40.0,,,,,,,,,,,,,,,
53.204837799072266,654336,40.0,0.41083984375,0.0003,-5.504210275411606,26481.623046875,0.009679081210924778,0.0,0.2,0.060153574,52348.82508544922,3190,,,,,
58.18390655517578,655360,40.0,,,,,,,,,,,,,,,
,655360,,,,,,,,,,,,40.0,320,1182,1281.9767488500001,554
53.420631408691406,656384,40.0,0.3953125,0.0003,-5.501308570802212,21785.314453125,0.0038538921100553123,1.1920928955078125e-07,0.2,0.051144276,40679.64313964844,3200,,,,,
50.630332946777344,657408,40.0,,,,,,,,,,,,,,,
54.893287658691406,658432,40.0,0.4060546875,0.0003,-5.522772713005542,20806.55859375,-0.000507652130909264,0.0,0.2,0.057135835,49059.30986328125,3210,,,,,
58.60626983642578,659456,40.0,,,,,,,,,,,,,,,
55.55205535888672,660480,40.0,0.412255859375,0.0003,-5.518575766682625,23137.373046875,0.0015013434051070363,-1.1920928955078125e-07,0.2,0.05962743,44407.019104003906,3220,,,,,
54.50304412841797,661504,40.0,,,,,,,,,,,,,,,
51.00856018066406,662528,40.0,0.38134765625,0.0003,-5.5041388243436815,20804.984375,-0.0007077592788846232,1.1920928955078125e-07,0.2,0.05169863,48557.90860595703,3230,,,,,
52.94107437133789,663552,40.0,,,,,,,,,,,,,,,
51.874351501464844,664576,40.0,0.39521484375,0.0003,-5.497106577455997,22788.1484375,0.008680613253090996,-1.1920928955078125e-07,0.2,0.054313462,45075.02302856445,3240,,,,,
57.67436981201172,665600,40.0,,,,,,,,,,,,,,,
53.75327682495117,666624,40.0,0.387158203125,0.0003,-5.475064072012901,21081.642578125,0.002094568240136141,0.0,0.2,0.04865706,47583.44836425781,3250,,,,,
54.529022216796875,667648,40.0,,,,,,,,,,,,,,,
54.33527374267578,668672,40.0,0.435986328125,0.0003,-5.491887100040913,10837.3671875,0.018200486121349967,0.0,0.2,0.06190072,24092.046185302734,3260,,,,,
57.90050506591797,669696,40.0,,,,,,,,,,,,,,,
49.058738708496094,670720,40.0,0.39482421875,0.0003,-5.513504058122635,24840.83984375,0.0021503899763047228,0.0,0.2,0.054385543,47856.941235351565,3270,,,,,
45.92259979248047,671744,40.0,,,,,,,,,,,,,,,
49.18915557861328,672768,40.0,0.388037109375,0.0003,-5.521986782550812,21246.810546875,0.00261813937977422,0.0,0.2,0.05497362,54730.31190185547,3280,,,,,
47.99532699584961,673792,40.0,,,,,,,,,,,,,,,
48.35635757446289,674816,40.0,0.4166015625,0.0003,-5.5558794140815735,17615.716796875,0.008232128944655415,0.0,0.2,0.059434347,35604.95995483398,3290,,,,,
50.221275329589844,675840,40.0,,,,,,,,,,,,,,,
,675840,,,,,,,,,,,,40.0,330,1220,1271.15570528,553
53.09109878540039,676864,40.0,0.435009765625,0.0003,-5.55570317208767,19298.7421875,-0.00023558806424262002,0.0,0.2,0.06362657,46632.00893554687,3300,,,,,
58.339385986328125,677888,40.0,,,,,,,,,,,,,,,
48.829715728759766,678912,40.0,0.41015625,0.0003,-5.563475252687931,25424.76171875,0.005099320189037826,0.0,0.2,0.06139322,61606.540563964845,3310,,,,,
50.58235168457031,679936,40.0,,,,,,,,,,,,,,,
50.057525634765625,680960,40.0,0.39755859375,0.0003,-5.548495364189148,29311.23828125,0.004390698958013672,0.0,0.2,0.05468513,55516.10070800781,3320,,,,,
47.884002685546875,681984,40.0,,,,,,,,,,,,,,,
52.38446807861328,683008,40.0,0.40341796875,0.0003,-5.535665692389012,23035.666015625,0.0019422694109380244,0.0,0.2,0.059369184,49368.48603515625,3330,,,,,
53.911537170410156,684032,40.0,,,,,,,,,,,,,,,
58.030189514160156,685056,40.0,0.448388671875,0.0003,-5.552067223191261,13011.1318359375,0.00673319208144676,-1.1920928955078125e-07,0.2,0.061219387,31523.67151489258,3340,,,,,
47.651588439941406,686080,40.0,,,,,,,,,,,,,,,
48.61015319824219,687104,40.0,0.419970703125,0.0003,-5.573618443310261,16860.20703125,0.004081139265326783,-1.1920928955078125e-07,0.2,0.060179766,38014.237084960936,3350,,,,,
55.58808898925781,688128,40.0,,,,,,,,,,,,,,,
43.158607482910156,689152,40.0,0.4087890625,0.0003,-5.572068268060685,18581.849609375,0.008614940632833168,0.0,0.2,0.059101418,40488.210076904295,3360,,,,,
51.111515045166016,690176,40.0,,,,,,,,,,,,,,,
53.3319206237793,691200,40.0,0.41884765625,0.0003,-5.572777113318443,18485.486328125,0.009963535460701677,0.0,0.2,0.06363717,39214.87520141601,3370,,,,,
50.2978515625,692224,40.0,,,,,,,,,,,,,,,
47.84721374511719,693248,40.0,0.4212890625,0.0003,-5.565384927392006,21736.033203125,-0.003578138622106053,0.0,0.2,0.05731238,39821.36771850586,3380,,,,,
47.30168151855469,694272,40.0,,,,,,,,,,,,,,,
52.5054817199707,695296,40.0,0.430224609375,0.0003,-5.557049055397511,20725.466796875,-0.0014717311540152877,0.0,0.2,0.05840387,37542.96556396484,3390,,,,,
49.667396545410156,696320,40.0,,,,,,,,,,,,,,,
,696320,,,,,,,,,,,,40.0,340,1255,1302.3943877800002,554
56.146846771240234,697344,40.0,0.40751953125,0.0003,-5.541213600337505,19076.6875,0.0025865511532174425,0.0,0.2,0.06069083,45825.16544189453,3400,,,,,
56.08289337158203,698368,40.0,,,,,,,,,,,,,,,
55.44068145751953,699392,40.0,0.415625,0.0003,-5.52313657104969,20689.05078125,0.005744285142282024,0.0,0.2,0.05738549,39234.3190246582,3410,,,,,
51.85284423828125,700416,40.0,,,,,,,,,,,,,,,
45.57859802246094,701440,40.0,0.411865234375,0.0003,-5.516530565917492,22516.361328125,0.004591765015356941,5.960464477539063e-08,0.2,0.059860803,53619.72944335938,3420,,,,,
46.05877685546875,702464,40.0,,,,,,,,,,,,,,,
49.71760177612305,703488,40.0,0.429248046875,0.0003,-5.507150153815746,19575.173828125,0.018101240348187275,0.0,0.2,0.0662237,37196.55101928711,3430,,,,,
47.013885498046875,704512,40.0,,,,,,,,,,,,,,,
50.214569091796875,705536,40.0,0.44130859375,0.0003,-5.530235059559345,20182.07421875,0.006350243383349152,5.960464477539063e-08,0.2,0.068614155,48009.025561523435,3440,,,,,
52.416038513183594,706560,40.0,,,,,,,,,,,,,,,
42.31692886352539,707584,40.0,0.39345703125,0.0003,-5.527821716666222,25033.607421875,-0.0014625941694248468,0.0,0.2,0.053989023,46342.82535400391,3450,,,,,
52.435264587402344,708608,40.0,,,,,,,,,,,,,,,
51.07304763793945,709632,40.0,0.442333984375,0.0003,-5.5114613875746725,18869.43359375,0.016871517441177274,0.0,0.2,0.06988712,41133.68759765625,3460,,,,,
50.00788116455078,710656,40.0,,,,,,,,,,,,,,,
52.587127685546875,711680,40.0,0.383544921875,0.0003,-5.495967248082161,22881.333984375,0.007907624395738822,5.960464477539063e-08,0.2,0.06247196,51321.4505859375,3470,,,,,
49.37181854248047,712704,40.0,,,,,,,,,,,,,,,
54.30815124511719,713728,40.0,0.403466796875,0.0003,-5.501595084369183,24373.37109375,0.0042454358481336385,0.0,0.2,0.059159055,52428.74855957031,3480,,,,,
55.62214660644531,714752,40.0,,,,,,,,,,,,,,,
51.55134582519531,715776,40.0,0.41923828125,0.0003,-5.5001004680991175,23505.0,0.005815678750514053,-1.1920928955078125e-07,0.2,0.058843996,50810.57486572266,3490,,,,,
57.385013580322266,716800,40.0,,,,,,,,,,,,,,,
,716800,,,,,,,,,,,,40.0,350,1291,1407.5397721099996,554
51.12205505371094,717824,40.0,0.390771484375,0.0003,-5.476120960712433,25517.40234375,-0.004184041400731075,0.0,0.2,0.058879297,51273.222265625,3500,,,,,
53.94617462158203,718848,40.0,,,,,,,,,,,,,,,
52.22411346435547,719872,40.0,0.410302734375,0.0003,-5.462262101471424,21416.521484375,0.0030345860213856213,-1.1920928955078125e-07,0.2,0.059758954,48083.5046875,3510,,,,,
54.56407165527344,720896,40.0,,,,,,,,,,,,,,,
51.713043212890625,721920,40.0,0.413720703125,0.0003,-5.459701032936573,18997.748046875,-0.007634183007758111,0.0,0.2,0.05957387,38932.28829956055,3520,,,,,
48.112335205078125,722944,40.0,,,,,,,,,,,,,,,
52.983158111572266,723968,40.0,0.426220703125,0.0003,-5.446413840353489,17725.111328125,0.005365775187965482,0.0,0.2,0.059489828,40993.32090454102,3530,,,,,
50.01530456542969,724992,40.0,,,,,,,,,,,,,,,
48.120697021484375,726016,40.0,0.417236328125,0.0003,-5.4553784564137455,19357.48046875,-0.007492914331669454,0.0,0.2,0.058551706,40515.800231933594,3540,,,,,
54.55218505859375,727040,40.0,,,,,,,,,,,,,,,
49.918357849121094,728064,40.0,0.401904296875,0.0003,-5.466724072396755,25434.8203125,0.002726239665935282,-1.1920928955078125e-07,0.2,0.058538098,50856.1246459961,3550,,,,,
47.99547576904297,729088,40.0,,,,,,,,,,,,,,,
50.31673812866211,730112,40.0,0.410009765625,0.0003,-5.443832330405712,22330.9375,0.002799305197549984,0.0,0.2,0.059521608,47174.82740478516,3560,,,,,
54.20492935180664,731136,40.0,,,,,,,,,,,,,,,
51.642120361328125,732160,40.0,0.45595703125,0.0003,-5.422294217348099,15501.8994140625,0.007085315477888798,0.0,0.2,0.060055975,29582.066943359376,3570,,,,,
47.0962028503418,733184,40.0,,,,,,,,,,,,,,,
55.73723602294922,734208,40.0,0.431005859375,0.0003,-5.436789430677891,18099.1484375,0.009818917119991966,0.0,0.2,0.061371464,32369.502685546875,3580,,,,,
52.93508529663086,735232,40.0,,,,,,,,,,,,,,,
55.43650817871094,736256,40.0,0.40634765625,0.0003,-5.435746333003044,19637.947265625,-0.00026958933158311994,0.0,0.2,0.056693684,45596.879663085936,3590,,,,,
51.56256103515625,737280,40.0,,,,,,,,,,,,,,,
,737280,,,,,,,,,,,,40.0,360,1327,1396.0395923199999,555
54.38823699951172,738304,40.0,0.3810546875,0.0003,-5.4286218792200085,24656.5703125,0.0035152750468114393,0.0,0.2,0.05179898,50403.551696777344,3600,,,,,
55.370574951171875,739328,40.0,,,,,,,,,,,,,,,
47.46593475341797,740352,40.0,0.3908203125,0.0003,-5.422999033331871,23109.5234375,0.0010526447542360984,-1.1920928955078125e-07,0.2,0.052650914,45860.748571777345,3610,,,,,
45.63374328613281,741376,40.0,,,,,,,,,,,,,,,
51.77674102783203,742400,40.0,0.42021484375,0.0003,-5.423206156492233,18223.365234375,0.007415492960717529,-1.1920928955078125e-07,0.2,0.055566575,38012.30670776367,3620,,,,,
55.41325378417969,743424,40.0,,,,,,,,,,,,,,,
51.81764602661133,744448,40.0,0.427294921875,0.0003,-5.408935414254666,15424.75390625,0.010612635250436143,0.0,0.2,0.05960176,33621.22498779297,3630,,,,,
42.899375915527344,745472,40.0,,,,,,,,,,,,,,,
49.36261749267578,746496,40.0,0.388818359375,0.0003,-5.4106373831629755,17464.56640625,0.014199107099557295,0.0,0.2,0.053278804,39511.65342407227,3640,,,,,
52.583343505859375,747520,40.0,,,,,,,,,,,,,,,
52.787532806396484,748544,40.0,0.39599609375,0.0003,-5.40923408716917,23182.388671875,0.001020235901523847,0.0,0.2,0.050896652,47418.295349121094,3650,,,,,
62.17354965209961,749568,40.0,,,,,,,,,,,,,,,
53.01212692260742,750592,40.0,0.410791015625,0.0003,-5.417629644274712,13148.2841796875,-0.003493330514174886,0.0,0.2,0.050388865,32808.534765625,3660,,,,,
51.138221740722656,751616,40.0,,,,,,,,,,,,,,,
50.189964294433594,752640,40.0,0.42822265625,0.0003,-5.415142807364464,24579.994140625,0.009873103545396588,0.0,0.2,0.06577048,44591.81787109375,3670,,,,,
47.15995788574219,753664,40.0,,,,,,,,,,,,,,,
59.029457092285156,754688,40.0,0.407421875,0.0003,-5.415743757784367,13983.1484375,0.00856063707251451,0.0,0.2,0.052993678,31336.646685791016,3680,,,,,
51.78999328613281,755712,40.0,,,,,,,,,,,,,,,
56.621482849121094,756736,40.0,0.424267578125,0.0003,-5.397309215366841,23337.837890625,0.0004010895354440436,0.0,0.2,0.059246078,47870.82077636719,3690,,,,,
51.852256774902344,757760,40.0,,,,,,,,,,,,,,,
,757760,,,,,,,,,,,,40.0,370,1363,1361.8580305699995,555
53.53416442871094,758784,40.0,0.43564453125,0.0003,-5.4007215172052385,16825.673828125,0.012334447741159238,0.0,0.2,0.059542324,35804.43048706055,3700,,,,,
46.964698791503906,759808,40.0,,,,,,,,,,,,,,,
45.482791900634766,760832,40.0,0.370166015625,0.0003,-5.402393415570259,19375.671875,0.007178657135227695,0.0,0.2,0.047965106,44426.92965698242,3710,,,,,
54.349327087402344,761856,40.0,,,,,,,,,,,,,,,
48.83525848388672,762880,40.0,0.404443359375,0.0003,-5.3974706277251245,17738.974609375,0.011862692354770842,0.0,0.2,0.05262465,37319.94534301758,3720,,,,,
53.28827667236328,763904,40.0,,,,,,,,,,,,,,,
51.041873931884766,764928,40.0,0.406103515625,0.0003,-5.383467838168144,20092.908203125,0.003879757299728226,1.1920928955078125e-07,0.2,0.059082065,38122.45243530274,3730,,,,,
45.77143859863281,765952,40.0,,,,,,,,,,,,,,,
53.400367736816406,766976,40.0,0.417626953125,0.0003,-5.380297097563743,21270.3984375,0.003670756192877889,0.0,0.2,0.058176465,41225.03778076172,3740,,,,,
48.097206115722656,768000,40.0,,,,,,,,,,,,,,,
45.152587890625,769024,40.0,0.410400390625,0.0003,-5.371282507479191,16424.60546875,0.010208613889699337,0.0,0.2,0.058079373,36456.70541381836,3750,,,,,
57.294647216796875,770048,40.0,,,,,,,,,,,,,,,
56.50184631347656,771072,40.0,0.44033203125,0.0003,-5.353675226867199,13473.8896484375,0.014941302298393567,0.0,0.2,0.058313016,31961.178649902344,3760,,,,,
52.6021842956543,772096,40.0,,,,,,,,,,,,,,,
54.94866180419922,773120,40.0,0.427001953125,0.0003,-5.363844662904739,12985.37109375,0.014155223920533899,0.0,0.2,0.059536695,30670.88081665039,3770,,,,,
48.67483139038086,774144,40.0,,,,,,,,,,,,,,,
41.4744758605957,775168,40.0,0.41689453125,0.0003,-5.370103035867214,11853.2841796875,0.010061823039723094,0.0,0.2,0.057520635,32137.09864501953,3780,,,,,
52.73663330078125,776192,40.0,,,,,,,,,,,,,,,
57.42562484741211,777216,40.0,0.428564453125,0.0003,-5.347869384288788,24781.935546875,0.007609173122909851,0.0,0.2,0.058893234,42347.145263671875,3790,,,,,
50.93574523925781,778240,40.0,,,,,,,,,,,,,,,
,778240,,,,,,,,,,,,40.0,380,1399,1341.0342291900001,556
63.101600646972656,779264,40.0,0.44755859375,0.0003,-5.31096059679985,16630.044921875,0.008244789089076221,0.0,0.2,0.06378181,31626.857055664062,3800,,,,,
57.955787658691406,780288,40.0,,,,,,,,,,,,,,,
53.08140182495117,781312,40.0,0.393505859375,0.0003,-5.299883182346821,22772.052734375,-0.0009532190335448832,5.960464477539063e-08,0.2,0.050777066,40816.87318115235,3810,,,,,
53.04566955566406,782336,40.0,,,,,,,,,,,,,,,
49.4334831237793,783360,40.0,0.419873046875,0.0003,-5.2875305488705635,14365.810546875,0.006897432234109146,0.0,0.2,0.050007507,32223.223370361327,3820,,,,,
45.783226013183594,784384,40.0,,,,,,,,,,,,,,,
51.936302185058594,785408,40.0,0.383837890625,0.0003,-5.275850181281567,22375.26171875,0.0014483048274996691,0.0,0.2,0.051745012,41691.11584472656,3830,,,,,
54.66819381713867,786432,40.0,,,,,,,,,,,,,,,
53.973228454589844,787456,40.0,0.37333984375,0.0003,-5.27200508415699,17881.8125,0.004993894255312626,0.0,0.2,0.051010847,40908.86116943359,3840,,,,,
51.87903594970703,788480,40.0,,,,,,,,,,,,,,,
37.81200408935547,789504,40.0,0.41875,0.0003,-5.261516542732716,17526.044921875,0.010499816745868884,0.0,0.2,0.05493705,36748.69749145508,3850,,,,,
49.92794418334961,790528,40.0,,,,,,,,,,,,,,,
50.78754806518555,791552,40.0,0.384716796875,0.0003,-5.2756749272346495,15076.2578125,0.011797534009383525,0.0,0.2,0.052585218,34222.96008300781,3860,,,,,
48.4490966796875,792576,40.0,,,,,,,,,,,,,,,
49.942893981933594,793600,40.0,0.377734375,0.0003,-5.282066524028778,15988.65234375,0.014628979598637671,0.0,0.2,0.052323975,31426.333251953125,3870,,,,,
52.77507019042969,794624,40.0,,,,,,,,,,,,,,,
49.07273864746094,795648,40.0,0.423681640625,0.0003,-5.295352853834629,15448.10546875,0.018464634280826432,0.0,0.2,0.055339746,31905.55615234375,3880,,,,,
55.11399841308594,796672,40.0,,,,,,,,,,,,,,,
51.640869140625,797696,40.0,0.4134765625,0.0003,-5.2961502656340596,18252.69921875,0.007700571914028842,1.7881393432617188e-07,0.2,0.051044904,36686.236804199216,3890,,,,,
48.831565856933594,798720,40.0,,,,,,,,,,,,,,,
,798720,,,,,,,,,,,,40.0,390,1435,1375.4513349399997,556
45.16256332397461,799744,40.0,0.4142578125,0.0003,-5.272560158371926,21723.548828125,0.0024172992663807234,0.0,0.2,0.056001842,41688.75830688477,3900,,,,,
56.10321044921875,800768,40.0,,,,,,,,,,,,,,,
