eval/mean_ep_length,time/total_timesteps,eval/mean_reward,train/n_updates,train/policy_gradient_loss,train/explained_variance,train/approx_kl,train/clip_range,train/learning_rate,train/clip_fraction,train/loss,train/value_loss,train/entropy_loss,time/time_elapsed,rollout/ep_len_mean,time/fps,time/iterations,rollout/ep_rew_mean
27.0,1024,38.266082763671875,,,,,,,,,,,,,,,
27.0,2048,41.80379867553711,,,,,,,,,,,,,,,
27.0,3072,36.97909927368164,10,-0.08876363933086395,0.0030066370964050293,0.102639556,0.2,0.0003,0.528955078125,41.1055793762207,88.25596318244934,-5.849052920937538,,,,,
27.0,4096,38.726951599121094,,,,,,,,,,,,,,,
27.0,5120,38.686500549316406,20,-0.06394259899971075,-1.811981201171875e-05,0.059943657,0.2,0.0003,0.454248046875,37.94779968261719,116.08464818000793,-5.8192578732967375,,,,,
27.0,6144,43.126495361328125,,,,,,,,,,,,,,,
27.0,7168,40.175045013427734,30,-0.07063622141722589,0.0,0.060606554,0.2,0.0003,0.447705078125,36.45396423339844,95.96968845129012,-5.797661863267422,,,,,
27.0,8192,43.14909362792969,,,,,,,,,,,,,,,
27.0,9216,38.783546447753906,40,-0.07794824213488027,0.0,0.06842616,0.2,0.0003,0.47099609375,29.162704467773438,92.65623823404312,-5.7511085703969,,,,,
27.0,10240,36.350955963134766,,,,,,,,,,,,,,,
27.0,11264,39.575218200683594,50,-0.07408162247156724,1.1920928955078125e-07,0.07202292,0.2,0.0003,0.47421875,24.561786651611328,85.67635505199432,-5.714215715229511,,,,,
27.0,12288,33.2376708984375,,,,,,,,,,,,,,,
27.0,13312,40.174686431884766,60,-0.06751970835030079,0.0,0.07696238,0.2,0.0003,0.47412109375,30.236446380615234,82.33124417066574,-5.6589739754796025,,,,,
27.0,14336,38.038204193115234,,,,,,,,,,,,,,,
27.0,15360,33.94511413574219,70,-0.06979573498247191,-1.1920928955078125e-07,0.06697889,0.2,0.0003,0.475927734375,27.684650421142578,70.79944947957992,-5.620915800333023,,,,,
27.0,16384,42.41741180419922,,,,,,,,,,,,,,,
27.0,17408,40.70655822753906,80,-0.0703377045399975,-5.960464477539062e-07,0.077615164,0.2,0.0003,0.479345703125,34.60148239135742,67.79644141197204,-5.562258115410804,,,,,
27.0,18432,38.921165466308594,,,,,,,,,,,,,,,
27.0,19456,44.16222381591797,90,-0.06517723147990181,0.0,0.069313884,0.2,0.0003,0.47353515625,27.5772647857666,61.94246482849121,-5.502509610354901,,,,,
27.0,20480,39.599021911621094,,,,,,,,,,,,,,,
,20480,,,,,,,,,,,,41,27.0,498,10,39.82046937
27.0,21504,41.81342315673828,100,-0.060430309816729276,0.0,0.07671724,0.2,0.0003,0.4712890625,23.592727661132812,61.67604446411133,-5.455164717137814,,,,,
27.0,22528,38.00339126586914,,,,,,,,,,,,,,,
27.0,23552,40.334938049316406,110,-0.06409041699371301,-2.384185791015625e-07,0.07185183,0.2,0.0003,0.471630859375,19.273717880249023,51.206082040071486,-5.400167420506477,,,,,
27.0,24576,33.750823974609375,,,,,,,,,,,,,,,
27.0,25600,40.49003219604492,120,-0.05968520906753838,0.0,0.07841441,0.2,0.0003,0.493408203125,19.804964065551758,48.584798890352246,-5.346924805641175,,,,,
27.0,26624,38.91797637939453,,,,,,,,,,,,,,,
27.0,27648,37.32067108154297,130,-0.06438602428534068,-1.1920928955078125e-07,0.07565002,0.2,0.0003,0.470849609375,18.65514373779297,52.98917979001999,-5.308862578868866,,,,,
27.0,28672,44.919830322265625,,,,,,,,,,,,,,,
27.0,29696,41.13825988769531,140,-0.06299631138390396,0.0,0.07616526,0.2,0.0003,0.484521484375,19.197933197021484,43.95339963436127,-5.248198372125626,,,,,
27.0,30720,36.085899353027344,,,,,,,,,,,,,,,
27.0,31744,41.59733581542969,150,-0.0631057570601115,0.0,0.076498985,0.2,0.0003,0.488525390625,30.765579223632812,51.070133697986606,-5.197799392044544,,,,,
27.0,32768,41.837745666503906,,,,,,,,,,,,,,,
27.0,33792,38.72427749633789,160,-0.054356329014990476,0.0,0.07322976,0.2,0.0003,0.473291015625,22.229551315307617,42.96882236003876,-5.133280362188816,,,,,
27.0,34816,39.91587829589844,,,,,,,,,,,,,,,
27.0,35840,43.27391815185547,170,-0.048935443733353165,0.0,0.07962913,0.2,0.0003,0.499072265625,23.544160842895508,46.294190460443495,-5.092461252212525,,,,,
27.0,36864,37.13393020629883,,,,,,,,,,,,,,,
27.0,37888,35.60202407836914,180,-0.059808336256537586,0.0,0.07933108,0.2,0.0003,0.487109375,16.546472549438477,40.78823605179787,-5.041119410097599,,,,,
27.0,38912,37.10588836669922,,,,,,,,,,,,,,,
27.0,39936,35.70827102661133,190,-0.05707376712234691,0.0,0.07833599,0.2,0.0003,0.489794921875,21.467567443847656,44.10143543481827,-4.9845585286617276,,,,,
27.0,40960,41.196510314941406,,,,,,,,,,,,,,,
,40960,,,,,,,,,,,,82,27.0,499,20,39.907942229999996
27.0,41984,38.801910400390625,200,-0.05579060590971494,0.0,0.07436912,0.2,0.0003,0.496044921875,21.144287109375,42.67771362662315,-4.9492371246218685,,,,,
27.0,43008,43.77921676635742,,,,,,,,,,,,,,,
27.0,44032,39.51026916503906,210,-0.05651035309128929,0.0,0.07113613,0.2,0.0003,0.468310546875,18.622547149658203,43.65012073516846,-4.884015564620495,,,,,
27.0,45056,41.87639236450195,,,,,,,,,,,,,,,
27.0,46080,42.348388671875,220,-0.053708171064499766,0.0,0.079535335,0.2,0.0003,0.48046875,14.746068954467773,39.43322195410728,-4.822509405016899,,,,,
27.0,47104,40.26506042480469,,,,,,,,,,,,,,,
27.0,48128,41.060245513916016,230,-0.05568978617375251,0.0,0.074736774,0.2,0.0003,0.493212890625,17.015113830566406,39.572180742025374,-4.779986560344696,,,,,
27.0,49152,41.67694091796875,,,,,,,,,,,,,,,
27.0,50176,42.95323181152344,240,-0.06418089570361189,0.0,0.07570333,0.2,0.0003,0.4771484375,11.056729316711426,36.224864387512206,-4.710685709118843,,,,,
27.0,51200,45.06624221801758,,,,,,,,,,,,,,,
27.0,52224,47.67223358154297,250,-0.05054310682462528,0.0,0.0675234,0.2,0.0003,0.466357421875,20.085269927978516,38.13899462819099,-4.661607944965363,,,,,
27.0,53248,41.48358917236328,,,,,,,,,,,,,,,
27.0,54272,43.456321716308594,260,-0.05127119645185303,0.0,0.06714559,0.2,0.0003,0.487646484375,13.321867942810059,34.20372558832169,-4.609566247463226,,,,,
27.0,55296,41.60392379760742,,,,,,,,,,,,,,,
27.0,56320,40.313133239746094,270,-0.05290794301545247,0.0,0.07548775,0.2,0.0003,0.49638671875,21.47096061706543,40.60214866399765,-4.549799430370331,,,,,
27.0,57344,41.33782196044922,,,,,,,,,,,,,,,
27.0,58368,36.46293258666992,280,-0.0499824219092261,1.1920928955078125e-07,0.08548173,0.2,0.0003,0.503515625,21.996686935424805,39.80261878967285,-4.5129352658987045,,,,,
27.0,59392,45.35706329345703,,,,,,,,,,,,,,,
27.0,60416,41.462093353271484,290,-0.056063306517899036,0.0,0.06978558,0.2,0.0003,0.4474609375,21.663850784301758,40.706825053691865,-4.436879488825798,,,,,
27.0,61440,37.333229064941406,,,,,,,,,,,,,,,
,61440,,,,,,,,,,,,123,27.0,496,30,43.74061857000001
27.0,62464,42.08557891845703,300,-0.04724183480429929,1.1920928955078125e-07,0.07495628,0.2,0.0003,0.480859375,21.963441848754883,39.99267704486847,-4.377710461616516,,,,,
27.0,63488,41.89910888671875,,,,,,,,,,,,,,,
27.0,64512,41.83113098144531,310,-0.046083428352721965,0.0,0.05590438,0.2,0.0003,0.4205078125,18.96084213256836,36.74315734505653,-4.367062611877918,,,,,
27.0,65536,44.24081802368164,,,,,,,,,,,,,,,
27.0,66560,44.91973114013672,320,-0.05634743729606271,0.0,0.06516701,0.2,0.0003,0.483984375,19.872783660888672,39.11821455359459,-4.348277702927589,,,,,
27.0,67584,44.714866638183594,,,,,,,,,,,,,,,
27.0,68608,46.22385787963867,330,-0.04971616021648515,0.0,0.04915619,0.2,0.0003,0.396484375,19.89702033996582,37.417100477218625,-4.307470160722732,,,,,
27.0,69632,48.34912109375,,,,,,,,,,,,,,,
27.0,70656,46.446022033691406,340,-0.053943491433165035,0.0,0.06734222,0.2,0.0003,0.465478515625,17.79899787902832,35.66813926696777,-4.240074031054974,,,,,
27.0,71680,47.903804779052734,,,,,,,,,,,,,,,
27.0,72704,47.34347915649414,350,-0.05410623534116894,1.1920928955078125e-07,0.06184879,0.2,0.0003,0.415185546875,17.207887649536133,36.24994149208069,-4.159976211190224,,,,,
27.0,73728,46.83454895019531,,,,,,,,,,,,,,,
27.0,74752,46.01350402832031,360,-0.04500465100281872,0.0,0.049861953,0.2,0.0003,0.384130859375,20.21277618408203,36.57465227842331,-4.098011258244514,,,,,
27.0,75776,45.81742858886719,,,,,,,,,,,,,,,
27.0,76800,51.254268646240234,370,-0.05208955003763549,0.0,0.05789151,0.2,0.0003,0.421337890625,28.483259201049805,40.53099562525749,-4.074250002205372,,,,,
27.0,77824,49.38304901123047,,,,,,,,,,,,,,,
27.0,78848,47.97220993041992,380,-0.05581577781704254,0.0,0.06853223,0.2,0.0003,0.420166015625,13.71835994720459,33.28178223967552,-4.052809332311154,,,,,
27.0,79872,50.401206970214844,,,,,,,,,,,,,,,
27.0,80896,48.046630859375,390,-0.04603948051226325,0.0,0.06515055,0.2,0.0003,0.4294921875,15.73173999786377,29.434687739610673,-3.998641920089722,,,,,
27.0,81920,47.00339889526367,,,,,,,,,,,,,,,
,81920,,,,,,,,,,,,165,27.0,494,40,49.411002530000005
27.0,82944,49.17958450317383,400,-0.05274105067073833,1.1920928955078125e-07,0.067797996,0.2,0.0003,0.470947265625,14.11092472076416,34.084992569684985,-3.959434885531664,,,,,
27.0,83968,48.60645294189453,,,,,,,,,,,,,,,
27.0,84992,47.029422760009766,410,-0.05041107951838057,0.0,0.059767075,0.2,0.0003,0.4111328125,17.24237823486328,31.058660632371904,-3.9152087956666946,,,,,
27.0,86016,46.568416595458984,,,,,,,,,,,,,,,
27.0,87040,52.539825439453125,420,-0.03920045885897707,0.0,0.05176284,0.2,0.0003,0.401025390625,11.811173439025879,29.763748329877853,-3.8581016197800637,,,,,
27.0,88064,51.960296630859375,,,,,,,,,,,,,,,
27.0,89088,47.615745544433594,430,-0.04166417781234486,0.0,0.05142215,0.2,0.0003,0.4033203125,12.373806953430176,29.492289429903032,-3.8006872408092023,,,,,
27.0,90112,46.90420150756836,,,,,,,,,,,,,,,
27.0,91136,45.51219940185547,440,-0.04387252000160515,0.0,0.04940106,0.2,0.0003,0.402734375,13.671921730041504,28.72447322010994,-3.767094634473324,,,,,
27.0,92160,48.75122833251953,,,,,,,,,,,,,,,
27.0,93184,46.86321258544922,450,-0.04385664881265257,5.960464477539063e-08,0.046988502,0.2,0.0003,0.365185546875,9.724483489990234,24.64085517823696,-3.742170810699463,,,,,
27.0,94208,55.87294387817383,,,,,,,,,,,,,,,
27.0,95232,51.62762451171875,460,-0.04487113118520938,0.0,0.050553687,0.2,0.0003,0.410009765625,14.849812507629395,27.03739504814148,-3.7102329298853873,,,,,
27.0,96256,51.028533935546875,,,,,,,,,,,,,,,
27.0,97280,50.542518615722656,470,-0.04522796723031206,0.0,0.052983847,0.2,0.0003,0.383056640625,8.846772193908691,29.24024362564087,-3.7067053474485876,,,,,
27.0,98304,54.296043395996094,,,,,,,,,,,,,,,
27.0,99328,50.351226806640625,480,-0.043911559111438694,5.960464477539063e-08,0.046855196,0.2,0.0003,0.372607421875,17.43233871459961,27.91930157542229,-3.6894792564213277,,,,,
27.0,100352,50.998382568359375,,,,,,,,,,,,,,,
27.0,101376,48.94563293457031,490,-0.05345601307344623,-1.1920928955078125e-07,0.049360096,0.2,0.0003,0.37939453125,12.298384666442871,26.451171255111696,-3.6646023757755755,,,,,
27.0,102400,52.96903991699219,,,,,,,,,,,,,,,
,102400,,,,,,,,,,,,207,27.0,493,50,52.84121517
27.0,103424,53.9307861328125,500,-0.04333275989920367,0.0,0.06174907,0.2,0.0003,0.415380859375,12.064114570617676,26.83325239419937,-3.641389311850071,,,,,
27.0,104448,51.47812271118164,,,,,,,,,,,,,,,
27.0,105472,59.437583923339844,510,-0.04789784057065845,0.0,0.060266156,0.2,0.0003,0.41201171875,11.148504257202148,28.400579106807708,-3.620361226052046,,,,,
27.0,106496,49.810665130615234,,,,,,,,,,,,,,,
27.0,107520,49.31555938720703,520,-0.03831008415145334,5.960464477539063e-08,0.047459286,0.2,0.0003,0.409375,15.842439651489258,26.33314697444439,-3.5816248908638952,,,,,
27.0,108544,46.593406677246094,,,,,,,,,,,,,,,
27.0,109568,51.96636199951172,530,-0.04689152539940551,0.0,0.06396657,0.2,0.0003,0.41884765625,10.674694061279297,23.115609937906264,-3.5697502054274084,,,,,
27.0,110592,53.07303237915039,,,,,,,,,,,,,,,
27.0,111616,52.85639190673828,540,-0.04853912722901441,0.0,0.06436638,0.2,0.0003,0.415185546875,13.070236206054688,26.18804513812065,-3.564145688712597,,,,,
27.0,112640,49.72740936279297,,,,,,,,,,,,,,,
27.0,113664,52.7625732421875,550,-0.04212905121821677,0.0,0.06467768,0.2,0.0003,0.417919921875,12.881711959838867,25.3398625433445,-3.547782278805971,,,,,
27.0,114688,50.85469055175781,,,,,,,,,,,,,,,
27.0,115712,51.75313186645508,560,-0.050042425325955264,0.0,0.06772654,0.2,0.0003,0.435546875,9.636955261230469,21.00311602652073,-3.533224872499704,,,,,
27.0,116736,54.75028991699219,,,,,,,,,,,,,,,
27.0,117760,49.04897689819336,570,-0.03971154833852779,0.0,0.10013454,0.2,0.0003,0.45947265625,10.614001274108887,22.21622829437256,-3.507831197977066,,,,,
27.0,118784,52.09978103637695,,,,,,,,,,,,,,,
27.0,119808,48.05527114868164,580,-0.03812777000130154,0.0,0.103764236,0.2,0.0003,0.49951171875,10.113823890686035,22.837484589219095,-3.475210315734148,,,,,
27.0,120832,51.296966552734375,,,,,,,,,,,,,,,
27.0,121856,51.891014099121094,590,-0.04242339432530571,5.960464477539063e-08,0.122989185,0.2,0.0003,0.523291015625,16.53028106689453,25.927568513154984,-3.4613611705601217,,,,,
27.0,122880,54.76836013793945,,,,,,,,,,,,,,,
,122880,,,,,,,,,,,,251,27.0,489,60,55.3625923
27.0,123904,54.08462142944336,600,-0.03561629216565052,5.960464477539063e-08,0.10884704,0.2,0.0003,0.498828125,11.012250900268555,22.767926952242853,-3.4224567458033563,,,,,
27.0,124928,50.97847366333008,,,,,,,,,,,,,,,
27.0,125952,50.89879608154297,610,-0.036003454466117545,1.1920928955078125e-07,0.12809458,0.2,0.0003,0.521923828125,8.24287223815918,21.495365503430367,-3.399917144328356,,,,,
27.0,126976,53.25773620605469,,,,,,,,,,,,,,,
27.0,128000,53.868804931640625,620,-0.03297549798880937,0.0,0.10685012,0.2,0.0003,0.5123046875,12.222709655761719,22.51179134249687,-3.3827200412750242,,,,,
27.0,129024,54.02074432373047,,,,,,,,,,,,,,,
27.0,130048,51.97760009765625,630,-0.02705867768236203,0.0,0.08470527,0.2,0.0003,0.4806640625,10.213492393493652,17.65627710223198,-3.398704922944307,,,,,
27.0,131072,52.39216232299805,,,,,,,,,,,,,,,
27.0,132096,49.61305236816406,640,-0.038066853520285805,0.0,0.10564265,0.2,0.0003,0.52880859375,7.591320514678955,18.8172176361084,-3.3916631303727627,,,,,
27.0,133120,52.19868087768555,,,,,,,,,,,,,,,
27.0,134144,51.78329849243164,650,-0.037280866177752614,0.0,0.12179008,0.2,0.0003,0.55322265625,7.957796573638916,21.842367181181906,-3.3822651237249373,,,,,
27.0,135168,54.96465301513672,,,,,,,,,,,,,,,
27.0,136192,52.780242919921875,660,-0.04017007200163789,1.1920928955078125e-07,0.10748873,0.2,0.0003,0.547705078125,9.921517372131348,20.86053300201893,-3.3718754671514035,,,,,
27.0,137216,52.93206787109375,,,,,,,,,,,,,,,
27.0,138240,49.133304595947266,670,-0.027286491318955088,0.0,0.0936787,0.2,0.0003,0.470068359375,10.444936752319336,19.980174872279168,-3.3752929106354714,,,,,
27.0,139264,52.948097229003906,,,,,,,,,,,,,,,
27.0,140288,50.036136627197266,680,-0.03809280437853886,-1.1920928955078125e-07,0.09781081,0.2,0.0003,0.516796875,7.573406219482422,19.681900143623352,-3.3947036430239677,,,,,
27.0,141312,51.846534729003906,,,,,,,,,,,,,,,
27.0,142336,52.569236755371094,690,-0.04064564065192826,0.0,0.08063329,0.2,0.0003,0.48330078125,9.608136177062988,20.64254972934723,-3.403387174755335,,,,,
27.0,143360,53.64931869506836,,,,,,,,,,,,,,,
,143360,,,,,,,,,,,,293,27.0,489,70,56.07356146
27.0,144384,54.31622314453125,700,-0.03285357302229386,0.0,0.08308864,0.2,0.0003,0.466259765625,7.926336765289307,19.079148763418196,-3.381400649249554,,,,,
27.0,145408,54.55698776245117,,,,,,,,,,,,,,,
27.0,146432,53.98197555541992,710,-0.027879088434565345,0.0,0.10116513,0.2,0.0003,0.4638671875,9.965137481689453,22.797745862603186,-3.381118340790272,,,,,
27.0,147456,54.31134796142578,,,,,,,,,,,,,,,
27.0,148480,55.19471740722656,720,-0.03312076592555968,0.0,0.094697334,0.2,0.0003,0.5087890625,12.88598346710205,20.85832206904888,-3.385963599383831,,,,,
27.0,149504,53.919151306152344,,,,,,,,,,,,,,,
27.0,150528,54.656333923339844,730,-0.03456031695241109,0.0,0.08833358,0.2,0.0003,0.50615234375,12.176151275634766,20.577330639958383,-3.381714541465044,,,,,
27.0,151552,53.070281982421875,,,,,,,,,,,,,,,
27.0,152576,55.5682373046875,740,-0.03214152365981136,0.0,0.08338252,0.2,0.0003,0.47041015625,9.423822402954102,21.575213253498077,-3.3712191678583623,,,,,
27.0,153600,55.29856491088867,,,,,,,,,,,,,,,
27.0,154624,54.63134765625,750,-0.03684940698440187,0.0,0.085299194,0.2,0.0003,0.5046875,11.691553115844727,19.818519422411917,-3.3633052542805673,,,,,
27.0,155648,49.355892181396484,,,,,,,,,,,,,,,
27.0,156672,54.512054443359375,760,-0.027600494169746526,0.0,0.07300332,0.2,0.0003,0.447412109375,9.747544288635254,18.83868024945259,-3.371663199365139,,,,,
27.0,157696,57.332725524902344,,,,,,,,,,,,,,,
27.0,158720,52.61109161376953,770,-0.01602108403967577,1.1920928955078125e-07,0.07800284,0.2,0.0003,0.4638671875,6.208934307098389,17.531306764483453,-3.361748790740967,,,,,
27.0,159744,54.561180114746094,,,,,,,,,,,,,,,
27.0,160768,54.841697692871094,780,-0.03485274317499716,0.0,0.084010996,0.2,0.0003,0.49619140625,12.846027374267578,18.847253215312957,-3.3690721437335016,,,,,
27.0,161792,56.368019104003906,,,,,,,,,,,,,,,
27.0,162816,55.5007209777832,790,-0.04106197161745513,0.0,0.08618161,0.2,0.0003,0.527294921875,8.872078895568848,17.45482605099678,-3.3885373741388323,,,,,
27.0,163840,51.44804763793945,,,,,,,,,,,,,,,
,163840,,,,,,,,,,,,334,27.0,489,80,56.28770713
27.0,164864,53.124263763427734,800,-0.02917604660979123,0.0,0.07513924,0.2,0.0003,0.457958984375,8.053637504577637,15.7289780408144,-3.372725015133619,,,,,
27.0,165888,53.195068359375,,,,,,,,,,,,,,,
27.0,166912,54.69829559326172,810,-0.03801278210012242,1.1920928955078125e-07,0.08800899,0.2,0.0003,0.494091796875,7.817248344421387,17.643592712283134,-3.3629621997475625,,,,,
27.0,167936,51.716636657714844,,,,,,,,,,,,,,,
27.0,168960,53.07522964477539,820,-0.04724907088675536,0.0,0.091473,0.2,0.0003,0.520263671875,7.6596832275390625,17.029909417033195,-3.364880182594061,,,,,
27.0,169984,53.259620666503906,,,,,,,,,,,,,,,
27.0,171008,52.41486358642578,830,-0.038746411196916596,0.0,0.08735631,0.2,0.0003,0.483251953125,10.652254104614258,18.499162167310715,-3.358208344876766,,,,,
27.0,172032,52.43117904663086,,,,,,,,,,,,,,,
27.0,173056,56.529136657714844,840,-0.04125516702188179,0.0,0.12385069,0.2,0.0003,0.578759765625,9.75540828704834,19.754958924651145,-3.3636977724730968,,,,,
27.0,174080,53.94963073730469,,,,,,,,,,,,,,,
27.0,175104,55.97101593017578,850,-0.03160103801637888,0.0,0.11569005,0.2,0.0003,0.556689453125,11.288087844848633,19.50156288444996,-3.3672341890633106,,,,,
27.0,176128,53.365699768066406,,,,,,,,,,,,,,,
27.0,177152,53.091697692871094,860,-0.02542105968896067,0.0,0.10047595,0.2,0.0003,0.552294921875,10.083660125732422,17.43722485303879,-3.364081512391567,,,,,
27.0,178176,51.22119903564453,,,,,,,,,,,,,,,
27.0,179200,60.02335739135742,870,-0.031516197853488845,0.0,0.1039963,0.2,0.0003,0.536181640625,9.34329891204834,18.71200188398361,-3.358759568631649,,,,,
27.0,180224,57.59832000732422,,,,,,,,,,,,,,,
27.0,181248,56.81142807006836,880,-0.034078288989258,-1.1920928955078125e-07,0.12036376,0.2,0.0003,0.518896484375,11.607905387878418,18.823434725403786,-3.3606375746428965,,,,,
27.0,182272,53.87965393066406,,,,,,,,,,,,,,,
27.0,183296,55.87554168701172,890,-0.04098069848550949,0.0,0.1208881,0.2,0.0003,0.52763671875,7.995291233062744,18.401708328723906,-3.3624521106481553,,,,,
27.0,184320,56.43439483642578,,,,,,,,,,,,,,,
,184320,,,,,,,,,,,,376,27.0,490,90,59.83301278999999
27.0,185344,55.82829284667969,900,-0.03143626569799381,0.0,0.120655656,0.2,0.0003,0.509765625,6.114574432373047,17.914406764507294,-3.3516577750444414,,,,,
27.0,186368,51.93019104003906,,,,,,,,,,,,,,,
27.0,187392,51.12234115600586,910,-0.03356071796442848,0.0,0.09873793,0.2,0.0003,0.478564453125,10.100396156311035,18.620106345415117,-3.347261743247509,,,,,
27.0,188416,52.19294738769531,,,,,,,,,,,,,,,
27.0,189440,50.62190246582031,920,-0.031655797520943454,-1.1920928955078125e-07,0.10159598,0.2,0.0003,0.50224609375,7.171921730041504,17.876924258470535,-3.3452616654336453,,,,,
27.0,190464,53.945709228515625,,,,,,,,,,,,,,,
27.0,191488,53.44480895996094,930,-0.030310448982345407,0.0,0.08685702,0.2,0.0003,0.458837890625,8.553401947021484,17.768911769986154,-3.34613052085042,,,,,
27.0,192512,54.882781982421875,,,,,,,,,,,,,,,
27.0,193536,54.71128845214844,940,-0.019611899950541557,0.0,0.10061918,0.2,0.0003,0.477099609375,9.014065742492676,16.7450652718544,-3.345777051895857,,,,,
27.0,194560,56.77330017089844,,,,,,,,,,,,,,,
27.0,195584,50.373046875,950,-0.023760882162605412,0.0,0.09180938,0.2,0.0003,0.472802734375,6.162631988525391,17.211713594198226,-3.357375643402338,,,,,
27.0,196608,53.647056579589844,,,,,,,,,,,,,,,
27.0,197632,51.78649139404297,960,-0.027456270626862532,0.0,0.09203469,0.2,0.0003,0.505419921875,6.837469100952148,16.20940336883068,-3.3630029290914534,,,,,
27.0,198656,53.68366241455078,,,,,,,,,,,,,,,
27.0,199680,57.41526794433594,970,-0.03370575272856513,0.0,0.089669116,0.2,0.0003,0.511181640625,9.721854209899902,17.454513216018675,-3.3623088844120503,,,,,
27.0,200704,57.79834747314453,,,,,,,,,,,,,,,
27.0,201728,50.04242706298828,980,-0.04530915340292267,0.0,0.07806562,0.2,0.0003,0.464892578125,8.078604698181152,18.061842131614686,-3.361135994642973,,,,,
27.0,202752,57.2197151184082,,,,,,,,,,,,,,,
27.0,203776,54.11323547363281,990,-0.025310099988564615,0.0,0.07539571,0.2,0.0003,0.4421875,6.991494655609131,16.226598536968233,-3.3507029466331004,,,,,
27.0,204800,55.82386779785156,,,,,,,,,,,,,,,
,204800,,,,,,,,,,,,417,27.0,490,100,58.71027851000001
27.0,205824,56.007789611816406,1000,-0.02530569057125831,0.0,0.07801213,0.2,0.0003,0.46513671875,9.062203407287598,17.435240346193314,-3.367430417239666,,,,,
27.0,206848,54.71042251586914,,,,,,,,,,,,,,,
27.0,207872,54.333980560302734,1010,-0.03646872754616197,0.0,0.078248575,0.2,0.0003,0.48671875,5.931358814239502,15.919276049733162,-3.365650898963213,,,,,
27.0,208896,56.707786560058594,,,,,,,,,,,,,,,
27.0,209920,56.07975387573242,1020,-0.02657227601011982,1.1920928955078125e-07,0.07707471,0.2,0.0003,0.4568359375,9.553648948669434,16.602373191714285,-3.3621476992964743,,,,,
27.0,210944,54.219215393066406,,,,,,,,,,,,,,,
27.0,211968,57.993309020996094,1030,-0.025843990332941758,5.960464477539063e-08,0.079761,0.2,0.0003,0.454345703125,6.737605094909668,15.820708486437798,-3.3667581126093866,,,,,
27.0,212992,55.595603942871094,,,,,,,,,,,,,,,
27.0,214016,57.730674743652344,1040,-0.029927707416936754,1.1920928955078125e-07,0.07827872,0.2,0.0003,0.44111328125,7.261257648468018,16.817279496788977,-3.3669958651065826,,,,,
27.0,215040,56.96669006347656,,,,,,,,,,,,,,,
27.0,216064,54.677696228027344,1050,-0.02724199501826661,1.1920928955078125e-07,0.08581886,0.2,0.0003,0.4994140625,8.694993019104004,20.493553337454795,-3.363621257990599,,,,,
27.0,217088,54.569183349609375,,,,,,,,,,,,,,,
27.0,218112,55.95488739013672,1060,-0.027929586643585934,0.0,0.102276534,0.2,0.0003,0.50244140625,8.835192680358887,19.515223807096483,-3.3514837816357614,,,,,
27.0,219136,53.254798889160156,,,,,,,,,,,,,,,
27.0,220160,60.67420196533203,1070,-0.03342852954374394,0.0,0.10573098,0.2,0.0003,0.503564453125,8.431639671325684,16.354510653018952,-3.355281762778759,,,,,
27.0,221184,52.29009246826172,,,,,,,,,,,,,,,
27.0,222208,53.29888153076172,1080,-0.024779287760611623,0.0,0.10406689,0.2,0.0003,0.5123046875,6.682448387145996,17.70835434496403,-3.3589230053126813,,,,,
27.0,223232,53.95801544189453,,,,,,,,,,,,,,,
27.0,224256,56.45849609375,1090,-0.02179142217792105,1.1920928955078125e-07,0.07986601,0.2,0.0003,0.481103515625,6.496055603027344,17.186971244215965,-3.360512497276068,,,,,
27.0,225280,56.093849182128906,,,,,,,,,,,,,,,
,225280,,,,,,,,,,,,458,27.0,491,110,58.39316736000001
27.0,226304,57.06255340576172,1100,-0.027168685631477275,0.0,0.07717574,0.2,0.0003,0.460546875,6.782476902008057,16.01662516593933,-3.3579695381224157,,,,,
27.0,227328,54.60357666015625,,,,,,,,,,,,,,,
27.0,228352,57.15039825439453,1110,-0.02453598615102237,-1.1920928955078125e-07,0.08177932,0.2,0.0003,0.498583984375,9.071170806884766,16.17261210680008,-3.3595460139214994,,,,,
27.0,229376,53.74155807495117,,,,,,,,,,,,,,,
27.0,230400,52.920745849609375,1120,-0.019228474196279422,-1.1920928955078125e-07,0.08200969,0.2,0.0003,0.4720703125,7.187999248504639,15.675444732606412,-3.3636306189000607,,,,,
27.0,231424,55.84196472167969,,,,,,,,,,,,,,,
27.0,232448,56.964752197265625,1130,-0.028541582768957595,0.0,0.086737454,0.2,0.0003,0.47119140625,9.035977363586426,16.640176421403886,-3.3523172959685326,,,,,
27.0,233472,56.24458312988281,,,,,,,,,,,,,,,
27.0,234496,56.592369079589844,1140,-0.028280086335144006,0.0,0.094855174,0.2,0.0003,0.52470703125,7.00047492980957,16.67509497106075,-3.3528428368270395,,,,,
27.0,235520,55.62407302856445,,,,,,,,,,,,,,,
27.0,236544,54.28728485107422,1150,-0.02241034526959993,0.0,0.08517601,0.2,0.0003,0.475634765625,7.964339256286621,18.781372538208963,-3.363020075112581,,,,,
27.0,237568,54.1285400390625,,,,,,,,,,,,,,,
27.0,238592,53.43932342529297,1160,-0.039215832608169875,-1.1920928955078125e-07,0.10744871,0.2,0.0003,0.5470703125,6.929031848907471,17.622347590327262,-3.359385296702385,,,,,
27.0,239616,56.538814544677734,,,,,,,,,,,,,,,
27.0,240640,56.99603271484375,1170,-0.02027398860955145,0.0,0.07265395,0.2,0.0003,0.438623046875,10.08349609375,16.947835776209832,-3.353421688824892,,,,,
27.0,241664,57.22502136230469,,,,,,,,,,,,,,,
27.0,242688,57.879512786865234,1180,-0.019404365919763224,0.0,0.08581041,0.2,0.0003,0.476025390625,7.69554328918457,16.511520439386366,-3.3414560332894325,,,,,
27.0,243712,55.41655731201172,,,,,,,,,,,,,,,
27.0,244736,55.48717498779297,1190,-0.0240782002612832,0.0,0.085917845,0.2,0.0003,0.507421875,8.582039833068848,16.129327058792114,-3.3395972564816474,,,,,
27.0,245760,55.43894958496094,,,,,,,,,,,,,,,
,245760,,,,,,,,,,,,500,27.0,490,120,58.872478810000004
27.0,246784,55.440460205078125,1200,-0.019886828030576,0.0,0.08472359,0.2,0.0003,0.49326171875,7.559576034545898,16.0489981174469,-3.349054205417633,,,,,
27.0,247808,49.62792205810547,,,,,,,,,,,,,,,
27.0,248832,56.60614776611328,1210,-0.026552772139257285,0.0,0.09046495,0.2,0.0003,0.45146484375,10.127760887145996,17.4645984351635,-3.3475861981511117,,,,,
27.0,249856,57.91729736328125,,,,,,,,,,,,,,,
27.0,250880,58.319984436035156,1220,-0.015447448235499905,0.0,0.09319189,0.2,0.0003,0.485498046875,6.987610816955566,16.97585497200489,-3.34602178260684,,,,,
27.0,251904,56.77409362792969,,,,,,,,,,,,,,,
27.0,252928,53.72118377685547,1230,-0.028935673025262076,-1.1920928955078125e-07,0.107032314,0.2,0.0003,0.526904296875,8.331663131713867,16.98200501203537,-3.351908178627491,,,,,
27.0,253952,52.134185791015625,,,,,,,,,,,,,,,
27.0,254976,55.60322570800781,1240,-0.02338116552127758,-1.1920928955078125e-07,0.100520834,0.2,0.0003,0.516455078125,9.530691146850586,17.794214856624603,-3.3442707009613515,,,,,
27.0,256000,55.47430419921875,,,,,,,,,,,,,,,
27.0,257024,57.09044647216797,1250,-0.03609519390447531,-1.1920928955078125e-07,0.10332742,0.2,0.0003,0.501220703125,8.706504821777344,17.790586990118026,-3.352752688527107,,,,,
27.0,258048,52.09367752075195,,,,,,,,,,,,,,,
27.0,259072,55.56645965576172,1260,-0.026194899081019685,0.0,0.1048173,0.2,0.0003,0.502880859375,9.911271095275879,17.47425101697445,-3.346332286298275,,,,,
27.0,260096,54.27527618408203,,,,,,,,,,,,,,,
27.0,261120,56.92280960083008,1270,-0.02814580996928271,0.0,0.08184676,0.2,0.0003,0.450341796875,9.177566528320312,17.34615112543106,-3.3587701678276063,,,,,
27.0,262144,55.40248107910156,,,,,,,,,,,,,,,
27.0,263168,59.819000244140625,1280,-0.02686512600776041,1.1920928955078125e-07,0.070376836,0.2,0.0003,0.42646484375,8.609314918518066,17.964105692505836,-3.362068808078766,,,,,
27.0,264192,55.029151916503906,,,,,,,,,,,,,,,
27.0,265216,55.018699645996094,1290,-0.01617916699469788,0.0,0.08552572,0.2,0.0003,0.452490234375,6.73664665222168,15.835744017362595,-3.359343559294939,,,,,
27.0,266240,56.35551452636719,,,,,,,,,,,,,,,
,266240,,,,,,,,,,,,543,27.0,489,130,59.83101245999999
27.0,267264,53.53857421875,1300,-0.03348746928968467,1.1920928955078125e-07,0.08443162,0.2,0.0003,0.460498046875,7.762985706329346,16.399641633033752,-3.3555631794035436,,,,,
27.0,268288,54.012935638427734,,,,,,,,,,,,,,,
27.0,269312,55.83611297607422,1310,-0.02557220050803153,5.960464477539063e-08,0.06983708,0.2,0.0003,0.459130859375,7.249416828155518,15.83592760413885,-3.357470989227295,,,,,
27.0,270336,56.150760650634766,,,,,,,,,,,,,,,
27.0,271360,53.40086364746094,1320,-0.026021976192714645,0.0,0.07174651,0.2,0.0003,0.42744140625,5.788955211639404,17.095009517669677,-3.3608765482902525,,,,,
27.0,272384,57.634944915771484,,,,,,,,,,,,,,,
27.0,273408,54.321006774902344,1330,-0.02161805144860409,0.0,0.087788664,0.2,0.0003,0.476953125,6.13787317276001,17.011388432979583,-3.358506754040718,,,,,
27.0,274432,54.02776336669922,,,,,,,,,,,,,,,
27.0,275456,53.32196807861328,1340,-0.02171711046103155,5.960464477539063e-08,0.071191356,0.2,0.0003,0.436669921875,9.059977531433105,15.733217340707778,-3.3611396834254266,,,,,
27.0,276480,53.10536193847656,,,,,,,,,,,,,,,
27.0,277504,53.54765319824219,1350,-0.023441502344212495,-1.1920928955078125e-07,0.073442735,0.2,0.0003,0.442431640625,6.737782955169678,14.88523834347725,-3.3608903847634792,,,,,
27.0,278528,52.79352951049805,,,,,,,,,,,,,,,
27.0,279552,56.98468017578125,1360,-0.028088039759313687,0.0,0.08013055,0.2,0.0003,0.432958984375,9.911604881286621,17.65650882124901,-3.355613660812378,,,,,
27.0,280576,56.662689208984375,,,,,,,,,,,,,,,
27.0,281600,58.453269958496094,1370,-0.016529401489242444,5.960464477539063e-08,0.078025796,0.2,0.0003,0.43173828125,7.766113758087158,15.098436757922173,-3.3646768756210803,,,,,
27.0,282624,55.697853088378906,,,,,,,,,,,,,,,
27.0,283648,55.36455154418945,1380,-0.02977427559962962,0.0,0.09021751,0.2,0.0003,0.47958984375,9.594627380371094,18.344872829318046,-3.3593670129776,,,,,
27.0,284672,54.38346862792969,,,,,,,,,,,,,,,
27.0,285696,55.29304504394531,1390,-0.03205544717784505,0.0,0.08350479,0.2,0.0003,0.473681640625,9.2048921585083,19.229089432954787,-3.3644482888281346,,,,,
27.0,286720,52.350608825683594,,,,,,,,,,,,,,,
,286720,,,,,,,,,,,,586,27.0,488,140,60.07195042999999
27.0,287744,55.64656066894531,1400,-0.026720779300376307,-1.1920928955078125e-07,0.07941148,0.2,0.0003,0.447900390625,10.123364448547363,16.067223790287972,-3.372392550110817,,,,,
27.0,288768,53.70258712768555,,,,,,,,,,,,,,,
27.0,289792,53.86865234375,1410,-0.03244212129502557,0.0,0.10198696,0.2,0.0003,0.47890625,8.100890159606934,18.69864418506622,-3.3698939725756647,,,,,
27.0,290816,53.49163818359375,,,,,,,,,,,,,,,
27.0,291840,53.12792205810547,1420,-0.030102844157954677,1.1920928955078125e-07,0.087765485,0.2,0.0003,0.489306640625,9.531476974487305,16.337545147538187,-3.3703214533627035,,,,,
27.0,292864,55.108062744140625,,,,,,,,,,,,,,,
27.0,293888,56.462059020996094,1430,-0.022524616849113954,0.0,0.07716945,0.2,0.0003,0.472607421875,8.425905227661133,19.58475441932678,-3.37533510774374,,,,,
27.0,294912,54.0686149597168,,,,,,,,,,,,,,,
27.0,295936,57.960166931152344,1440,-0.025915984544553794,0.0,0.07181364,0.2,0.0003,0.436767578125,7.999383449554443,14.51179621219635,-3.3767653703689575,,,,,
27.0,296960,53.697566986083984,,,,,,,,,,,,,,,
27.0,297984,53.42184066772461,1450,-0.02268586939026136,0.0,0.08005507,0.2,0.0003,0.445703125,10.152313232421875,16.61899553537369,-3.370338838547468,,,,,
27.0,299008,56.88252258300781,,,,,,,,,,,,,,,
27.0,300032,53.719932556152344,1460,-0.02922336332994746,1.1920928955078125e-07,0.09178917,0.2,0.0003,0.50703125,6.1185503005981445,16.90557006895542,-3.3622560814023017,,,,,
27.0,301056,53.4918098449707,,,,,,,,,,,,,,,
27.0,302080,55.31236267089844,1470,-0.025635991724266206,0.0,0.074219376,0.2,0.0003,0.445654296875,12.788437843322754,18.288397791981698,-3.3602667920291425,,,,,
27.0,303104,55.3433837890625,,,,,,,,,,,,,,,
27.0,304128,58.09187316894531,1480,-0.030085443845018746,0.0,0.08319655,0.2,0.0003,0.473681640625,9.006559371948242,17.80815107822418,-3.3755960814654826,,,,,
27.0,305152,52.604217529296875,,,,,,,,,,,,,,,
27.0,306176,54.16650390625,1490,-0.02972380957507994,0.0,0.080338135,0.2,0.0003,0.49638671875,7.28784704208374,16.247649914026262,-3.372698215395212,,,,,
27.0,307200,56.132568359375,,,,,,,,,,,,,,,
,307200,,,,,,,,,,,,945,27.0,324,150,59.264499400000005
27.0,308224,56.94337463378906,1500,-0.026816787365532946,0.0,0.07950577,0.2,0.0003,0.4310546875,9.435925483703613,15.51855282485485,-3.3691774286329745,,,,,
27.0,309248,60.06794738769531,,,,,,,,,,,,,,,
27.0,310272,55.11771011352539,1510,-0.017739672961761245,0.0,0.076913014,0.2,0.0003,0.428271484375,7.644874572753906,17.00709449648857,-3.3730082087218762,,,,,
27.0,311296,54.97832489013672,,,,,,,,,,,,,,,
27.0,312320,56.84556198120117,1520,-0.022200456021528224,0.0,0.09368848,0.2,0.0003,0.483349609375,10.178061485290527,18.256125727295874,-3.3716064848005773,,,,,
27.0,313344,53.43104553222656,,,,,,,,,,,,,,,
27.0,314368,54.291770935058594,1530,-0.027011264579778073,0.0,0.088181555,0.2,0.0003,0.48564453125,7.701596736907959,17.137768331170083,-3.377871499955654,,,,,
27.0,315392,54.72682189941406,,,,,,,,,,,,,,,
27.0,316416,53.78635025024414,1540,-0.026067673186480532,-1.1920928955078125e-07,0.08085138,0.2,0.0003,0.45517578125,8.5905179977417,16.06307174563408,-3.3830738298594953,,,,,
27.0,317440,58.027732849121094,,,,,,,,,,,,,,,
27.0,318464,57.27060317993164,1550,-0.019053500100562816,0.0,0.073495515,0.2,0.0003,0.430615234375,6.643704414367676,14.453171598911286,-3.3756607763469217,,,,,
27.0,319488,55.69257354736328,,,,,,,,,,,,,,,
27.0,320512,54.95096206665039,1560,-0.026272989183780737,0.0,0.07347666,0.2,0.0003,0.457080078125,6.525112152099609,14.922402504086495,-3.373107576370239,,,,,
27.0,321536,58.849884033203125,,,,,,,,,,,,,,,
27.0,322560,55.81989288330078,1570,-0.028181969939032568,0.0,0.07975432,0.2,0.0003,0.467724609375,8.110355377197266,18.63666920363903,-3.385267823189497,,,,,
27.0,323584,54.769798278808594,,,,,,,,,,,,,,,
27.0,324608,51.20991516113281,1580,-0.020944759110716405,0.0,0.082644,0.2,0.0003,0.441650390625,9.36398696899414,17.363738772273063,-3.3952469669282435,,,,,
27.0,325632,55.43028259277344,,,,,,,,,,,,,,,
27.0,326656,56.52606964111328,1590,-0.024404777191375616,0.0,0.07268377,0.2,0.0003,0.400537109375,5.436572074890137,16.498865821957587,-3.3916026033461093,,,,,
27.0,327680,54.588050842285156,,,,,,,,,,,,,,,
,327680,,,,,,,,,,,,984,27.0,332,160,60.330603709999984
27.0,328704,54.844871520996094,1600,-0.027385257734567858,5.960464477539063e-08,0.08572457,0.2,0.0003,0.46865234375,7.198918342590332,15.266268628835679,-3.38307896181941,,,,,
27.0,329728,55.38402557373047,,,,,,,,,,,,,,,
27.0,330752,53.57051086425781,1610,-0.017179757705889642,-1.1920928955078125e-07,0.093719654,0.2,0.0003,0.46748046875,5.772582530975342,14.391624960303307,-3.369913000613451,,,,,
27.0,331776,53.67101287841797,,,,,,,,,,,,,,,
27.0,332800,54.44358825683594,1620,-0.024061234662076457,0.0,0.071733594,0.2,0.0003,0.43916015625,8.674558639526367,15.827625012397766,-3.3735917672514915,,,,,
27.0,333824,56.620880126953125,,,,,,,,,,,,,,,
27.0,334848,61.642391204833984,1630,-0.02625831070326967,-1.1920928955078125e-07,0.0755767,0.2,0.0003,0.4443359375,8.215630531311035,15.509799253940582,-3.367809621989727,,,,,
27.0,335872,56.26029968261719,,,,,,,,,,,,,,,
27.0,336896,53.359710693359375,1640,-0.026409358003002127,0.0,0.08167803,0.2,0.0003,0.458447265625,6.404271125793457,15.312036296725273,-3.370449397712946,,,,,
27.0,337920,55.80113220214844,,,,,,,,,,,,,,,
27.0,338944,54.09025955200195,1650,-0.025931071848026475,-1.1920928955078125e-07,0.07004535,0.2,0.0003,0.438134765625,8.565696716308594,17.615955650806427,-3.379313746839762,,,,,
27.0,339968,57.03825378417969,,,,,,,,,,,,,,,
27.0,340992,52.76020812988281,1660,-0.01934467210958246,-1.1920928955078125e-07,0.066410765,0.2,0.0003,0.446826171875,9.141435623168945,14.539483270049095,-3.3721680998802186,,,,,
27.0,342016,54.788856506347656,,,,,,,,,,,,,,,
27.0,343040,54.14063262939453,1670,-0.028029841840907465,-1.1920928955078125e-07,0.067109704,0.2,0.0003,0.4296875,9.79606819152832,16.981995302438737,-3.375786732137203,,,,,
27.0,344064,54.98219299316406,,,,,,,,,,,,,,,
27.0,345088,57.61023712158203,1680,-0.01632990694779437,0.0,0.06560645,0.2,0.0003,0.411669921875,7.938913345336914,16.211214911937713,-3.388698211312294,,,,,
27.0,346112,53.95827865600586,,,,,,,,,,,,,,,
27.0,347136,56.86572265625,1690,-0.024210735218366607,0.0,0.07734445,0.2,0.0003,0.44931640625,7.723732948303223,17.127683985233308,-3.3801839247345926,,,,,
27.0,348160,54.551048278808594,,,,,,,,,,,,,,,
,348160,,,,,,,,,,,,1024,27.0,339,170,59.856761559999995
27.0,349184,59.08258819580078,1700,-0.027435907947074158,-1.1920928955078125e-07,0.073833495,0.2,0.0003,0.405859375,7.574893474578857,16.516172203421593,-3.375055967271328,,,,,
27.0,350208,56.48296356201172,,,,,,,,,,,,,,,
27.0,351232,50.68091583251953,1710,-0.019884128897683696,0.0,0.07149398,0.2,0.0003,0.4458984375,7.958154678344727,16.483061370253562,-3.3636312186717987,,,,,
27.0,352256,56.11162567138672,,,,,,,,,,,,,,,
27.0,353280,52.93730926513672,1720,-0.03314080913551152,0.0,0.0756941,0.2,0.0003,0.429345703125,9.655445098876953,15.970118072628974,-3.374904578179121,,,,,
27.0,354304,58.688758850097656,,,,,,,,,,,,,,,
27.0,355328,54.43663024902344,1730,-0.0232353122177301,0.0,0.081004225,0.2,0.0003,0.45830078125,7.723875999450684,17.605793622136115,-3.386405409872532,,,,,
27.0,356352,55.594642639160156,,,,,,,,,,,,,,,
27.0,357376,59.0201530456543,1740,-0.026164281497040066,0.0,0.08568244,0.2,0.0003,0.484619140625,5.211827754974365,14.72940454185009,-3.3886033818125725,,,,,
27.0,358400,54.33359909057617,,,,,,,,,,,,,,,
27.0,359424,54.80323791503906,1750,-0.026589571004296885,0.0,0.09052078,0.2,0.0003,0.462939453125,8.4559965133667,15.570901697874069,-3.376464532315731,,,,,
27.0,360448,55.834171295166016,,,,,,,,,,,,,,,
27.0,361472,56.3626708984375,1760,-0.018824163128738292,0.0,0.08878033,0.2,0.0003,0.46669921875,11.638916969299316,17.09614827334881,-3.3772218741476534,,,,,
27.0,362496,55.816009521484375,,,,,,,,,,,,,,,
27.0,363520,52.90562438964844,1770,-0.022279612760758027,0.0,0.09442064,0.2,0.0003,0.49580078125,8.263016700744629,17.36330341696739,-3.362473453581333,,,,,
27.0,364544,56.59252166748047,,,,,,,,,,,,,,,
27.0,365568,54.2077522277832,1780,-0.022026397311128675,0.0,0.09063443,0.2,0.0003,0.458203125,7.40233039855957,16.318057957291604,-3.366955977678299,,,,,
27.0,366592,55.264251708984375,,,,,,,,,,,,,,,
27.0,367616,55.00990295410156,1790,-0.028161993170215283,-1.1920928955078125e-07,0.087281264,0.2,0.0003,0.49384765625,6.906294345855713,15.562024694681167,-3.376438282430172,,,,,
27.0,368640,55.24312973022461,,,,,,,,,,,,,,,
,368640,,,,,,,,,,,,1065,27.0,345,180,58.70658442999999
27.0,369664,54.23418426513672,1800,-0.030645186416222714,0.0,0.079470694,0.2,0.0003,0.44931640625,7.6324286460876465,14.556925493478776,-3.3784788593649866,,,,,
27.0,370688,53.67131805419922,,,,,,,,,,,,,,,
27.0,371712,57.50855255126953,1810,-0.02972405314212665,0.0,0.07036045,0.2,0.0003,0.4341796875,8.548425674438477,14.715688070654869,-3.3713340766727926,,,,,
27.0,372736,53.79345703125,,,,,,,,,,,,,,,
27.0,373760,55.94639205932617,1820,-0.019821290647087153,0.0,0.06605202,0.2,0.0003,0.433642578125,7.2020769119262695,16.800051522254943,-3.3713309660553934,,,,,
27.0,374784,55.4384765625,,,,,,,,,,,,,,,
27.0,375808,56.42713928222656,1830,-0.03130789499700768,0.0,0.07437387,0.2,0.0003,0.44443359375,7.65664529800415,16.334453284740448,-3.3646259278059008,,,,,
27.0,376832,54.10455322265625,,,,,,,,,,,,,,,
27.0,377856,56.9163818359375,1840,-0.020887213326932396,0.0,0.079390004,0.2,0.0003,0.46767578125,7.448653221130371,15.630621010065079,-3.3680662542581556,,,,,
27.0,378880,54.338409423828125,,,,,,,,,,,,,,,
27.0,379904,55.300025939941406,1850,-0.017597542985458858,0.0,0.07628661,0.2,0.0003,0.429833984375,10.032663345336914,17.69766038954258,-3.3804865308105945,,,,,
27.0,380928,53.742088317871094,,,,,,,,,,,,,,,
27.0,381952,55.49620056152344,1860,-0.03471673363383161,5.960464477539063e-08,0.08918018,0.2,0.0003,0.46962890625,9.952262878417969,15.392676594853402,-3.3795878276228906,,,,,
27.0,382976,55.65637969970703,,,,,,,,,,,,,,,
27.0,384000,55.04702377319336,1870,-0.024817577673820777,-1.1920928955078125e-07,0.082564384,0.2,0.0003,0.472216796875,10.604031562805176,15.742266601324081,-3.3710952274501325,,,,,
27.0,385024,54.148170471191406,,,,,,,,,,,,,,,
27.0,386048,56.489776611328125,1880,-0.02092795267672045,0.0,0.06830169,0.2,0.0003,0.424365234375,5.872569561004639,14.330632287263871,-3.365766080468893,,,,,
27.0,387072,55.96446228027344,,,,,,,,,,,,,,,
27.0,388096,55.88889694213867,1890,-0.02599220451520523,0.0,0.07595566,0.2,0.0003,0.4431640625,7.987748622894287,14.948165741562843,-3.3690807797014712,,,,,
27.0,389120,55.36187744140625,,,,,,,,,,,,,,,
,389120,,,,,,,,,,,,1106,27.0,351,190,59.660916189999995
27.0,390144,51.928951263427734,1900,-0.022053248246083967,0.0,0.08615609,0.2,0.0003,0.471142578125,8.216545104980469,16.243596437573434,-3.359912047535181,,,,,
27.0,391168,54.516395568847656,,,,,,,,,,,,,,,
27.0,392192,52.40339279174805,1910,-0.023939019968383945,0.0,0.087413445,0.2,0.0003,0.471142578125,10.608489990234375,16.96984231173992,-3.362266416102648,,,,,
27.0,393216,53.4805908203125,,,,,,,,,,,,,,,
27.0,394240,57.97785186767578,1920,-0.025686639320338146,0.0,0.072454646,0.2,0.0003,0.438720703125,8.229901313781738,16.694181257486342,-3.3666241630911826,,,,,
27.0,395264,56.08413314819336,,,,,,,,,,,,,,,
27.0,396288,54.94198226928711,1930,-0.02756956624725717,0.0,0.084454566,0.2,0.0003,0.4556640625,4.89603328704834,17.97714420258999,-3.3755718283355236,,,,,
27.0,397312,59.04007339477539,,,,,,,,,,,,,,,
27.0,398336,56.62388610839844,1940,-0.028209567288286053,0.0,0.09860606,0.2,0.0003,0.502099609375,11.02805233001709,17.414559572935104,-3.3706066399812697,,,,,
27.0,399360,53.61228942871094,,,,,,,,,,,,,,,
27.0,400384,56.077423095703125,1950,-0.029163070004142356,0.0,0.09658387,0.2,0.0003,0.506982421875,7.87076997756958,16.94404737651348,-3.361779538542032,,,,,
27.0,401408,56.55731201171875,,,,,,,,,,,,,,,
