time/total_timesteps,eval/mean_ep_length,eval/mean_reward,train/n_updates,train/approx_kl,train/learning_rate,train/clip_range,train/value_loss,train/entropy_loss,train/clip_fraction,train/policy_gradient_loss,train/loss,train/explained_variance,time/iterations,rollout/ep_rew_mean,time/time_elapsed,time/fps,rollout/ep_len_mean
305152,80.0,35.1080322265625,,,,,,,,,,,,,,,
307200,80.0,31.985137939453125,750,0.04068943,0.0003,0.3,80.70878212153912,-5.581706770509482,0.233447265625,-0.04299452421691967,79.61852264404297,0.0,,,,,
309248,80.0,32.10395431518555,760,0.043676928,0.0003,0.3,71.10789365172386,-5.579806270450353,0.2611328125,-0.044818843621760605,68.87545776367188,0.0,,,,,
311296,80.0,33.280521392822266,770,0.043217555,0.0003,0.3,78.1195575505495,-5.592150603979826,0.23671875,-0.044767814745137004,94.306884765625,0.0,,,,,
313344,80.0,34.514591217041016,780,0.04251016,0.0003,0.3,63.680472350120546,-5.523052809387446,0.261376953125,-0.04002516301698052,38.61238479614258,0.0,,,,,
315392,80.0,34.19013595581055,790,0.043065682,0.0003,0.3,67.05077374577522,-5.523205852508545,0.24755859375,-0.04039458949264372,79.54629516601562,0.0,,,,,
317440,80.0,31.826623916625977,800,0.042874787,0.0003,0.3,69.51761098504066,-5.498590973764658,0.259765625,-0.04384837292163866,62.00980758666992,0.0,,,,,
319488,80.0,31.31534194946289,810,0.042356405,0.0003,0.3,64.92731460034847,-5.434659710526466,0.27998046875,-0.04639503129728837,50.40975570678711,0.0,,,,,
321536,80.0,35.29671859741211,820,0.044574544,0.0003,0.3,67.89574180841446,-5.425843513011932,0.2646484375,-0.04182381536666071,46.9974479675293,0.0,,,,,
323584,80.0,37.09254455566406,830,0.041721784,0.0003,0.3,77.14018133282661,-5.435637653619051,0.25263671875,-0.048278142348863184,90.38323974609375,0.0,,,,,
325632,80.0,32.21553039550781,840,0.040824838,0.0003,0.3,68.9671175956726,-5.289464543759823,0.26162109375,-0.04026124141237233,62.395198822021484,0.0,,,,,
327680,80.0,37.513614654541016,850,0.044214174,0.0003,0.3,72.18123396933079,-5.21395607739687,0.295458984375,-0.04608275489154039,54.06572723388672,0.0,,,,,
329728,80.0,33.77503204345703,860,0.040017974,0.0003,0.3,71.6764412254095,-5.197987781465054,0.233203125,-0.040992449487384876,68.42936706542969,0.0,,,,,
329728,,,,,,,,,,,,,10,34.253394709999995,79,257,80.0
331776,80.0,38.38185119628906,870,0.041490227,0.0003,0.3,68.68242973983288,-5.107308349758386,0.253515625,-0.04271633275202476,48.626895904541016,0.0,,,,,
333824,80.0,37.600494384765625,880,0.041875143,0.0003,0.3,65.702936860919,-5.093492391705513,0.26259765625,-0.03783098204003181,43.52592849731445,0.0,,,,,
335872,80.0,36.574806213378906,890,0.04571083,0.0003,0.3,73.14676689505578,-5.086580935865641,0.270654296875,-0.045976575568784026,69.29936981201172,0.0,,,,,
337920,80.0,38.63100814819336,900,0.038231462,0.0003,0.3,75.45690994858742,-5.089347464591265,0.227880859375,-0.0351953569217585,57.6695671081543,0.0,,,,,
339968,80.0,39.7808837890625,910,0.041593287,0.0003,0.3,75.23815588057042,-5.108537467569112,0.220556640625,-0.035198490048060194,67.77120971679688,0.0,,,,,
342016,80.0,35.17417526245117,920,0.04233533,0.0003,0.3,68.21128480434417,-5.0775350227952005,0.2232421875,-0.03719127354561351,63.17136764526367,0.0,,,,,
344064,80.0,34.129756927490234,930,0.04306285,0.0003,0.3,71.63837291300297,-5.040115641057492,0.239208984375,-0.03622436024452327,81.64302825927734,0.0,,,,,
346112,80.0,36.09015655517578,940,0.046207473,0.0003,0.3,69.99639330506325,-5.041129644960165,0.274365234375,-0.04366961755295051,62.7252082824707,0.0,,,,,
348160,80.0,38.03718566894531,950,0.040684573,0.0003,0.3,64.33949363231659,-4.91863085180521,0.242431640625,-0.04002820621826686,103.63166809082031,-1.1920928955078125e-07,,,,,
350208,80.0,37.08552551269531,960,0.043020483,0.0003,0.3,66.93554956614972,-4.88577184304595,0.2564453125,-0.037027063699497376,47.03498077392578,0.0,,,,,
350208,,,,,,,,,,,,,20,36.98936903,160,255,80.0
352256,80.0,42.82813262939453,970,0.042717244,0.0003,0.3,65.39684734940529,-4.810749374330044,0.301806640625,-0.04421459372388199,90.42533111572266,0.0,,,,,
354304,80.0,38.04963302612305,980,0.041442323,0.0003,0.3,66.80604659020901,-4.688858117163181,0.2337890625,-0.03184941474464722,86.52405548095703,0.0,,,,,
356352,80.0,39.77544021606445,990,0.040068537,0.0003,0.3,78.35997613966465,-4.692451657354832,0.224951171875,-0.033360499184345825,82.32392120361328,0.0,,,,,
358400,80.0,43.854549407958984,1000,0.04210513,0.0003,0.3,77.8760051190853,-4.655651899427175,0.289453125,-0.04130487221700605,83.64122009277344,0.0,,,,,
360448,80.0,39.46428680419922,1010,0.04458202,0.0003,0.3,59.4626161634922,-4.614902840554715,0.20732421875,-0.02525504244695185,43.73362731933594,5.960464477539063e-08,,,,,
362496,80.0,39.83659362792969,1020,0.048066385,0.0003,0.3,60.425622534751895,-4.687970851361752,0.26259765625,-0.04100413057894912,43.05538558959961,0.0,,,,,
364544,80.0,41.135047912597656,1030,0.043469384,0.0003,0.3,73.07841768860817,-4.681678862124682,0.239208984375,-0.03306458683364326,50.16010665893555,0.0,,,,,
366592,80.0,42.007591247558594,1040,0.04568766,0.0003,0.3,61.211725583672525,-4.70842344686389,0.25078125,-0.04037606384517858,60.059993743896484,0.0,,,,,
368640,80.0,39.580909729003906,1050,0.038052514,0.0003,0.3,68.4572495996952,-4.736619865894317,0.236767578125,-0.030846316013776232,64.50634765625,0.0,,,,,
370688,80.0,42.48633575439453,1060,0.04100366,0.0003,0.3,66.47768806815148,-4.786250168085099,0.238525390625,-0.03264542032702593,76.75960540771484,0.0,,,,,
370688,,,,,,,,,,,,,30,43.98614337,237,258,80.0
372736,80.0,44.41069793701172,1070,0.04225276,0.0003,0.3,66.11630937159062,-4.722024321556091,0.229052734375,-0.03456105036166264,67.18477630615234,0.0,,,,,
374784,80.0,42.51935577392578,1080,0.04797014,0.0003,0.3,61.50252306759357,-4.777187729626894,0.297998046875,-0.040771805733675136,40.69978713989258,0.0,,,,,
376832,80.0,42.94937515258789,1090,0.043333925,0.0003,0.3,64.42517827451229,-4.722783400118351,0.224365234375,-0.03700834983610548,77.28730010986328,0.0,,,,,
378880,80.0,42.249698638916016,1100,0.04067327,0.0003,0.3,75.91310841441154,-4.747756817191839,0.239697265625,-0.03611039854149567,107.95719146728516,0.0,,,,,
380928,80.0,48.557945251464844,1110,0.03963185,0.0003,0.3,75.92945151925088,-4.677264917641878,0.258935546875,-0.03672028240980581,74.64551544189453,0.0,,,,,
382976,80.0,45.45491027832031,1120,0.042196248,0.0003,0.3,71.50112200975418,-4.638043832778931,0.242578125,-0.03430142698198324,73.68319702148438,0.0,,,,,
385024,80.0,45.069976806640625,1130,0.039401345,0.0003,0.3,74.26789390146732,-4.60485236570239,0.20947265625,-0.033628049460821784,65.53370666503906,0.0,,,,,
387072,80.0,45.38766860961914,1140,0.042091675,0.0003,0.3,71.97331839203835,-4.515488842874765,0.23623046875,-0.0348106207078672,31.356847763061523,0.0,,,,,
389120,80.0,48.713016510009766,1150,0.03834574,0.0003,0.3,65.27287733852863,-4.519465554505587,0.2275390625,-0.029473882958700414,43.89051055908203,-1.1920928955078125e-07,,,,,
391168,80.0,42.416358947753906,1160,0.04091904,0.0003,0.3,59.31787239611149,-4.383669660240412,0.236181640625,-0.03555440073250793,34.45051574707031,-1.1920928955078125e-07,,,,,
391168,,,,,,,,,,,,,40,45.01862623,318,257,80.0
393216,80.0,43.418731689453125,1170,0.042202264,0.0003,0.3,60.09572736620903,-4.368956468999386,0.21904296875,-0.03252358336176257,77.75756072998047,-1.1920928955078125e-07,,,,,
395264,80.0,49.898468017578125,1180,0.034960166,0.0003,0.3,55.774775323271754,-4.351410278677941,0.227197265625,-0.03374960365472361,72.0832290649414,0.0,,,,,
397312,80.0,45.46942138671875,1190,0.044342525,0.0003,0.3,57.92369307875633,-4.427054432779551,0.26025390625,-0.03337401472963393,54.86166000366211,0.0,,,,,
399360,80.0,51.02149963378906,1200,0.045079976,0.0003,0.3,66.16313603818416,-4.407789728790521,0.25732421875,-0.0359152538163471,53.02461242675781,0.0,,,,,
401408,80.0,46.81024169921875,1210,0.043742448,0.0003,0.3,67.66682460308076,-4.420238503813744,0.24365234375,-0.035801188969344366,79.83959197998047,0.0,,,,,
403456,80.0,46.977508544921875,1220,0.04007121,0.0003,0.3,72.08193653523922,-4.425700421631336,0.253271484375,-0.032552773256611545,62.64706802368164,0.0,,,,,
405504,80.0,47.88282012939453,1230,0.037788294,0.0003,0.3,76.01331793069839,-4.44102027118206,0.2205078125,-0.033692504510690925,73.92481231689453,0.0,,,,,
407552,80.0,47.81796646118164,1240,0.037878856,0.0003,0.3,69.43272978961468,-4.479460289329291,0.270068359375,-0.03722231205902062,83.52436065673828,0.0,,,,,
409600,80.0,46.11476516723633,1250,0.038661152,0.0003,0.3,75.62510461509228,-4.471162574738264,0.20478515625,-0.02691174643696286,107.78887176513672,0.0,,,,,
411648,80.0,43.86064910888672,1260,0.038693253,0.0003,0.3,72.17016845345498,-4.418724007159471,0.239453125,-0.03373501999594737,81.4646224975586,0.0,,,,,
411648,,,,,,,,,,,,,50,45.44855576,397,257,80.0
413696,80.0,48.87302780151367,1270,0.057365045,0.0003,0.3,77.92599879801273,-4.498176829516888,0.263134765625,-0.036555113752547184,69.56092071533203,1.1920928955078125e-07,,,,,
415744,80.0,42.739990234375,1280,0.04059724,0.0003,0.3,76.31413869261742,-4.526444575935602,0.1912109375,-0.02752074983145576,84.51067352294922,0.0,,,,,
417792,80.0,49.378990173339844,1290,0.04280071,0.0003,0.3,82.3640680462122,-4.565593947470188,0.26025390625,-0.0405601697799284,86.93111419677734,0.0,,,,,
419840,80.0,49.216583251953125,1300,0.03536693,0.0003,0.3,73.88188855946063,-4.531561980396509,0.2541015625,-0.034736462654836944,87.51026153564453,-1.1920928955078125e-07,,,,,
421888,80.0,46.424320220947266,1310,0.04530543,0.0003,0.3,70.83166082799434,-4.483730206638574,0.213330078125,-0.030009663570672272,64.03780364990234,0.0,,,,,
423936,80.0,41.53777313232422,1320,0.0395822,0.0003,0.3,66.50280361175537,-4.540235947817564,0.266748046875,-0.03764257794246077,63.7783088684082,0.0,,,,,
425984,80.0,48.571617126464844,1330,0.03569179,0.0003,0.3,80.61999956965447,-4.523503029346466,0.215087890625,-0.033399578105309045,135.0380096435547,1.1920928955078125e-07,,,,,
428032,80.0,45.65131378173828,1340,0.041485403,0.0003,0.3,78.99279762208462,-4.443182776123285,0.25517578125,-0.03286130600317847,105.697265625,0.0,,,,,
430080,80.0,46.518699645996094,1350,0.041012388,0.0003,0.3,67.09838203489781,-4.408148176968098,0.196337890625,-0.029252777073998003,51.37226867675781,0.0,,,,,
432128,80.0,48.437686920166016,1360,0.03934107,0.0003,0.3,73.483981436491,-4.3613334342837335,0.222216796875,-0.03223114655411337,67.95050811767578,0.0,,,,,
432128,,,,,,,,,,,,,60,49.215431020000004,478,256,80.0
434176,80.0,47.35671615600586,1370,0.04611698,0.0003,0.3,74.22011506557465,-4.35791142359376,0.26357421875,-0.03958793381607393,65.50249481201172,0.0,,,,,
436224,80.0,53.184173583984375,1380,0.043383908,0.0003,0.3,71.85068133473396,-4.2953570611774925,0.24013671875,-0.031464817006781234,97.57005310058594,0.0,,,,,
438272,80.0,49.65264892578125,1390,0.052046176,0.0003,0.3,68.10391694903373,-4.349069799482822,0.23798828125,-0.03599303484079428,111.8189926147461,0.0,,,,,
440320,80.0,50.20515441894531,1400,0.047554005,0.0003,0.3,67.80688052773476,-4.350343476980925,0.238916015625,-0.033313393315620485,58.00983428955078,0.0,,,,,
442368,80.0,49.73759460449219,1410,0.040049493,0.0003,0.3,75.53814675211906,-4.469505952298642,0.22138671875,-0.033431186649249864,87.44295501708984,0.0,,,,,
444416,80.0,47.769386291503906,1420,0.04425797,0.0003,0.3,79.98248054385185,-4.50673546269536,0.213671875,-0.031014206129475495,111.76908874511719,0.0,,,,,
446464,80.0,41.436134338378906,1430,0.038318135,0.0003,0.3,81.67064990401268,-4.489593580365181,0.222216796875,-0.03270365231437609,181.04351806640625,-1.1920928955078125e-07,,,,,
448512,80.0,45.465545654296875,1440,0.040683128,0.0003,0.3,68.47879055738449,-4.511112758517266,0.243212890625,-0.03062434351304546,96.57609558105469,1.1920928955078125e-07,,,,,
450560,80.0,46.163856506347656,1450,0.038059708,0.0003,0.3,72.86465493440627,-4.566268339008093,0.20869140625,-0.029547539427585433,98.77494049072266,0.0,,,,,
452608,80.0,50.10747528076172,1460,0.04113093,0.0003,0.3,66.1933306246996,-4.551676671206951,0.241552734375,-0.03210168447403703,52.74797439575195,1.1920928955078125e-07,,,,,
452608,,,,,,,,,,,,,70,47.109107339999994,560,255,80.0
454656,80.0,49.448211669921875,1470,0.03517282,0.0003,0.3,70.02465067207814,-4.500270199030638,0.218017578125,-0.03186545766511699,67.90398406982422,0.0,,,,,
456704,80.0,47.363807678222656,1480,0.042630214,0.0003,0.3,81.1138011455536,-4.533408960700035,0.25166015625,-0.03399436107138172,89.72272491455078,1.1920928955078125e-07,,,,,
458752,80.0,44.08765411376953,1490,0.04309995,0.0003,0.3,65.77917108535766,-4.539949104189873,0.2330078125,-0.033546126981673294,75.83588409423828,0.0,,,,,
460800,80.0,47.477813720703125,1500,0.036488272,0.0003,0.3,66.61768976151943,-4.475153295695781,0.231396484375,-0.0354069144857931,82.82740020751953,0.0,,,,,
462848,80.0,49.586585998535156,1510,0.03833293,0.0003,0.3,77.30460137724876,-4.513681776821613,0.27470703125,-0.03856457722140476,60.13084411621094,-1.1920928955078125e-07,,,,,
464896,80.0,47.206581115722656,1520,0.033022497,0.0003,0.3,68.73587898314,-4.480548639595509,0.215234375,-0.03414754730038112,96.39572143554688,0.0,,,,,
466944,80.0,46.629642486572266,1530,0.044172596,0.0003,0.3,68.1555545836687,-4.477833387255669,0.246044921875,-0.03469016310264124,30.405717849731445,1.1920928955078125e-07,,,,,
468992,80.0,46.00414276123047,1540,0.041256424,0.0003,0.3,66.37725230157375,-4.477563888579607,0.18896484375,-0.03068117706425255,72.2541275024414,0.0,,,,,
471040,80.0,47.42789077758789,1550,0.03953848,0.0003,0.3,73.90655661225318,-4.441172640770674,0.234765625,-0.03329313329159049,76.41609954833984,0.0,,,,,
473088,80.0,46.578060150146484,1560,0.044544324,0.0003,0.3,67.01636132597923,-4.38379740640521,0.21318359375,-0.02983809434226714,151.26605224609375,0.0,,,,,
473088,,,,,,,,,,,,,80,46.955881850000004,645,253,80.0
475136,80.0,50.05970764160156,1570,0.041326746,0.0003,0.3,64.3123878121376,-4.464247867465019,0.23388671875,-0.034053493528335824,35.40737533569336,1.1920928955078125e-07,,,,,
477184,80.0,48.61638259887695,1580,0.040692724,0.0003,0.3,71.54866394996642,-4.4630549170076845,0.2220703125,-0.035606197772722226,60.28022766113281,0.0,,,,,
479232,80.0,44.63175964355469,1590,0.03963457,0.0003,0.3,70.21828589439392,-4.554108064621687,0.24130859375,-0.031289312144508585,79.48255157470703,0.0,,,,,
481280,80.0,45.808597564697266,1600,0.041893154,0.0003,0.3,74.69549559652805,-4.574400257319212,0.23056640625,-0.027881451054417992,49.74014663696289,1.1920928955078125e-07,,,,,
483328,80.0,43.14811325073242,1610,0.042518206,0.0003,0.3,72.65544308722019,-4.547473362088203,0.23603515625,-0.0362838070577709,84.30406951904297,0.0,,,,,
485376,80.0,48.70786666870117,1620,0.044105515,0.0003,0.3,71.24210355877877,-4.572298459708691,0.244970703125,-0.03630594197747996,72.60728454589844,0.0,,,,,
487424,80.0,49.525611877441406,1630,0.04347481,0.0003,0.3,82.58344148397445,-4.551553975790739,0.249658203125,-0.037503660435322675,73.41448974609375,0.0,,,,,
489472,80.0,45.59710693359375,1640,0.03764069,0.0003,0.3,70.01698784828186,-4.49654274135828,0.232958984375,-0.029671221160970162,76.89445495605469,-1.1920928955078125e-07,,,,,
491520,80.0,46.92707061767578,1650,0.048276216,0.0003,0.3,86.91972823441029,-4.446443219482899,0.2158203125,-0.031599952999386005,102.0498046875,0.0,,,,,
493568,80.0,45.87232208251953,1660,0.042826492,0.0003,0.3,69.66286306977273,-4.410416743159294,0.233837890625,-0.0315402730499045,67.81010437011719,0.0,,,,,
493568,,,,,,,,,,,,,90,48.399702989999994,725,254,80.0
495616,80.0,49.58203887939453,1670,0.040648267,0.0003,0.3,62.27481669187546,-4.38380478695035,0.22783203125,-0.03066389226296451,58.03477096557617,0.0,,,,,
497664,80.0,50.89759063720703,1680,0.036022782,0.0003,0.3,68.66192598938942,-4.360119804739952,0.215380859375,-0.03108734925481258,72.77545928955078,0.0,,,,,
499712,80.0,52.98834991455078,1690,0.041770563,0.0003,0.3,71.05588393211364,-4.402143070101738,0.22265625,-0.028421909209282604,74.90467834472656,0.0,,,,,
501760,80.0,48.436492919921875,1700,0.04125346,0.0003,0.3,60.086498534679414,-4.408742652833462,0.210986328125,-0.030956114348373375,86.06852722167969,-1.1920928955078125e-07,,,,,
503808,80.0,51.750221252441406,1710,0.039948903,0.0003,0.3,76.48339287042617,-4.414534179866314,0.210302734375,-0.028523035733087454,73.9205322265625,0.0,,,,,
505856,80.0,55.86968994140625,1720,0.045517363,0.0003,0.3,69.52766313552857,-4.414432714879513,0.2455078125,-0.03312463922775351,100.707763671875,0.0,,,,,
507904,80.0,54.87134552001953,1730,0.042949516,0.0003,0.3,70.37426862716674,-4.381366933882236,0.22607421875,-0.03364977095334325,102.88787078857422,1.1920928955078125e-07,,,,,
509952,80.0,51.78609085083008,1740,0.041596234,0.0003,0.3,66.3720402956009,-4.426608174294233,0.2107421875,-0.03245339231507387,70.1344985961914,0.0,,,,,
512000,80.0,52.562286376953125,1750,0.038662724,0.0003,0.3,72.79230171442032,-4.402931199222803,0.222607421875,-0.030120438638550694,61.06143569946289,0.0,,,,,
514048,80.0,51.418968200683594,1760,0.037388213,0.0003,0.3,76.62840767502784,-4.328591321408749,0.20517578125,-0.031447076676704454,53.42610549926758,0.0,,,,,
514048,,,,,,,,,,,,,100,51.90766579999999,817,250,80.0
516096,80.0,49.23723602294922,1770,0.039535433,0.0003,0.3,68.54002638757228,-4.264731705188751,0.184423828125,-0.028422880358994006,40.068885803222656,0.0,,,,,
518144,80.0,51.8378791809082,1780,0.039464153,0.0003,0.3,68.51952526569366,-4.266612412035466,0.206689453125,-0.03015116484457394,66.39590454101562,0.0,,,,,
520192,80.0,52.6830940246582,1790,0.042370096,0.0003,0.3,59.74620160460472,-4.369620542228222,0.2009765625,-0.031170998775633053,57.521881103515625,0.0,,,,,
522240,80.0,50.43768310546875,1800,0.04169848,0.0003,0.3,73.32390689253808,-4.39235516116023,0.27724609375,-0.03652844748721691,104.95896911621094,0.0,,,,,
524288,80.0,55.91686248779297,1810,0.04164637,0.0003,0.3,78.13609828054905,-4.3541630454361435,0.2359375,-0.034008334510144775,52.06167221069336,0.0,,,,,
526336,80.0,53.17082977294922,1820,0.039074555,0.0003,0.3,81.5117106616497,-4.33175011947751,0.246826171875,-0.031329020213888725,82.30551147460938,-1.1920928955078125e-07,,,,,
528384,80.0,56.37007522583008,1830,0.040525477,0.0003,0.3,70.99671961665153,-4.292544355243445,0.233203125,-0.03147501697676489,64.8789291381836,1.1920928955078125e-07,,,,,
530432,80.0,52.039031982421875,1840,0.03934114,0.0003,0.3,60.34853219389915,-4.296395787596703,0.25908203125,-0.042514690318785145,64.94922637939453,0.0,,,,,
532480,80.0,56.69129180908203,1850,0.04081488,0.0003,0.3,69.62579920589924,-4.233601196110248,0.257666015625,-0.03550476235104725,50.71891784667969,1.1920928955078125e-07,,,,,
534528,80.0,55.91602325439453,1860,0.03165489,0.0003,0.3,68.6375780403614,-4.244821161776781,0.166943359375,-0.019499334099236876,70.68560791015625,0.0,,,,,
534528,,,,,,,,,,,,,110,54.22658846,899,250,80.0
536576,80.0,50.221397399902344,1870,0.049606048,0.0003,0.3,79.10582521557808,-4.290983629226685,0.227099609375,-0.0352562213287456,103.4947509765625,0.0,,,,,
538624,80.0,51.40967559814453,1880,0.037322737,0.0003,0.3,64.44006963968278,-4.258151744306088,0.22451171875,-0.028813897451618685,56.91123962402344,-1.1920928955078125e-07,,,,,
540672,80.0,52.97605895996094,1890,0.042336952,0.0003,0.3,53.53489436507225,-4.220063479244709,0.26005859375,-0.034929005238518586,59.49180221557617,0.0,,,,,
542720,80.0,54.644386291503906,1900,0.040577248,0.0003,0.3,64.26434384584427,-4.231750033795834,0.20595703125,-0.02851564959710231,56.21198272705078,0.0,,,,,
544768,80.0,52.65972900390625,1910,0.04155615,0.0003,0.3,62.90608251690865,-4.243582516163587,0.2033203125,-0.030824041737650985,39.21608352661133,0.0,,,,,
546816,80.0,52.65113830566406,1920,0.041673277,0.0003,0.3,66.99489258229733,-4.188494665920734,0.271923828125,-0.038275910505035426,34.07583999633789,0.0,,,,,
548864,80.0,51.164363861083984,1930,0.042968232,0.0003,0.3,62.80141638815403,-4.152543682605028,0.210205078125,-0.033572216088941786,91.92427825927734,-1.1920928955078125e-07,,,,,
550912,80.0,49.03520965576172,1940,0.040349916,0.0003,0.3,66.98886559903622,-4.2015901282429695,0.212255859375,-0.0293630427448079,102.29779052734375,0.0,,,,,
552960,80.0,46.90705871582031,1950,0.051937774,0.0003,0.3,69.75639749765396,-4.3556199796497825,0.210107421875,-0.030504734070564154,85.74054718017578,0.0,,,,,
555008,80.0,50.98571014404297,1960,0.03494601,0.0003,0.3,63.45007671713829,-4.360738709568977,0.22880859375,-0.03259501029679086,59.95663070678711,0.0,,,,,
555008,,,,,,,,,,,,,120,51.68653088,979,250,80.0
557056,80.0,48.00605773925781,1970,0.046485044,0.0003,0.3,64.72118231356144,-4.37962252497673,0.247900390625,-0.0361784798966255,71.83566284179688,0.0,,,,,
559104,80.0,48.90566635131836,1980,0.03881332,0.0003,0.3,81.97831686139106,-4.386370541900396,0.218505859375,-0.029459243941528258,99.26153564453125,1.7881393432617188e-07,,,,,
561152,80.0,50.91616439819336,1990,0.032085445,0.0003,0.3,70.85316508412362,-4.343969109654426,0.18759765625,-0.02670423430536175,81.11003875732422,1.1920928955078125e-07,,,,,
563200,80.0,52.297874450683594,2000,0.04139469,0.0003,0.3,57.9698265016079,-4.327528371661901,0.21669921875,-0.036106526968069375,41.44060134887695,0.0,,,,,
565248,80.0,46.7529182434082,2010,0.0402729,0.0003,0.3,75.6067498832941,-4.316691724956035,0.2087890625,-0.02351944718247978,118.72867584228516,0.0,,,,,
567296,80.0,45.77207565307617,2020,0.03637252,0.0003,0.3,75.39649055600167,-4.31600833684206,0.195654296875,-0.027275459775410127,78.61578369140625,1.7881393432617188e-07,,,,,
569344,80.0,52.45063781738281,2030,0.03924974,0.0003,0.3,73.30716940760612,-4.273413274437189,0.2345703125,-0.03459655549668241,80.1241226196289,0.0,,,,,
571392,80.0,51.84330749511719,2040,0.045136955,0.0003,0.3,67.36927057206631,-4.297484632581472,0.251904296875,-0.0371854381490266,79.90419006347656,1.1920928955078125e-07,,,,,
573440,80.0,48.0589485168457,2050,0.044396173,0.0003,0.3,71.25729703903198,-4.333589276671409,0.25400390625,-0.03151243474567309,65.38169860839844,0.0,,,,,
575488,80.0,50.412200927734375,2060,0.03949681,0.0003,0.3,77.01405057013035,-4.3516052410006525,0.25458984375,-0.036744354155962354,44.53766632080078,0.0,,,,,
575488,,,,,,,,,,,,,130,51.665108810000014,1062,250,80.0
577536,80.0,46.9581298828125,2070,0.04196413,0.0003,0.3,66.67811285555362,-4.393497014790773,0.221435546875,-0.030123409343650563,68.51850891113281,0.0,,,,,
579584,80.0,52.685123443603516,2080,0.04052444,0.0003,0.3,74.73823537230491,-4.410262804478407,0.227685546875,-0.033422685829282275,75.94010162353516,0.0,,,,,
581632,80.0,50.65885543823242,2090,0.0419804,0.0003,0.3,64.51688159257174,-4.4185193791985515,0.2716796875,-0.03593449268228142,122.48609924316406,0.0,,,,,
583680,80.0,40.52006530761719,2100,0.04762656,0.0003,0.3,77.93551536500453,-4.550995447486639,0.2017578125,-0.028796512412372976,74.57389831542969,0.0,,,,,
585728,80.0,47.503082275390625,2110,0.04329037,0.0003,0.3,72.02080856263638,-4.533945684880019,0.233544921875,-0.028785193312796765,120.14116668701172,-1.1920928955078125e-07,,,,,
587776,80.0,47.993431091308594,2120,0.038579725,0.0003,0.3,66.54773548543453,-4.554981794953346,0.2365234375,-0.035324550881341565,65.70691680908203,0.0,,,,,
589824,80.0,45.44412612915039,2130,0.04515274,0.0003,0.3,65.22540101408958,-4.521526382863522,0.28017578125,-0.03597788884508191,76.33277893066406,0.0,,,,,
591872,80.0,51.385955810546875,2140,0.037999123,0.0003,0.3,59.91602906286717,-4.582756697386503,0.213671875,-0.029195783656905405,58.757713317871094,-1.1920928955078125e-07,,,,,
593920,80.0,48.47914505004883,2150,0.040294003,0.0003,0.3,67.12099203765392,-4.544896945357323,0.2673828125,-0.03655000311555341,47.25914764404297,0.0,,,,,
595968,80.0,46.45856475830078,2160,0.03752625,0.0003,0.3,77.43626773953437,-4.531875947117806,0.229833984375,-0.032486198547121606,73.62232971191406,1.1920928955078125e-07,,,,,
595968,,,,,,,,,,,,,140,46.99503129,1141,251,80.0
598016,80.0,46.23644256591797,2170,0.04285974,0.0003,0.3,75.65931376814842,-4.436179761588574,0.262060546875,-0.03421004125120817,71.51871490478516,-1.1920928955078125e-07,,,,,
600064,80.0,50.68372344970703,2180,0.039433602,0.0003,0.3,68.806390401721,-4.429249878972769,0.207080078125,-0.030696593943866902,51.714088439941406,0.0,,,,,
602112,80.0,48.50382995605469,2190,0.043141264,0.0003,0.3,72.88963900208473,-4.475856450945139,0.2712890625,-0.03545495791040594,87.37715148925781,0.0,,,,,
604160,80.0,51.150909423828125,2200,0.039026484,0.0003,0.3,70.44176378250123,-4.476663544028997,0.234130859375,-0.031972573554958215,83.06511688232422,0.0,,,,,
606208,80.0,50.99543380737305,2210,0.038622983,0.0003,0.3,72.44228219687939,-4.496774327009916,0.2015625,-0.03177959835738875,106.49906921386719,0.0,,,,,
608256,80.0,51.94609069824219,2220,0.03627569,0.0003,0.3,81.50354997515679,-4.45167480558157,0.217236328125,-0.03457013362640282,77.3681640625,1.1920928955078125e-07,,,,,
610304,80.0,49.00544738769531,2230,0.042525753,0.0003,0.3,68.78431122004986,-4.463986090570688,0.22421875,-0.029652330381213687,73.9482650756836,0.0,,,,,
612352,80.0,50.87346649169922,2240,0.048998408,0.0003,0.3,65.78363037407398,-4.472646176815033,0.241650390625,-0.030996896435681265,41.34501647949219,0.0,,,,,
614400,80.0,49.40943145751953,2250,0.037359267,0.0003,0.3,72.29210691452026,-4.4371698252856735,0.22978515625,-0.035411650515743534,71.0037612915039,0.0,,,,,
616448,80.0,46.63034439086914,2260,0.039993107,0.0003,0.3,83.7420282959938,-4.415866252034903,0.2111328125,-0.029548349270771723,60.38618469238281,0.0,,,,,
618496,80.0,50.05842590332031,2270,0.0385987,0.0003,0.3,71.63513386547565,-4.3352924264967445,0.211669921875,-0.026852884792606346,39.43825912475586,0.0,,,,,
620544,80.0,53.75703048706055,2280,0.043375812,0.0003,0.3,66.93196657896041,-4.257513546198607,0.23525390625,-0.0329485417183605,67.94031524658203,0.0,,,,,
622592,80.0,54.229705810546875,2290,0.034994178,0.0003,0.3,72.99847874045372,-4.153597891330719,0.196044921875,-0.027799088254687375,85.85943603515625,0.0,,,,,
624640,80.0,53.85033416748047,2300,0.040124137,0.0003,0.3,60.22772346735,-4.070001682639122,0.23974609375,-0.03302471310307738,33.96536636352539,0.0,,,,,
626688,80.0,57.698577880859375,2310,0.03238026,0.0003,0.3,68.09154095947743,-4.050220083817839,0.18515625,-0.02748319420061307,62.04151916503906,0.0,,,,,
628736,80.0,55.6823844909668,2320,0.03737346,0.0003,0.3,59.299873751401904,-4.009066971763969,0.2330078125,-0.032309455728682226,65.7564926147461,5.960464477539063e-08,,,,,
630784,80.0,57.444313049316406,2330,0.038103096,0.0003,0.3,64.30884711444378,-3.945585861057043,0.2201171875,-0.02648244474112289,65.8121337890625,1.1920928955078125e-07,,,,,
630784,,,,,,,,,,,,,10,54.778211920000004,92,220,80.0
632832,80.0,59.89575958251953,2340,0.04365281,0.0003,0.3,59.792002093791965,-3.960629240050912,0.252197265625,-0.037828470917156666,62.856529235839844,5.960464477539063e-08,,,,,
634880,80.0,57.373695373535156,2350,0.037244875,0.0003,0.3,71.09863565564156,-3.974166230857372,0.230029296875,-0.024848825854132884,64.76228332519531,0.0,,,,,
636928,80.0,57.79694366455078,2360,0.041580744,0.0003,0.3,64.85559886097909,-3.912045292928815,0.263623046875,-0.03465449673385592,49.99077606201172,-1.1920928955078125e-07,,,,,
638976,80.0,58.19159698486328,2370,0.033492293,0.0003,0.3,64.47464070916176,-3.9551201608031987,0.179248046875,-0.02290594087098725,43.50624465942383,0.0,,,,,
641024,80.0,59.47190856933594,2380,0.035773523,0.0003,0.3,60.63399723470211,-3.964296942949295,0.21162109375,-0.0296581880087615,45.94343566894531,0.0,,,,,
643072,80.0,61.17251968383789,2390,0.03060501,0.0003,0.3,63.50926189720631,-3.891387452930212,0.18828125,-0.0261297919190838,39.09804916381836,-1.1920928955078125e-07,,,,,
645120,80.0,55.360042572021484,2400,0.037214365,0.0003,0.3,60.446604466438295,-3.9065261758863925,0.1873046875,-0.023594343665172345,52.202171325683594,0.0,,,,,
647168,80.0,61.831382751464844,2410,0.033378974,0.0003,0.3,70.60303933620453,-3.837214045226574,0.171923828125,-0.0215500845835777,54.066795349121094,0.0,,,,,
649216,80.0,63.72173309326172,2420,0.039323974,0.0003,0.3,68.30290060639382,-3.8327185988426207,0.22392578125,-0.025254966533975676,38.36661911010742,-1.1920928955078125e-07,,,,,
651264,80.0,62.82711410522461,2430,0.038508732,0.0003,0.3,67.41575637161732,-3.8918819170445205,0.202587890625,-0.02351093744218815,73.82472229003906,1.1920928955078125e-07,,,,,
651264,,,,,,,,,,,,,20,62.91511954999999,193,212,80.0
653312,80.0,67.15406036376953,2440,0.03723876,0.0003,0.3,72.27286174893379,-3.807369735836983,0.18154296875,-0.025281001656549052,56.14684295654297,0.0,,,,,
655360,80.0,62.6837043762207,2450,0.03979209,0.0003,0.3,70.28573753833771,-3.7763000164180993,0.233935546875,-0.030654225969919936,44.10982894897461,0.0,,,,,
657408,80.0,58.67897415161133,2460,0.03455645,0.0003,0.3,71.518549695611,-3.7438611473888157,0.1630859375,-0.022476818774885034,77.27716064453125,0.0,,,,,
659456,80.0,65.52203369140625,2470,0.03037448,0.0003,0.3,71.62750698029996,-3.74723520539701,0.191357421875,-0.02448644292599056,72.28911590576172,0.0,,,,,
661504,80.0,67.37532043457031,2480,0.030201616,0.0003,0.3,56.7106750279665,-3.701474393159151,0.15966796875,-0.018527546555560548,47.208740234375,0.0,,,,,
663552,80.0,62.47239685058594,2490,0.034324322,0.0003,0.3,63.50737374424934,-3.715791979059577,0.188525390625,-0.02386428391764639,53.4619140625,-1.1920928955078125e-07,,,,,
665600,80.0,67.65110778808594,2500,0.03701795,0.0003,0.3,67.6500264853239,-3.7131824787706136,0.2001953125,-0.025583581297541968,45.154781341552734,0.0,,,,,
667648,80.0,63.889686584472656,2510,0.038809076,0.0003,0.3,63.12883135378361,-3.724255561083555,0.235498046875,-0.02498525892733596,21.407670974731445,0.0,,,,,
669696,80.0,67.6527099609375,2520,0.038300145,0.0003,0.3,64.4243056088686,-3.6497927457094193,0.20859375,-0.023849679947306867,72.2077865600586,0.0,,,,,
671744,80.0,67.11820983886719,2530,0.036223896,0.0003,0.3,55.41548518240452,-3.6033438455313442,0.19736328125,-0.023479720698378514,32.8869743347168,0.0,,,,,
671744,,,,,,,,,,,,,30,67.45594059000001,308,199,80.0
673792,80.0,68.02613830566406,2540,0.03524878,0.0003,0.3,51.60640446543694,-3.5580008026212453,0.158740234375,-0.017270485521294177,55.026004791259766,-1.1920928955078125e-07,,,,,
675840,80.0,69.38693237304688,2550,0.03175299,0.0003,0.3,53.72670841515064,-3.5974438026547433,0.173583984375,-0.02292607960407622,50.462886810302734,0.0,,,,,
677888,80.0,68.26229858398438,2560,0.032849506,0.0003,0.3,70.15512179136276,-3.6108464162796734,0.188818359375,-0.024900181950943078,90.85363006591797,0.0,,,,,
679936,80.0,69.79794311523438,2570,0.03481605,0.0003,0.3,55.605957850813866,-3.659924239292741,0.185400390625,-0.022665429854532702,27.88486671447754,5.960464477539063e-08,,,,,
681984,80.0,71.97350311279297,2580,0.030109031,0.0003,0.3,76.45797434449196,-3.6685522239655257,0.136669921875,-0.021709178408491424,108.4078140258789,0.0,,,,,
684032,80.0,69.37420654296875,2590,0.035426527,0.0003,0.3,61.51519736349583,-3.7065677896142004,0.201171875,-0.026725472677935614,93.0484848022461,-1.1920928955078125e-07,,,,,
686080,80.0,72.80699920654297,2600,0.029926937,0.0003,0.3,61.262109375,-3.7117039311677216,0.215087890625,-0.020457919425098225,71.44247436523438,0.0,,,,,
688128,80.0,67.88818359375,2610,0.039210793,0.0003,0.3,69.46491791009903,-3.7180519700050354,0.20966796875,-0.021026468252239285,81.94625854492188,0.0,,,,,
690176,80.0,71.22301483154297,2620,0.04332833,0.0003,0.3,66.49674173295497,-3.7586585491895677,0.23974609375,-0.025369498842337634,88.59724426269531,2.384185791015625e-07,,,,,
692224,80.0,72.31167602539062,2630,0.0411408,0.0003,0.3,64.68432065546513,-3.750598370656371,0.19267578125,-0.0197689286142122,64.57991790771484,0.0,,,,,
692224,,,,,,,,,,,,,40,72.20462708000001,450,181,80.0
694272,80.0,65.99813842773438,2640,0.036051124,0.0003,0.3,80.17829715907574,-3.765743491798639,0.21494140625,-0.02556497970726923,89.92288970947266,0.0,,,,,
696320,80.0,72.22035217285156,2650,0.036936834,0.0003,0.3,70.99576821029186,-3.7538295347243547,0.172314453125,-0.01701689230685588,87.76031494140625,0.0,,,,,
698368,80.0,72.78456115722656,2660,0.029280221,0.0003,0.3,61.93145979344845,-3.6768835917115212,0.19052734375,-0.02197894597920822,47.03578567504883,0.0,,,,,
700416,80.0,69.38621520996094,2670,0.030581,0.0003,0.3,62.07782278954983,-3.6546735472977163,0.179345703125,-0.017642145704303402,59.26558303833008,0.0,,,,,
702464,80.0,71.87957763671875,2680,0.030717438,0.0003,0.3,67.7635191142559,-3.57579753883183,0.163623046875,-0.017757895465183537,68.66984558105469,-1.1920928955078125e-07,,,,,
704512,80.0,77.89019775390625,2690,0.034599356,0.0003,0.3,57.4420523762703,-3.5764400590211154,0.189599609375,-0.020184075401630253,72.44204711914062,0.0,,,,,
706560,80.0,75.08721160888672,2700,0.027931312,0.0003,0.3,66.23050372898578,-3.563295515626669,0.149609375,-0.016720827089739033,100.86892700195312,0.0,,,,,
708608,80.0,73.15394592285156,2710,0.035655476,0.0003,0.3,59.455804428458215,-3.5807946432381867,0.1541015625,-0.016614999721059575,32.60362243652344,0.0,,,,,
710656,80.0,71.51319122314453,2720,0.039030984,0.0003,0.3,57.881032621860506,-3.5819189973175525,0.19853515625,-0.01982907457713736,89.9658432006836,-1.1920928955078125e-07,,,,,
712704,80.0,69.51771545410156,2730,0.036823593,0.0003,0.3,58.82709650099277,-3.57948790974915,0.192236328125,-0.020934619006584398,66.26040649414062,5.960464477539063e-08,,,,,
712704,,,,,,,,,,,,,50,72.38861241999999,570,179,80.0
714752,80.0,72.67076873779297,2740,0.032956727,0.0003,0.3,53.34413225799799,-3.656619742512703,0.178955078125,-0.01704194599733455,44.21332550048828,0.0,,,,,
716800,80.0,71.38150024414062,2750,0.030939545,0.0003,0.3,73.46628885269165,-3.6694470278918745,0.174169921875,-0.02079420321242651,40.69921875,0.0,,,,,
718848,80.0,74.37730407714844,2760,0.028590947,0.0003,0.3,58.17867551743984,-3.692884453758597,0.183740234375,-0.023212560603860767,48.93443298339844,0.0,,,,,
720896,80.0,68.2773208618164,2770,0.06277415,0.0003,0.3,57.52951485812664,-3.744009444117546,0.208544921875,-0.027365399053815055,63.833778381347656,0.0,,,,,
722944,80.0,68.39824676513672,2780,0.037720524,0.0003,0.3,59.512226501107214,-3.696024386584759,0.209716796875,-0.020202658271591643,66.86339569091797,5.960464477539063e-08,,,,,
724992,80.0,65.83401489257812,2790,0.032322347,0.0003,0.3,56.989242845773695,-3.693716077134013,0.210107421875,-0.021867713530082256,59.57747268676758,1.1920928955078125e-07,,,,,
727040,80.0,72.79126739501953,2800,0.029767841,0.0003,0.3,55.222489362955095,-3.666545941308141,0.14697265625,-0.01726080812368309,38.64089584350586,0.0,,,,,
729088,80.0,69.77018737792969,2810,0.03426585,0.0003,0.3,59.59371207654476,-3.6647572945803404,0.192822265625,-0.02452793407428544,47.221248626708984,0.0,,,,,
731136,80.0,71.31591796875,2820,0.036942467,0.0003,0.3,57.831604263186456,-3.715271756052971,0.202392578125,-0.0201168484709342,30.56433868408203,0.0,,,,,
733184,80.0,69.92610931396484,2830,0.033003774,0.0003,0.3,62.19421677291393,-3.6819495685398578,0.186328125,-0.024651304306462406,42.7817497253418,-1.1920928955078125e-07,,,,,
733184,,,,,,,,,,,,,60,70.56172687,706,173,80.0
735232,80.0,74.8387680053711,2840,0.03473988,0.0003,0.3,64.2798498481512,-3.6361817087978126,0.183544921875,-0.02112780599563848,58.526885986328125,0.0,,,,,
737280,80.0,72.00177001953125,2850,0.03198499,0.0003,0.3,61.193463853001596,-3.548882144317031,0.122265625,-0.01372134567645844,46.7419319152832,0.0,,,,,
739328,80.0,71.91332244873047,2860,0.03274938,0.0003,0.3,60.77062756121158,-3.5780181735754013,0.1611328125,-0.017959818316739984,67.97561645507812,-1.1920928955078125e-07,,,,,
741376,80.0,74.90233612060547,2870,0.03306041,0.0003,0.3,68.23092756867409,-3.5933834351599216,0.184033203125,-0.020071382325841113,108.40238952636719,0.0,,,,,
743424,80.0,72.0306396484375,2880,0.034630813,0.0003,0.3,63.144288539886475,-3.5316742792725564,0.190625,-0.02446629255427979,76.64247131347656,5.960464477539063e-08,,,,,
745472,80.0,71.33462524414062,2890,0.03650564,0.0003,0.3,63.80466043651104,-3.5448227375745773,0.20283203125,-0.02299180981644895,67.83374786376953,0.0,,,,,
747520,80.0,68.7358169555664,2900,0.029931808,0.0003,0.3,60.849881359934805,-3.521164931356907,0.16025390625,-0.01976624859526055,73.51396942138672,0.0,,,,,
749568,80.0,67.62783813476562,2910,0.03930764,0.0003,0.3,55.946957260370255,-3.526292636245489,0.182373046875,-0.021616689868096728,76.68146514892578,0.0,,,,,
751616,80.0,70.12794494628906,2920,0.02935848,0.0003,0.3,52.6225066781044,-3.563448591530323,0.168896484375,-0.018431110969686415,32.18532180786133,0.0,,,,,
753664,80.0,71.29075622558594,2930,0.034000374,0.0003,0.3,72.80754903554916,-3.5768627475947143,0.1876953125,-0.020164281464531086,60.802982330322266,0.0,,,,,
753664,,,,,,,,,,,,,70,72.27983516999998,843,170,80.0
755712,80.0,72.17350769042969,2940,0.030511243,0.0003,0.3,68.42666125893592,-3.62376741617918,0.170849609375,-0.019782104274781886,50.740657806396484,0.0,,,,,
757760,80.0,73.47242736816406,2950,0.037157975,0.0003,0.3,66.80486178696155,-3.654268131032586,0.227978515625,-0.02713314004067797,87.62983703613281,0.0,,,,,
759808,80.0,74.35227966308594,2960,0.03640517,0.0003,0.3,58.34068963229656,-3.600603920221329,0.18232421875,-0.018444413390534466,31.969860076904297,0.0,,,,,
761856,80.0,77.08772277832031,2970,0.028183322,0.0003,0.3,58.6317334741354,-3.5803142711520195,0.15751953125,-0.01586901268165093,55.667335510253906,-1.1920928955078125e-07,,,,,
763904,80.0,75.01834869384766,2980,0.034801446,0.0003,0.3,64.41808172166347,-3.621602612361312,0.1453125,-0.02019328113674419,58.92606735229492,1.1920928955078125e-07,,,,,
765952,80.0,75.5281753540039,2990,0.028289337,0.0003,0.3,60.65417060554027,-3.605784510076046,0.15703125,-0.017747348226839675,65.67305755615234,-1.1920928955078125e-07,,,,,
768000,80.0,69.12663269042969,3000,0.03071713,0.0003,0.3,56.3726208537817,-3.5736690796911716,0.19072265625,-0.02107205189677188,47.38677215576172,5.960464477539063e-08,,,,,
770048,80.0,76.35049438476562,3010,0.02975025,0.0003,0.3,63.54396277964115,-3.589124472439289,0.161083984375,-0.019894424537778833,49.239688873291016,0.0,,,,,
772096,80.0,73.06260681152344,3020,0.030322561,0.0003,0.3,68.40180531740188,-3.581152533367276,0.145361328125,-0.01923471564659849,44.43690872192383,0.0,,,,,
774144,80.0,74.16820526123047,3030,0.034764897,0.0003,0.3,62.3580669850111,-3.5959139809012415,0.20771484375,-0.023119217349449172,60.92218780517578,5.960464477539063e-08,,,,,
774144,,,,,,,,,,,,,80,75.37217474,973,168,80.0
776192,80.0,78.84483337402344,3040,0.029013475,0.0003,0.3,59.76691119372845,-3.584495371580124,0.181982421875,-0.019565036085259634,77.85639190673828,0.0,,,,,
778240,80.0,74.93401336669922,3050,0.030368082,0.0003,0.3,57.21843499541283,-3.574473089724779,0.15888671875,-0.019194902267190627,71.45105743408203,5.960464477539063e-08,,,,,
780288,80.0,75.09280395507812,3060,0.03255058,0.0003,0.3,62.25417705774307,-3.5536690309643744,0.176220703125,-0.018650206626625733,68.1761245727539,0.0,,,,,
782336,80.0,77.32540130615234,3070,0.03657026,0.0003,0.3,72.56574638187885,-3.5582849882543086,0.1896484375,-0.020014647582138424,83.58992004394531,0.0,,,,,
784384,80.0,78.26184844970703,3080,0.034869637,0.0003,0.3,60.258227691054344,-3.54002237804234,0.173486328125,-0.018553709544357845,54.049041748046875,0.0,,,,,
786432,80.0,75.7013168334961,3090,0.03304892,0.0003,0.3,66.97529078423977,-3.5378711856901646,0.165576171875,-0.01805605636909604,75.53697967529297,0.0,,,,,
788480,80.0,81.34031677246094,3100,0.033788018,0.0003,0.3,71.38402469456196,-3.552713180333376,0.163720703125,-0.015059607474540826,50.14408874511719,1.1920928955078125e-07,,,,,
790528,80.0,76.53670501708984,3110,0.032045115,0.0003,0.3,67.48103451728821,-3.5863820426166058,0.14501953125,-0.017190573655534537,58.396549224853516,0.0,,,,,
792576,80.0,73.11772155761719,3120,0.03099413,0.0003,0.3,63.92909945845604,-3.5751104313880204,0.154931640625,-0.017079611544613727,75.73819732666016,0.0,,,,,
794624,80.0,77.36187744140625,3130,0.033155248,0.0003,0.3,59.38876998722553,-3.5382759761065246,0.15634765625,-0.014492411965329665,46.16069030761719,0.0,,,,,
794624,,,,,,,,,,,,,90,77.34445797,1100,167,80.0
796672,80.0,75.3055419921875,3140,0.03335033,0.0003,0.3,67.1369239538908,-3.5504226844757794,0.201025390625,-0.024116300608147866,63.71379470825195,1.1920928955078125e-07,,,,,
798720,80.0,82.61331176757812,3150,0.031005502,0.0003,0.3,60.99207311272621,-3.5357412345707417,0.157861328125,-0.01603357441344997,54.95182800292969,0.0,,,,,
800768,80.0,76.67203521728516,3160,0.034827404,0.0003,0.3,62.7262595385313,-3.530607870966196,0.17392578125,-0.0181713667101576,46.61575698852539,-1.1920928955078125e-07,,,,,
802816,80.0,79.06668853759766,3170,0.026734494,0.0003,0.3,55.36568562090397,-3.522180186584592,0.156884765625,-0.017649823089595885,51.61714172363281,5.960464477539063e-08,,,,,
804864,80.0,77.89274597167969,3180,0.03742592,0.0003,0.3,62.67039056122303,-3.536444050073624,0.194384765625,-0.020208088793151547,70.6784439086914,0.0,,,,,
806912,80.0,80.750732421875,3190,0.029591788,0.0003,0.3,64.68821432292461,-3.5180321406573056,0.14130859375,-0.019950431965116876,49.405677795410156,0.0,,,,,
808960,80.0,77.19209289550781,3200,0.032279044,0.0003,0.3,61.61302710771561,-3.5604171454906464,0.19013671875,-0.021987369914131704,50.87207794189453,5.960464477539063e-08,,,,,
811008,80.0,82.28009796142578,3210,0.027401697,0.0003,0.3,71.07856666147708,-3.5649061437696217,0.143701171875,-0.01139282596850535,69.35515594482422,0.0,,,,,
813056,80.0,75.92189025878906,3220,0.03961526,0.0003,0.3,59.21748375594616,-3.6075161937624216,0.176318359375,-0.021424992376705632,74.99592590332031,0.0,,,,,
815104,80.0,75.59866333007812,3230,0.03009403,0.0003,0.3,56.66308203339577,-3.6165484342724086,0.19814453125,-0.02407406573474873,55.402008056640625,5.960464477539063e-08,,,,,
815104,,,,,,,,,,,,,100,76.71541198000001,1227,166,80.0
817152,80.0,77.04385375976562,3240,0.030868672,0.0003,0.3,75.18177845180034,-3.6098258156329392,0.155859375,-0.017138736842025538,81.21637725830078,0.0,,,,,
819200,80.0,80.1156234741211,3250,0.031010825,0.0003,0.3,58.49003196656704,-3.5931447319686414,0.1818359375,-0.018933950494101737,46.695518493652344,-1.1920928955078125e-07,,,,,
821248,80.0,80.22714233398438,3260,0.03470964,0.0003,0.3,71.2178887873888,-3.5788655400276186,0.1705078125,-0.02143387448886642,83.63980102539062,-1.1920928955078125e-07,,,,,
823296,80.0,75.59884643554688,3270,0.033747617,0.0003,0.3,62.75311614871025,-3.554814202710986,0.175390625,-0.01940367423958378,30.838472366333008,5.960464477539063e-08,,,,,
825344,80.0,77.46687316894531,3280,0.02516517,0.0003,0.3,59.268031692504884,-3.5407740514725448,0.13779296875,-0.010903570566733833,64.19530487060547,1.1920928955078125e-07,,,,,
827392,80.0,81.14413452148438,3290,0.034362793,0.0003,0.3,65.49435709118843,-3.5605301178991793,0.144482421875,-0.01514542826480465,89.29662322998047,0.0,,,,,
829440,80.0,81.60140228271484,3300,0.029613152,0.0003,0.3,64.34634350538253,-3.512847443297505,0.16953125,-0.016584211167355534,74.30155944824219,0.0,,,,,
831488,80.0,80.75733947753906,3310,0.031572223,0.0003,0.3,70.489751419425,-3.515021833404899,0.18193359375,-0.02141677100153174,89.15026092529297,0.0,,,,,
833536,80.0,80.65257263183594,3320,0.030287188,0.0003,0.3,58.98356647193432,-3.550336705520749,0.185498046875,-0.022813498739560602,67.37796783447266,5.960464477539063e-08,,,,,
835584,80.0,81.28219604492188,3330,0.0341847,0.0003,0.3,67.7401590436697,-3.548564903065562,0.19580078125,-0.021498350461479278,51.32089614868164,1.1920928955078125e-07,,,,,
835584,,,,,,,,,,,,,110,79.71758959,1356,166,80.0
837632,80.0,75.5672607421875,3340,0.02844233,0.0003,0.3,56.37680277824402,-3.534675406292081,0.149951171875,-0.01611587130755652,64.89131164550781,0.0,,,,,
839680,80.0,80.38032531738281,3350,0.03664069,0.0003,0.3,65.28541629612445,-3.5423669282346966,0.166552734375,-0.025346449780045077,89.93545532226562,0.0,,,,,
841728,80.0,78.00335693359375,3360,0.030220676,0.0003,0.3,56.28216325044632,-3.519897496327758,0.168896484375,-0.012628654974105303,62.7108154296875,5.960464477539063e-08,,,,,
843776,80.0,78.239990234375,3370,0.03583689,0.0003,0.3,58.72546238899231,-3.5356234457343816,0.173974609375,-0.019905242563982028,86.24974822998047,0.0,,,,,
845824,80.0,76.10952758789062,3380,0.02916333,0.0003,0.3,69.2831565976143,-3.511241103336215,0.17412109375,-0.018452058349066647,86.4969253540039,0.0,,,,,
847872,80.0,79.75885009765625,3390,0.028913192,0.0003,0.3,59.21855458021164,-3.4781794879585504,0.16875,-0.015089902756153606,45.50431823730469,0.0,,,,,
849920,80.0,80.03741455078125,3400,0.030595716,0.0003,0.3,69.19531459510327,-3.4486665822565556,0.17548828125,-0.021251719949941617,51.60685348510742,0.0,,,,,
851968,80.0,78.98607635498047,3410,0.03205535,0.0003,0.3,59.906194201111795,-3.455614110827446,0.166455078125,-0.01830014188599307,51.704559326171875,0.0,,,,,
854016,80.0,83.39208984375,3420,0.02313345,0.0003,0.3,61.89137898087502,-3.4706003822386267,0.119287109375,-0.011125383139005861,43.21915054321289,0.0,,,,,
856064,80.0,79.47169494628906,3430,0.03371256,0.0003,0.3,57.73683223128319,-3.45344731323421,0.173681640625,-0.017532662802841513,40.99740982055664,-1.1920928955078125e-07,,,,,
856064,,,,,,,,,,,,,120,79.97955746000001,1483,165,80.0
858112,80.0,83.210205078125,3440,0.0313798,0.0003,0.3,59.900273942947386,-3.446008102968335,0.17509765625,-0.02100000919745071,81.45685577392578,0.0,,,,,
860160,80.0,79.35529327392578,3450,0.027400374,0.0003,0.3,59.62161723077297,-3.4092717416584493,0.132177734375,-0.014958850493712816,35.58793258666992,0.0,,,,,
862208,80.0,80.95171356201172,3460,0.033802234,0.0003,0.3,64.03828516304493,-3.4627819187939166,0.20185546875,-0.022883615776663646,83.13988494873047,0.0,,,,,
864256,80.0,83.75430297851562,3470,0.032860223,0.0003,0.3,56.490240424871445,-3.445456954836845,0.20634765625,-0.019086303301446606,30.89523696899414,0.0,,,,,
866304,80.0,80.00829315185547,3480,0.030547675,0.0003,0.3,59.00066300630569,-3.439128865674138,0.156591796875,-0.01396215112763457,57.3363151550293,0.0,,,,,
868352,80.0,84.77362060546875,3490,0.033545136,0.0003,0.3,61.67814128398895,-3.485284323990345,0.16259765625,-0.02091934688069159,54.599769592285156,-1.1920928955078125e-07,,,,,
870400,80.0,82.85617065429688,3500,0.027289804,0.0003,0.3,67.03188580274582,-3.461058522760868,0.138671875,-0.016375133051769807,46.97471618652344,0.0,,,,,
872448,80.0,80.92990112304688,3510,0.029893437,0.0003,0.3,65.48496527075767,-3.4672141786664725,0.1173828125,-0.007112302814493887,27.94832992553711,1.1920928955078125e-07,,,,,
874496,80.0,77.43516540527344,3520,0.034541026,0.0003,0.3,61.27939287126064,-3.403523528575897,0.143212890625,-0.016417336622544097,36.87725830078125,0.0,,,,,
876544,80.0,79.53543090820312,3530,0.035002667,0.0003,0.3,57.856507977843286,-3.3833361763507126,0.16630859375,-0.014979321004648227,35.27194595336914,5.960464477539063e-08,,,,,
876544,,,,,,,,,,,,,130,79.73564196999999,1607,165,80.0
878592,80.0,82.88785552978516,3540,0.027877098,0.0003,0.3,53.93048112094402,-3.405094463005662,0.14375,-0.01581609635031782,50.06415557861328,5.960464477539063e-08,,,,,
880640,80.0,81.07391357421875,3550,0.038613692,0.0003,0.3,56.5626944988966,-3.437394503504038,0.188671875,-0.020396532183804085,28.533809661865234,0.0,,,,,
882688,80.0,82.0281753540039,3560,0.031924173,0.0003,0.3,48.014226868748665,-3.4373072739690542,0.157080078125,-0.017322613405121957,33.925533294677734,0.0,,,,,
884736,80.0,81.06359100341797,3570,0.0354779,0.0003,0.3,55.82691734433174,-3.4803602378815413,0.23359375,-0.02606147334445268,111.330322265625,1.1920928955078125e-07,,,,,
886784,80.0,79.9182357788086,3580,0.031071685,0.0003,0.3,63.17562675774097,-3.475384833291173,0.18232421875,-0.023537494176707696,80.21012115478516,0.0,,,,,
888832,80.0,79.67749786376953,3590,0.029522013,0.0003,0.3,67.64583042562008,-3.5184171311557293,0.151513671875,-0.01751149055635324,97.3269271850586,0.0,,,,,
890880,80.0,83.05802917480469,3600,0.030062892,0.0003,0.3,60.44577395617962,-3.5322296001017093,0.143505859375,-0.013894980541954283,46.92250061035156,0.0,,,,,
892928,80.0,77.47456359863281,3610,0.038918145,0.0003,0.3,62.16604513525963,-3.52655318453908,0.166015625,-0.019830200102296656,76.32605743408203,0.0,,,,,
894976,80.0,79.96282196044922,3620,0.036951944,0.0003,0.3,61.22943327128887,-3.51980874016881,0.19208984375,-0.023802905021875632,52.50617599487305,5.960464477539063e-08,,,,,
897024,80.0,81.59098815917969,3630,0.034611844,0.0003,0.3,69.11863054931163,-3.499604996293783,0.149560546875,-0.01706203786598053,60.92882537841797,0.0,,,,,
897024,,,,,,,,,,,,,140,79.72761148999999,1731,165,80.0
899072,80.0,82.26179504394531,3640,0.03128571,0.0003,0.3,62.07193330526352,-3.4766241416335104,0.140869140625,-0.014328665245557204,69.43307495117188,0.0,,,,,
901120,80.0,81.57319641113281,3650,0.031112999,0.0003,0.3,63.4037623077631,-3.436244951188564,0.1287109375,-0.011719401718437439,57.18756103515625,1.1920928955078125e-07,,,,,
903168,80.0,78.69563293457031,3660,0.026885848,0.0003,0.3,57.32305415868759,-3.440777427703142,0.147900390625,-0.013343308043840808,52.310970306396484,-1.1920928955078125e-07,,,,,
905216,80.0,79.64637756347656,3670,0.030823318,0.0003,0.3,55.57410027980804,-3.4288873888552187,0.168115234375,-0.017921699410362636,61.80342102050781,0.0,,,,,
907264,80.0,76.3632583618164,3680,0.035000153,0.0003,0.3,60.972301772236825,-3.4219441723078488,0.155908203125,-0.017799257948354352,51.53799819946289,-1.1920928955078125e-07,,,,,
909312,80.0,76.83351135253906,3690,0.036008477,0.0003,0.3,64.62180013656616,-3.460028838738799,0.187548828125,-0.020698677441396286,72.48821258544922,0.0,,,,,
911360,80.0,80.66935729980469,3700,0.033467904,0.0003,0.3,58.45914166271687,-3.4727521404623984,0.16328125,-0.016789022865123116,77.9526138305664,0.0,,,,,
913408,80.0,79.96339416503906,3710,0.030595418,0.0003,0.3,58.04918659925461,-3.488500752300024,0.148974609375,-0.012831672019092365,57.79421615600586,0.0,,,,,
915456,80.0,80.69601440429688,3720,0.025455236,0.0003,0.3,68.88808316588401,-3.44355277530849,0.101708984375,-0.012009071157081053,78.19182586669922,0.0,,,,,
917504,80.0,76.92168426513672,3730,0.028468482,0.0003,0.3,67.35173915922641,-3.4793338693678377,0.146875,-0.013458684922079555,40.69034957885742,0.0,,,,,
919552,80.0,78.37366485595703,3740,0.038547732,0.0003,0.3,64.35683621168137,-3.4885741040110587,0.16943359375,-0.01979352157068206,42.30101013183594,0.0,,,,,
921600,80.0,81.75023651123047,3750,0.03476177,0.0003,0.3,61.81677855849266,-3.503102693706751,0.175439453125,-0.018259017256787045,65.72132873535156,0.0,,,,,
923648,80.0,78.12663269042969,3760,0.033896565,0.0003,0.3,59.48448288440704,-3.4812701392918823,0.165576171875,-0.014255342591786757,42.2950553894043,0.0,,,,,
925696,80.0,76.71746063232422,3770,0.028891483,0.0003,0.3,61.98673122227192,-3.4890600346028804,0.139990234375,-0.01471444913331652,35.83755111694336,1.1920928955078125e-07,,,,,
927744,80.0,81.89009094238281,3780,0.027795494,0.0003,0.3,58.93244427442551,-3.4607456777244807,0.144970703125,-0.014118586786207744,47.270843505859375,-1.1920928955078125e-07,,,,,
929792,80.0,76.85597229003906,3790,0.027915917,0.0003,0.3,59.86007236540318,-3.4692222345620394,0.119140625,-0.010767589873285032,51.61414337158203,5.960464477539063e-08,,,,,
931840,80.0,83.2454833984375,3800,0.031772193,0.0003,0.3,57.36768374443054,-3.4890069656074045,0.150927734375,-0.015759070380590857,65.03083038330078,5.960464477539063e-08,,,,,
931840,,,,,,,,,,,,,10,78.95779727999998,132,154,80.0
933888,80.0,81.17179107666016,3810,0.036814503,0.0003,0.3,62.83865759074688,-3.513214544206858,0.192724609375,-0.018096988122852053,68.80673217773438,0.0,,,,,
935936,80.0,79.40591430664062,3820,0.038281567,0.0003,0.3,62.168041571974754,-3.4986374109983442,0.19619140625,-0.023648498291731813,88.23240661621094,0.0,,,,,
937984,80.0,79.31149291992188,3830,0.03242156,0.0003,0.3,67.80606226325035,-3.479714859649539,0.156494140625,-0.015318519383436069,52.72520065307617,0.0,,,,,
940032,80.0,83.32978820800781,3840,0.031075496,0.0003,0.3,68.04781998991966,-3.4865173626691104,0.158837890625,-0.022836784645915032,62.708133697509766,0.0,,,,,
942080,80.0,77.9700927734375,3850,0.025895515,0.0003,0.3,65.41908710002899,-3.4798729620873927,0.135595703125,-0.013736025893012992,66.28363800048828,0.0,,,,,
944128,80.0,79.2327880859375,3860,0.0341158,0.0003,0.3,66.4402772217989,-3.465515535697341,0.16171875,-0.017611016455339266,52.37601852416992,-1.1920928955078125e-07,,,,,
946176,80.0,77.69266510009766,3870,0.042446576,0.0003,0.3,65.87799781560898,-3.469384464249015,0.212451171875,-0.0215946455107769,57.501983642578125,0.0,,,,,
948224,80.0,82.02932739257812,3880,0.033218876,0.0003,0.3,60.886858427524565,-3.4922888237982987,0.1498046875,-0.017135426815366374,42.08333206176758,-1.1920928955078125e-07,,,,,
950272,80.0,85.61686706542969,3890,0.028061353,0.0003,0.3,51.87585483193398,-3.499668537080288,0.141796875,-0.01804134901612997,43.98956298828125,-1.1920928955078125e-07,,,,,
952320,80.0,79.22406005859375,3900,0.03626122,0.0003,0.3,62.91849236488342,-3.4860300429165365,0.176611328125,-0.01740614867012482,59.7372932434082,0.0,,,,,
952320,,,,,,,,,,,,,20,80.52578874000001,262,156,80.0
954368,80.0,79.47821044921875,3910,0.02563936,0.0003,0.3,57.93048304617405,-3.4823284935206176,0.13115234375,-0.01400698825600557,48.084449768066406,0.0,,,,,
956416,80.0,83.56419372558594,3920,0.02661521,0.0003,0.3,64.39601859748363,-3.4523252580314874,0.126123046875,-0.011493288665951696,69.00173950195312,0.0,,,,,
958464,80.0,84.9420394897461,3930,0.025512088,0.0003,0.3,69.08434009253979,-3.457598043233156,0.14619140625,-0.010981016448931768,77.94185638427734,0.0,,,,,
960512,80.0,84.41813659667969,3940,0.03427753,0.0003,0.3,62.10197934508324,-3.433471702039242,0.150537109375,-0.015635472707799636,33.849300384521484,-1.1920928955078125e-07,,,,,
962560,80.0,79.55827331542969,3950,0.02636389,0.0003,0.3,55.50626582205295,-3.422880847007036,0.11484375,-0.008166989948949776,42.97154235839844,0.0,,,,,
964608,80.0,78.36752319335938,3960,0.025546197,0.0003,0.3,61.94719322025776,-3.449238298460841,0.192138671875,-0.021486513136187567,72.20787811279297,0.0,,,,,
966656,80.0,84.81268310546875,3970,0.027847601,0.0003,0.3,58.369477888941766,-3.4108180895447733,0.1630859375,-0.016194217356678565,38.431419372558594,0.0,,,,,
968704,80.0,84.65397644042969,3980,0.0292608,0.0003,0.3,59.66214244067669,-3.425204336643219,0.135400390625,-0.01697585959918797,60.41016387939453,5.960464477539063e-08,,,,,
970752,80.0,82.24473571777344,3990,0.02799669,0.0003,0.3,51.391422629356384,-3.429519908130169,0.135302734375,-0.013036112100235187,40.802005767822266,0.0,,,,,
972800,80.0,82.20130157470703,4000,0.030542018,0.0003,0.3,60.98725102543831,-3.463309420645237,0.157177734375,-0.01711477696808288,52.91681671142578,5.960464477539063e-08,,,,,
972800,,,,,,,,,,,,,30,80.93502559999999,382,160,80.0
974848,80.0,78.28866577148438,4010,0.02843528,0.0003,0.3,60.039042827486995,-3.478491411730647,0.133154296875,-0.012374846763850655,31.65082550048828,-1.1920928955078125e-07,,,,,
976896,80.0,80.08934020996094,4020,0.028539006,0.0003,0.3,66.37913615107536,-3.4720768641680477,0.141552734375,-0.015002887598529923,73.74549865722656,0.0,,,,,
978944,80.0,84.29942321777344,4030,0.02923631,0.0003,0.3,65.53684021830558,-3.4314919784665108,0.13779296875,-0.015040925287758,89.65997314453125,0.0,,,,,
980992,80.0,85.21668243408203,4040,0.035095774,0.0003,0.3,57.669692781567576,-3.429768728837371,0.173828125,-0.01672770686709555,50.85255432128906,0.0,,,,,
983040,80.0,82.95552062988281,4050,0.029717892,0.0003,0.3,55.648506757617,-3.3948561154305934,0.169384765625,-0.021276580904668663,51.66817855834961,5.960464477539063e-08,,,,,
985088,80.0,84.75360107421875,4060,0.033299744,0.0003,0.3,61.464761236310004,-3.431966465711594,0.12724609375,-0.015299236407736316,53.39999771118164,0.0,,,,,
987136,80.0,82.55413818359375,4070,0.029776372,0.0003,0.3,56.90310313999653,-3.468865665048361,0.17080078125,-0.019832340942230076,69.92021179199219,5.960464477539063e-08,,,,,
989184,80.0,84.71480560302734,4080,0.033623002,0.0003,0.3,66.84155623614788,-3.436318628489971,0.149462890625,-0.014429872093023733,62.92949676513672,1.1920928955078125e-07,,,,,
991232,80.0,81.4007797241211,4090,0.027222125,0.0003,0.3,56.84215565621853,-3.4133468948304655,0.14873046875,-0.016786087068612687,61.26634216308594,0.0,,,,,
993280,80.0,85.86579895019531,4100,0.028880369,0.0003,0.3,61.01222513318062,-3.435794011130929,0.142578125,-0.014933884717174805,65.8839340209961,-1.1920928955078125e-07,,,,,
993280,,,,,,,,,,,,,40,81.34914199999999,502,163,80.0
995328,80.0,80.47074890136719,4110,0.037284136,0.0003,0.3,61.7277921050787,-3.4535854034125806,0.1693359375,-0.020464755498687738,69.57843017578125,0.0,,,,,
997376,80.0,81.47653198242188,4120,0.031831473,0.0003,0.3,57.26077336072922,-3.4688873875886204,0.1423828125,-0.015278749028220772,70.6603775024414,0.0,,,,,
999424,80.0,83.31462097167969,4130,0.026936062,0.0003,0.3,63.56843828260899,-3.4600470047444105,0.131201171875,-0.012292149530549069,44.355926513671875,0.0,,,,,
1001472,80.0,86.07968139648438,4140,0.030834442,0.0003,0.3,69.56958806812763,-3.4640334989875554,0.13896484375,-0.01659696021961281,85.63723754882812,0.0,,,,,
1003520,80.0,86.24146270751953,4150,0.024875479,0.0003,0.3,65.19508544504643,-3.4580582574009897,0.14970703125,-0.01502543555398006,53.76913070678711,0.0,,,,,
1005568,80.0,88.01469421386719,4160,0.030333895,0.0003,0.3,54.33688651025295,-3.47163448035717,0.15048828125,-0.014870778970362153,44.018577575683594,0.0,,,,,
1007616,80.0,83.82023620605469,4170,0.028453827,0.0003,0.3,68.51053789258003,-3.454617639631033,0.115869140625,-0.012643113483500201,67.29743194580078,-1.1920928955078125e-07,,,,,
1009664,80.0,84.73670196533203,4180,0.033396937,0.0003,0.3,67.72274169325829,-3.4528277963399887,0.181591796875,-0.020460104892845266,59.4126091003418,0.0,,,,,
1011712,80.0,83.45584106445312,4190,0.02706256,0.0003,0.3,69.36302706599236,-3.464650632813573,0.18076171875,-0.017110900521220173,49.58530807495117,0.0,,,,,
1013760,80.0,81.26828002929688,4200,0.027382772,0.0003,0.3,63.821589693427086,-3.455489521473646,0.130712890625,-0.013353702651511413,57.205535888671875,0.0,,,,,
1013760,,,,,,,,,,,,,50,83.28124616999999,619,165,80.0
1015808,80.0,85.24317169189453,4210,0.03574316,0.0003,0.3,57.958277425169946,-3.440759928897023,0.19638671875,-0.02142085064260755,67.7170181274414,-1.1920928955078125e-07,,,,,
1017856,80.0,83.01245880126953,4220,0.031238081,0.0003,0.3,62.64305313825607,-3.4569006863981486,0.147509765625,-0.017731888046546372,63.282875061035156,-1.1920928955078125e-07,,,,,
1019904,80.0,83.20053100585938,4230,0.026501462,0.0003,0.3,59.717681255936625,-3.4316621270030736,0.11943359375,-0.012607000338903163,47.4201545715332,-1.1920928955078125e-07,,,,,
1021952,80.0,81.45570373535156,4240,0.030708136,0.0003,0.3,64.47452560067177,-3.4314645919948816,0.120703125,-0.011645249847788364,73.35340118408203,0.0,,,,,
1024000,80.0,84.86885070800781,4250,0.031145226,0.0003,0.3,64.45437601804733,-3.4388243079185488,0.15,-0.01590340456168633,64.00102233886719,0.0,,,,,
1026048,80.0,87.12132263183594,4260,0.0308353,0.0003,0.3,52.93307114839554,-3.4466424826532602,0.15029296875,-0.014330258453264832,47.0483512878418,0.0,,,,,
1028096,80.0,82.6649398803711,4270,0.031815693,0.0003,0.3,59.59062570631504,-3.4467174910008906,0.13701171875,-0.012354204291477799,33.02642822265625,1.1920928955078125e-07,,,,,
1030144,80.0,83.21109771728516,4280,0.03174878,0.0003,0.3,54.761178901791574,-3.44167584143579,0.151708984375,-0.014197723116376437,24.677215576171875,0.0,,,,,
1032192,80.0,80.52668762207031,4290,0.02275113,0.0003,0.3,58.7478348493576,-3.421546385809779,0.114306640625,-0.009100291368667968,72.7904281616211,-1.1920928955078125e-07,,,,,
1034240,80.0,79.50479125976562,4300,0.02927966,0.0003,0.3,60.157086345553395,-3.435045416653156,0.16142578125,-0.017437670312938282,45.62594223022461,-1.1920928955078125e-07,,,,,
1034240,,,,,,,,,,,,,60,82.81837391,730,168,80.0
1036288,80.0,80.1546630859375,4310,0.036377266,0.0003,0.3,56.68251831829548,-3.448468501120806,0.16689453125,-0.01663861544948304,35.54487609863281,0.0,,,,,
1038336,80.0,78.24581909179688,4320,0.026244655,0.0003,0.3,70.8607003480196,-3.4557052955031393,0.118310546875,-0.012920533340366091,95.57274627685547,1.1920928955078125e-07,,,,,
1040384,80.0,79.40904998779297,4330,0.024557885,0.0003,0.3,60.26176628768444,-3.4330027692019938,0.147705078125,-0.018543173778743947,52.827213287353516,0.0,,,,,
1042432,80.0,81.98698425292969,4340,0.030111983,0.0003,0.3,59.68254778981209,-3.4720206879079343,0.1876953125,-0.01919882497895742,56.29487991333008,0.0,,,,,
1044480,80.0,82.81329345703125,4350,0.03222428,0.0003,0.3,63.68486126065254,-3.488330290466547,0.11572265625,-0.011317016097018495,64.10498809814453,5.960464477539063e-08,,,,,
1046528,80.0,78.26483917236328,4360,0.03469712,0.0003,0.3,62.283582475781444,-3.473989362642169,0.237548828125,-0.026356288116949143,35.06781005859375,-1.1920928955078125e-07,,,,,
1048576,80.0,83.56153869628906,4370,0.034775596,0.0003,0.3,62.43335272669792,-3.508200469985604,0.226318359375,-0.026125693960057105,55.35324478149414,5.960464477539063e-08,,,,,
1050624,80.0,80.4503173828125,4380,0.03426352,0.0003,0.3,69.794688051939,-3.4988056305795907,0.163525390625,-0.01811885580100352,56.66584777832031,0.0,,,,,
1052672,80.0,84.68538665771484,4390,0.030565454,0.0003,0.3,66.23870487511158,-3.4847726088017223,0.1515625,-0.014153222921595442,102.33078002929688,0.0,,,,,
1054720,80.0,82.58064270019531,4400,0.040445372,0.0003,0.3,64.41370851099491,-3.5008853074163198,0.223681640625,-0.026294756529387085,80.89244842529297,0.0,,,,,
1054720,,,,,,,,,,,,,70,82.42269341000001,811,176,80.0
1056768,80.0,80.84461975097656,4410,0.035465583,0.0003,0.3,63.832696029543875,-3.482304806634784,0.144482421875,-0.015174333930190187,52.51628112792969,5.960464477539063e-08,,,,,
1058816,80.0,82.38809204101562,4420,0.029809717,0.0003,0.3,58.50698761641979,-3.4325684007257222,0.124462890625,-0.012759240258310456,90.38212585449219,-1.1920928955078125e-07,,,,,
1060864,80.0,82.42927551269531,4430,0.035528645,0.0003,0.3,55.206928288936616,-3.4633409421890975,0.20615234375,-0.024999234368442556,89.55276489257812,0.0,,,,,
1062912,80.0,80.8042221069336,4440,0.025753532,0.0003,0.3,57.81176265776158,-3.457837696000934,0.123779296875,-0.013890000296669314,58.84148406982422,0.0,,,,,
1064960,80.0,79.37875366210938,4450,0.023031216,0.0003,0.3,66.25745641291141,-3.426566160470247,0.12255859375,-0.01272703082067892,70.5887680053711,0.0,,,,,
1067008,80.0,72.75224304199219,4460,0.031551197,0.0003,0.3,53.776565125584604,-3.417584776505828,0.17021484375,-0.017542249691905452,71.1583023071289,5.960464477539063e-08,,,,,
1069056,80.0,80.47795104980469,4470,0.030118912,0.0003,0.3,57.86300275623798,-3.397662777453661,0.159716796875,-0.01555772847350454,36.68903732299805,0.0,,,,,
1071104,80.0,85.74800109863281,4480,0.033220127,0.0003,0.3,63.30070043504238,-3.4395946707576512,0.1283203125,-0.017868747985630762,87.54288482666016,5.960464477539063e-08,,,,,
1073152,80.0,81.53868865966797,4490,0.03233244,0.0003,0.3,62.17072466909885,-3.4331157974898816,0.18388671875,-0.021013468006276525,53.328941345214844,-1.1920928955078125e-07,,,,,
1075200,80.0,77.23928833007812,4500,0.033269607,0.0003,0.3,61.05973441004753,-3.449816155061126,0.113134765625,-0.011686232620559168,58.45245361328125,0.0,,,,,
1075200,,,,,,,,,,,,,80,82.07122020999999,895,183,80.0
1077248,80.0,84.9130859375,4510,0.03646478,0.0003,0.3,58.77531389594078,-3.4764452245086432,0.178662109375,-0.022933604850550182,89.95472717285156,5.960464477539063e-08,,,,,
1079296,80.0,83.64567565917969,4520,0.03538466,0.0003,0.3,61.31148464977741,-3.4713967513293027,0.199560546875,-0.02138898186822189,73.04969024658203,-1.1920928955078125e-07,,,,,
1081344,80.0,85.80733489990234,4530,0.026127608,0.0003,0.3,55.97116451859474,-3.444318904727697,0.132177734375,-0.012394368782406674,61.8043212890625,1.1920928955078125e-07,,,,,
1083392,80.0,86.94741821289062,4540,0.03051589,0.0003,0.3,72.0386470913887,-3.4389478344470263,0.143212890625,-0.01402251541876467,42.84420394897461,1.1920928955078125e-07,,,,,
1085440,80.0,87.13198852539062,4550,0.036890224,0.0003,0.3,64.19980085492134,-3.3929096959531306,0.16708984375,-0.014668858927325345,45.50149154663086,0.0,,,,,
1087488,80.0,80.80229949951172,4560,0.027631283,0.0003,0.3,66.3159836679697,-3.4031209763139487,0.142822265625,-0.01239219167327974,67.458251953125,0.0,,,,,
1089536,80.0,84.20280456542969,4570,0.03179262,0.0003,0.3,59.775415965914725,-3.3991846300661566,0.1357421875,-0.015730328064819332,70.8311538696289,0.0,,,,,
1091584,80.0,81.71420288085938,4580,0.035944536,0.0003,0.3,60.92565614581108,-3.4117915488779547,0.155419921875,-0.015347008292155805,53.23451614379883,0.0,,,,,
1093632,80.0,83.92327117919922,4590,0.021186907,0.0003,0.3,53.78200386464596,-3.3988026179373265,0.097802734375,-0.00920619266544236,44.47758102416992,0.0,,,,,
1095680,80.0,84.24635314941406,4600,0.030320518,0.0003,0.3,58.38120749890804,-3.416615927219391,0.16591796875,-0.01609066857781727,49.241031646728516,0.0,,,,,
1095680,,,,,,,,,,,,,90,83.38315286999999,972,189,80.0
1097728,80.0,81.8755874633789,4610,0.028856147,0.0003,0.3,59.97693001329899,-3.455402082204819,0.158349609375,-0.015795106934092473,48.17424774169922,-1.1920928955078125e-07,,,,,
1099776,80.0,81.18965148925781,4620,0.037136294,0.0003,0.3,58.40008254349232,-3.449952905997634,0.168359375,-0.01769061610830249,58.49046325683594,0.0,,,,,
1101824,80.0,82.78211975097656,4630,0.033665214,0.0003,0.3,62.202604880928995,-3.460385844856501,0.166064453125,-0.017377519590081648,76.56114959716797,0.0,,,,,
1103872,80.0,79.0606918334961,4640,0.031955123,0.0003,0.3,57.72027402222157,-3.437373786047101,0.159375,-0.017022250541776883,59.3609733581543,0.0,,,,,
1105920,80.0,80.49917602539062,4650,0.036309563,0.0003,0.3,58.16006123423576,-3.4434136670082807,0.164990234375,-0.016920911530905868,68.6647720336914,5.960464477539063e-08,,,,,
1107968,80.0,78.01252746582031,4660,0.030953862,0.0003,0.3,65.50532854795456,-3.4190982192754746,0.1552734375,-0.017546391824726015,68.80081176757812,-1.1920928955078125e-07,,,,,
1110016,80.0,79.71186828613281,4670,0.0350371,0.0003,0.3,57.858540350198744,-3.4099002543836834,0.156396484375,-0.01454358723567566,60.00797653198242,0.0,,,,,
1112064,80.0,79.57098388671875,4680,0.031987697,0.0003,0.3,55.282238599658015,-3.435790652036667,0.17451171875,-0.018476714765711222,55.48616027832031,0.0,,,,,
1114112,80.0,81.53361511230469,4690,0.02683448,0.0003,0.3,57.50730091929436,-3.4188034534454346,0.160107421875,-0.01648027550545521,39.681907653808594,0.0,,,,,
1116160,80.0,84.82575225830078,4700,0.033700287,0.0003,0.3,65.25410538017749,-3.442227230593562,0.17509765625,-0.023837732886022422,51.961734771728516,0.0,,,,,
1116160,,,,,,,,,,,,,100,81.968414,1047,195,80.0
1118208,80.0,82.4445571899414,4710,0.031163838,0.0003,0.3,68.0820641875267,-3.447376427799463,0.15341796875,-0.017060725639748853,61.56782913208008,0.0,,,,,
1120256,80.0,85.47090148925781,4720,0.033329077,0.0003,0.3,56.030627524852754,-3.4424226116389036,0.165625,-0.016376431930984835,21.43043327331543,5.960464477539063e-08,,,,,
1122304,80.0,81.53390502929688,4730,0.029538553,0.0003,0.3,59.30967785120011,-3.471076676249504,0.143798828125,-0.0131273632083321,79.49571990966797,0.0,,,,,
1124352,80.0,84.62440490722656,4740,0.028823882,0.0003,0.3,62.36378152668476,-3.469656205177307,0.16689453125,-0.0170696025583311,91.14300537109375,0.0,,,,,
1126400,80.0,83.9918212890625,4750,0.02527675,0.0003,0.3,63.958964011073114,-3.4831378147006036,0.115283203125,-0.01538795464875875,56.37116622924805,0.0,,,,,
1128448,80.0,77.39320373535156,4760,0.035171986,0.0003,0.3,56.698315277695656,-3.451314644142985,0.18330078125,-0.01898601986322319,52.716976165771484,0.0,,,,,
1130496,80.0,81.86834716796875,4770,0.024743248,0.0003,0.3,51.95851784348488,-3.4027366932481526,0.156689453125,-0.016297131081228145,41.38323974609375,0.0,,,,,
1132544,80.0,82.56995391845703,4780,0.035414062,0.0003,0.3,65.49885039031506,-3.453794193640351,0.14013671875,-0.012913088376808445,58.83918762207031,0.0,,,,,
1134592,80.0,82.68354797363281,4790,0.032083943,0.0003,0.3,59.219283756613734,-3.4718849662691356,0.16767578125,-0.017667055416677614,41.40937423706055,0.0,,,,,
1136640,80.0,81.59895324707031,4800,0.043584637,0.0003,0.3,52.94821275472641,-3.508623294904828,0.199560546875,-0.02279681475774851,45.532005310058594,0.0,,,,,
1136640,,,,,,,,,,,,,110,81.90046861,1124,200,80.0
1138688,80.0,81.50888061523438,4810,0.03386403,0.0003,0.3,59.66797370910645,-3.5202651001513003,0.148388671875,-0.015540740048163571,39.7000617980957,0.0,,,,,
1140736,80.0,83.40309143066406,4820,0.030006392,0.0003,0.3,63.984231466054915,-3.51756597571075,0.16474609375,-0.018652311064943205,36.811683654785156,-1.1920928955078125e-07,,,,,
1142784,80.0,81.91763305664062,4830,0.029771747,0.0003,0.3,61.846910282969475,-3.5090140238404275,0.1599609375,-0.01899274484894704,81.57511901855469,5.960464477539063e-08,,,,,
1144832,80.0,80.71420288085938,4840,0.027595766,0.0003,0.3,72.71333228349685,-3.48114912211895,0.145263671875,-0.013633249039412477,61.98883819580078,0.0,,,,,
1146880,80.0,76.37769317626953,4850,0.03440571,0.0003,0.3,60.67432782649994,-3.4370860129594805,0.168798828125,-0.017248777863278518,37.173519134521484,-1.1920928955078125e-07,,,,,
1148928,80.0,80.17057800292969,4860,0.036301605,0.0003,0.3,59.18526977300644,-3.3848767537623643,0.173046875,-0.021164541931648274,67.07665252685547,1.1920928955078125e-07,,,,,
1150976,80.0,80.18915557861328,4870,0.025862988,0.0003,0.3,56.13830370604992,-3.410806109383702,0.13935546875,-0.013122000740258955,63.05683135986328,0.0,,,,,
1153024,80.0,79.42948913574219,4880,0.029917743,0.0003,0.3,61.0149246096611,-3.4271257132291795,0.16875,-0.015158436862111557,64.69470977783203,0.0,,,,,
1155072,80.0,82.02913665771484,4890,0.021118589,0.0003,0.3,60.49930719435215,-3.4128779780119656,0.126953125,-0.016633481145254335,60.18186569213867,-1.1920928955078125e-07,,,,,
1157120,80.0,79.00531005859375,4900,0.033043202,0.0003,0.3,54.54578846096992,-3.402001579478383,0.1751953125,-0.01823337652895134,59.427024841308594,0.0,,,,,
1157120,,,,,,,,,,,,,120,80.45560316,1203,204,80.0
1159168,80.0,77.65836334228516,4910,0.035775542,0.0003,0.3,58.18029055893421,-3.39817537330091,0.16337890625,-0.01794556376407854,71.42959594726562,0.0,,,,,
1161216,80.0,75.80314636230469,4920,0.037398078,0.0003,0.3,55.62176403701305,-3.3284860253334045,0.177490234375,-0.017607925331685693,53.68455505371094,0.0,,,,,
1163264,80.0,74.48382568359375,4930,0.033535883,0.0003,0.3,53.24292109310627,-3.3095065243542194,0.158349609375,-0.016718585610215088,19.58623504638672,0.0,,,,,
1165312,80.0,77.67807006835938,4940,0.03895376,0.0003,0.3,46.34604170322418,-3.3287785042077305,0.223388671875,-0.02329763201123569,29.74007225036621,0.0,,,,,
1167360,80.0,81.29376220703125,4950,0.037247047,0.0003,0.3,52.051514042913915,-3.388341669738293,0.20732421875,-0.02604683315148577,58.304908752441406,5.960464477539063e-08,,,,,
1169408,80.0,77.42130279541016,4960,0.02851444,0.0003,0.3,52.710552445054056,-3.3779011078178884,0.131005859375,-0.01588441893400159,49.536865234375,0.0,,,,,
1171456,80.0,81.42345428466797,4970,0.039193086,0.0003,0.3,60.31910160779953,-3.414749176055193,0.21943359375,-0.022728308680234476,69.65312957763672,5.960464477539063e-08,,,,,
1173504,80.0,82.2331771850586,4980,0.029320892,0.0003,0.3,68.14446115791797,-3.4218980714678766,0.1455078125,-0.016679961085901595,56.72602844238281,0.0,,,,,
1175552,80.0,83.16932678222656,4990,0.03419728,0.0003,0.3,64.06131433844567,-3.413818471506238,0.161962890625,-0.017411347111919894,40.352779388427734,0.0,,,,,
1177600,80.0,84.24982452392578,5000,0.026074897,0.0003,0.3,62.27731394767761,-3.4321707986295222,0.1158203125,-0.011736364358512219,29.04319953918457,0.0,,,,,
1177600,,,,,,,,,,,,,130,81.34444067999999,1277,208,80.0
1179648,80.0,79.64823150634766,5010,0.029940456,0.0003,0.3,63.78224991261959,-3.40338325984776,0.1392578125,-0.01639858379639918,52.27809524536133,0.0,,,,,
1181696,80.0,82.95684051513672,5020,0.032947436,0.0003,0.3,50.97841170728206,-3.337433448433876,0.143017578125,-0.017385176291281824,36.167728424072266,0.0,,,,,
1183744,80.0,79.94937896728516,5030,0.026240414,0.0003,0.3,55.10772458314896,-3.3494326412677764,0.126806640625,-0.011895359976915643,61.0948600769043,5.960464477539063e-08,,,,,
