eval/mean_ep_length,eval/mean_reward,time/total_timesteps,train/learning_rate,train/loss,train/n_updates,train/explained_variance,train/clip_range,train/policy_gradient_loss,train/value_loss,train/approx_kl,train/entropy_loss,train/clip_fraction,rollout/ep_rew_mean,time/fps,time/time_elapsed,time/iterations,rollout/ep_len_mean
27.0,36.26363754272461,1024,,,,,,,,,,,,,,,
27.0,35.9039306640625,2048,,,,,,,,,,,,,,,
27.0,27.788150787353516,3072,0.0003,23.773147583007812,10,0.000330507755279541,0.2,-0.08779675004770979,67.60235658884048,0.08421002,-5.849987827241421,0.50615234375,,,,,
27.0,39.43219757080078,4096,,,,,,,,,,,,,,,
27.0,36.745479583740234,5120,0.0003,26.725065231323242,20,0.0,0.2,-0.063769551506266,92.62667754888534,0.052647915,-5.819152677059174,0.406884765625,,,,,
27.0,38.720882415771484,6144,,,,,,,,,,,,,,,
27.0,40.628440856933594,7168,0.0003,28.609853744506836,30,5.960464477539063e-08,0.2,-0.0710774609236978,82.04505089521408,0.06334842,-5.790440054237843,0.429248046875,,,,,
27.0,34.77340316772461,8192,,,,,,,,,,,,,,,
27.0,39.636077880859375,9216,0.0003,26.322505950927734,40,0.0,0.2,-0.07468159882118926,82.50497385263444,0.06063507,-5.752507339417934,0.443994140625,,,,,
27.0,38.98570251464844,10240,,,,,,,,,,,,,,,
27.0,37.066314697265625,11264,0.0003,20.552047729492188,50,0.0,0.2,-0.07650675469776616,69.40579005479813,0.0652297,-5.718486051261425,0.461572265625,,,,,
27.0,33.79576110839844,12288,,,,,,,,,,,,,,,
27.0,33.160579681396484,13312,0.0003,27.5482234954834,60,0.0,0.2,-0.06685465578630101,63.85806317329407,0.06720411,-5.678770495951175,0.4640625,,,,,
27.0,35.073692321777344,14336,,,,,,,,,,,,,,,
27.0,35.88938903808594,15360,0.0003,20.64522361755371,70,0.0,0.2,-0.06840530891204252,58.15576019287109,0.078561485,-5.648080867528916,0.486865234375,,,,,
27.0,41.085975646972656,16384,,,,,,,,,,,,,,,
27.0,40.170284271240234,17408,0.0003,25.532209396362305,80,0.0,0.2,-0.06159824182395823,53.314482527971265,0.06253271,-5.6345944792032245,0.43359375,,,,,
27.0,36.9326171875,18432,,,,,,,,,,,,,,,
27.0,33.275184631347656,19456,0.0003,20.702295303344727,90,0.0,0.2,-0.062352576619014145,52.39787060618401,0.059104558,-5.6097295612096785,0.40234375,,,,,
27.0,37.75743103027344,20480,,,,,,,,,,,,,,,
,,20480,,,,,,,,,,,36.979950699999996,539,37,10,27.0
27.0,33.14621353149414,21504,0.0003,27.567825317382812,100,0.0,0.2,-0.059722215635702014,47.15732933878898,0.06937355,-5.547347898781299,0.46416015625,,,,,
27.0,31.54528045654297,22528,,,,,,,,,,,,,,,
27.0,36.936988830566406,23552,0.0003,19.6033935546875,110,0.0,0.2,-0.058613083226373416,45.78663920164108,0.063126445,-5.518973448872567,0.453076171875,,,,,
27.0,38.73165512084961,24576,,,,,,,,,,,,,,,
27.0,34.07950210571289,25600,0.0003,24.448278427124023,120,0.0,0.2,-0.052100088959559795,46.794277739524844,0.06015731,-5.493178969621658,0.436328125,,,,,
27.0,37.79496765136719,26624,,,,,,,,,,,,,,,
27.0,38.43091583251953,27648,0.0003,19.30681800842285,130,1.1920928955078125e-07,0.2,-0.052678223635302855,36.782051134109494,0.058188684,-5.47777386456728,0.444384765625,,,,,
27.0,39.41807556152344,28672,,,,,,,,,,,,,,,
27.0,32.43943786621094,29696,0.0003,19.840614318847656,140,0.0,0.2,-0.055760453251423314,37.484853613376615,0.05945429,-5.4316620722413065,0.448779296875,,,,,
27.0,40.181278228759766,30720,,,,,,,,,,,,,,,
27.0,37.87236785888672,31744,0.0003,20.891332626342773,150,1.1920928955078125e-07,0.2,-0.05841752684791572,38.087046903371814,0.059303664,-5.398005698621273,0.4466796875,,,,,
27.0,36.00352478027344,32768,,,,,,,,,,,,,,,
27.0,41.919151306152344,33792,0.0003,15.060482025146484,160,-1.1920928955078125e-07,0.2,-0.05247125281312037,33.36288703083992,0.060030878,-5.362340593338013,0.439794921875,,,,,
27.0,41.95335006713867,34816,,,,,,,,,,,,,,,
27.0,40.924781799316406,35840,0.0003,14.11690902709961,170,0.0,0.2,-0.05222920736123342,32.20214192271233,0.06141846,-5.338550828397274,0.48798828125,,,,,
27.0,32.04911422729492,36864,,,,,,,,,,,,,,,
27.0,29.356700897216797,37888,0.0003,14.435853004455566,180,0.0,0.2,-0.05418986427248455,34.90795775055885,0.06134353,-5.3077080935239795,0.46435546875,,,,,
27.0,43.10870361328125,38912,,,,,,,,,,,,,,,
27.0,33.78572082519531,39936,0.0003,17.770639419555664,190,0.0,0.2,-0.04652407746762037,32.66526318788529,0.05779334,-5.269490142166615,0.45576171875,,,,,
27.0,43.40156173706055,40960,,,,,,,,,,,,,,,
,,40960,,,,,,,,,,,34.51462076,536,76,20,27.0
27.0,33.427433013916016,41984,0.0003,9.912833213806152,200,0.0,0.2,-0.043019370757974684,26.282705745100976,0.058723096,-5.219426591694355,0.476318359375,,,,,
27.0,41.084228515625,43008,,,,,,,,,,,,,,,
27.0,41.46581268310547,44032,0.0003,12.21563720703125,210,1.1920928955078125e-07,0.2,-0.06275977993500419,32.483093589544296,0.058401864,-5.196270787715912,0.44716796875,,,,,
27.0,42.229530334472656,45056,,,,,,,,,,,,,,,
27.0,35.789642333984375,46080,0.0003,11.81567668914795,220,0.0,0.2,-0.05296207477804273,29.466894215345384,0.06313127,-5.145062623918056,0.486376953125,,,,,
27.0,36.71778106689453,47104,,,,,,,,,,,,,,,
27.0,38.537696838378906,48128,0.0003,18.620147705078125,230,0.0,0.2,-0.05300751450122334,35.44933457374573,0.062791765,-5.10845395475626,0.458984375,,,,,
27.0,42.40972900390625,49152,,,,,,,,,,,,,,,
27.0,35.46165466308594,50176,0.0003,14.110820770263672,240,0.0,0.2,-0.05396999025251716,32.32861742377281,0.06344847,-5.070701186358929,0.47392578125,,,,,
27.0,40.59357452392578,51200,,,,,,,,,,,,,,,
27.0,33.53547668457031,52224,0.0003,11.163030624389648,250,0.0,0.2,-0.048217288646264934,33.10958303809166,0.054385,-5.042801366746426,0.441845703125,,,,,
27.0,44.62711715698242,53248,,,,,,,,,,,,,,,
27.0,36.023590087890625,54272,0.0003,14.840812683105469,260,0.0,0.2,-0.03990953991306014,30.63947637081146,0.058812864,-5.025549253821373,0.48310546875,,,,,
27.0,35.34484100341797,55296,,,,,,,,,,,,,,,
27.0,34.83009719848633,56320,0.0003,19.368093490600586,270,0.0,0.2,-0.04220280706940684,34.199497044086456,0.055899892,-4.9824916675686834,0.447607421875,,,,,
27.0,32.740234375,57344,,,,,,,,,,,,,,,
27.0,37.24687194824219,58368,0.0003,16.40117073059082,280,-1.1920928955078125e-07,0.2,-0.05118641393491998,31.206971555948257,0.06151165,-4.954236009716988,0.48369140625,,,,,
27.0,45.71556091308594,59392,,,,,,,,,,,,,,,
27.0,43.4881477355957,60416,0.0003,19.443817138671875,290,0.0,0.2,-0.05945497251232155,34.122181344032285,0.06854534,-4.892867250740528,0.4875,,,,,
27.0,32.748374938964844,61440,,,,,,,,,,,,,,,
,,61440,,,,,,,,,,,37.78500867,536,114,30,27.0
27.0,44.27569580078125,62464,0.0003,18.60367774963379,300,0.0,0.2,-0.03778267671877984,27.41816949546337,0.065817505,-4.837404085695743,0.489501953125,,,,,
27.0,33.877891540527344,63488,,,,,,,,,,,,,,,
27.0,27.701648712158203,64512,0.0003,11.999504089355469,310,0.0,0.2,-0.03478042311835452,29.801691299676897,0.061131433,-4.804801695048809,0.47666015625,,,,,
27.0,31.13674545288086,65536,,,,,,,,,,,,,,,
27.0,34.292816162109375,66560,0.0003,16.109676361083984,320,-1.1920928955078125e-07,0.2,-0.0494148122437764,29.439556992053987,0.067220196,-4.790126371383667,0.48837890625,,,,,
27.0,38.281333923339844,67584,,,,,,,,,,,,,,,
27.0,44.530731201171875,68608,0.0003,16.98396110534668,330,0.0,0.2,-0.03986853380629327,29.16287584900856,0.058251873,-4.712146201729775,0.468896484375,,,,,
27.0,40.31898498535156,69632,,,,,,,,,,,,,,,
27.0,34.86833953857422,70656,0.0003,13.16314697265625,340,-1.1920928955078125e-07,0.2,-0.05241079612460453,28.46349173784256,0.071829855,-4.655006478726864,0.484375,,,,,
27.0,41.218528747558594,71680,,,,,,,,,,,,,,,
27.0,41.47808074951172,72704,0.0003,14.94901180267334,350,0.0,0.2,-0.043766863801283765,30.461233711242677,0.06536067,-4.605086874961853,0.474658203125,,,,,
27.0,37.11571502685547,73728,,,,,,,,,,,,,,,
27.0,46.619483947753906,74752,0.0003,10.784814834594727,360,0.0,0.2,-0.03761251026007813,32.89817228913307,0.06437033,-4.564863307774067,0.476220703125,,,,,
27.0,40.87220764160156,75776,,,,,,,,,,,,,,,
27.0,38.8193359375,76800,0.0003,12.948864936828613,370,5.960464477539063e-08,0.2,-0.03274649193044752,27.462087297439574,0.072861984,-4.513281443715096,0.45361328125,,,,,
27.0,29.742374420166016,77824,,,,,,,,,,,,,,,
27.0,36.25278091430664,78848,0.0003,8.759956359863281,380,0.0,0.2,-0.02754192748107016,25.981888157129287,0.068193786,-4.466716542840004,0.5048828125,,,,,
27.0,39.76707458496094,79872,,,,,,,,,,,,,,,
27.0,47.30232238769531,80896,0.0003,18.946632385253906,390,0.0,0.2,-0.04866336279083043,27.05914969444275,0.06410693,-4.384225606918335,0.483251953125,,,,,
27.0,38.71709060668945,81920,,,,,,,,,,,,,,,
,,81920,,,,,,,,,,,37.46960118,538,152,40,27.0
27.0,40.74711990356445,82944,0.0003,16.431015014648438,400,-1.1920928955078125e-07,0.2,-0.038589446266996674,28.216326105594636,0.05998762,-4.3289119631052015,0.46513671875,,,,,
27.0,32.94921112060547,83968,,,,,,,,,,,,,,,
27.0,35.89240646362305,84992,0.0003,10.689088821411133,410,0.0,0.2,-0.04221657751186285,26.0192971855402,0.06637357,-4.263782478868961,0.495166015625,,,,,
27.0,33.73405075073242,86016,,,,,,,,,,,,,,,
27.0,42.09794235229492,87040,0.0003,13.48631477355957,420,0.0,0.2,-0.03379346354340669,31.89019446969032,0.053224023,-4.237275195121765,0.40732421875,,,,,
27.0,48.276458740234375,88064,,,,,,,,,,,,,,,
27.0,45.56694412231445,89088,0.0003,11.933328628540039,430,0.0,0.2,-0.03905884359846823,27.68526327610016,0.063650206,-4.210116854310035,0.462060546875,,,,,
27.0,50.2668342590332,90112,,,,,,,,,,,,,,,
27.0,43.734127044677734,91136,0.0003,13.33332633972168,440,0.0,0.2,-0.04848378328315448,29.54262220263481,0.070756935,-4.126483346521854,0.448193359375,,,,,
27.0,40.00080108642578,92160,,,,,,,,,,,,,,,
27.0,47.939796447753906,93184,0.0003,12.436017990112305,450,5.960464477539063e-08,0.2,-0.04537708168209065,26.184593641757964,0.062088363,-4.102096611261368,0.44443359375,,,,,
27.0,49.92919158935547,94208,,,,,,,,,,,,,,,
27.0,47.95639419555664,95232,0.0003,14.566191673278809,460,0.0,0.2,-0.04216684546845499,27.1441686719656,0.063427694,-4.0748784959316255,0.458544921875,,,,,
27.0,44.71228790283203,96256,,,,,,,,,,,,,,,
27.0,42.71336364746094,97280,0.0003,10.888809204101562,470,0.0,0.2,-0.04531635642342735,24.374412396550177,0.06767426,-4.0389791399240496,0.4763671875,,,,,
27.0,39.551570892333984,98304,,,,,,,,,,,,,,,
27.0,37.02606201171875,99328,0.0003,13.988409042358398,480,0.0,0.2,-0.04562737267406192,29.85240845680237,0.06842824,-4.016264753788709,0.477001953125,,,,,
27.0,50.443267822265625,100352,,,,,,,,,,,,,,,
27.0,42.99165344238281,101376,0.0003,12.047415733337402,490,0.0,0.2,-0.05079873789218255,27.1606678545475,0.072439715,-4.003796908259392,0.46513671875,,,,,
27.0,44.07718276977539,102400,,,,,,,,,,,,,,,
,,102400,,,,,,,,,,,45.61512975999998,539,189,50,27.0
27.0,44.606929779052734,103424,0.0003,17.3729248046875,500,0.0,0.2,-0.045446749494294635,28.24006267786026,0.0760899,-3.9693148739635946,0.489990234375,,,,,
27.0,39.61862564086914,104448,,,,,,,,,,,,,,,
27.0,34.14714813232422,105472,0.0003,9.926020622253418,510,0.0,0.2,-0.03787279506213963,27.64728660583496,0.06708868,-3.9455900207161902,0.45849609375,,,,,
27.0,47.202056884765625,106496,,,,,,,,,,,,,,,
27.0,47.7797737121582,107520,0.0003,10.612354278564453,520,-1.1920928955078125e-07,0.2,-0.03233225426811259,23.766850486397743,0.070669316,-3.9080654092133047,0.479296875,,,,,
27.0,45.05708312988281,108544,,,,,,,,,,,,,,,
27.0,46.32378387451172,109568,0.0003,13.744248390197754,530,0.0,0.2,-0.03287865293241339,23.530650693178178,0.07547991,-3.865280219912529,0.46455078125,,,,,
27.0,43.58281707763672,110592,,,,,,,,,,,,,,,
27.0,41.55426025390625,111616,0.0003,18.248676300048828,540,0.0,0.2,-0.02835684760066215,28.67808056473732,0.06507166,-3.861391271650791,0.484228515625,,,,,
27.0,45.32366180419922,112640,,,,,,,,,,,,,,,
27.0,50.066551208496094,113664,0.0003,8.819643020629883,550,0.0,0.2,-0.03679637131426716,20.926279625296594,0.07040535,-3.8512091517448424,0.51123046875,,,,,
27.0,48.60608673095703,114688,,,,,,,,,,,,,,,
27.0,34.010765075683594,115712,0.0003,10.504814147949219,560,5.960464477539063e-08,0.2,-0.039342791723902336,25.669996538758276,0.08423506,-3.8000993080437184,0.50234375,,,,,
27.0,44.999000549316406,116736,,,,,,,,,,,,,,,
27.0,45.74162292480469,117760,0.0003,13.16780948638916,570,5.960464477539063e-08,0.2,-0.0426765967218671,25.61260732412338,0.06901046,-3.7753237880766393,0.495849609375,,,,,
27.0,35.724082946777344,118784,,,,,,,,,,,,,,,
27.0,35.80710220336914,119808,0.0003,9.758426666259766,580,0.0,0.2,-0.02478557357972022,18.179125538468362,0.060863085,-3.770966961234808,0.448583984375,,,,,
27.0,43.98164367675781,120832,,,,,,,,,,,,,,,
27.0,35.60124969482422,121856,0.0003,18.260534286499023,590,0.0,0.2,-0.039568510139361024,28.214990258216858,0.07596609,-3.757493803650141,0.473291015625,,,,,
27.0,39.020973205566406,122880,,,,,,,,,,,,,,,
,,122880,,,,,,,,,,,44.266364120000006,540,227,60,27.0
27.0,43.74534606933594,123904,0.0003,10.925225257873535,600,0.0,0.2,-0.025117421576578636,21.49573230445385,0.06933257,-3.7294335305690764,0.469091796875,,,,,
27.0,32.10199737548828,124928,,,,,,,,,,,,,,,
27.0,44.69442367553711,125952,0.0003,14.199281692504883,610,0.0,0.2,-0.034768839267781,25.422736206650733,0.052200776,-3.73313018232584,0.400439453125,,,,,
27.0,33.2408561706543,126976,,,,,,,,,,,,,,,
27.0,40.03794860839844,128000,0.0003,11.169066429138184,620,0.0,0.2,-0.04096848326153122,23.463089722394944,0.06736706,-3.723244372010231,0.45263671875,,,,,
27.0,35.044979095458984,129024,,,,,,,,,,,,,,,
27.0,36.594017028808594,130048,0.0003,13.566266059875488,630,0.0,0.2,-0.026112220538198016,22.214464443922044,0.0676216,-3.6890873916447164,0.452734375,,,,,
27.0,49.07855224609375,131072,,,,,,,,,,,,,,,
27.0,40.70860290527344,132096,0.0003,15.654485702514648,640,0.0,0.2,-0.027344908312079495,26.825506204366683,0.057541385,-3.670925735682249,0.433837890625,,,,,
27.0,34.746124267578125,133120,,,,,,,,,,,,,,,
27.0,42.859947204589844,134144,0.0003,14.482271194458008,650,0.0,0.2,-0.018085573871212547,26.705477610230446,0.055087805,-3.669891657680273,0.436279296875,,,,,
27.0,42.07235336303711,135168,,,,,,,,,,,,,,,
27.0,39.744667053222656,136192,0.0003,12.388792037963867,660,5.960464477539063e-08,0.2,-0.032243764435406774,24.53730604946613,0.058420964,-3.65997564047575,0.452197265625,,,,,
27.0,43.675132751464844,137216,,,,,,,,,,,,,,,
27.0,38.26203155517578,138240,0.0003,9.927678108215332,670,5.960464477539063e-08,0.2,-0.015664221061160787,23.913160115480423,0.050599016,-3.651541227847338,0.425390625,,,,,
27.0,35.79998016357422,139264,,,,,,,,,,,,,,,
27.0,37.451072692871094,140288,0.0003,14.25462532043457,680,0.0,0.2,-0.044129351853916886,28.642852711677552,0.0549926,-3.63349247649312,0.42158203125,,,,,
27.0,38.96161651611328,141312,,,,,,,,,,,,,,,
27.0,43.954322814941406,142336,0.0003,15.327466011047363,690,1.1920928955078125e-07,0.2,-0.018872182975610486,29.061035656929015,0.053362414,-3.603129190206528,0.420751953125,,,,,
27.0,51.446861267089844,143360,,,,,,,,,,,,,,,
,,143360,,,,,,,,,,,43.00092196,542,264,70,27.0
27.0,39.448062896728516,144384,0.0003,10.964951515197754,700,0.0,0.2,-0.0250224430084927,25.228637900948524,0.056723736,-3.593589222431183,0.41787109375,,,,,
27.0,51.6397705078125,145408,,,,,,,,,,,,,,,
27.0,37.09840393066406,146432,0.0003,13.164339065551758,710,0.0,0.2,-0.029753817300661466,21.06098422408104,0.048989408,-3.592314534634352,0.417041015625,,,,,
27.0,43.02396774291992,147456,,,,,,,,,,,,,,,
27.0,44.87947463989258,148480,0.0003,13.652078628540039,720,-1.1920928955078125e-07,0.2,-0.02871314602161874,24.573412293195723,0.055386044,-3.5693488106131555,0.41640625,,,,,
27.0,47.258766174316406,149504,,,,,,,,,,,,,,,
27.0,40.37680435180664,150528,0.0003,15.063273429870605,730,0.0,0.2,-0.02626193879696075,26.945915895700455,0.05800639,-3.5590186811983586,0.4216796875,,,,,
27.0,40.87567138671875,151552,,,,,,,,,,,,,,,
27.0,42.810245513916016,152576,0.0003,12.629410743713379,740,0.0,0.2,-0.031876716820988804,22.530215936899186,0.062852986,-3.5610665664076806,0.4349609375,,,,,
27.0,40.46736526489258,153600,,,,,,,,,,,,,,,
27.0,28.28673553466797,154624,0.0003,10.736817359924316,750,-1.1920928955078125e-07,0.2,-0.033331374486442654,29.042973119020463,0.068456285,-3.559027924388647,0.447900390625,,,,,
27.0,46.751651763916016,155648,,,,,,,,,,,,,,,
27.0,45.06012725830078,156672,0.0003,8.736371994018555,760,-1.1920928955078125e-07,0.2,-0.02695742219366366,20.281821516156196,0.07812827,-3.5552833996713162,0.481103515625,,,,,
27.0,32.153282165527344,157696,,,,,,,,,,,,,,,
27.0,37.05727767944336,158720,0.0003,13.85522174835205,770,0.0,0.2,-0.012468461123353336,22.992313975095747,0.078240395,-3.5557009994983675,0.458935546875,,,,,
27.0,31.96529197692871,159744,,,,,,,,,,,,,,,
27.0,40.74750518798828,160768,0.0003,16.578596115112305,780,0.0,0.2,-0.016079584292310756,26.3742073148489,0.07956952,-3.5339497797191144,0.458056640625,,,,,
27.0,43.16217803955078,161792,,,,,,,,,,,,,,,
27.0,43.06443405151367,162816,0.0003,11.597697257995605,790,0.0,0.2,-0.01550546567159472,23.703035351634025,0.07231941,-3.5438541531562806,0.4671875,,,,,
27.0,47.6124153137207,163840,,,,,,,,,,,,,,,
,,163840,,,,,,,,,,,50.75513669,543,301,80,27.0
27.0,41.832298278808594,164864,0.0003,9.78618049621582,800,0.0,0.2,-0.038514082196343224,26.15300488770008,0.06624495,-3.551232448965311,0.418017578125,,,,,
27.0,47.612918853759766,165888,,,,,,,,,,,,,,,
27.0,48.31889343261719,166912,0.0003,12.745891571044922,810,5.960464477539063e-08,0.2,-0.017301641743688378,21.969038730859758,0.075238064,-3.5421587854623793,0.454638671875,,,,,
27.0,39.319061279296875,167936,,,,,,,,,,,,,,,
27.0,43.69908905029297,168960,0.0003,15.062873840332031,820,0.0,0.2,-0.031036685494473203,23.815660092234612,0.06556678,-3.548608147352934,0.439453125,,,,,
27.0,42.52278137207031,169984,,,,,,,,,,,,,,,
27.0,41.10395431518555,171008,0.0003,9.228772163391113,830,-1.1920928955078125e-07,0.2,-0.005753896711394191,20.715330803394316,0.06966494,-3.5439067125320434,0.458544921875,,,,,
27.0,48.05431365966797,172032,,,,,,,,,,,,,,,
27.0,40.049373626708984,173056,0.0003,8.377342224121094,840,1.1920928955078125e-07,0.2,-0.026290479727322236,20.5286607414484,0.06698017,-3.5537896752357483,0.462548828125,,,,,
27.0,51.82784652709961,174080,,,,,,,,,,,,,,,
27.0,53.27837371826172,175104,0.0003,15.159637451171875,850,0.0,0.2,-0.025455014445469715,27.93702559173107,0.07177065,-3.5497040577232837,0.436865234375,,,,,
27.0,48.319664001464844,176128,,,,,,,,,,,,,,,
27.0,42.817176818847656,177152,0.0003,11.102682113647461,860,0.0,0.2,-0.02948857024894096,23.59719258248806,0.062237523,-3.5407323844730856,0.41201171875,,,,,
27.0,30.341825485229492,178176,,,,,,,,,,,,,,,
27.0,41.495662689208984,179200,0.0003,10.28166675567627,870,-1.1920928955078125e-07,0.2,-0.02998785977542866,24.534854713082314,0.07651449,-3.5242826588451863,0.448046875,,,,,
27.0,49.85163879394531,180224,,,,,,,,,,,,,,,
27.0,50.69499969482422,181248,0.0003,11.871769905090332,880,0.0,0.2,-0.031115722873073536,22.52399759590626,0.0688829,-3.5134236574172975,0.447021484375,,,,,
27.0,54.77480697631836,182272,,,,,,,,,,,,,,,
27.0,48.23085021972656,183296,0.0003,12.727046012878418,890,0.0,0.2,-0.02130064597731689,23.950860831141473,0.07188298,-3.506827162206173,0.44697265625,,,,,
27.0,30.9953556060791,184320,,,,,,,,,,,,,,,
,,184320,,,,,,,,,,,46.16340066,543,338,90,27.0
27.0,45.21563720703125,185344,0.0003,9.159692764282227,900,0.0,0.2,-0.025420819746796042,26.23526504933834,0.06261081,-3.5066906467080114,0.44296875,,,,,
27.0,44.22356414794922,186368,,,,,,,,,,,,,,,
27.0,49.052223205566406,187392,0.0003,13.504201889038086,910,0.0,0.2,-0.035873922117752956,28.367385971546174,0.085768364,-3.4849965289235114,0.472216796875,,,,,
27.0,50.87326431274414,188416,,,,,,,,,,,,,,,
27.0,50.0177116394043,189440,0.0003,10.218916893005371,920,-1.1920928955078125e-07,0.2,-0.03802737660589628,23.68117263019085,0.07900627,-3.472541429847479,0.44453125,,,,,
27.0,44.582393646240234,190464,,,,,,,,,,,,,,,
27.0,47.406620025634766,191488,0.0003,9.71609115600586,930,0.0,0.2,-0.011716316911042668,23.37360372245312,0.07371527,-3.4759503290057183,0.447607421875,,,,,
27.0,50.69171142578125,192512,,,,,,,,,,,,,,,
27.0,51.11225128173828,193536,0.0003,11.712981224060059,940,0.0,0.2,-0.013597101143386681,27.216925412416458,0.0662273,-3.468994137644768,0.438232421875,,,,,
27.0,43.17616271972656,194560,,,,,,,,,,,,,,,
27.0,49.15180206298828,195584,0.0003,5.961344242095947,950,0.0,0.2,0.0025744496277184227,16.87374912798405,0.07395265,-3.4738544963300226,0.446435546875,,,,,
27.0,52.16279602050781,196608,,,,,,,,,,,,,,,
27.0,45.53417205810547,197632,0.0003,8.84881591796875,960,-1.1920928955078125e-07,0.2,-0.01789127004740294,19.320728352665903,0.08676711,-3.458591116964817,0.461328125,,,,,
27.0,44.43863296508789,198656,,,,,,,,,,,,,,,
27.0,40.87657928466797,199680,0.0003,14.464685440063477,970,0.0,0.2,-0.03660900716640754,22.185566461086275,0.08835832,-3.449168135225773,0.47265625,,,,,
27.0,45.047401428222656,200704,,,,,,,,,,,,,,,
27.0,45.24903869628906,201728,0.0003,14.206930160522461,980,0.0,0.2,-0.026904569793259725,28.925950115919115,0.10744383,-3.4450958125293254,0.495263671875,,,,,
27.0,48.804664611816406,202752,,,,,,,,,,,,,,,
27.0,31.042415618896484,203776,0.0003,14.262201309204102,990,0.0,0.2,-0.008934118056640728,26.86265988945961,0.11083692,-3.4339378133416174,0.5203125,,,,,
27.0,36.149070739746094,204800,,,,,,,,,,,,,,,
,,204800,,,,,,,,,,,42.60985336999999,543,377,100,27.0
27.0,29.71142578125,205824,0.0003,16.705896377563477,1000,0.0,0.2,-0.007425127697933931,26.496993434429168,0.09908774,-3.4376933202147484,0.500048828125,,,,,
27.0,56.04256820678711,206848,,,,,,,,,,,,,,,
27.0,44.821807861328125,207872,0.0003,12.565657615661621,1010,5.960464477539063e-08,0.2,-0.02803664343227865,22.495034709572792,0.10283068,-3.4189360909163953,0.475390625,,,,,
27.0,48.48637008666992,208896,,,,,,,,,,,,,,,
27.0,48.67913818359375,209920,0.0003,10.864083290100098,1020,-1.1920928955078125e-07,0.2,-0.00935716206295183,23.211028143763542,0.109402075,-3.411846697330475,0.519189453125,,,,,
27.0,41.009132385253906,210944,,,,,,,,,,,,,,,
27.0,34.48200607299805,211968,0.0003,10.310523986816406,1030,-1.1920928955078125e-07,0.2,-0.007985730566724669,29.426719933748245,0.12485104,-3.399622740596533,0.5203125,,,,,
27.0,49.9387092590332,212992,,,,,,,,,,,,,,,
27.0,48.905662536621094,214016,0.0003,14.238525390625,1040,-1.1920928955078125e-07,0.2,-0.015268805267987772,24.930500549077987,0.11206916,-3.3985534466803076,0.517041015625,,,,,
27.0,43.049903869628906,215040,,,,,,,,,,,,,,,
27.0,32.16602325439453,216064,0.0003,12.06322956085205,1050,0.0,0.2,-0.03236023589561228,23.233858200907708,0.10344589,-3.4056860737502577,0.49033203125,,,,,
27.0,50.200286865234375,217088,,,,,,,,,,,,,,,
27.0,54.10777282714844,218112,0.0003,13.760480880737305,1060,0.0,0.2,-0.02456702540803235,24.30093557536602,0.09607921,-3.3957891441881656,0.479443359375,,,,,
27.0,38.06500244140625,219136,,,,,,,,,,,,,,,
27.0,39.85968780517578,220160,0.0003,8.694150924682617,1070,0.0,0.2,-0.004381898857536726,21.013458651304244,0.09160433,-3.376985005289316,0.490380859375,,,,,
27.0,38.22344207763672,221184,,,,,,,,,,,,,,,
27.0,40.511940002441406,222208,0.0003,16.145896911621094,1080,-1.1920928955078125e-07,0.2,-0.02165918295213487,31.29224897623062,0.09964238,-3.3768682323396204,0.4583984375,,,,,
27.0,44.43499755859375,223232,,,,,,,,,,,,,,,
27.0,42.233848571777344,224256,0.0003,10.259358406066895,1090,0.0,0.2,-0.02077342005504761,27.24164669215679,0.11618574,-3.381210736185312,0.53125,,,,,
27.0,46.4924201965332,225280,,,,,,,,,,,,,,,
,,225280,,,,,,,,,,,50.40228412,542,415,110,27.0
27.0,36.03251647949219,226304,0.0003,13.030935287475586,1100,0.0,0.2,-0.027244186677853575,24.776748022437097,0.11202496,-3.3705627009272576,0.50595703125,,,,,
27.0,46.899810791015625,227328,,,,,,,,,,,,,,,
27.0,46.893672943115234,228352,0.0003,12.613591194152832,1110,5.960464477539063e-08,0.2,-0.006816531946242321,21.961545115709306,0.12486958,-3.3778017103672027,0.55126953125,,,,,
27.0,43.823246002197266,229376,,,,,,,,,,,,,,,
27.0,46.99327850341797,230400,0.0003,11.374364852905273,1120,0.0,0.2,-0.00599275688873604,21.685196232795715,0.115535066,-3.376754612475634,0.52236328125,,,,,
27.0,44.124664306640625,231424,,,,,,,,,,,,,,,
27.0,46.36082458496094,232448,0.0003,15.196961402893066,1130,0.0,0.2,-0.006449908408103511,30.13178568482399,0.13474002,-3.371899476647377,0.55595703125,,,,,
27.0,47.315673828125,233472,,,,,,,,,,,,,,,
27.0,45.606300354003906,234496,0.0003,13.0678071975708,1140,0.0,0.2,-0.0016628693105303683,26.258791875839233,0.10948935,-3.391551607102156,0.520361328125,,,,,
27.0,41.819976806640625,235520,,,,,,,,,,,,,,,
27.0,45.18205261230469,236544,0.0003,12.239029884338379,1150,0.0,0.2,-0.030681910461862572,24.310553354024886,0.09935145,-3.395565179735422,0.5005859375,,,,,
27.0,46.267303466796875,237568,,,,,,,,,,,,,,,
27.0,48.12771987915039,238592,0.0003,13.236411094665527,1160,-1.1920928955078125e-07,0.2,-0.01481722242606338,25.898251658678056,0.11010538,-3.388122169673443,0.516552734375,,,,,
27.0,52.18348693847656,239616,,,,,,,,,,,,,,,
27.0,35.41508483886719,240640,0.0003,13.846294403076172,1170,0.0,0.2,-0.03681694137485465,28.538718527555467,0.11085211,-3.381756766885519,0.532568359375,,,,,
27.0,37.92041015625,241664,,,,,,,,,,,,,,,
27.0,46.88053512573242,242688,0.0003,16.357074737548828,1180,-1.1920928955078125e-07,0.2,-0.0009171728757792153,29.05368367433548,0.11967388,-3.3739066630601884,0.52958984375,,,,,
27.0,31.44276237487793,243712,,,,,,,,,,,,,,,
27.0,38.836944580078125,244736,0.0003,12.972859382629395,1190,-1.1920928955078125e-07,0.2,-0.019309509360027732,24.18592157959938,0.1277162,-3.3796166352927686,0.569140625,,,,,
27.0,28.6318359375,245760,,,,,,,,,,,,,,,
,,245760,,,,,,,,,,,47.88005486,539,455,120,27.0
27.0,33.27802276611328,246784,0.0003,9.525972366333008,1200,5.960464477539063e-08,0.2,-0.021141340982285328,26.30013327896595,0.11305337,-3.3944462321698667,0.540185546875,,,,,
27.0,49.68354034423828,247808,,,,,,,,,,,,,,,
27.0,47.49806594848633,248832,0.0003,12.136868476867676,1210,0.0,0.2,-0.005344154550402891,21.730685046315195,0.09252939,-3.3888993062078954,0.5076171875,,,,,
27.0,39.682220458984375,249856,,,,,,,,,,,,,,,
27.0,43.83085632324219,250880,0.0003,10.823522567749023,1220,0.0,0.2,-0.02979469105048338,25.204352498054504,0.100602634,-3.380054993927479,0.503173828125,,,,,
27.0,47.49852752685547,251904,,,,,,,,,,,,,,,
27.0,40.796119689941406,252928,0.0003,14.322407722473145,1230,0.0,0.2,-0.009796457906486467,28.92115949988365,0.08622129,-3.3784354962408543,0.46318359375,,,,,
27.0,42.21263885498047,253952,,,,,,,,,,,,,,,
27.0,45.09862518310547,254976,0.0003,9.110776901245117,1240,-1.1920928955078125e-07,0.2,-0.034856526895600835,21.462532290816306,0.08618312,-3.370615812391043,0.4751953125,,,,,
27.0,50.10450744628906,256000,,,,,,,,,,,,,,,
27.0,30.48459243774414,257024,0.0003,7.581406116485596,1250,0.0,0.2,-0.03557259614462964,21.31570953130722,0.08049928,-3.3728810004889964,0.48251953125,,,,,
27.0,46.8695182800293,258048,,,,,,,,,,,,,,,
27.0,49.11054992675781,259072,0.0003,10.703523635864258,1260,5.960464477539063e-08,0.2,-0.016207969601964578,25.186978286504747,0.0883968,-3.382918594777584,0.497900390625,,,,,
27.0,43.072479248046875,260096,,,,,,,,,,,,,,,
27.0,42.65330123901367,261120,0.0003,6.810304641723633,1270,5.960464477539063e-08,0.2,-0.014596008826629259,14.262555947899818,0.091106966,-3.3825078554451466,0.510400390625,,,,,
27.0,44.91669845581055,262144,,,,,,,,,,,,,,,
27.0,46.166404724121094,263168,0.0003,10.307510375976562,1280,5.960464477539063e-08,0.2,-0.027084655073122122,21.63377537429333,0.084153,-3.379417712986469,0.469580078125,,,,,
27.0,49.50969696044922,264192,,,,,,,,,,,,,,,
27.0,40.07093811035156,265216,0.0003,11.977469444274902,1290,0.0,0.2,-0.013414002119679936,22.299202209711076,0.10944719,-3.3884114027023315,0.498388671875,,,,,
27.0,40.519493103027344,266240,,,,,,,,,,,,,,,
,,266240,,,,,,,,,,,47.91534643999999,540,492,130,27.0
27.0,52.686954498291016,267264,0.0003,10.228469848632812,1300,-1.1920928955078125e-07,0.2,-0.023692982745706102,21.86306062042713,0.10603076,-3.3946364752948286,0.5134765625,,,,,
27.0,40.86414337158203,268288,,,,,,,,,,,,,,,
27.0,39.61485290527344,269312,0.0003,11.519232749938965,1310,0.0,0.2,-0.045022149724536574,22.98391512930393,0.096734494,-3.389684969931841,0.47685546875,,,,,
27.0,39.616294860839844,270336,,,,,,,,,,,,,,,
27.0,52.19770431518555,271360,0.0003,9.399640083312988,1320,0.0,0.2,-0.004240793322969694,21.284450444579125,0.097189054,-3.380647899210453,0.4791015625,,,,,
27.0,47.30968475341797,272384,,,,,,,,,,,,,,,
27.0,35.35627365112305,273408,0.0003,6.763356685638428,1330,0.0,0.2,-0.010374535110895523,18.880664265155794,0.12755574,-3.384867650270462,0.495751953125,,,,,
27.0,30.08500862121582,274432,,,,,,,,,,,,,,,
27.0,40.74333953857422,275456,0.0003,5.450353145599365,1340,0.0,0.2,-0.019900219269038642,20.757206103205682,0.11981742,-3.3815819337964057,0.5140625,,,,,
27.0,48.692222595214844,276480,,,,,,,,,,,,,,,
27.0,46.877716064453125,277504,0.0003,9.678645133972168,1350,0.0,0.2,-0.016121617300086655,27.970239102840424,0.11166459,-3.378568088263273,0.544677734375,,,,,
27.0,35.34370040893555,278528,,,,,,,,,,,,,,,
27.0,29.12221336364746,279552,0.0003,9.814484596252441,1360,0.0,0.2,-0.022881855502782857,24.02310128211975,0.1014649,-3.381846296042204,0.4970703125,,,,,
27.0,42.97232437133789,280576,,,,,,,,,,,,,,,
27.0,39.63227081298828,281600,0.0003,6.635137557983398,1370,0.0,0.2,-0.005105922043730971,18.397121873497962,0.11528474,-3.3872461192309857,0.481591796875,,,,,
27.0,41.014801025390625,282624,,,,,,,,,,,,,,,
27.0,50.327247619628906,283648,0.0003,14.724907875061035,1380,0.0,0.2,-0.011613549529283774,23.921661752462388,0.10232228,-3.3766517214477063,0.512255859375,,,,,
27.0,47.67445755004883,284672,,,,,,,,,,,,,,,
27.0,34.2418212890625,285696,0.0003,9.564724922180176,1390,0.0,0.2,-0.0069505823063082065,26.114771461486818,0.103012994,-3.3649054184556006,0.48759765625,,,,,
27.0,53.9559440612793,286720,,,,,,,,,,,,,,,
,,286720,,,,,,,,,,,46.609171069999995,541,529,140,27.0
27.0,26.562515258789062,287744,0.0003,10.491705894470215,1400,0.0,0.2,-0.03276555836782791,21.617078736424446,0.102259174,-3.3631917029619216,0.456884765625,,,,,
27.0,43.85718536376953,288768,,,,,,,,,,,,,,,
27.0,37.87379455566406,289792,0.0003,6.514461994171143,1410,0.0,0.2,0.011045207662391476,17.026074796915054,0.10142207,-3.3580897733569146,0.4630859375,,,,,
27.0,43.77313232421875,290816,,,,,,,,,,,,,,,
27.0,30.887060165405273,291840,0.0003,9.65699291229248,1420,0.0,0.2,-0.0334183264960302,16.95034954845905,0.10620051,-3.354225382208824,0.518115234375,,,,,
27.0,31.12713623046875,292864,,,,,,,,,,,,,,,
27.0,37.69572448730469,293888,0.0003,13.860973358154297,1430,0.0,0.2,-0.002840185313107213,25.441697055101393,0.088808924,-3.354502508789301,0.504150390625,,,,,
27.0,43.548831939697266,294912,,,,,,,,,,,,,,,
27.0,47.44495391845703,295936,0.0003,9.767313957214355,1440,0.0,0.2,-0.00643683649104787,23.39307246208191,0.10134429,-3.3561992391943933,0.47265625,,,,,
27.0,54.00282669067383,296960,,,,,,,,,,,,,,,
27.0,43.975181579589844,297984,0.0003,13.560946464538574,1450,0.0,0.2,0.004497153206466464,22.855774760246277,0.10424921,-3.3552490577101706,0.49013671875,,,,,
27.0,44.58028793334961,299008,,,,,,,,,,,,,,,
27.0,45.235774993896484,300032,0.0003,11.960291862487793,1460,-1.1920928955078125e-07,0.2,-0.03466540903609712,20.44721223115921,0.10867985,-3.3343581430613995,0.52470703125,,,,,
27.0,38.97727966308594,301056,,,,,,,,,,,,,,,
27.0,48.46570587158203,302080,0.0003,15.888228416442871,1470,1.1920928955078125e-07,0.2,0.00020913011830998586,29.7266255736351,0.11201373,-3.33432724699378,0.5232421875,,,,,
27.0,45.697967529296875,303104,,,,,,,,,,,,,,,
27.0,44.29194641113281,304128,0.0003,20.300012588500977,1480,0.0,0.2,-0.025742436228028964,35.66549284458161,0.09759317,-3.342371918261051,0.508984375,,,,,
27.0,47.0537109375,305152,,,,,,,,,,,,,,,
27.0,53.21611022949219,306176,0.0003,9.2493314743042,1490,-1.1920928955078125e-07,0.2,-0.037955396311008374,26.990406095981598,0.13000004,-3.339972525089979,0.477587890625,,,,,
27.0,40.82966232299805,307200,,,,,,,,,,,,,,,
,,307200,,,,,,,,,,,47.13849116999999,541,567,150,27.0
27.0,45.903438568115234,308224,0.0003,15.601383209228516,1500,0.0,0.2,-0.00022818231664132327,24.60276018977165,0.11766712,-3.335940693318844,0.51025390625,,,,,
27.0,43.65034484863281,309248,,,,,,,,,,,,,,,
27.0,49.90643310546875,310272,0.0003,10.195638656616211,1510,0.0,0.2,-0.021466169531049673,22.46806215941906,0.11878124,-3.3480125069618225,0.51494140625,,,,,
27.0,49.911460876464844,311296,,,,,,,,,,,,,,,
27.0,46.48960876464844,312320,0.0003,15.27776050567627,1520,0.0,0.2,-0.020527799113187938,24.02831650674343,0.116770275,-3.3558430783450603,0.4765625,,,,,
27.0,43.942481994628906,313344,,,,,,,,,,,,,,,
27.0,45.73762512207031,314368,0.0003,6.175095558166504,1530,-1.1920928955078125e-07,0.2,-0.027359750638424885,16.8638448625803,0.10088146,-3.3512185856699945,0.481640625,,,,,
27.0,42.751976013183594,315392,,,,,,,,,,,,,,,
27.0,42.717403411865234,316416,0.0003,16.088613510131836,1540,0.0,0.2,-0.008180943201296031,25.866106927394867,0.11470285,-3.3414510332047938,0.514013671875,,,,,
27.0,45.77100372314453,317440,,,,,,,,,,,,,,,
27.0,47.12214660644531,318464,0.0003,11.072222709655762,1550,0.0,0.2,-0.012071559562173206,24.558134755492212,0.09907551,-3.341802727431059,0.529931640625,,,,,
27.0,51.745025634765625,319488,,,,,,,,,,,,,,,
27.0,47.326698303222656,320512,0.0003,6.930116176605225,1560,0.0,0.2,-0.028512252164364326,18.471083801984786,0.11504367,-3.351261205971241,0.49755859375,,,,,
27.0,29.441181182861328,321536,,,,,,,,,,,,,,,
27.0,37.97455596923828,322560,0.0003,9.19573974609375,1570,0.0,0.2,-0.031904995656805116,19.785998997092246,0.10919056,-3.359237675368786,0.51357421875,,,,,
27.0,40.54230880737305,323584,,,,,,,,,,,,,,,
27.0,41.89339065551758,324608,0.0003,8.29103946685791,1580,-1.1920928955078125e-07,0.2,-0.018480921056107037,15.792753034830094,0.11613005,-3.364488968998194,0.541162109375,,,,,
27.0,50.748252868652344,325632,,,,,,,,,,,,,,,
27.0,43.083045959472656,326656,0.0003,14.598226547241211,1590,0.0,0.2,-0.027880748272582422,22.762736615538596,0.10964902,-3.364861512184143,0.50419921875,,,,,
27.0,21.329740524291992,327680,,,,,,,,,,,,,,,
,,327680,,,,,,,,,,,49.52284869000001,541,605,160,27.0
27.0,45.69761657714844,328704,0.0003,8.071736335754395,1600,0.0,0.2,-0.039834650547709315,24.73776755928993,0.10842648,-3.3623559944331647,0.51142578125,,,,,
27.0,28.76007080078125,329728,,,,,,,,,,,,,,,
27.0,49.025238037109375,330752,0.0003,14.089696884155273,1610,0.0,0.2,-0.012500441813608631,26.003398025035857,0.10457035,-3.364601491391659,0.500048828125,,,,,
27.0,52.69589614868164,331776,,,,,,,,,,,,,,,
27.0,55.36168670654297,332800,0.0003,10.325714111328125,1620,-1.1920928955078125e-07,0.2,-0.027219842615886593,20.7835974752903,0.1297257,-3.3541444897651673,0.515771484375,,,,,
27.0,47.17887878417969,333824,,,,,,,,,,,,,,,
27.0,48.916961669921875,334848,0.0003,11.808837890625,1630,0.0,0.2,-0.002073758514598012,21.597915056347848,0.12008485,-3.3602739654481413,0.51142578125,,,,,
27.0,52.48188781738281,335872,,,,,,,,,,,,,,,
27.0,44.253108978271484,336896,0.0003,16.344799041748047,1640,0.0,0.2,-0.002635058417945402,28.873001572489738,0.11489503,-3.372400751709938,0.510400390625,,,,,
27.0,59.01120376586914,337920,,,,,,,,,,,,,,,
27.0,56.58226013183594,338944,0.0003,12.359604835510254,1650,0.0,0.2,-0.016745924945280422,23.20955807566643,0.10491849,-3.3689986653625965,0.51962890625,,,,,
27.0,48.23076629638672,339968,,,,,,,,,,,,,,,
27.0,49.904388427734375,340992,0.0003,13.001133918762207,1660,0.0,0.2,-0.03518887017271481,25.4248843729496,0.11117721,-3.365889287739992,0.491943359375,,,,,
27.0,42.09364700317383,342016,,,,,,,,,,,,,,,
27.0,36.39266586303711,343040,0.0003,14.610438346862793,1670,-1.1920928955078125e-07,0.2,-0.032634070061612876,26.162864285707474,0.107133314,-3.3566462814807894,0.502294921875,,,,,
27.0,47.172142028808594,344064,,,,,,,,,,,,,,,
27.0,56.446678161621094,345088,0.0003,10.836548805236816,1680,0.0,0.2,-0.02460069828957785,26.435379114747047,0.11094949,-3.3727173462510107,0.47841796875,,,,,
27.0,52.23981475830078,346112,,,,,,,,,,,,,,,
27.0,37.209190368652344,347136,0.0003,10.518943786621094,1690,0.0,0.2,-0.02438167969812639,24.62011907696724,0.10743555,-3.381578477472067,0.477587890625,,,,,
27.0,48.561946868896484,348160,,,,,,,,,,,,,,,
,,348160,,,,,,,,,,,49.88467847999999,540,643,170,27.0
27.0,54.324974060058594,349184,0.0003,10.310861587524414,1700,0.0,0.2,-0.03961929111683275,19.67229045331478,0.12603572,-3.3704063475131987,0.505615234375,,,,,
27.0,22.794803619384766,350208,,,,,,,,,,,,,,,
27.0,29.978084564208984,351232,0.0003,8.681004524230957,1710,0.0,0.2,-0.018881175485876155,17.334958559274675,0.1365971,-3.3549702905118464,0.49033203125,,,,,
27.0,40.5634765625,352256,,,,,,,,,,,,,,,
27.0,40.418853759765625,353280,0.0003,17.817703247070312,1720,-1.1920928955078125e-07,0.2,-0.02196624004864134,28.493335837125777,0.12249485,-3.3563371166586875,0.47880859375,,,,,
27.0,44.05699920654297,354304,,,,,,,,,,,,,,,
27.0,47.457889556884766,355328,0.0003,13.622171401977539,1730,5.960464477539063e-08,0.2,0.003085736463253852,22.11162438392639,0.13001736,-3.370971050858498,0.518896484375,,,,,
27.0,55.86399841308594,356352,,,,,,,,,,,,,,,
27.0,56.14918518066406,357376,0.0003,9.91873550415039,1740,0.0,0.2,-0.021649252204224468,18.421005961298942,0.10766743,-3.3640898689627647,0.4888671875,,,,,
27.0,39.954612731933594,358400,,,,,,,,,,,,,,,
27.0,53.64091491699219,359424,0.0003,7.158098220825195,1750,0.0,0.2,-0.01882876500603743,14.531155158579349,0.10781282,-3.370870139449835,0.487939453125,,,,,
27.0,51.86389923095703,360448,,,,,,,,,,,,,,,
27.0,41.576725006103516,361472,0.0003,10.406326293945312,1760,0.0,0.2,-0.04163785789860412,21.751927199959756,0.1368432,-3.3547164738178252,0.533447265625,,,,,
27.0,33.06717300415039,362496,,,,,,,,,,,,,,,
27.0,41.64528274536133,363520,0.0003,12.998003959655762,1770,0.0,0.2,-0.02645447246468393,26.08185096681118,0.12171956,-3.3586897499859334,0.522998046875,,,,,
27.0,50.53697967529297,364544,,,,,,,,,,,,,,,
27.0,50.28940200805664,365568,0.0003,10.661996841430664,1780,0.0,0.2,-0.02503661829396151,24.83300986289978,0.14447358,-3.3499748103320597,0.5658203125,,,,,
27.0,54.51750946044922,366592,,,,,,,,,,,,,,,
27.0,54.75581359863281,367616,0.0003,12.238222122192383,1790,0.0,0.2,-0.03196486880769953,18.53285236954689,0.1638481,-3.341425586491823,0.5751953125,,,,,
27.0,56.69737243652344,368640,,,,,,,,,,,,,,,
,,368640,,,,,,,,,,,44.11733569,539,683,180,27.0
27.0,49.88408660888672,369664,0.0003,10.400176048278809,1800,0.0,0.2,0.0008042118213779758,21.113428065180777,0.14140204,-3.3557169541716574,0.528955078125,,,,,
27.0,44.211822509765625,370688,,,,,,,,,,,,,,,
27.0,37.12408447265625,371712,0.0003,10.780040740966797,1810,0.0,0.2,-0.01999533760972554,21.29329617023468,0.13968113,-3.352467918395996,0.50966796875,,,,,
27.0,44.27349090576172,372736,,,,,,,,,,,,,,,
27.0,46.98655700683594,373760,0.0003,11.40091323852539,1820,0.0,0.2,-0.03846265260654036,22.694310879707338,0.13220264,-3.3679054602980614,0.513720703125,,,,,
27.0,47.149566650390625,374784,,,,,,,,,,,,,,,
27.0,43.318458557128906,375808,0.0003,16.24063491821289,1830,0.0,0.2,-0.01053097602853086,34.00657516717911,0.1286149,-3.3751086473464964,0.53271484375,,,,,
27.0,41.55818176269531,376832,,,,,,,,,,,,,,,
27.0,48.67449951171875,377856,0.0003,12.971872329711914,1840,0.0,0.2,-0.011183932951826136,21.283265653252602,0.13814375,-3.354613233357668,0.528955078125,,,,,
27.0,55.85987854003906,378880,,,,,,,,,,,,,,,
27.0,46.61319351196289,379904,0.0003,9.68841552734375,1850,0.0,0.2,-0.013276618429517838,18.526976385712622,0.13738033,-3.3424707636237145,0.51357421875,,,,,
27.0,51.93736267089844,380928,,,,,,,,,,,,,,,
27.0,46.33043670654297,381952,0.0003,7.417368412017822,1860,0.0,0.2,0.005304811043606606,19.250167882442476,0.13627322,-3.36200195774436,0.49248046875,,,,,
27.0,42.3749885559082,382976,,,,,,,,,,,,,,,
27.0,49.3028678894043,384000,0.0003,9.284420013427734,1870,1.1920928955078125e-07,0.2,-0.03616645157235325,20.93375071287155,0.18315563,-3.3530019909143447,0.50927734375,,,,,
27.0,46.26377868652344,385024,,,,,,,,,,,,,,,
27.0,39.34855651855469,386048,0.0003,9.400237083435059,1880,0.0,0.2,-0.03069586640485795,19.489966824650764,0.2076381,-3.354321529716253,0.540869140625,,,,,
27.0,49.92860412597656,387072,,,,,,,,,,,,,,,
27.0,52.848731994628906,388096,0.0003,9.809998512268066,1890,0.0,0.2,-0.01731440571238636,22.23799750506878,0.19267005,-3.349516710639,0.5669921875,,,,,
27.0,41.33478546142578,389120,,,,,,,,,,,,,,,
,,389120,,,,,,,,,,,50.04795368,536,725,190,27.0
27.0,56.361595153808594,390144,0.0003,6.697810173034668,1900,0.0,0.2,-0.02019762115451158,19.419228279590605,0.15189663,-3.3573571629822254,0.54765625,,,,,
27.0,30.806129455566406,391168,,,,,,,,,,,,,,,
27.0,51.401161193847656,392192,0.0003,6.581704139709473,1910,0.0,0.2,-0.015210739079338963,17.85990268290043,0.15879275,-3.3680577509105207,0.53125,,,,,
27.0,44.0628547668457,393216,,,,,,,,,,,,,,,
27.0,40.35186004638672,394240,0.0003,11.342449188232422,1920,0.0,0.2,-0.021546999744896312,24.2741077542305,0.19020192,-3.3655102483928205,0.557470703125,,,,,
27.0,51.75269317626953,395264,,,,,,,,,,,,,,,
27.0,44.85352325439453,396288,0.0003,13.860462188720703,1930,0.0,0.2,-0.016960137903515714,23.36719697713852,0.17712577,-3.3825537361204625,0.544970703125,,,,,
27.0,43.82001495361328,397312,,,,,,,,,,,,,,,
27.0,50.7347412109375,398336,0.0003,13.949274063110352,1940,0.0,0.2,-0.024663146829698234,26.375405257940294,0.17333913,-3.372818582504988,0.55810546875,,,,,
27.0,30.240406036376953,399360,,,,,,,,,,,,,,,
27.0,47.11880111694336,400384,0.0003,9.212753295898438,1950,5.960464477539063e-08,0.2,0.009376490764407209,26.16147930920124,0.17201674,-3.371752290427685,0.52607421875,,,,,
27.0,43.209228515625,401408,,,,,,,,,,,,,,,
27.0,48.4166259765625,402432,0.0003,11.354026794433594,1960,0.0,0.2,-0.008981787390075624,19.636107209324837,0.14748985,-3.3526588454842567,0.530126953125,,,,,
27.0,47.86395263671875,403456,,,,,,,,,,,,,,,
27.0,44.62853240966797,404480,0.0003,9.349350929260254,1970,0.0,0.2,-0.027244588189932983,19.638394606113433,0.1563639,-3.354250828176737,0.56142578125,,,,,
27.0,44.34422302246094,405504,,,,,,,,,,,,,,,
27.0,51.61742401123047,406528,0.0003,10.311344146728516,1980,0.0,0.2,-0.008390429770224727,21.851465356349944,0.12659337,-3.3711872972548007,0.5263671875,,,,,
27.0,38.796539306640625,407552,,,,,,,,,,,,,,,
27.0,47.57417297363281,408576,0.0003,10.367949485778809,1990,0.0,0.2,-0.01213539949094411,20.460697111487388,0.14302966,-3.3729513093829153,0.539501953125,,,,,
27.0,50.83409118652344,409600,,,,,,,,,,,,,,,
,,409600,,,,,,,,,,,52.162791139999996,533,767,200,27.0
27.0,38.456321716308594,410624,0.0003,11.943807601928711,2000,0.0,0.2,-0.03514942282054108,22.833457973599433,0.1355761,-3.3558357663452627,0.5353515625,,,,,
27.0,44.1258544921875,411648,,,,,,,,,,,,,,,
27.0,55.96321105957031,412672,0.0003,6.667570114135742,2010,0.0,0.2,0.022423697471094784,15.612052673101426,0.11418093,-3.3710736967623234,0.49365234375,,,,,
27.0,59.807193756103516,413696,,,,,,,,,,,,,,,
27.0,45.01728057861328,414720,0.0003,11.82807445526123,2020,0.0,0.2,-0.0009567157649144065,26.356931912899018,0.11334344,-3.3886770255863667,0.482177734375,,,,,
27.0,43.40967559814453,415744,,,,,,,,,,,,,,,
27.0,51.88435363769531,416768,0.0003,9.174489974975586,2030,0.0,0.2,-0.025337368360487743,17.67664968371391,0.119406804,-3.384786895662546,0.489208984375,,,,,
27.0,44.206485748291016,417792,,,,,,,,,,,,,,,
27.0,44.3231315612793,418816,0.0003,8.471245765686035,2040,0.0,0.2,-0.031119201764522587,23.33831506371498,0.11637926,-3.3859621703624727,0.476416015625,,,,,
27.0,46.686222076416016,419840,,,,,,,,,,,,,,,
27.0,38.37327194213867,420864,0.0003,9.735363006591797,2050,0.0,0.2,0.003452726350224111,17.829806932806967,0.11190912,-3.3761202573776243,0.48955078125,,,,,
27.0,54.685279846191406,421888,,,,,,,,,,,,,,,
27.0,53.06345748901367,422912,0.0003,12.83120059967041,2060,0.0,0.2,-0.033142044022679326,24.58904022574425,0.1125108,-3.3648562252521517,0.480615234375,,,,,
27.0,49.688575744628906,423936,,,,,,,,,,,,,,,
27.0,43.527225494384766,424960,0.0003,11.310547828674316,2070,-1.1920928955078125e-07,0.2,-0.03166033977468032,25.18840482532978,0.13205722,-3.3732119679450987,0.50634765625,,,,,
27.0,34.83856964111328,425984,,,,,,,,,,,,,,,
27.0,38.23237991333008,427008,0.0003,10.129212379455566,2080,0.0,0.2,-0.018958177771128248,21.583802112936972,0.1419715,-3.3749637961387635,0.534130859375,,,,,
27.0,52.336524963378906,428032,,,,,,,,,,,,,,,
27.0,49.571502685546875,429056,0.0003,9.700674057006836,2090,0.0,0.2,-0.008655480915331281,18.485728204250336,0.12043352,-3.378711872547865,0.511962890625,,,,,
27.0,55.35851287841797,430080,,,,,,,,,,,,,,,
,,430080,,,,,,,,,,,52.80059712,529,811,210,27.0
27.0,46.48768997192383,431104,0.0003,11.484651565551758,2100,0.0,0.2,-0.033456225055851975,22.416852989792822,0.12555191,-3.380167166143656,0.475537109375,,,,,
27.0,49.48368453979492,432128,,,,,,,,,,,,,,,
27.0,52.03327941894531,433152,0.0003,11.195245742797852,2110,0.0,0.2,-0.0374971448967699,20.86470360457897,0.13768402,-3.3796034060418605,0.516748046875,,,,,
27.0,51.47050857543945,434176,,,,,,,,,,,,,,,
27.0,42.90984344482422,435200,0.0003,11.677075386047363,2120,-1.1920928955078125e-07,0.2,-0.02431912346946774,25.20206561088562,0.118467465,-3.3872953027486803,0.525048828125,,,,,
27.0,37.109676361083984,436224,,,,,,,,,,,,,,,
27.0,43.84226989746094,437248,0.0003,14.998860359191895,2130,1.1920928955078125e-07,0.2,-0.008176996330439579,26.651102501153947,0.1278533,-3.37454047575593,0.5138671875,,,,,
27.0,45.88674545288086,438272,,,,,,,,,,,,,,,
27.0,49.83576202392578,439296,0.0003,10.494268417358398,2140,-1.1920928955078125e-07,0.2,-0.022826420699129813,19.068766221404076,0.14769414,-3.3675760343670844,0.532861328125,,,,,
27.0,47.883907318115234,440320,,,,,,,,,,,,,,,
27.0,44.244163513183594,441344,0.0003,12.667428016662598,2150,1.1920928955078125e-07,0.2,0.03218866846727906,20.507038646936415,0.14588483,-3.402011340856552,0.4923828125,,,,,
27.0,54.8231201171875,442368,,,,,,,,,,,,,,,
27.0,42.25569534301758,443392,0.0003,10.0995454788208,2160,0.0,0.2,-0.03945915423391853,23.52315452694893,0.12418385,-3.3838789761066437,0.491162109375,,,,,
27.0,48.19329833984375,444416,,,,,,,,,,,,,,,
27.0,58.97750473022461,445440,0.0003,14.078008651733398,2170,0.0,0.2,-0.02372171697934391,26.286485823988915,0.14460558,-3.3765349090099335,0.534033203125,,,,,
27.0,48.7563591003418,446464,,,,,,,,,,,,,,,
27.0,39.96282196044922,447488,0.0003,10.112814903259277,2180,0.0,0.2,-0.0035416550323134287,21.797271993756294,0.16019371,-3.3599726438522337,0.5197265625,,,,,
27.0,41.45859146118164,448512,,,,,,,,,,,,,,,
27.0,46.859397888183594,449536,0.0003,11.980058670043945,2190,1.1920928955078125e-07,0.2,-0.0139931371784769,21.179337003827094,0.15660588,-3.365118334442377,0.48681640625,,,,,
27.0,37.45555114746094,450560,,,,,,,,,,,,,,,
,,450560,,,,,,,,,,,46.93911857,528,851,220,27.0
27.0,49.249454498291016,451584,0.0003,14.262247085571289,2200,0.0,0.2,0.00420650817322894,32.29881938099861,0.1542645,-3.3630354702472687,0.520751953125,,,,,
27.0,45.43745422363281,452608,,,,,,,,,,,,,,,
27.0,31.441497802734375,453632,0.0003,9.730315208435059,2210,0.0,0.2,-0.013506276172120125,16.74367220699787,0.12549968,-3.364532245695591,0.52958984375,,,,,
27.0,47.57098388671875,454656,,,,,,,,,,,,,,,
27.0,51.44987106323242,455680,0.0003,9.684903144836426,2220,1.1920928955078125e-07,0.2,-0.004300369339762256,18.90472545623779,0.11412453,-3.3512942790985107,0.484228515625,,,,,
27.0,47.74859619140625,456704,,,,,,,,,,,,,,,
27.0,45.098052978515625,457728,0.0003,10.090885162353516,2230,1.1920928955078125e-07,0.2,-0.03850529026967706,20.04457868337631,0.13175106,-3.365060091763735,0.512744140625,,,,,
27.0,43.375770568847656,458752,,,,,,,,,,,,,,,
27.0,31.15606689453125,459776,0.0003,9.92513656616211,2240,-1.1920928955078125e-07,0.2,0.015354079593089409,23.429539346694945,0.13189398,-3.3625930927693846,0.510009765625,,,,,
27.0,24.568836212158203,460800,,,,,,,,,,,,,,,
27.0,38.38304901123047,461824,0.0003,17.97309684753418,2250,0.0,0.2,-0.015555130002030636,28.795954543352128,0.14706962,-3.361766292154789,0.514501953125,,,,,
27.0,44.67338562011719,462848,,,,,,,,,,,,,,,
27.0,54.12040710449219,463872,0.0003,5.283059597015381,2260,0.0,0.2,-0.013275723189872224,19.243801203370094,0.14002791,-3.3623099587857723,0.529248046875,,,,,
27.0,45.586769104003906,464896,,,,,,,,,,,,,,,
27.0,42.155967712402344,465920,0.0003,15.012596130371094,2270,0.0,0.2,-0.030527822379372082,25.77853611111641,0.12789589,-3.3628992274403573,0.523828125,,,,,
27.0,37.10639190673828,466944,,,,,,,,,,,,,,,
27.0,36.167545318603516,467968,0.0003,5.367823600769043,2280,0.0,0.2,5.3933040908304976e-05,19.648672565817833,0.13020466,-3.3684840381145476,0.504150390625,,,,,
27.0,47.601661682128906,468992,,,,,,,,,,,,,,,
27.0,42.20301055908203,470016,0.0003,8.96155071258545,2290,5.960464477539063e-08,0.2,-0.04278846045199316,21.5660568356514,0.09189966,-3.3638001844286918,0.4646484375,,,,,
27.0,46.017852783203125,471040,,,,,,,,,,,,,,,
,,471040,,,,,,,,,,,45.476816799999995,527,893,230,27.0
27.0,49.389041900634766,472064,0.0003,8.780374526977539,2300,0.0,0.2,0.016349399580212774,16.940482833981513,0.11512023,-3.3615645028650762,0.514404296875,,,,,
27.0,44.613189697265625,473088,,,,,,,,,,,,,,,
27.0,34.322044372558594,474112,0.0003,17.476375579833984,2310,0.0,0.2,-0.029235104561666957,26.51373823285103,0.1176357,-3.3597134120762346,0.479541015625,,,,,
27.0,34.27545166015625,475136,,,,,,,,,,,,,,,
27.0,37.275455474853516,476160,0.0003,7.661319732666016,2320,5.960464477539063e-08,0.2,-0.03094420681591146,15.888525679707527,0.13992032,-3.3496103078126906,0.534423828125,,,,,
27.0,37.30500030517578,477184,,,,,,,,,,,,,,,
27.0,39.82822036743164,478208,0.0003,10.251115798950195,2330,1.1920928955078125e-07,0.2,-0.041072652382717935,18.896047577261925,0.14233157,-3.34178756698966,0.561181640625,,,,,
27.0,45.80324935913086,479232,,,,,,,,,,,,,,,
27.0,46.30547332763672,480256,0.0003,11.862919807434082,2340,0.0,0.2,-0.01525061727006687,20.774097096920013,0.16766116,-3.362365897744894,0.518212890625,,,,,
27.0,43.03218078613281,481280,,,,,,,,,,,,,,,
27.0,45.432037353515625,482304,0.0003,6.814981460571289,2350,0.0,0.2,0.007701322191860527,15.141175699234008,0.1589239,-3.3845869645476343,0.56767578125,,,,,
27.0,51.48871612548828,483328,,,,,,,,,,,,,,,
27.0,42.792579650878906,484352,0.0003,12.229621887207031,2360,0.0,0.2,-0.020358855165250135,20.662276870012285,0.14609581,-3.3818292908370493,0.520703125,,,,,
27.0,52.71411895751953,485376,,,,,,,,,,,,,,,
27.0,48.2757453918457,486400,0.0003,9.996188163757324,2370,1.1920928955078125e-07,0.2,-0.02183656326960772,20.870570936799048,0.1399567,-3.3755074724555016,0.495166015625,,,,,
27.0,43.557979583740234,487424,,,,,,,,,,,,,,,
27.0,37.01085662841797,488448,0.0003,18.14020347595215,2380,0.0,0.2,-0.018333270782022737,26.802336949110032,0.12137606,-3.3503160566091537,0.5205078125,,,,,
27.0,35.92726135253906,489472,,,,,,,,,,,,,,,
27.0,38.133731842041016,490496,0.0003,11.223583221435547,2390,0.0,0.2,-0.015130267516360619,25.284637117385863,0.13722177,-3.3386291928589342,0.5109375,,,,,
27.0,49.122100830078125,491520,,,,,,,,,,,,,,,
,,491520,,,,,,,,,,,50.63660483999999,526,934,240,27.0
27.0,39.414703369140625,492544,0.0003,12.066036224365234,2400,-1.1920928955078125e-07,0.2,-0.030256383848609403,23.272085425257682,0.14355712,-3.345924524217844,0.51416015625,,,,,
27.0,46.286617279052734,493568,,,,,,,,,,,,,,,
27.0,48.98286437988281,494592,0.0003,11.170875549316406,2410,0.0,0.2,-0.02872101069369819,18.960827803611757,0.13304108,-3.3389648377895353,0.495849609375,,,,,
27.0,46.90617370605469,495616,,,,,,,,,,,,,,,
27.0,50.354759216308594,496640,0.0003,16.211143493652344,2420,5.960464477539063e-08,0.2,-0.004923814124776982,24.98684595823288,0.14361107,-3.344580989331007,0.523193359375,,,,,
27.0,47.81404113769531,497664,,,,,,,,,,,,,,,
27.0,47.77318572998047,498688,0.0003,9.69959831237793,2430,0.0,0.2,-0.001812668511411175,17.181881013512612,0.09292543,-3.378323335200548,0.48505859375,,,,,
27.0,46.881072998046875,499712,,,,,,,,,,,,,,,
27.0,30.740589141845703,500736,0.0003,13.039107322692871,2440,5.960464477539063e-08,0.2,-0.0019971450601588003,27.66845199763775,0.10805173,-3.371964056044817,0.477294921875,,,,,
27.0,38.6533203125,501760,,,,,,,,,,,,,,,
27.0,37.635780334472656,502784,0.0003,12.779659271240234,2450,0.0,0.2,-0.021558200840081553,27.274417942762376,0.101721555,-3.358033247292042,0.48330078125,,,,,
27.0,41.93131637573242,503808,,,,,,,,,,,,,,,
27.0,28.96844482421875,504832,0.0003,10.465210914611816,2460,0.0,0.2,-0.028579939968767575,16.79271678328514,0.11487153,-3.3477661848068236,0.4552734375,,,,,
27.0,44.847843170166016,505856,,,,,,,,,,,,,,,
27.0,51.598724365234375,506880,0.0003,12.411581039428711,2470,0.0,0.2,-0.03558913114538882,22.818251952528954,0.10179987,-3.3406550757586957,0.482080078125,,,,,
27.0,51.91163635253906,507904,,,,,,,,,,,,,,,
27.0,51.942359924316406,508928,0.0003,16.36183738708496,2480,5.960464477539063e-08,0.2,-0.025586927809490588,29.924613934755325,0.11404826,-3.360550431907177,0.49443359375,,,,,
27.0,46.288002014160156,509952,,,,,,,,,,,,,,,
27.0,38.522029876708984,510976,0.0003,13.66176986694336,2490,-1.1920928955078125e-07,0.2,0.006465288035542471,26.794890066981317,0.09692046,-3.3721769236028196,0.475,,,,,
27.0,30.041200637817383,512000,,,,,,,,,,,,,,,
,,512000,,,,,,,,,,,49.51714016,525,973,250,27.0
27.0,48.290016174316406,513024,0.0003,9.747844696044922,2500,0.0,0.2,-0.02044325422757538,18.09894353747368,0.10051127,-3.3633467353880406,0.45263671875,,,,,
27.0,22.407081604003906,514048,,,,,,,,,,,,,,,
27.0,42.6641845703125,515072,0.0003,8.32348918914795,2510,0.0,0.2,-0.01953208487830125,17.987544068694113,0.107008204,-3.3709667645394803,0.4796875,,,,,
27.0,43.07700729370117,516096,,,,,,,,,,,,,,,
27.0,50.56275177001953,517120,0.0003,17.5421085357666,2520,-1.1920928955078125e-07,0.2,0.0150198102768627,23.528127616643907,0.11787909,-3.3731220491230487,0.455029296875,,,,,
27.0,49.6808967590332,518144,,,,,,,,,,,,,,,
27.0,45.3902587890625,519168,0.0003,17.196481704711914,2530,0.0,0.2,-0.022664064912532922,31.124389070272446,0.11262777,-3.376100865751505,0.478369140625,,,,,
27.0,44.72709274291992,520192,,,,,,,,,,,,,,,
27.0,42.1300048828125,521216,0.0003,12.66352653503418,2540,0.0,0.2,-0.0009320948440290522,20.055317679047583,0.096962705,-3.3969394668936728,0.468017578125,,,,,
27.0,52.5596923828125,522240,,,,,,,,,,,,,,,
27.0,48.965049743652344,523264,0.0003,11.131421089172363,2550,0.0,0.2,-0.031577622136683206,24.008581921458244,0.0908767,-3.387137819081545,0.485009765625,,,,,
27.0,49.762664794921875,524288,,,,,,,,,,,,,,,
27.0,58.94255065917969,525312,0.0003,12.426803588867188,2560,0.0,0.2,-0.04171890106517821,24.271057373285295,0.091879785,-3.391395729035139,0.460302734375,,,,,
27.0,35.89866638183594,526336,,,,,,,,,,,,,,,
27.0,33.35799789428711,527360,0.0003,12.886083602905273,2570,0.0,0.2,-0.017697602904809172,29.902937871217727,0.0960253,-3.383354523032904,0.44931640625,,,,,
27.0,44.578975677490234,528384,,,,,,,,,,,,,,,
27.0,55.979705810546875,529408,0.0003,16.00699234008789,2580,0.0,0.2,-0.02390152201114688,27.644049149751662,0.11819451,-3.3839776568114757,0.515185546875,,,,,
27.0,56.24464797973633,530432,,,,,,,,,,,,,,,
27.0,49.51092529296875,531456,0.0003,8.537854194641113,2590,0.0,0.2,-0.027054785256041214,17.590048030018806,0.11875593,-3.3777753502130508,0.499072265625,,,,,
27.0,41.20220184326172,532480,,,,,,,,,,,,,,,
,,532480,,,,,,,,,,,50.02432425999999,524,1015,260,27.0
27.0,47.189308166503906,533504,0.0003,15.368552207946777,2600,0.0,0.2,-0.019890806564944796,27.155488348007204,0.11677499,-3.3738899782299994,0.518896484375,,,,,
27.0,38.87354278564453,534528,,,,,,,,,,,,,,,
27.0,47.09815979003906,535552,0.0003,5.566577434539795,2610,-1.1920928955078125e-07,0.2,-0.031069676630431788,18.71177359819412,0.09888124,-3.383444808423519,0.480859375,,,,,
27.0,43.66748046875,536576,,,,,,,,,,,,,,,
27.0,42.40687561035156,537600,0.0003,13.069262504577637,2620,0.0,0.2,-0.03449731785804033,25.55176663696766,0.12451244,-3.380802562087774,0.52744140625,,,,,
27.0,44.17691421508789,538624,,,,,,,,,,,,,,,
27.0,43.255149841308594,539648,0.0003,12.507389068603516,2630,0.0,0.2,-0.01297235239035217,27.968088072538375,0.116589665,-3.3780160091817377,0.5130859375,,,,,
27.0,45.47254180908203,540672,,,,,,,,,,,,,,,
27.0,37.37961196899414,541696,0.0003,11.468343734741211,2640,0.0,0.2,-0.015245313994819298,29.051447564363478,0.103127085,-3.379412189871073,0.501123046875,,,,,
27.0,38.59564208984375,542720,,,,,,,,,,,,,,,
27.0,51.33778381347656,543744,0.0003,11.70076847076416,2650,-1.1920928955078125e-07,0.2,-0.033510613784892486,21.775022503733634,0.11850387,-3.3857691399753094,0.515625,,,,,
27.0,36.58452224731445,544768,,,,,,,,,,,,,,,
27.0,40.78980255126953,545792,0.0003,10.81823444366455,2660,1.1920928955078125e-07,0.2,-0.027882446213334335,20.98499673306942,0.108545035,-3.3916285052895545,0.5138671875,,,,,
27.0,44.15729904174805,546816,,,,,,,,,,,,,,,
27.0,48.104209899902344,547840,0.0003,10.586130142211914,2670,5.960464477539063e-08,0.2,-0.02085761916532647,26.652679535746575,0.12349875,-3.3825546272099016,0.545654296875,,,,,
27.0,49.06299591064453,548864,,,,,,,,,,,,,,,
27.0,47.93220520019531,549888,0.0003,7.581557273864746,2680,-1.1920928955078125e-07,0.2,-0.02795805169153027,16.210176342725752,0.13820189,-3.367706745862961,0.56640625,,,,,
27.0,47.079654693603516,550912,,,,,,,,,,,,,,,
27.0,33.72021484375,551936,0.0003,26.63001823425293,2690,-1.1920928955078125e-07,0.2,-0.002616779315576423,39.54949250221252,0.13665107,-3.35645657107234,0.560302734375,,,,,
27.0,37.46166229248047,552960,,,,,,,,,,,,,,,
,,552960,,,,,,,,,,,44.54755101999999,523,1055,270,27.0
27.0,42.32611846923828,553984,0.0003,11.079045295715332,2700,0.0,0.2,0.006183175148908049,20.817121931910513,0.14324561,-3.3546809442341328,0.54697265625,,,,,
27.0,44.14716339111328,555008,,,,,,,,,,,,,,,
27.0,52.022796630859375,556032,0.0003,10.309181213378906,2710,0.0,0.2,-0.038010565240983854,22.242815101146697,0.15555479,-3.361648690700531,0.54560546875,,,,,
27.0,41.75678253173828,557056,,,,,,,,,,,,,,,
27.0,43.183990478515625,558080,0.0003,10.540839195251465,2720,1.1920928955078125e-07,0.2,0.0011266553672612644,21.13402578830719,0.14922631,-3.3614164873957635,0.54228515625,,,,,
27.0,47.33694076538086,559104,,,,,,,,,,,,,,,
27.0,46.324241638183594,560128,0.0003,8.569700241088867,2730,0.0,0.2,-0.028781589186110068,17.409989529848097,0.16148868,-3.3520993679761886,0.52421875,,,,,
27.0,48.83543395996094,561152,,,,,,,,,,,,,,,
27.0,39.10703659057617,562176,0.0003,12.30184555053711,2740,5.960464477539063e-08,0.2,0.006365937844384462,22.715894675254823,0.14733124,-3.3782771989703178,0.5583984375,,,,,
27.0,21.1536865234375,563200,,,,,,,,,,,,,,,
27.0,57.49265670776367,564224,0.0003,12.749099731445312,2750,5.960464477539063e-08,0.2,-0.01994016081443988,23.045388334989546,0.16014795,-3.375542888045311,0.529736328125,,,,,
27.0,49.519527435302734,565248,,,,,,,,,,,,,,,
27.0,48.41386795043945,566272,0.0003,13.715100288391113,2760,0.0,0.2,-0.02728139891551109,21.351551538705827,0.15010835,-3.373804845660925,0.524267578125,,,,,
27.0,36.249839782714844,567296,,,,,,,,,,,,,,,
27.0,44.11149215698242,568320,0.0003,11.441815376281738,2770,0.0,0.2,-0.012390877958387137,24.50772482454777,0.14150934,-3.3759610526263715,0.536572265625,,,,,
27.0,43.880096435546875,569344,,,,,,,,,,,,,,,
27.0,48.246646881103516,570368,0.0003,8.42817497253418,2780,0.0,0.2,-0.004226765083149076,23.208856192231178,0.12167989,-3.383599063754082,0.5150390625,,,,,
27.0,49.658653259277344,571392,,,,,,,,,,,,,,,
27.0,44.57341766357422,572416,0.0003,9.030471801757812,2790,1.1920928955078125e-07,0.2,-0.026058201905107124,17.52022602260113,0.11629616,-3.3794594071805477,0.5076171875,,,,,
27.0,32.59234619140625,573440,,,,,,,,,,,,,,,
,,573440,,,,,,,,,,,48.49479788000001,523,1095,280,27.0
27.0,55.647369384765625,574464,0.0003,8.398832321166992,2800,5.960464477539063e-08,0.2,-0.01277639252366498,12.914490276575089,0.10126017,-3.370681756734848,0.49013671875,,,,,
27.0,49.22782897949219,575488,,,,,,,,,,,,,,,
27.0,47.03119659423828,576512,0.0003,11.243317604064941,2810,0.0,0.2,-0.04009570183552569,23.913819217681883,0.1150637,-3.3542698465287684,0.488818359375,,,,,
27.0,45.431156158447266,577536,,,,,,,,,,,,,,,
27.0,41.775535583496094,578560,0.0003,10.224291801452637,2820,1.1920928955078125e-07,0.2,-0.010902652311779093,17.866544139385223,0.09413566,-3.3506139524281027,0.48642578125,,,,,
27.0,43.743934631347656,579584,,,,,,,,,,,,,,,
27.0,54.35822296142578,580608,0.0003,12.574590682983398,2830,0.0,0.2,-0.00841808249024325,27.56583063006401,0.09391785,-3.3551766119897364,0.46982421875,,,,,
27.0,51.34492111206055,581632,,,,,,,,,,,,,,,
27.0,41.50326156616211,582656,0.0003,7.488945007324219,2840,0.0,0.2,-0.02127567540301243,21.519395953416826,0.10080029,-3.355565071105957,0.4955078125,,,,,
27.0,35.63413619995117,583680,,,,,,,,,,,,,,,
27.0,52.816951751708984,584704,0.0003,6.128162384033203,2850,0.0,0.2,-0.031585678734700195,17.766670021414757,0.08987389,-3.3555085718631745,0.4857421875,,,,,
27.0,40.008384704589844,585728,,,,,,,,,,,,,,,
27.0,36.87200164794922,586752,0.0003,11.865869522094727,2860,5.960464477539063e-08,0.2,-0.05058005663449876,23.52977846264839,0.117904544,-3.364908357709646,0.485302734375,,,,,
27.0,42.39868927001953,587776,,,,,,,,,,,,,,,
27.0,41.686710357666016,588800,0.0003,9.14714241027832,2870,0.0,0.2,-0.00776238773833029,18.170672622323035,0.12096259,-3.365954218059778,0.518603515625,,,,,
27.0,45.693939208984375,589824,,,,,,,,,,,,,,,
27.0,54.12750244140625,590848,0.0003,11.00882339477539,2880,5.960464477539063e-08,0.2,-0.01042455836868612,22.524021926522256,0.09821598,-3.3532159961760044,0.4857421875,,,,,
27.0,47.35276794433594,591872,,,,,,,,,,,,,,,
27.0,31.866287231445312,592896,0.0003,12.83314037322998,2890,0.0,0.2,-0.027625871167401783,22.92556031346321,0.11604018,-3.35524825155735,0.49384765625,,,,,
27.0,57.059322357177734,593920,,,,,,,,,,,,,,,
,,593920,,,,,,,,,,,51.869317329999994,523,1135,290,27.0
27.0,48.97386169433594,594944,0.0003,10.42854118347168,2900,0.0,0.2,-0.024253374124236872,25.0246954113245,0.12072724,-3.36171965226531,0.509228515625,,,,,
27.0,49.844459533691406,595968,,,,,,,,,,,,,,,
27.0,47.55664825439453,596992,0.0003,11.844584465026855,2910,0.0,0.2,-0.032574031213880514,23.75251084268093,0.14015134,-3.375964254885912,0.5271484375,,,,,
27.0,55.48896789550781,598016,,,,,,,,,,,,,,,
27.0,55.97441864013672,599040,0.0003,11.588261604309082,2920,0.0,0.2,0.015097178249561694,22.61679806113243,0.12941375,-3.384941553324461,0.486669921875,,,,,
27.0,59.269996643066406,600064,,,,,,,,,,,,,,,
27.0,47.87909698486328,601088,0.0003,13.689446449279785,2930,5.960464477539063e-08,0.2,-0.02181692549638683,24.37416253387928,0.14935303,-3.364575557410717,0.52705078125,,,,,
27.0,32.3603630065918,602112,,,,,,,,,,,,,,,
27.0,36.049530029296875,603136,0.0003,6.662534713745117,2940,-1.1920928955078125e-07,0.2,-0.013286067491571884,20.09837561547756,0.13462712,-3.361350046098232,0.51845703125,,,,,
27.0,25.177753448486328,604160,,,,,,,,,,,,,,,
27.0,57.06422424316406,605184,0.0003,8.387420654296875,2950,0.0,0.2,-0.03369854494812898,18.871411556005476,0.12854338,-3.3657098583877088,0.510791015625,,,,,
27.0,37.669044494628906,606208,,,,,,,,,,,,,,,
27.0,52.97457504272461,607232,0.0003,11.158661842346191,2960,5.960464477539063e-08,0.2,-0.024440260085975753,21.463843044638633,0.15657595,-3.3719621919095517,0.552734375,,,,,
27.0,55.967769622802734,608256,,,,,,,,,,,,,,,
27.0,47.678401947021484,609280,0.0003,14.88577938079834,2970,5.960464477539063e-08,0.2,-0.012111524998908862,26.427961096167564,0.12992448,-3.359680240601301,0.477978515625,,,,,
27.0,45.71520233154297,610304,,,,,,,,,,,,,,,
27.0,50.65767288208008,611328,0.0003,15.090516090393066,2980,5.960464477539063e-08,0.2,-0.013263358117546887,27.352489683032037,0.14085934,-3.3564791858196257,0.524609375,,,,,
27.0,47.12605285644531,612352,,,,,,,,,,,,,,,
27.0,45.6176872253418,613376,0.0003,17.861190795898438,2990,0.0,0.2,-0.013449602617765778,34.60681564807892,0.12119032,-3.3612334065139295,0.4865234375,,,,,
27.0,54.54792785644531,614400,,,,,,,,,,,,,,,
,,614400,,,,,,,,,,,46.22439386,522,1176,300,27.0
27.0,57.21435546875,615424,0.0003,8.360417366027832,3000,0.0,0.2,-0.0017510215751826764,18.649425613880158,0.143845,-3.3521023117005826,0.503955078125,,,,,
27.0,47.09764862060547,616448,,,,,,,,,,,,,,,
27.0,52.498695373535156,617472,0.0003,9.163949966430664,3010,0.0,0.2,-0.01896877898980165,18.087996345758437,0.12755021,-3.3752408534288407,0.510791015625,,,,,
27.0,47.1749267578125,618496,,,,,,,,,,,,,,,
27.0,43.50971221923828,619520,0.0003,6.857085227966309,3020,0.0,0.2,-0.03902641379245324,20.488116508722307,0.14967164,-3.37455153465271,0.51376953125,,,,,
27.0,46.532127380371094,620544,,,,,,,,,,,,,,,
27.0,46.02967834472656,621568,0.0003,13.637417793273926,3030,0.0,0.2,-0.012101284759410191,30.829631286859513,0.1318123,-3.351297214627266,0.492041015625,,,,,
27.0,39.069549560546875,622592,,,,,,,,,,,,,,,
27.0,27.070301055908203,623616,0.0003,14.49835205078125,3040,0.0,0.2,-0.023198364119161853,27.52536689043045,0.12730616,-3.369455569237471,0.504150390625,,,,,
27.0,32.80248260498047,624640,,,,,,,,,,,,,,,
27.0,25.572656631469727,625664,0.0003,9.793877601623535,3050,0.0,0.2,0.02287272015673807,23.19555556476116,0.1492362,-3.391230520606041,0.5298828125,,,,,
27.0,38.09336853027344,626688,,,,,,,,,,,,,,,
27.0,42.72789001464844,627712,0.0003,10.884247779846191,3060,-1.1920928955078125e-07,0.2,-0.0013946575156296604,21.38885954916477,0.12714416,-3.363955643028021,0.498828125,,,,,
27.0,55.56519317626953,628736,,,,,,,,,,,,,,,
27.0,45.360328674316406,629760,0.0003,12.220526695251465,3070,0.0,0.2,0.005491356711718254,21.975967147946356,0.13509053,-3.3563843540847302,0.5369140625,,,,,
27.0,41.30206298828125,630784,,,,,,,,,,,,,,,
27.0,47.22990417480469,631808,0.0003,14.042327880859375,3080,0.0,0.2,-0.02224465675535612,25.05843352377415,0.11609074,-3.3638450875878334,0.474365234375,,,,,
27.0,54.75642395019531,632832,,,,,,,,,,,,,,,
27.0,53.040653228759766,633856,0.0003,10.460254669189453,3090,0.0,0.2,-0.040397576536634006,23.03119862675667,0.13146415,-3.3574574068188667,0.520556640625,,,,,
27.0,42.523231506347656,634880,,,,,,,,,,,,,,,
,,634880,,,,,,,,,,,50.15075467999999,521,1216,310,27.0
27.0,37.81468963623047,635904,0.0003,9.702953338623047,3100,1.1920928955078125e-07,0.2,-0.01602886327164015,18.521423599123956,0.13258913,-3.378838586807251,0.519921875,,,,,
27.0,43.122283935546875,636928,,,,,,,,,,,,,,,
27.0,32.84701156616211,637952,0.0003,11.487971305847168,3110,0.0,0.2,0.0021282504909322596,23.66681769490242,0.13975394,-3.3678913258016108,0.54931640625,,,,,
27.0,45.45232391357422,638976,,,,,,,,,,,,,,,
27.0,51.003875732421875,640000,0.0003,7.725663661956787,3120,0.0,0.2,-0.017120738139783497,20.69401389658451,0.124963775,-3.3531684175133707,0.52890625,,,,,
27.0,54.636436462402344,641024,,,,,,,,,,,,,,,
27.0,54.52264404296875,642048,0.0003,9.982619285583496,3130,5.960464477539063e-08,0.2,-0.029471093192114495,22.89028907716274,0.13867638,-3.3455249674618246,0.5044921875,,,,,
27.0,43.30987548828125,643072,,,,,,,,,,,,,,,
27.0,32.523460388183594,644096,0.0003,11.046008110046387,3140,0.0,0.2,-0.03454397041059565,28.117545503377915,0.16661185,-3.3457505866885184,0.539404296875,,,,,
27.0,56.51349639892578,645120,,,,,,,,,,,,,,,
27.0,38.19439697265625,646144,0.0003,12.883481979370117,3150,0.0,0.2,-0.017996398838295135,20.89119670987129,0.1616762,-3.3402620986104012,0.528271484375,,,,,
27.0,53.04087829589844,647168,,,,,,,,,,,,,,,
27.0,40.77997970581055,648192,0.0003,7.972739219665527,3160,0.0,0.2,-0.022552132813143545,16.540460428595544,0.15018913,-3.333021029829979,0.548291015625,,,,,
27.0,32.29839324951172,649216,,,,,,,,,,,,,,,
27.0,45.61394500732422,650240,0.0003,9.983642578125,3170,0.0,0.2,-0.018879192002350463,21.481512340903283,0.15615052,-3.346237423270941,0.574951171875,,,,,
27.0,45.706382751464844,651264,,,,,,,,,,,,,,,
27.0,31.233112335205078,652288,0.0003,13.213488578796387,3180,0.0,0.2,-0.011666733009042219,24.708242079615594,0.16803925,-3.3484858348965645,0.52666015625,,,,,
27.0,36.53156280517578,653312,,,,,,,,,,,,,,,
27.0,38.595340728759766,654336,0.0003,7.663836479187012,3190,-1.1920928955078125e-07,0.2,-0.009820203298295383,19.16159693002701,0.16977474,-3.348855025321245,0.54130859375,,,,,
27.0,47.748199462890625,655360,,,,,,,,,,,,,,,
,,655360,,,,,,,,,,,47.79660647,521,1256,320,27.0
27.0,47.324275970458984,656384,0.0003,8.849306106567383,3200,0.0,0.2,-0.023455438626842805,19.870862874388695,0.16568854,-3.3428541153669356,0.571875,,,,,
27.0,34.630550384521484,657408,,,,,,,,,,,,,,,
27.0,49.47095489501953,658432,0.0003,9.512360572814941,3210,0.0,0.2,-0.017700688603508753,24.986609336733817,0.18615901,-3.3386177211999892,0.56650390625,,,,,
27.0,32.743141174316406,659456,,,,,,,,,,,,,,,
27.0,42.798126220703125,660480,0.0003,9.58364486694336,3220,0.0,0.2,0.00913583732326515,20.802812257409094,0.16594729,-3.34636614844203,0.5224609375,,,,,
27.0,48.50706100463867,661504,,,,,,,,,,,,,,,
27.0,42.04124450683594,662528,0.0003,11.847103118896484,3230,0.0,0.2,-0.006166296386800241,26.951876321434973,0.17667304,-3.3419092245399953,0.567724609375,,,,,
27.0,30.988027572631836,663552,,,,,,,,,,,,,,,
27.0,40.341800689697266,664576,0.0003,12.566144943237305,3240,0.0,0.2,-0.009297586849424989,25.70959414243698,0.1756925,-3.3327992744743824,0.5658203125,,,,,
27.0,54.07010269165039,665600,,,,,,,,,,,,,,,
27.0,39.46662139892578,666624,0.0003,10.549459457397461,3250,-1.1920928955078125e-07,0.2,-0.038431883814337195,18.112306958436967,0.18754013,-3.3441426932811735,0.608203125,,,,,
27.0,40.692474365234375,667648,,,,,,,,,,,,,,,
27.0,44.450439453125,668672,0.0003,12.67809772491455,3260,0.0,0.2,-0.0029642171299201435,24.914348548650743,0.15939942,-3.3429472245275975,0.55576171875,,,,,
27.0,38.135902404785156,669696,,,,,,,,,,,,,,,
27.0,47.6412353515625,670720,0.0003,8.390130043029785,3270,0.0,0.2,-0.022880702555994503,16.414504647254944,0.17047377,-3.353033522516489,0.566259765625,,,,,
27.0,52.81449890136719,671744,,,,,,,,,,,,,,,
27.0,56.55742645263672,672768,0.0003,12.963194847106934,3280,5.960464477539063e-08,0.2,-0.021235198497015516,23.193837186694147,0.15460071,-3.348272929340601,0.5078125,,,,,
27.0,52.32315444946289,673792,,,,,,,,,,,,,,,
27.0,39.48573684692383,674816,0.0003,11.4718599319458,3290,0.0,0.2,-0.023679364915005864,21.649668580293657,0.15273273,-3.3583558291196822,0.520703125,,,,,
27.0,55.7686767578125,675840,,,,,,,,,,,,,,,
,,675840,,,,,,,,,,,52.02514913,521,1296,330,27.0
27.0,49.50434875488281,676864,0.0003,10.820364952087402,3300,-1.1920928955078125e-07,0.2,-0.018195706453116144,28.12540785074234,0.19533557,-3.35423319414258,0.531640625,,,,,
27.0,53.57472229003906,677888,,,,,,,,,,,,,,,
27.0,39.11037063598633,678912,0.0003,12.266339302062988,3310,1.1920928955078125e-07,0.2,-0.020085490550263783,18.558032420277595,0.15951341,-3.3686461806297303,0.535498046875,,,,,
27.0,41.80865478515625,679936,,,,,,,,,,,,,,,
27.0,32.736328125,680960,0.0003,10.81659984588623,3320,0.0,0.2,-0.0006279369597905315,24.271253505349158,0.17687061,-3.372049057483673,0.5392578125,,,,,
27.0,29.76995086669922,681984,,,,,,,,,,,,,,,
27.0,29.810108184814453,683008,0.0003,10.685029983520508,3330,1.1920928955078125e-07,0.2,-0.018508432208909652,19.16083770096302,0.17152262,-3.3493987642228604,0.53642578125,,,,,
27.0,36.780418395996094,684032,,,,,,,,,,,,,,,
27.0,40.122737884521484,685056,0.0003,8.750758171081543,3340,5.960464477539063e-08,0.2,-0.03409555621474283,24.397245529294015,0.15432711,-3.3430069528520105,0.526025390625,,,,,
27.0,47.738807678222656,686080,,,,,,,,,,,,,,,
27.0,41.945640563964844,687104,0.0003,10.952619552612305,3350,-1.1920928955078125e-07,0.2,-0.027606843317335004,22.563878524303437,0.15109192,-3.356791041791439,0.53798828125,,,,,
27.0,36.579872131347656,688128,,,,,,,,,,,,,,,
27.0,51.00407028198242,689152,0.0003,13.467432022094727,3360,5.960464477539063e-08,0.2,-0.01678837935323827,25.53956989943981,0.15420534,-3.347258834540844,0.545947265625,,,,,
27.0,49.22603225708008,690176,,,,,,,,,,,,,,,
27.0,58.042057037353516,691200,0.0003,12.660857200622559,3370,0.0,0.2,-0.02962108138599433,19.11986179947853,0.16288775,-3.3552511908113956,0.555615234375,,,,,
27.0,49.859596252441406,692224,,,,,,,,,,,,,,,
27.0,44.420143127441406,693248,0.0003,14.222063064575195,3380,0.0,0.2,-0.030094500140694435,21.134175354242323,0.17657349,-3.358160501718521,0.54375,,,,,
27.0,52.159996032714844,694272,,,,,,,,,,,,,,,
27.0,57.90862274169922,695296,0.0003,15.94511890411377,3390,0.0,0.2,-0.006391324813012034,30.376634457707404,0.1650126,-3.3678561478853224,0.499755859375,,,,,
27.0,47.132041931152344,696320,,,,,,,,,,,,,,,
,,696320,,,,,,,,,,,49.06450032000001,521,1334,340,27.0
27.0,46.276851654052734,697344,0.0003,9.066683769226074,3400,0.0,0.2,-0.012635760182456579,22.18515202999115,0.1755526,-3.346755567193031,0.53818359375,,,,,
27.0,58.55128479003906,698368,,,,,,,,,,,,,,,
27.0,57.605316162109375,699392,0.0003,11.059992790222168,3410,0.0,0.2,-0.032308927411213516,22.545088797807693,0.19458055,-3.337853364646435,0.57109375,,,,,
27.0,58.66364288330078,700416,,,,,,,,,,,,,,,
27.0,48.615325927734375,701440,0.0003,9.769095420837402,3420,0.0,0.2,-0.025616144540254026,18.400567060709,0.16479886,-3.342150916904211,0.539208984375,,,,,
27.0,34.22229766845703,702464,,,,,,,,,,,,,,,
27.0,40.007144927978516,703488,0.0003,11.357945442199707,3430,0.0,0.2,-0.01152588798868237,24.586360082030296,0.21846643,-3.34910020083189,0.562890625,,,,,
27.0,50.998958587646484,704512,,,,,,,,,,,,,,,
27.0,35.872108459472656,705536,0.0003,13.577311515808105,3440,0.0,0.2,0.0006305908937065396,31.842454785108565,0.21223211,-3.3480746120214464,0.514111328125,,,,,
27.0,39.37824630737305,706560,,,,,,,,,,,,,,,
27.0,33.263118743896484,707584,0.0003,9.652701377868652,3450,-1.1920928955078125e-07,0.2,0.018724522518459706,17.665344884991647,0.17839006,-3.359585303068161,0.550390625,,,,,
27.0,45.72057342529297,708608,,,,,,,,,,,,,,,
27.0,43.929832458496094,709632,0.0003,7.982395648956299,3460,0.0,0.2,-0.002376441228261683,19.45389948785305,0.18627673,-3.3444552846252917,0.579443359375,,,,,
27.0,49.70597839355469,710656,,,,,,,,,,,,,,,
27.0,56.51919174194336,711680,0.0003,15.698314666748047,3470,0.0,0.2,-0.02198811682028463,27.299832147359847,0.17031652,-3.336601600050926,0.55283203125,,,,,
27.0,56.342506408691406,712704,,,,,,,,,,,,,,,
27.0,44.53184127807617,713728,0.0003,11.789589881896973,3480,0.0,0.2,-0.0070744986878708005,25.689562290906906,0.16737157,-3.342976065725088,0.5626953125,,,,,
27.0,48.56261444091797,714752,,,,,,,,,,,,,,,
27.0,52.46444320678711,715776,0.0003,10.597312927246094,3490,-1.1920928955078125e-07,0.2,-0.011965303556644357,21.981285014748572,0.14688973,-3.349168048799038,0.5349609375,,,,,
27.0,58.585411071777344,716800,,,,,,,,,,,,,,,
,,716800,,,,,,,,,,,44.93758307999999,521,1373,350,27.0
27.0,45.08094787597656,717824,0.0003,13.07335090637207,3500,5.960464477539063e-08,0.2,0.00612419075332582,25.68293002843857,0.15658328,-3.364190835505724,0.520751953125,,,,,
27.0,23.096656799316406,718848,,,,,,,,,,,,,,,
27.0,33.158817291259766,719872,0.0003,10.871322631835938,3510,5.960464477539063e-08,0.2,-0.02233551764220465,22.720421084761618,0.14219497,-3.3749363631010056,0.51572265625,,,,,
27.0,41.72638702392578,720896,,,,,,,,,,,,,,,
27.0,51.307411193847656,721920,0.0003,13.403112411499023,3520,0.0,0.2,-0.038302095544349865,24.187971100211143,0.17276458,-3.3705740496516228,0.53857421875,,,,,
27.0,52.943546295166016,722944,,,,,,,,,,,,,,,
27.0,45.95494842529297,723968,0.0003,12.669671058654785,3530,0.0,0.2,-0.004854297004931141,21.014651492238045,0.15550432,-3.3622937209904196,0.537939453125,,,,,
27.0,45.35945510864258,724992,,,,,,,,,,,,,,,
27.0,52.370574951171875,726016,0.0003,18.15788459777832,3540,0.0,0.2,-0.015858102779384355,36.52624713182449,0.18374619,-3.374093056470156,0.525927734375,,,,,
27.0,18.524097442626953,727040,,,,,,,,,,,,,,,
27.0,30.812652587890625,728064,0.0003,11.02191162109375,3550,0.0,0.2,-0.03626281324832235,22.591977846622466,0.14153743,-3.3708209045231343,0.491748046875,,,,,
27.0,48.25155258178711,729088,,,,,,,,,,,,,,,
27.0,55.34520721435547,730112,0.0003,8.667914390563965,3560,0.0,0.2,0.005812270106980577,22.230744031071662,0.15370637,-3.347864343225956,0.530322265625,,,,,
27.0,51.41992950439453,731136,,,,,,,,,,,,,,,
27.0,36.415863037109375,732160,0.0003,8.812816619873047,3570,0.0,0.2,-0.007686160976300016,21.119850698113442,0.16306949,-3.3515268117189407,0.496142578125,,,,,
27.0,27.856517791748047,733184,,,,,,,,,,,,,,,
27.0,38.44441223144531,734208,0.0003,11.227338790893555,3580,0.0,0.2,-0.02729546455811942,19.509758418798448,0.16238475,-3.3664316214621066,0.521435546875,,,,,
27.0,46.42884063720703,735232,,,,,,,,,,,,,,,
27.0,46.70561218261719,736256,0.0003,8.89000129699707,3590,0.0,0.2,-0.002225079878553515,19.461318588256837,0.14002383,-3.3798907928168775,0.526318359375,,,,,
27.0,56.11210250854492,737280,,,,,,,,,,,,,,,
,,737280,,,,,,,,,,,47.243901609999995,522,1412,360,27.0
27.0,56.58224105834961,738304,0.0003,15.403488159179688,3600,0.0,0.2,-0.004509620097815059,25.162297162413598,0.1552307,-3.368373576551676,0.515234375,,,,,
27.0,53.89434814453125,739328,,,,,,,,,,,,,,,
27.0,46.005950927734375,740352,0.0003,9.588435173034668,3610,0.0,0.2,-0.010091349743015598,20.06974567770958,0.14443082,-3.374086072295904,0.55712890625,,,,,
27.0,29.056474685668945,741376,,,,,,,,,,,,,,,
27.0,36.92278289794922,742400,0.0003,8.527219772338867,3620,-2.384185791015625e-07,0.2,-0.0013063119375146925,18.8176867634058,0.12832415,-3.378333556652069,0.49365234375,,,,,
27.0,42.68775177001953,743424,,,,,,,,,,,,,,,
27.0,41.58794403076172,744448,0.0003,11.674386978149414,3630,5.960464477539063e-08,0.2,-0.011410805420018733,25.98651783168316,0.15401995,-3.3798901423811913,0.51435546875,,,,,
27.0,48.90122985839844,745472,,,,,,,,,,,,,,,
27.0,55.7117919921875,746496,0.0003,11.07092571258545,3640,-1.1920928955078125e-07,0.2,-0.013092973246239125,25.28031670451164,0.132328,-3.360417625308037,0.5005859375,,,,,
27.0,37.22572326660156,747520,,,,,,,,,,,,,,,
27.0,51.3045654296875,748544,0.0003,12.086603164672852,3650,0.0,0.2,-0.014141748745896621,23.212666302919388,0.12395199,-3.362599717080593,0.492822265625,,,,,
27.0,45.54621505737305,749568,,,,,,,,,,,,,,,
27.0,51.811439514160156,750592,0.0003,9.352471351623535,3660,0.0,0.2,-0.020881962907878915,18.754492855072023,0.13542211,-3.3558947436511515,0.497509765625,,,,,
27.0,39.980247497558594,751616,,,,,,,,,,,,,,,
27.0,40.81354522705078,752640,0.0003,9.417962074279785,3670,0.0,0.2,-0.0150147371343337,22.424171835184097,0.10930295,-3.3539613872766494,0.485205078125,,,,,
27.0,44.46034240722656,753664,,,,,,,,,,,,,,,
27.0,52.30137634277344,754688,0.0003,9.546660423278809,3680,0.0,0.2,-0.019525709084700794,24.038632169365883,0.10632238,-3.3558988638222216,0.477685546875,,,,,
27.0,39.86304473876953,755712,,,,,,,,,,,,,,,
27.0,31.866718292236328,756736,0.0003,7.229977607727051,3690,1.1920928955078125e-07,0.2,-0.013785298142465763,16.091904303431512,0.08902777,-3.3696469739079475,0.457861328125,,,,,
27.0,48.289527893066406,757760,,,,,,,,,,,,,,,
,,757760,,,,,,,,,,,46.02548725999999,521,1453,370,27.0
27.0,57.862213134765625,758784,0.0003,10.181471824645996,3700,1.1920928955078125e-07,0.2,-0.019828749199950833,17.820776647329332,0.0815717,-3.368520616739988,0.450537109375,,,,,
27.0,40.65582275390625,759808,,,,,,,,,,,,,,,
27.0,42.578941345214844,760832,0.0003,8.340662002563477,3710,0.0,0.2,-0.010557686764514074,16.40072721540928,0.08083843,-3.3699164375662805,0.4298828125,,,,,
27.0,49.639400482177734,761856,,,,,,,,,,,,,,,
27.0,45.5859260559082,762880,0.0003,11.871081352233887,3720,0.0,0.2,-0.021570043126121163,27.911638379096985,0.081950374,-3.3659877121448516,0.445458984375,,,,,
27.0,41.082481384277344,763904,,,,,,,,,,,,,,,
27.0,45.32431411743164,764928,0.0003,8.309998512268066,3730,0.0,0.2,-0.020694177567202134,20.29604489207268,0.07636155,-3.3781592033803465,0.428125,,,,,
27.0,56.06880187988281,765952,,,,,,,,,,,,,,,
27.0,57.71666717529297,766976,0.0003,5.992957592010498,3740,0.0,0.2,0.00011631710804067552,14.657272684574128,0.104958996,-3.380893249064684,0.52578125,,,,,
27.0,51.71324157714844,768000,,,,,,,,,,,,,,,
27.0,59.72475051879883,769024,0.0003,10.36263370513916,3750,0.0,0.2,-0.038499243164551444,21.12435900270939,0.10122423,-3.383889023959637,0.453125,,,,,
27.0,39.829925537109375,770048,,,,,,,,,,,,,,,
27.0,42.51628112792969,771072,0.0003,11.299654960632324,3760,5.960464477539063e-08,0.2,-0.006149637576891109,24.689802879095076,0.10997099,-3.3835663489997385,0.483447265625,,,,,
27.0,41.80887222290039,772096,,,,,,,,,,,,,,,
27.0,37.47845458984375,773120,0.0003,7.080042362213135,3770,0.0,0.2,-0.020670756134495604,19.891022476553918,0.11717615,-3.388032726943493,0.501171875,,,,,
27.0,37.25126647949219,774144,,,,,,,,,,,,,,,
27.0,41.376312255859375,775168,0.0003,10.137773513793945,3780,-1.1920928955078125e-07,0.2,-0.036257751076482235,20.150580018758774,0.13088383,-3.38877135142684,0.481591796875,,,,,
27.0,58.15374755859375,776192,,,,,,,,,,,,,,,
27.0,53.41266632080078,777216,0.0003,10.041196823120117,3790,0.0,0.2,-0.007159806051640771,20.789253559708595,0.14766979,-3.366226927936077,0.557470703125,,,,,
27.0,55.243621826171875,778240,,,,,,,,,,,,,,,
,,778240,,,,,,,,,,,49.10168285999999,520,1495,380,27.0
27.0,35.711856842041016,779264,0.0003,9.96003532409668,3800,0.0,0.2,-0.03866654505836777,20.255135154724123,0.11400197,-3.3518303222954273,0.525244140625,,,,,
27.0,49.40521240234375,780288,,,,,,,,,,,,,,,
27.0,50.72156524658203,781312,0.0003,12.731330871582031,3810,5.960464477539063e-08,0.2,-0.03135233127104584,24.88245454132557,0.112921484,-3.339076329022646,0.472607421875,,,,,
27.0,50.859764099121094,782336,,,,,,,,,,,,,,,
27.0,52.747100830078125,783360,0.0003,11.022849082946777,3820,1.1920928955078125e-07,0.2,-0.03203280155576067,21.274776366353034,0.13031578,-3.3383272007107734,0.502685546875,,,,,
27.0,57.7137451171875,784384,,,,,,,,,,,,,,,
27.0,50.923614501953125,785408,0.0003,9.10161018371582,3830,0.0,0.2,-0.041078113976982425,20.875754880905152,0.11966832,-3.345242354273796,0.50322265625,,,,,
27.0,42.975948333740234,786432,,,,,,,,,,,,,,,
27.0,49.36900329589844,787456,0.0003,12.73491096496582,3840,0.0,0.2,-0.00102359644806711,28.455215638875963,0.12180728,-3.3455840475857257,0.4876953125,,,,,
27.0,59.139644622802734,788480,,,,,,,,,,,,,,,
27.0,46.00586700439453,789504,0.0003,16.419086456298828,3850,0.0,0.2,0.0017680464094155467,31.167280012369154,0.15779462,-3.3613059602677824,0.512255859375,,,,,
27.0,42.962554931640625,790528,,,,,,,,,,,,,,,
27.0,46.393592834472656,791552,0.0003,15.275352478027344,3860,0.0,0.2,-0.042545079599949534,24.606587225198744,0.12624258,-3.35149635002017,0.500732421875,,,,,
27.0,40.7802619934082,792576,,,,,,,,,,,,,,,
27.0,47.90351104736328,793600,0.0003,8.680915832519531,3870,0.0,0.2,-0.03777630185213639,15.545059084892273,0.107553706,-3.343086253106594,0.5,,,,,
27.0,49.343475341796875,794624,,,,,,,,,,,,,,,
27.0,50.443443298339844,795648,0.0003,11.654399871826172,3880,0.0,0.2,-0.03520021146687213,19.379104679822923,0.11409956,-3.3475012816488743,0.515478515625,,,,,
27.0,42.546607971191406,796672,,,,,,,,,,,,,,,
27.0,24.007400512695312,797696,0.0003,15.449545860290527,3890,5.960464477539063e-08,0.2,-0.0009885224455501885,27.09425495862961,0.10401131,-3.3547885358333587,0.503369140625,,,,,
27.0,57.694068908691406,798720,,,,,,,,,,,,,,,
,,798720,,,,,,,,,,,44.612753870000006,519,1536,390,27.0
27.0,59.01961135864258,799744,0.0003,10.28952407836914,3900,-1.1920928955078125e-07,0.2,-0.007663335936376825,24.06278140246868,0.1275644,-3.3863952197134495,0.507470703125,,,,,
27.0,46.061222076416016,800768,,,,,,,,,,,,,,,
