eval/mean_ep_length,time/total_timesteps,eval/mean_reward,train/clip_fraction,train/loss,train/policy_gradient_loss,train/entropy_loss,train/explained_variance,train/approx_kl,train/n_updates,train/learning_rate,train/clip_range,train/value_loss,rollout/ep_len_mean,time/time_elapsed,rollout/ep_rew_mean,time/fps,time/iterations
50.0,252404,31.253664016723633,,,,,,,,,,,,,,,
50.0,252904,30.715892791748047,,,,,,,,,,,,,,,
50.0,253404,32.860599517822266,,,,,,,,,,,,,,,
50.0,253904,32.46489715576172,,,,,,,,,,,,,,,
50.0,254404,29.556785583496094,0.07470703125,29987.083984375,-0.007340263496735134,-2.194402987509966,0.0,0.013974866,1240,0.0003,0.2,60440.483850097655,,,,,
50.0,254904,30.366222381591797,,,,,,,,,,,,,,,
50.0,255404,29.171222686767578,,,,,,,,,,,,,,,
50.0,255904,28.66358184814453,,,,,,,,,,,,,,,
50.0,256404,31.008255004882812,0.0966796875,26253.546875,-0.00916840755235171,-2.239782449603081,0.0,0.014118828,1250,0.0003,0.2,56103.2751953125,,,,,
50.0,256904,28.90639305114746,,,,,,,,,,,,,,,
50.0,257404,29.033445358276367,,,,,,,,,,,,,,,
50.0,257904,32.025001525878906,,,,,,,,,,,,,,,
50.0,258404,32.51352310180664,0.066845703125,32322.70703125,-0.0060964797565247865,-2.2920369833707808,0.0,0.014187628,1260,0.0003,0.2,57775.15223388672,,,,,
50.0,258904,29.801328659057617,,,,,,,,,,,,,,,
50.0,259404,32.379249572753906,,,,,,,,,,,,,,,
50.0,259904,30.94573974609375,,,,,,,,,,,,,,,
50.0,260404,31.618736267089844,0.085009765625,30646.150390625,-0.007454988241079263,-2.3069971852004527,0.0,0.015417794,1270,0.0003,0.2,59567.9459350586,,,,,
50.0,260904,29.269638061523438,,,,,,,,,,,,,,,
50.0,261404,32.17509841918945,,,,,,,,,,,,,,,
50.0,261904,31.993915557861328,,,,,,,,,,,,,,,
50.0,262404,28.87249755859375,0.052294921875,30098.484375,-0.004935972395469434,-2.2948665887117388,0.0,0.012810435,1280,0.0003,0.2,59662.870385742186,,,,,
50.0,262904,32.18588638305664,,,,,,,,,,,,,,,
50.0,263404,32.18413162231445,,,,,,,,,,,,,,,
50.0,263904,28.147686004638672,,,,,,,,,,,,,,,
50.0,264404,31.14335823059082,0.094384765625,28163.728515625,-0.008841692523856182,-2.326686646044254,0.0,0.015354867,1290,0.0003,0.2,57795.60837402344,,,,,
50.0,264904,30.092247009277344,,,,,,,,,,,,,,,
50.0,265404,31.519515991210938,,,,,,,,,,,,,,,
50.0,265904,32.702232360839844,,,,,,,,,,,,,,,
50.0,266404,29.10244369506836,0.10625,28490.400390625,-0.009509552241070196,-2.3540792472660543,-1.1920928955078125e-07,0.014290312,1300,0.0003,0.2,59892.898864746094,,,,,
50.0,266904,31.70502471923828,,,,,,,,,,,,,,,
50.0,267404,30.299699783325195,,,,,,,,,,,,,,,
50.0,267904,30.040996551513672,,,,,,,,,,,,,,,
50.0,268404,30.56798553466797,0.0974609375,29592.373046875,-0.009162385266972706,-2.338177176564932,0.0,0.0135579035,1310,0.0003,0.2,60572.04378662109,,,,,
50.0,268904,31.16008758544922,,,,,,,,,,,,,,,
50.0,269404,29.99651336669922,,,,,,,,,,,,,,,
50.0,269904,32.37018966674805,,,,,,,,,,,,,,,
50.0,270404,33.45823669433594,0.07314453125,28559.9296875,-0.006910903708194383,-2.3404933139681816,0.0,0.01433726,1320,0.0003,0.2,56568.50712890625,,,,,
50.0,270904,31.28514289855957,,,,,,,,,,,,,,,
50.0,271404,33.15056228637695,,,,,,,,,,,,,,,
50.0,271904,32.60017395019531,,,,,,,,,,,,,,,
,272384,,,,,,,,,,,,50.0,559,1261.01620179,36,10
50.0,272404,32.45409393310547,0.024462890625,29369.685546875,-0.0020339914975920693,-2.338703490793705,0.0,0.009334432,1330,0.0003,0.2,53516.18140869141,,,,,
50.0,272904,30.818950653076172,,,,,,,,,,,,,,,
50.0,273404,28.73871612548828,,,,,,,,,,,,,,,
50.0,273904,27.244766235351562,,,,,,,,,,,,,,,
50.0,274404,31.83843421936035,,,,,,,,,,,,,,,
50.0,274904,33.060218811035156,0.0400390625,26762.7578125,-0.004222055352875032,-2.3399353213608265,0.0,0.014802182,1340,0.0003,0.2,58969.91043701172,,,,,
50.0,275404,33.22895812988281,,,,,,,,,,,,,,,
50.0,275904,29.435165405273438,,,,,,,,,,,,,,,
50.0,276404,31.32464599609375,,,,,,,,,,,,,,,
50.0,276904,30.041851043701172,0.08740234375,26520.728515625,-0.008395637915236875,-2.346858982741833,5.960464477539063e-08,0.011729025,1350,0.0003,0.2,60576.044604492185,,,,,
50.0,277404,31.669103622436523,,,,,,,,,,,,,,,
50.0,277904,28.98236083984375,,,,,,,,,,,,,,,
50.0,278404,32.557132720947266,,,,,,,,,,,,,,,
50.0,278904,33.16581344604492,0.102294921875,34794.40234375,-0.00983532234095037,-2.3299888536334037,0.0,0.014064919,1360,0.0003,0.2,60988.76650390625,,,,,
50.0,279404,30.195934295654297,,,,,,,,,,,,,,,
50.0,279904,32.0951042175293,,,,,,,,,,,,,,,
50.0,280404,33.08641815185547,,,,,,,,,,,,,,,
50.0,280904,31.701148986816406,0.061376953125,28586.82421875,-0.005485531646991148,-2.315794699639082,0.0,0.013161773,1370,0.0003,0.2,57525.554138183594,,,,,
50.0,281404,28.034793853759766,,,,,,,,,,,,,,,
50.0,281904,28.397544860839844,,,,,,,,,,,,,,,
50.0,282404,29.81497573852539,,,,,,,,,,,,,,,
50.0,282904,31.466106414794922,0.096923828125,29197.970703125,-0.008814417535904794,-2.3329226300120354,0.0,0.015174731,1380,0.0003,0.2,59591.24812011719,,,,,
50.0,283404,30.842384338378906,,,,,,,,,,,,,,,
50.0,283904,30.72283363342285,,,,,,,,,,,,,,,
50.0,284404,29.444564819335938,,,,,,,,,,,,,,,
50.0,284904,27.876197814941406,0.04736328125,27767.98828125,-0.004221758194034919,-2.331647779047489,0.0,0.008885922,1390,0.0003,0.2,59162.42845458984,,,,,
50.0,285404,31.771156311035156,,,,,,,,,,,,,,,
50.0,285904,32.592071533203125,,,,,,,,,,,,,,,
50.0,286404,32.746315002441406,,,,,,,,,,,,,,,
50.0,286904,32.842628479003906,0.05234375,30806.26953125,-0.0051688685969566,-2.3025133304297922,0.0,0.012234589,1400,0.0003,0.2,57624.27130126953,,,,,
50.0,287404,32.51927947998047,,,,,,,,,,,,,,,
50.0,287904,32.92028045654297,,,,,,,,,,,,,,,
50.0,288404,33.30204772949219,,,,,,,,,,,,,,,
50.0,288904,32.32199478149414,0.023388671875,27869.853515625,-0.0021183372984523883,-2.296032263338566,-1.1920928955078125e-07,0.0078119244,1410,0.0003,0.2,56311.054748535156,,,,,
50.0,289404,33.403045654296875,,,,,,,,,,,,,,,
50.0,289904,29.289323806762695,,,,,,,,,,,,,,,
50.0,290404,31.653278350830078,,,,,,,,,,,,,,,
50.0,290904,31.507171630859375,0.06416015625,28354.048828125,-0.005752323113847524,-2.32499737739563,-1.1920928955078125e-07,0.011992923,1420,0.0003,0.2,56714.81181640625,,,,,
50.0,291404,26.16910171508789,,,,,,,,,,,,,,,
50.0,291904,30.41090202331543,,,,,,,,,,,,,,,
50.0,292404,32.1607780456543,,,,,,,,,,,,,,,
,292864,,,,,,,,,,,,50.0,661,1295.95451036,61,20
50.0,292904,30.236120223999023,0.03349609375,28667.7265625,-0.0036584731191396714,-2.323326823115349,0.0,0.011188223,1430,0.0003,0.2,58791.37655029297,,,,,
50.0,293404,31.680706024169922,,,,,,,,,,,,,,,
50.0,293904,32.96168518066406,,,,,,,,,,,,,,,
50.0,294404,29.113075256347656,,,,,,,,,,,,,,,
50.0,294904,30.556411743164062,,,,,,,,,,,,,,,
50.0,295404,32.67919921875,0.081591796875,27018.23046875,-0.00725272937270347,-2.2946836657822134,0.0,0.01355117,1440,0.0003,0.2,54936.320324707034,,,,,
50.0,295904,32.17383575439453,,,,,,,,,,,,,,,
50.0,296404,30.68331527709961,,,,,,,,,,,,,,,
50.0,296904,29.618244171142578,,,,,,,,,,,,,,,
50.0,297404,31.69817352294922,0.08896484375,26091.466796875,-0.008445901644881815,-2.3155437052249908,0.0,0.014194945,1450,0.0003,0.2,55413.842248535155,,,,,
50.0,297904,33.317169189453125,,,,,,,,,,,,,,,
50.0,298404,31.01116180419922,,,,,,,,,,,,,,,
50.0,298904,29.576828002929688,,,,,,,,,,,,,,,
50.0,299404,30.547260284423828,0.074462890625,25792.794921875,-0.007174177098204382,-2.3003257386386395,0.0,0.01294429,1460,0.0003,0.2,57069.651171875,,,,,
50.0,299904,31.885639190673828,,,,,,,,,,,,,,,
50.0,300404,30.59518051147461,,,,,,,,,,,,,,,
50.0,300904,33.16691970825195,,,,,,,,,,,,,,,
50.0,301404,31.589656829833984,0.083447265625,26310.703125,-0.007517802789516281,-2.278158200532198,0.0,0.015051886,1470,0.0003,0.2,53051.15881347656,,,,,
50.0,301904,32.817317962646484,,,,,,,,,,,,,,,
50.0,302404,32.912200927734375,,,,,,,,,,,,,,,
50.0,302904,31.416812896728516,,,,,,,,,,,,,,,
50.0,303404,30.33940315246582,0.065087890625,27462.66796875,-0.005716027936432511,-2.245089790970087,0.0,0.012549847,1480,0.0003,0.2,55878.53343505859,,,,,
50.0,303904,32.613426208496094,,,,,,,,,,,,,,,
50.0,304404,33.73938751220703,,,,,,,,,,,,,,,
50.0,304904,32.069976806640625,,,,,,,,,,,,,,,
50.0,305404,32.23459243774414,0.0701171875,23650.5234375,-0.006042202451499179,-2.245924840867519,0.0,0.013415271,1490,0.0003,0.2,53147.316467285156,,,,,
50.0,305904,32.34187316894531,,,,,,,,,,,,,,,
50.0,306404,31.996145248413086,,,,,,,,,,,,,,,
50.0,306904,31.233509063720703,,,,,,,,,,,,,,,
50.0,307404,28.84204864501953,0.04267578125,24234.970703125,-0.0041012197209056465,-2.2586068756878377,0.0,0.0103630815,1500,0.0003,0.2,51928.16599121094,,,,,
50.0,307904,32.65370178222656,,,,,,,,,,,,,,,
50.0,308404,31.326988220214844,,,,,,,,,,,,,,,
50.0,308904,33.884674072265625,,,,,,,,,,,,,,,
50.0,309404,31.7193603515625,0.15849609375,28177.62109375,-0.014377291713026352,-2.2931839875876903,0.0,0.018276576,1510,0.0003,0.2,54673.755053710935,,,,,
50.0,309904,31.18698501586914,,,,,,,,,,,,,,,
50.0,310404,29.60406494140625,,,,,,,,,,,,,,,
50.0,310904,31.572519302368164,,,,,,,,,,,,,,,
50.0,311404,32.325904846191406,0.06875,24778.12890625,-0.006673399622377474,-2.303763526678085,0.0,0.01587924,1520,0.0003,0.2,52441.05463867188,,,,,
50.0,311904,30.552711486816406,,,,,,,,,,,,,,,
50.0,312404,30.830917358398438,,,,,,,,,,,,,,,
50.0,312904,33.23722839355469,,,,,,,,,,,,,,,
,313344,,,,,,,,,,,,50.0,762,1287.63156268,80,30
50.0,313404,32.804779052734375,0.06611328125,29283.830078125,-0.0055908835463924335,-2.3074361942708492,0.0,0.011291811,1530,0.0003,0.2,52766.01157226563,,,,,
50.0,313904,30.917510986328125,,,,,,,,,,,,,,,
50.0,314404,33.317264556884766,,,,,,,,,,,,,,,
50.0,314904,31.357332229614258,,,,,,,,,,,,,,,
50.0,315404,32.54783630371094,0.045654296875,27047.0078125,-0.0044058400409994645,-2.3122993670403957,0.0,0.011417164,1540,0.0003,0.2,51263.73721923828,,,,,
50.0,315904,29.449188232421875,,,,,,,,,,,,,,,
50.0,316404,32.55625534057617,,,,,,,,,,,,,,,
50.0,316904,31.048561096191406,,,,,,,,,,,,,,,
50.0,317404,33.063682556152344,,,,,,,,,,,,,,,
50.0,317904,29.82854652404785,0.06484375,25098.71875,-0.005698178250167984,-2.3127699427306654,0.0,0.012562462,1550,0.0003,0.2,49531.80252685547,,,,,
50.0,318404,30.063560485839844,,,,,,,,,,,,,,,
50.0,318904,32.703548431396484,,,,,,,,,,,,,,,
50.0,319404,28.835521697998047,,,,,,,,,,,,,,,
50.0,319904,32.270164489746094,0.069091796875,22078.3515625,-0.0066061247372999786,-2.312295652925968,0.0,0.014132352,1560,0.0003,0.2,50522.87572021484,,,,,
50.0,320404,28.72263526916504,,,,,,,,,,,,,,,
50.0,320904,31.83470916748047,,,,,,,,,,,,,,,
50.0,321404,30.740009307861328,,,,,,,,,,,,,,,
50.0,321904,30.345294952392578,0.075634765625,24732.07421875,-0.007585015037329867,-2.310846670717001,0.0,0.014975518,1570,0.0003,0.2,52575.930212402345,,,,,
50.0,322404,30.390457153320312,,,,,,,,,,,,,,,
50.0,322904,29.154521942138672,,,,,,,,,,,,,,,
50.0,323404,30.318191528320312,,,,,,,,,,,,,,,
50.0,323904,30.47988510131836,0.075146484375,25204.328125,-0.00663158707175171,-2.310597700625658,0.0,0.014646494,1580,0.0003,0.2,51176.128405761716,,,,,
50.0,324404,31.79498291015625,,,,,,,,,,,,,,,
50.0,324904,32.90883255004883,,,,,,,,,,,,,,,
50.0,325404,31.769241333007812,,,,,,,,,,,,,,,
50.0,325904,32.67308044433594,0.116845703125,23573.5859375,-0.010782790757366456,-2.30981909558177,0.0,0.013800755,1590,0.0003,0.2,51876.83621826172,,,,,
50.0,326404,29.64132308959961,,,,,,,,,,,,,,,
50.0,326904,31.859182357788086,,,,,,,,,,,,,,,
50.0,327404,33.99415588378906,,,,,,,,,,,,,,,
50.0,327904,32.60271453857422,0.05869140625,25648.166015625,-0.005149625238846056,-2.3039063990116118,0.0,0.014408277,1600,0.0003,0.2,54271.08354492187,,,,,
50.0,328404,31.66425323486328,,,,,,,,,,,,,,,
50.0,328904,32.1859245300293,,,,,,,,,,,,,,,
50.0,329404,32.04682922363281,,,,,,,,,,,,,,,
50.0,329904,31.344064712524414,0.075634765625,22133.490234375,-0.006757381118950434,-2.3038393653929234,0.0,0.014041303,1610,0.0003,0.2,50950.34470214844,,,,,
50.0,330404,32.39817810058594,,,,,,,,,,,,,,,
50.0,330904,33.688995361328125,,,,,,,,,,,,,,,
50.0,331404,30.839035034179688,,,,,,,,,,,,,,,
50.0,331904,31.571210861206055,0.079638671875,24885.033203125,-0.007619999602320604,-2.301824761927128,5.960464477539063e-08,0.015120527,1620,0.0003,0.2,51125.58912353516,,,,,
50.0,332404,31.55276870727539,,,,,,,,,,,,,,,
50.0,332904,31.025901794433594,,,,,,,,,,,,,,,
50.0,333404,32.550758361816406,,,,,,,,,,,,,,,
,333824,,,,,,,,,,,,50.0,862,1309.56009017,94,40
50.0,333904,31.93429946899414,0.1021484375,22974.80078125,-0.009314892123802565,-2.3070913299918177,-1.1920928955078125e-07,0.017003257,1630,0.0003,0.2,53597.31431884765,,,,,
50.0,334404,32.291297912597656,,,,,,,,,,,,,,,
50.0,334904,32.82730484008789,,,,,,,,,,,,,,,
50.0,335404,33.14573669433594,,,,,,,,,,,,,,,
50.0,335904,31.168041229248047,0.0849609375,26286.443359375,-0.006792452931404114,-2.308074466884136,-1.1920928955078125e-07,0.01608492,1640,0.0003,0.2,50757.79466552734,,,,,
50.0,336404,32.69860076904297,,,,,,,,,,,,,,,
50.0,336904,31.76112174987793,,,,,,,,,,,,,,,
50.0,337404,32.649776458740234,,,,,,,,,,,,,,,
50.0,337904,30.368528366088867,,,,,,,,,,,,,,,
50.0,338404,29.699142456054688,0.081103515625,23728.6953125,-0.007595833472441882,-2.3203520834445954,0.0,0.016154349,1650,0.0003,0.2,48652.31005859375,,,,,
50.0,338904,31.180160522460938,,,,,,,,,,,,,,,
50.0,339404,32.91719055175781,,,,,,,,,,,,,,,
50.0,339904,30.944293975830078,,,,,,,,,,,,,,,
50.0,340404,32.752803802490234,0.043505859375,24705.603515625,-0.004160885661258362,-2.323032566159964,0.0,0.011439225,1660,0.0003,0.2,53000.205017089844,,,,,
50.0,340904,32.26227569580078,,,,,,,,,,,,,,,
50.0,341404,29.050819396972656,,,,,,,,,,,,,,,
50.0,341904,31.46411895751953,,,,,,,,,,,,,,,
50.0,342404,32.65340042114258,0.079150390625,22377.998046875,-0.006676658900687471,-2.3008590921759606,0.0,0.014129151,1670,0.0003,0.2,50902.6693359375,,,,,
50.0,342904,33.99921417236328,,,,,,,,,,,,,,,
50.0,343404,35.730995178222656,,,,,,,,,,,,,,,
50.0,343904,32.03685760498047,,,,,,,,,,,,,,,
50.0,344404,31.92746925354004,0.084716796875,26832.142578125,-0.00756766957056243,-2.3112559050321577,0.0,0.015492016,1680,0.0003,0.2,50603.98491210937,,,,,
50.0,344904,30.44126319885254,,,,,,,,,,,,,,,
50.0,345404,33.01850891113281,,,,,,,,,,,,,,,
50.0,345904,32.76921844482422,,,,,,,,,,,,,,,
50.0,346404,34.004150390625,0.10869140625,22762.44140625,-0.009423654573038221,-2.2989654913544655,0.0,0.01230995,1690,0.0003,0.2,49533.25693359375,,,,,
50.0,346904,32.18815612792969,,,,,,,,,,,,,,,
50.0,347404,32.94251251220703,,,,,,,,,,,,,,,
50.0,347904,33.00104522705078,,,,,,,,,,,,,,,
50.0,348404,31.4677734375,0.095458984375,23676.826171875,-0.008734236817690543,-2.2843767270445823,0.0,0.014905632,1700,0.0003,0.2,50238.180078125,,,,,
50.0,348904,33.186378479003906,,,,,,,,,,,,,,,
50.0,349404,32.731754302978516,,,,,,,,,,,,,,,
50.0,349904,33.94278335571289,,,,,,,,,,,,,,,
50.0,350404,32.04736328125,0.05,23660.58984375,-0.004746972327120602,-2.2902303390204906,-1.1920928955078125e-07,0.014006352,1710,0.0003,0.2,47694.543957519534,,,,,
50.0,350904,31.882404327392578,,,,,,,,,,,,,,,
50.0,351404,30.948497772216797,,,,,,,,,,,,,,,
50.0,351904,31.952293395996094,,,,,,,,,,,,,,,
50.0,352404,31.296295166015625,0.034619140625,24909.859375,-0.002538269042270258,-2.2743781842291355,0.0,0.009741154,1720,0.0003,0.2,49020.811743164064,,,,,
50.0,352904,31.057641983032227,,,,,,,,,,,,,,,
50.0,353404,29.736989974975586,,,,,,,,,,,,,,,
50.0,353904,31.214542388916016,,,,,,,,,,,,,,,
,354304,,,,,,,,,,,,50.0,961,1305.15123596,106,50
50.0,354404,31.506689071655273,0.1013671875,21980.42578125,-0.009131160122342408,-2.280504608899355,0.0,0.016036851,1730,0.0003,0.2,48130.28638916016,,,,,
50.0,354904,30.794178009033203,,,,,,,,,,,,,,,
50.0,355404,31.447792053222656,,,,,,,,,,,,,,,
50.0,355904,31.491741180419922,,,,,,,,,,,,,,,
50.0,356404,33.281089782714844,0.08505859375,23689.994140625,-0.007260960905114189,-2.276641544699669,-1.1920928955078125e-07,0.012930237,1740,0.0003,0.2,51223.577185058595,,,,,
50.0,356904,33.0394172668457,,,,,,,,,,,,,,,
50.0,357404,32.94120788574219,,,,,,,,,,,,,,,
50.0,357904,32.14105224609375,,,,,,,,,,,,,,,
50.0,358404,32.508331298828125,0.0943359375,22377.412109375,-0.008762832236243412,-2.304310717433691,1.1920928955078125e-07,0.015329242,1750,0.0003,0.2,45060.912634277345,,,,,
50.0,358904,32.845115661621094,,,,,,,,,,,,,,,
50.0,359404,33.036197662353516,,,,,,,,,,,,,,,
50.0,359904,31.25275993347168,,,,,,,,,,,,,,,
50.0,360404,32.67251205444336,,,,,,,,,,,,,,,
50.0,360904,32.08620834350586,0.0662109375,26451.033203125,-0.005872829083818943,-2.310945627838373,0.0,0.014373602,1760,0.0003,0.2,48474.526953125,,,,,
50.0,361404,31.40952491760254,,,,,,,,,,,,,,,
50.0,361904,32.59444808959961,,,,,,,,,,,,,,,
50.0,362404,32.65430450439453,,,,,,,,,,,,,,,
50.0,362904,33.2454833984375,0.076220703125,21584.9609375,-0.006579768462688662,-2.295193604379892,0.0,0.013200956,1770,0.0003,0.2,47706.10837402344,,,,,
50.0,363404,30.699005126953125,,,,,,,,,,,,,,,
50.0,363904,32.185176849365234,,,,,,,,,,,,,,,
50.0,364404,32.448062896728516,,,,,,,,,,,,,,,
50.0,364904,30.535640716552734,0.074658203125,20848.10546875,-0.006247453604009934,-2.2973401047289372,0.0,0.012398958,1780,0.0003,0.2,46584.228015136716,,,,,
50.0,365404,32.449161529541016,,,,,,,,,,,,,,,
50.0,365904,30.590885162353516,,,,,,,,,,,,,,,
50.0,366404,30.855993270874023,,,,,,,,,,,,,,,
50.0,366904,33.20697021484375,0.066064453125,22151.646484375,-0.005866700466140173,-2.3110672242939474,1.1920928955078125e-07,0.015058452,1790,0.0003,0.2,47188.79774169922,,,,,
50.0,367404,32.37382507324219,,,,,,,,,,,,,,,
50.0,367904,28.54033088684082,,,,,,,,,,,,,,,
50.0,368404,33.666404724121094,,,,,,,,,,,,,,,
50.0,368904,29.25984001159668,0.07802734375,27186.6015625,-0.007270637786132283,-2.31056003421545,0.0,0.015657172,1800,0.0003,0.2,49458.813952636716,,,,,
50.0,369404,33.39063262939453,,,,,,,,,,,,,,,
50.0,369904,32.59819793701172,,,,,,,,,,,,,,,
50.0,370404,32.81977844238281,,,,,,,,,,,,,,,
50.0,370904,32.37900924682617,0.034912109375,22090.919921875,-0.002831936243455857,-2.3090203404426575,0.0,0.0092274975,1810,0.0003,0.2,47522.4373046875,,,,,
50.0,371404,31.67879295349121,,,,,,,,,,,,,,,
50.0,371904,32.94779586791992,,,,,,,,,,,,,,,
50.0,372404,32.57795333862305,,,,,,,,,,,,,,,
50.0,372904,29.552989959716797,0.03896484375,23633.84765625,-0.0033260508498642594,-2.304014004766941,0.0,0.012022148,1820,0.0003,0.2,45506.818884277345,,,,,
50.0,373404,32.62760543823242,,,,,,,,,,,,,,,
50.0,373904,32.068275451660156,,,,,,,,,,,,,,,
50.0,374404,29.208898544311523,,,,,,,,,,,,,,,
,374784,,,,,,,,,,,,50.0,1061,1322.44502218,115,60
50.0,374904,32.92469024658203,0.096337890625,22860.515625,-0.008213285644887946,-2.314668908715248,0.0,0.016219813,1830,0.0003,0.2,45461.15512695313,,,,,
50.0,375404,33.388702392578125,,,,,,,,,,,,,,,
50.0,375904,31.871292114257812,,,,,,,,,,,,,,,
50.0,376404,31.893367767333984,,,,,,,,,,,,,,,
50.0,376904,34.04710006713867,0.067236328125,23382.392578125,-0.006098620611010119,-2.312430337816477,-1.1920928955078125e-07,0.015301382,1840,0.0003,0.2,43765.14895019531,,,,,
50.0,377404,32.92082977294922,,,,,,,,,,,,,,,
50.0,377904,32.632301330566406,,,,,,,,,,,,,,,
50.0,378404,32.937583923339844,,,,,,,,,,,,,,,
50.0,378904,31.632183074951172,0.1123046875,21525.81640625,-0.010261241512489505,-2.3164096660912037,0.0,0.016758747,1850,0.0003,0.2,43445.396008300784,,,,,
50.0,379404,32.167518615722656,,,,,,,,,,,,,,,
50.0,379904,31.79669189453125,,,,,,,,,,,,,,,
50.0,380404,32.69451141357422,,,,,,,,,,,,,,,
50.0,380904,31.756357192993164,,,,,,,,,,,,,,,
50.0,381404,31.70294189453125,0.105908203125,21361.443359375,-0.009793874970637263,-2.3185184098780156,0.0,0.014684776,1860,0.0003,0.2,44010.64853515625,,,,,
50.0,381904,33.21166229248047,,,,,,,,,,,,,,,
50.0,382404,32.20941925048828,,,,,,,,,,,,,,,
50.0,382904,32.01068115234375,,,,,,,,,,,,,,,
50.0,383404,31.58651351928711,0.098583984375,20944.80859375,-0.008764457324286924,-2.3071287117898462,1.1920928955078125e-07,0.015999041,1870,0.0003,0.2,45979.39931640625,,,,,
50.0,383904,30.844518661499023,,,,,,,,,,,,,,,
50.0,384404,33.040462493896484,,,,,,,,,,,,,,,
50.0,384904,32.35504913330078,,,,,,,,,,,,,,,
50.0,385404,31.90066146850586,0.01748046875,22205.6640625,-0.0011527991126058623,-2.305038229376078,0.0,0.008364387,1880,0.0003,0.2,45763.16826171875,,,,,
50.0,385904,31.890361785888672,,,,,,,,,,,,,,,
50.0,386404,33.07582092285156,,,,,,,,,,,,,,,
50.0,386904,32.318668365478516,,,,,,,,,,,,,,,
50.0,387404,30.947200775146484,0.096875,21538.2109375,-0.00910775337542873,-2.3141569077968596,1.1920928955078125e-07,0.016708001,1890,0.0003,0.2,41554.078344726564,,,,,
50.0,387904,30.976581573486328,,,,,,,,,,,,,,,
50.0,388404,33.23015594482422,,,,,,,,,,,,,,,
50.0,388904,31.537546157836914,,,,,,,,,,,,,,,
50.0,389404,34.24262237548828,0.073828125,20888.7890625,-0.006454018226941116,-2.304214658588171,0.0,0.014012447,1900,0.0003,0.2,45698.250805664065,,,,,
50.0,389904,31.588991165161133,,,,,,,,,,,,,,,
50.0,390404,30.01964569091797,,,,,,,,,,,,,,,
50.0,390904,31.534011840820312,,,,,,,,,,,,,,,
50.0,391404,31.81888771057129,0.079638671875,18560.978515625,-0.00681848265521694,-2.2823810912668705,0.0,0.014942174,1910,0.0003,0.2,40588.74010009765,,,,,
50.0,391904,27.4114990234375,,,,,,,,,,,,,,,
50.0,392404,31.532115936279297,,,,,,,,,,,,,,,
50.0,392904,32.854881286621094,,,,,,,,,,,,,,,
50.0,393404,31.62554931640625,0.1076171875,22092.8984375,-0.009525592307909392,-2.2803721226751805,0.0,0.012908578,1920,0.0003,0.2,43721.72956542969,,,,,
50.0,393904,30.66720962524414,,,,,,,,,,,,,,,
50.0,394404,31.598297119140625,,,,,,,,,,,,,,,
50.0,394904,32.56782913208008,,,,,,,,,,,,,,,
,395264,,,,,,,,,,,,50.0,1161,1304.52567211,123,70
50.0,395404,32.178192138671875,0.11572265625,19684.873046875,-0.010409949542372487,-2.282946603000164,0.0,0.012422223,1930,0.0003,0.2,41102.14997558594,,,,,
50.0,395904,32.63579177856445,,,,,,,,,,,,,,,
50.0,396404,33.00445556640625,,,,,,,,,,,,,,,
50.0,396904,32.85840606689453,,,,,,,,,,,,,,,
50.0,397404,32.714698791503906,0.07861328125,20419.951171875,-0.006589828614960424,-2.288568377494812,0.0,0.015986718,1940,0.0003,0.2,41101.62517700195,,,,,
50.0,397904,31.9830322265625,,,,,,,,,,,,,,,
50.0,398404,29.273910522460938,,,,,,,,,,,,,,,
50.0,398904,32.531402587890625,,,,,,,,,,,,,,,
50.0,399404,31.79757308959961,0.04765625,19487.103515625,-0.004123261047061533,-2.279512136429548,-2.384185791015625e-07,0.010607512,1950,0.0003,0.2,41417.470153808594,,,,,
50.0,399904,33.03236770629883,,,,,,,,,,,,,,,
50.0,400404,29.913135528564453,,,,,,,,,,,,,,,
50.0,400904,31.89422607421875,,,,,,,,,,,,,,,
50.0,401404,30.58891487121582,,,,,,,,,,,,,,,
50.0,401904,31.7489013671875,0.094482421875,20186.650390625,-0.008342776392237284,-2.2867464289069175,0.0,0.015268358,1960,0.0003,0.2,39981.12675170899,,,,,
50.0,402404,32.361446380615234,,,,,,,,,,,,,,,
50.0,402904,31.635643005371094,,,,,,,,,,,,,,,
50.0,403404,32.25733947753906,,,,,,,,,,,,,,,
50.0,403904,30.121492385864258,0.06103515625,19767.48828125,-0.004927194761694409,-2.278182155638933,0.0,0.012752712,1970,0.0003,0.2,38423.1532409668,,,,,
50.0,404404,31.773653030395508,,,,,,,,,,,,,,,
50.0,404904,30.801036834716797,,,,,,,,,,,,,,,
50.0,405404,31.398075103759766,,,,,,,,,,,,,,,
50.0,405904,32.006038665771484,0.086181640625,17686.5078125,-0.006929161478183232,-2.290617500990629,0.0,0.014765143,1980,0.0003,0.2,38293.74486694336,,,,,
50.0,406404,31.96765899658203,,,,,,,,,,,,,,,
50.0,406904,32.1142578125,,,,,,,,,,,,,,,
50.0,407404,32.59183883666992,,,,,,,,,,,,,,,
50.0,407904,31.792795181274414,0.0697265625,17781.8359375,-0.006361247654422186,-2.3052257016301154,0.0,0.013692084,1990,0.0003,0.2,42955.211157226564,,,,,
50.0,408404,32.064762115478516,,,,,,,,,,,,,,,
50.0,408904,33.015357971191406,,,,,,,,,,,,,,,
50.0,409404,30.202560424804688,,,,,,,,,,,,,,,
50.0,409904,32.4450569152832,0.09970703125,19787.41015625,-0.008520918773137964,-2.310333865880966,1.1920928955078125e-07,0.016324786,2000,0.0003,0.2,40089.76315917969,,,,,
50.0,410404,33.28058624267578,,,,,,,,,,,,,,,
50.0,410904,33.899818420410156,,,,,,,,,,,,,,,
50.0,411404,31.89710235595703,,,,,,,,,,,,,,,
50.0,411904,31.390079498291016,0.114453125,20032.591796875,-0.01035453061631415,-2.314608635008335,0.0,0.016300013,2010,0.0003,0.2,42514.22609863281,,,,,
50.0,412404,32.67626953125,,,,,,,,,,,,,,,
50.0,412904,30.992801666259766,,,,,,,,,,,,,,,
50.0,413404,31.22274398803711,,,,,,,,,,,,,,,
50.0,413904,31.0523681640625,0.0736328125,18685.484375,-0.006666470256459433,-2.3057364143431185,0.0,0.013881626,2020,0.0003,0.2,41800.922399902345,,,,,
50.0,414404,31.145917892456055,,,,,,,,,,,,,,,
50.0,414904,31.018802642822266,,,,,,,,,,,,,,,
50.0,415404,31.897708892822266,,,,,,,,,,,,,,,
,415744,,,,,,,,,,,,50.0,1260,1332.6538980700002,129,80
50.0,415904,33.51967239379883,0.0453125,20548.884765625,-0.0035740851919399573,-2.3051297783851625,0.0,0.01302851,2030,0.0003,0.2,39192.96271362305,,,,,
50.0,416404,32.863616943359375,,,,,,,,,,,,,,,
50.0,416904,32.84430694580078,,,,,,,,,,,,,,,
50.0,417404,34.019676208496094,,,,,,,,,,,,,,,
50.0,417904,30.671016693115234,0.0591796875,18012.31640625,-0.005030352296307683,-2.303745020925999,0.0,0.011020842,2040,0.0003,0.2,40820.41339111328,,,,,
50.0,418404,32.41279602050781,,,,,,,,,,,,,,,
50.0,418904,30.344497680664062,,,,,,,,,,,,,,,
50.0,419404,32.78173065185547,,,,,,,,,,,,,,,
50.0,419904,31.436939239501953,0.058203125,18371.001953125,-0.005009289122244809,-2.304815923422575,0.0,0.013974791,2050,0.0003,0.2,36923.00887451172,,,,,
50.0,420404,32.966548919677734,,,,,,,,,,,,,,,
50.0,420904,32.80607604980469,,,,,,,,,,,,,,,
50.0,421404,32.5009880065918,,,,,,,,,,,,,,,
50.0,421904,31.652896881103516,0.085595703125,17618.271484375,-0.008055841973691713,-2.3147324085235597,0.0,0.015692517,2060,0.0003,0.2,37045.01107788086,,,,,
50.0,422404,34.473243713378906,,,,,,,,,,,,,,,
50.0,422904,33.40406799316406,,,,,,,,,,,,,,,
50.0,423404,32.7291259765625,,,,,,,,,,,,,,,
50.0,423904,32.02876663208008,,,,,,,,,,,,,,,
50.0,424404,32.071434020996094,0.042822265625,18486.115234375,-0.003890373076137621,-2.3091053791344165,1.1920928955078125e-07,0.01408989,2070,0.0003,0.2,36489.884466552736,,,,,
50.0,424904,33.41661071777344,,,,,,,,,,,,,,,
50.0,425404,32.15522384643555,,,,,,,,,,,,,,,
50.0,425904,32.53437042236328,,,,,,,,,,,,,,,
50.0,426404,32.176517486572266,0.038427734375,19397.154296875,-0.003091452602529898,-2.2955197408795356,0.0,0.010212362,2080,0.0003,0.2,37243.49729614258,,,,,
50.0,426904,32.459083557128906,,,,,,,,,,,,,,,
50.0,427404,31.84827995300293,,,,,,,,,,,,,,,
50.0,427904,32.00567626953125,,,,,,,,,,,,,,,
50.0,428404,32.75893783569336,0.059716796875,19786.54296875,-0.004897105265990831,-2.2929273687303064,0.0,0.01327824,2090,0.0003,0.2,37766.62342529297,,,,,
50.0,428904,32.62377166748047,,,,,,,,,,,,,,,
50.0,429404,32.14431381225586,,,,,,,,,,,,,,,
50.0,429904,30.09908676147461,,,,,,,,,,,,,,,
50.0,430404,30.390087127685547,0.05322265625,18315.283203125,-0.0044508070743177084,-2.2869951501488686,-1.1920928955078125e-07,0.011707696,2100,0.0003,0.2,35053.00375976563,,,,,
50.0,430904,32.55961608886719,,,,,,,,,,,,,,,
50.0,431404,30.75777816772461,,,,,,,,,,,,,,,
50.0,431904,30.508895874023438,,,,,,,,,,,,,,,
50.0,432404,31.422100067138672,0.062841796875,21498.087890625,-0.005645801741047762,-2.291157014667988,0.0,0.014699377,2110,0.0003,0.2,37452.89964599609,,,,,
50.0,432904,29.368934631347656,,,,,,,,,,,,,,,
50.0,433404,32.238197326660156,,,,,,,,,,,,,,,
50.0,433904,32.71949005126953,,,,,,,,,,,,,,,
50.0,434404,31.03348159790039,0.0671875,15521.9248046875,-0.005287850671447813,-2.2848803110420706,0.0,0.011693491,2120,0.0003,0.2,35841.26971435547,,,,,
50.0,434904,33.14418411254883,,,,,,,,,,,,,,,
50.0,435404,32.27488708496094,,,,,,,,,,,,,,,
50.0,435904,33.547523498535156,,,,,,,,,,,,,,,
,436224,,,,,,,,,,,,50.0,1358,1310.9544403900002,135,90
50.0,436404,32.68620300292969,0.06533203125,17136.4609375,-0.004708442863193341,-2.2947413489222526,-1.1920928955078125e-07,0.008152085,2130,0.0003,0.2,34628.289331054686,,,,,
50.0,436904,32.8700065612793,,,,,,,,,,,,,,,
50.0,437404,33.09734344482422,,,,,,,,,,,,,,,
50.0,437904,33.142601013183594,,,,,,,,,,,,,,,
50.0,438404,30.117794036865234,0.1015625,17541.357421875,-0.009326893862453289,-2.274778488278389,-1.1920928955078125e-07,0.016444653,2140,0.0003,0.2,37857.675793457034,,,,,
50.0,438904,29.990367889404297,,,,,,,,,,,,,,,
50.0,439404,32.08142852783203,,,,,,,,,,,,,,,
50.0,439904,30.315135955810547,,,,,,,,,,,,,,,
50.0,440404,32.308406829833984,0.070068359375,15365.96484375,-0.005956491938559338,-2.2750370196998118,1.1920928955078125e-07,0.0127710225,2150,0.0003,0.2,32506.59812011719,,,,,
50.0,440904,28.374221801757812,,,,,,,,,,,,,,,
50.0,441404,32.695892333984375,,,,,,,,,,,,,,,
50.0,441904,31.618663787841797,,,,,,,,,,,,,,,
50.0,442404,32.71356201171875,0.14951171875,15337.4453125,-0.01318029034009669,-2.2788165383040906,0.0,0.01706661,2160,0.0003,0.2,34316.7001159668,,,,,
50.0,442904,29.523448944091797,,,,,,,,,,,,,,,
50.0,443404,32.36634063720703,,,,,,,,,,,,,,,
50.0,443904,31.785282135009766,,,,,,,,,,,,,,,
50.0,444404,32.877872467041016,,,,,,,,,,,,,,,
50.0,444904,31.9476318359375,0.079296875,19092.75,-0.006760772952111438,-2.2838428281247616,0.0,0.015713047,2170,0.0003,0.2,35690.970794677734,,,,,
50.0,445404,33.464237213134766,,,,,,,,,,,,,,,
50.0,445904,33.28662109375,,,,,,,,,,,,,,,
50.0,446404,31.752975463867188,,,,,,,,,,,,,,,
50.0,446904,32.58124923706055,0.120654296875,20844.974609375,-0.010126987445983105,-2.291451106220484,0.0,0.015222754,2180,0.0003,0.2,37859.414587402345,,,,,
50.0,447404,31.618257522583008,,,,,,,,,,,,,,,
50.0,447904,32.88768005371094,,,,,,,,,,,,,,,
50.0,448404,32.88386535644531,,,,,,,,,,,,,,,
50.0,448904,32.027198791503906,0.071435546875,16210.4697265625,-0.005767447111429647,-2.292900588363409,0.0,0.01157001,2190,0.0003,0.2,35749.858666992186,,,,,
50.0,449404,32.79828643798828,,,,,,,,,,,,,,,
50.0,449904,32.30270767211914,,,,,,,,,,,,,,,
50.0,450404,30.13943862915039,,,,,,,,,,,,,,,
50.0,450904,32.035728454589844,0.111376953125,16768.0,-0.008907266694586724,-2.3027269914746284,0.0,0.015621873,2200,0.0003,0.2,33195.205346679686,,,,,
50.0,451404,31.66316032409668,,,,,,,,,,,,,,,
50.0,451904,33.235206604003906,,,,,,,,,,,,,,,
50.0,452404,34.120391845703125,,,,,,,,,,,,,,,
50.0,452904,31.396244049072266,0.08203125,18033.296875,-0.006522905547171831,-2.303297372162342,0.0,0.010982962,2210,0.0003,0.2,35794.09124145508,,,,,
50.0,453404,29.1783390045166,,,,,,,,,,,,,,,
50.0,453904,32.967506408691406,,,,,,,,,,,,,,,
50.0,454404,28.56641387939453,,,,,,,,,,,,,,,
50.0,454904,33.22644805908203,0.12109375,17429.69921875,-0.011103621622896753,-2.3003546871244906,-1.1920928955078125e-07,0.014759225,2220,0.0003,0.2,32821.352142333984,,,,,
50.0,455404,33.85044860839844,,,,,,,,,,,,,,,
50.0,455904,32.00564956665039,,,,,,,,,,,,,,,
50.0,456404,33.174766540527344,,,,,,,,,,,,,,,
,456704,,,,,,,,,,,,50.0,1461,1310.1623056600001,140,100
50.0,456904,30.146934509277344,0.07158203125,16550.6875,-0.005962040858867113,-2.308347003161907,-1.1920928955078125e-07,0.010975882,2230,0.0003,0.2,33358.31273803711,,,,,
50.0,457404,31.06973648071289,,,,,,,,,,,,,,,
50.0,457904,32.877655029296875,,,,,,,,,,,,,,,
50.0,458404,32.65139389038086,,,,,,,,,,,,,,,
50.0,458904,32.42650604248047,0.0984375,15851.365234375,-0.007999757808283903,-2.3002446219325066,0.0,0.014106717,2240,0.0003,0.2,33807.89091796875,,,,,
50.0,459404,30.14520263671875,,,,,,,,,,,,,,,
50.0,459904,29.814002990722656,,,,,,,,,,,,,,,
50.0,460404,32.243797302246094,,,,,,,,,,,,,,,
50.0,460904,33.48576736450195,0.146826171875,14169.3759765625,-0.012770336467656306,-2.310518501698971,-1.1920928955078125e-07,0.018227648,2250,0.0003,0.2,31633.826385498047,,,,,
50.0,461404,31.046497344970703,,,,,,,,,,,,,,,
50.0,461904,33.6312141418457,,,,,,,,,,,,,,,
50.0,462404,32.030494689941406,,,,,,,,,,,,,,,
50.0,462904,33.8162841796875,0.0900390625,17793.640625,-0.008186702757666354,-2.312333019822836,1.1920928955078125e-07,0.012543456,2260,0.0003,0.2,34459.4553527832,,,,,
50.0,463404,32.4550666809082,,,,,,,,,,,,,,,
50.0,463904,32.06306457519531,,,,,,,,,,,,,,,
50.0,464404,32.87924575805664,,,,,,,,,,,,,,,
50.0,464904,31.241893768310547,0.0572265625,16527.84765625,-0.004947927549073939,-2.3018859826028346,-1.1920928955078125e-07,0.012657089,2270,0.0003,0.2,33987.79497070312,,,,,
50.0,465404,29.918987274169922,,,,,,,,,,,,,,,
50.0,465904,32.81416702270508,,,,,,,,,,,,,,,
50.0,466404,30.13680648803711,,,,,,,,,,,,,,,
50.0,466904,32.125038146972656,,,,,,,,,,,,,,,
50.0,467404,31.057918548583984,0.046826171875,16347.607421875,-0.003748198882385623,-2.291436955332756,0.0,0.010682597,2280,0.0003,0.2,32422.405352783204,,,,,
50.0,467904,30.947525024414062,,,,,,,,,,,,,,,
50.0,468404,32.65471649169922,,,,,,,,,,,,,,,
50.0,468904,31.812557220458984,,,,,,,,,,,,,,,
50.0,469404,31.695110321044922,0.097216796875,16381.2822265625,-0.008463650519843213,-2.2905663944780827,0.0,0.015953872,2290,0.0003,0.2,34608.76256713867,,,,,
50.0,469904,30.599153518676758,,,,,,,,,,,,,,,
50.0,470404,31.97890853881836,,,,,,,,,,,,,,,
50.0,470904,32.8648567199707,,,,,,,,,,,,,,,
50.0,471404,32.669654846191406,0.088134765625,15280.4619140625,-0.007643503678264096,-2.2954469747841357,5.960464477539063e-08,0.014716972,2300,0.0003,0.2,31002.069793701172,,,,,
50.0,471904,32.08549499511719,,,,,,,,,,,,,,,
50.0,472404,32.938419342041016,,,,,,,,,,,,,,,
50.0,472904,33.36491394042969,,,,,,,,,,,,,,,
50.0,473404,33.29066467285156,0.06904296875,14616.875,-0.0057118916884064674,-2.294429465383291,-1.1920928955078125e-07,0.012012627,2310,0.0003,0.2,32078.16212158203,,,,,
50.0,473904,31.121885299682617,,,,,,,,,,,,,,,
50.0,474404,32.48890686035156,,,,,,,,,,,,,,,
50.0,474904,33.140830993652344,,,,,,,,,,,,,,,
50.0,475404,33.070491790771484,0.036962890625,15394.7294921875,-0.003230425654328428,-2.2756147548556327,5.960464477539063e-08,0.013854761,2320,0.0003,0.2,32840.99625244141,,,,,
50.0,475904,31.912765502929688,,,,,,,,,,,,,,,
50.0,476404,33.87467956542969,,,,,,,,,,,,,,,
50.0,476904,31.577844619750977,,,,,,,,,,,,,,,
,477184,,,,,,,,,,,,50.0,1561,1334.6339348299998,144,110
50.0,477404,33.50531005859375,0.107861328125,15467.6337890625,-0.009630734863458201,-2.24103814214468,0.0,0.015731465,2330,0.0003,0.2,32050.676824951173,,,,,
50.0,477904,33.833404541015625,,,,,,,,,,,,,,,
50.0,478404,33.14671325683594,,,,,,,,,,,,,,,
50.0,478904,32.120426177978516,,,,,,,,,,,,,,,
50.0,479404,32.06061935424805,0.11416015625,13065.5654296875,-0.009789841927704402,-2.2611217357218267,0.0,0.014341277,2340,0.0003,0.2,27624.470922851564,,,,,
50.0,479904,33.78000259399414,,,,,,,,,,,,,,,
50.0,480404,32.60944366455078,,,,,,,,,,,,,,,
50.0,480904,30.087566375732422,,,,,,,,,,,,,,,
50.0,481404,32.35803985595703,0.10341796875,13841.5400390625,-0.008526728401193395,-2.288599793612957,0.0,0.015026953,2350,0.0003,0.2,29961.286126708983,,,,,
50.0,481904,31.99720001220703,,,,,,,,,,,,,,,
50.0,482404,33.217647552490234,,,,,,,,,,,,,,,
50.0,482904,31.021484375,,,,,,,,,,,,,,,
50.0,483404,30.20183563232422,0.07587890625,14886.296875,-0.006864620538544841,-2.278843059390783,-1.1920928955078125e-07,0.015328219,2360,0.0003,0.2,30977.537341308594,,,,,
50.0,483904,32.62846755981445,,,,,,,,,,,,,,,
50.0,484404,31.760082244873047,,,,,,,,,,,,,,,
50.0,484904,29.871740341186523,,,,,,,,,,,,,,,
50.0,485404,31.088029861450195,0.133935546875,13784.2744140625,-0.011438295379048214,-2.283323861658573,0.0,0.015112333,2370,0.0003,0.2,28430.254724121092,,,,,
50.0,485904,31.80093002319336,,,,,,,,,,,,,,,
50.0,486404,33.99851608276367,,,,,,,,,,,,,,,
50.0,486904,32.87080764770508,,,,,,,,,,,,,,,
50.0,487404,30.62725830078125,,,,,,,,,,,,,,,
50.0,487904,33.17535400390625,0.07587890625,13772.5517578125,-0.00649671032151673,-2.2744299061596394,-1.1920928955078125e-07,0.012090227,2380,0.0003,0.2,29484.834020996095,,,,,
50.0,488404,31.120023727416992,,,,,,,,,,,,,,,
50.0,488904,30.729610443115234,,,,,,,,,,,,,,,
50.0,489404,32.19997787475586,,,,,,,,,,,,,,,
50.0,489904,31.876602172851562,0.091845703125,13573.4326171875,-0.008788137635565362,-2.277483133971691,0.0,0.013106663,2390,0.0003,0.2,28795.254760742188,,,,,
50.0,490404,32.44744110107422,,,,,,,,,,,,,,,
50.0,490904,31.490955352783203,,,,,,,,,,,,,,,
50.0,491404,31.518733978271484,,,,,,,,,,,,,,,
50.0,491904,33.03929138183594,0.0740234375,12775.35546875,-0.005836044606985525,-2.2796447217464446,0.0,0.011232981,2400,0.0003,0.2,27247.23946533203,,,,,
50.0,492404,33.0772705078125,,,,,,,,,,,,,,,
50.0,492904,32.64984130859375,,,,,,,,,,,,,,,
50.0,493404,32.33039855957031,,,,,,,,,,,,,,,
50.0,493904,33.10469055175781,0.08427734375,13052.3056640625,-0.006859686580719426,-2.2922633692622183,0.0,0.013600303,2410,0.0003,0.2,28712.506433105467,,,,,
50.0,494404,32.49785232543945,,,,,,,,,,,,,,,
50.0,494904,32.16632843017578,,,,,,,,,,,,,,,
50.0,495404,33.19524002075195,,,,,,,,,,,,,,,
50.0,495904,32.983055114746094,0.108740234375,13981.2392578125,-0.009019891792559066,-2.291037254035473,-1.1920928955078125e-07,0.011942304,2420,0.0003,0.2,30007.505389404298,,,,,
50.0,496404,32.82859802246094,,,,,,,,,,,,,,,
50.0,496904,32.821903228759766,,,,,,,,,,,,,,,
50.0,497404,33.19635772705078,,,,,,,,,,,,,,,
,497664,,,,,,,,,,,,50.0,1661,1318.9999220399998,147,120
50.0,497904,33.35943603515625,0.059228515625,13597.5146484375,-0.004888495610794052,-2.294235824793577,0.0,0.010241678,2430,0.0003,0.2,28639.993872070314,,,,,
50.0,498404,30.509130477905273,,,,,,,,,,,,,,,
50.0,498904,33.82184600830078,,,,,,,,,,,,,,,
50.0,499404,33.110015869140625,,,,,,,,,,,,,,,
50.0,499904,30.659225463867188,0.059228515625,16862.185546875,-0.004961368624935858,-2.3095363013446333,0.0,0.015844474,2440,0.0003,0.2,29789.835040283204,,,,,
50.0,500404,30.24689483642578,,,,,,,,,,,,,,,
50.0,500904,31.7872314453125,,,,,,,,,,,,,,,
50.0,501404,32.182071685791016,,,,,,,,,,,,,,,
50.0,501904,32.87751770019531,0.07548828125,12984.26171875,-0.006078768218867481,-2.3016813673079013,0.0,0.013559468,2450,0.0003,0.2,27751.695764160155,,,,,
50.0,502404,31.245590209960938,,,,,,,,,,,,,,,
50.0,502904,30.93816375732422,,,,,,,,,,,,,,,
50.0,503404,32.92707443237305,,,,,,,,,,,,,,,
